# 3ds Max Wavefront OBJ Exporter v0.99 - (c)2007 guruware
# File Created: 29.10.2025 13:50:17

mtllib Spitfire.mtl

#
# object Object001
#

v  16.5560 116.7353 5.7996
v  16.5517 116.2090 5.8847
v  16.0926 116.8974 6.6821
v  16.0404 116.0818 6.9858
v  15.7251 117.0587 7.6179
v  15.7254 116.1709 7.8267
v  15.0386 117.3971 9.6490
v  15.1572 116.4343 9.4886
v  14.8952 116.5930 10.3316
v  14.8581 117.5302 10.2876
v  14.6797 117.7247 11.2792
v  14.6337 116.7994 11.4418
v  14.7200 116.5812 11.4280
v  14.9647 116.3880 10.3889
v  15.2256 116.2300 9.5494
v  15.7932 115.9669 7.8894
v  16.1069 115.8785 7.0520
v  16.5882 116.0185 6.0175
v  17.9845 116.6753 12.5202
v  18.0337 116.8973 12.5793
v  14.6916 116.8582 11.4504
v  17.9810 116.9530 12.5508
v  14.7685 116.9065 11.4032
v  17.9473 116.9981 12.4665
v  18.0188 117.7918 12.4077
v  18.0703 117.7948 12.4248
v  14.7387 117.7212 11.3001
v  14.8174 117.7040 11.2605
v  15.5709 117.2602 9.0181
v  15.5220 116.4628 9.1608
v  18.7418 117.3309 10.0897
v  16.5266 117.2033 9.3567
v  18.7008 116.5543 10.2242
v  17.9883 117.7747 12.3320
v  16.6819 116.0256 5.9693
v  16.6500 116.1943 5.8495
v  16.7582 115.9130 6.2309
v  16.7789 115.9869 6.2915
v  16.7371 116.1052 6.0532
v  16.7102 116.2501 5.9477
v  16.2410 116.3280 7.5169
v  16.1960 116.4851 7.4657
v  19.7786 116.9980 8.0927
v  19.5472 117.1291 8.8791
v  19.6486 116.1858 8.1930
v  19.3780 116.2761 9.0487
v  18.9419 117.4285 10.6703
v  18.8097 116.5396 10.7106
v  18.5035 116.6970 11.5388
v  18.6340 117.6011 11.5333
v  18.4241 116.4877 11.5464
v  18.7292 116.3310 10.7216
v  19.2967 116.0679 9.0616
v  19.5663 115.9782 8.2094
v  19.8527 116.1126 7.1097
v  19.9518 116.3070 7.0223
v  19.9502 116.8413 6.9434
v  19.8948 116.2863 6.9358
v  19.8072 116.1166 7.0143
v  19.8824 116.8267 6.8774
v  19.5849 115.9944 7.1766
v  19.7091 116.1929 7.0462
v  19.5215 116.0658 7.2090
v  16.6467 116.7217 5.7886
v  16.3392 116.1712 7.5867
v  19.7840 116.3355 6.9775
v  19.2761 116.5663 8.4767
v  19.2187 116.4118 8.4931
v  19.7692 116.8411 6.9546
v  19.2889 117.0530 8.3709
v  16.6967 116.7403 5.9218
v  16.2083 116.9578 7.3629
v  15.7467 117.6610 11.6560
v  15.7731 117.6471 11.5990
v  15.3903 117.8897 12.7201
v  14.8076 117.9615 12.7256
v  18.3380 117.8359 12.6361
v  18.3670 117.8154 12.5403
v  18.7223 117.6827 11.9300
v  19.2727 117.5892 11.5148
v  19.9296 117.5441 11.3351
v  19.9398 117.5376 11.3047
v  20.0643 117.5451 11.3452
v  20.8879 117.0684 8.4991
v  24.2877 117.2983 9.7648
v  20.6628 117.5601 11.4140
v  28.1873 117.4527 10.2138
v  27.8951 117.5675 11.0731
v  24.6721 117.1603 8.6368
v  21.3509 116.9070 7.1413
v  17.8027 116.5718 5.5593
v  17.6104 116.6644 6.1280
v  18.2785 116.3428 4.1526
v  14.8772 116.9671 6.2340
v  13.8658 117.4656 9.2262
v  12.5166 118.3314 13.2541
v  18.0071 116.3496 3.9435
v  17.7050 116.3499 3.5790
v  15.8075 116.5094 3.4816
v  17.4751 116.3268 2.9662
v  17.3220 116.2623 1.8804
v  17.1692 116.0025 -1.9394
v  21.7216 117.7337 12.3003
v  23.3881 117.7473 12.4274
v  21.9140 117.8703 12.9539
v  21.8311 118.0179 13.6518
v  21.4756 118.1492 14.2624
v  22.0830 118.5759 16.3221
v  20.9250 118.2412 14.6778
v  20.2536 118.2857 14.8618
v  18.6166 118.3825 15.2541
v  19.5355 118.2745 14.7778
v  18.8967 118.2037 14.4181
v  18.4763 118.0981 13.8921
v  14.9328 118.1833 14.0859
v  18.3746 118.0500 13.6574
v  15.0446 118.1116 13.7521
v  14.8388 118.1369 13.7541
v  11.8926 118.8846 15.1445
v  14.3125 118.7332 15.9649
v  18.0071 118.9123 17.0987
v  21.4956 119.0770 18.0980
v  17.6824 119.3394 18.1075
v  21.1817 119.4759 19.0705
v  17.5887 119.5602 18.4159
v  21.0907 119.6799 19.3685
v  17.5690 119.7732 18.5106
v  21.0705 119.8745 19.4613
v  13.8700 119.6454 17.3989
v  13.8887 119.4167 17.3041
v  13.9830 119.1821 16.9912
v  11.5611 119.3362 16.1770
v  11.4474 119.8023 16.5871
v  11.4663 119.5722 16.4917
v  25.2074 119.2455 19.0884
v  24.9119 119.6075 20.0016
v  24.8256 119.7903 20.2822
v  24.8055 119.9626 20.3708
v  27.3809 119.8654 20.9094
v  27.3610 120.0232 20.9950
v  29.6847 119.9259 21.4334
v  29.6652 120.0697 21.5154
v  31.6413 119.9754 21.8051
v  31.6217 120.0991 21.8836
v  31.7165 119.8387 21.5647
v  29.7640 119.7703 21.1781
v  27.4640 119.6964 20.6407
v  27.7470 119.3586 19.7679
v  28.2740 118.9241 18.1772
v  25.7589 118.7845 17.4228
v  29.4640 118.1804 14.6283
v  27.0101 117.9966 13.6901
v  30.0329 119.4568 20.3500
v  30.5328 119.0498 18.8419
v  31.6426 118.3611 15.5331
v  31.9697 119.5580 20.7877
v  32.4387 119.1863 19.3749
v  33.4570 118.5583 16.3394
v  33.9762 118.3070 14.8041
v  32.2444 118.0681 13.7531
v  30.1597 117.8382 12.5699
v  27.7987 117.6041 11.3562
v  34.1669 119.3058 19.8391
v  35.0788 118.7470 17.1213
v  35.5181 118.5354 15.8226
v  34.0946 118.2443 14.4531
v  32.3300 118.0248 13.4996
v  30.2338 117.8121 12.3525
v  21.2110 117.6149 11.7186
v  21.2918 117.6237 11.7633
v  36.9234 118.7492 16.7980
v  36.5573 118.9235 17.8800
v  38.1196 118.9380 17.6722
v  37.8176 119.0827 18.5650
v  39.2632 119.1291 18.5513
v  39.0222 119.2456 19.2641
v  39.9400 119.2482 19.0888
v  39.7392 119.3471 19.6827
v  40.6969 119.3902 19.6830
v  40.5377 119.4722 20.1547
v  41.0282 119.5244 20.2476
v  40.9197 119.5808 20.5693
v  41.1915 119.6293 20.6465
v  41.1376 119.6574 20.8064
v  41.2585 119.7398 21.0726
v  35.6887 118.4468 15.3171
v  37.1571 118.6340 16.1065
v  38.4196 118.8062 16.7876
v  39.6860 118.9272 17.3017
v  40.2674 119.0961 18.1218
v  40.8582 119.3258 19.2085
v  41.1382 119.4796 19.9241
v  41.2461 119.6067 20.4858
v  38.6395 118.6913 16.1356
v  17.5763 116.6875 6.2294
v  17.0883 116.9047 7.6691
v  19.0931 115.9337 9.0207
v  18.5273 116.1958 10.6756
v  15.9871 115.8442 7.9815
v  15.4212 116.1063 9.6364
v  18.2257 116.3508 11.4912
v  15.1633 116.2626 10.4666
v  14.9631 116.4205 11.3161
v  17.8662 116.5042 12.2874
v  16.2974 115.7576 7.1532
v  16.6903 115.8676 6.3083
v  16.9475 115.9184 6.2942
v  16.9138 115.8740 6.3830
v  16.5149 115.7933 7.5132
v  18.9256 115.8611 8.3034
v  19.3598 115.8458 8.1778
v  19.3194 115.9433 7.1879
v  19.5934 115.9512 7.2795
v  19.3531 115.9877 7.0990
v  16.8956 115.5099 6.3698
v  19.2886 115.6520 7.2240
v  19.3012 115.5791 7.1746
v  16.8829 115.5827 6.4192
v  18.9705 116.2145 8.2380
v  16.5600 116.1484 7.4475
v  19.0872 116.2465 8.4880
v  23.0411 123.1156 -21.1721
v  22.9422 123.4555 -21.6511
v  22.9259 123.3240 -21.1284
v  23.0569 123.2433 -21.6588
v  22.9386 123.4310 -22.2214
v  23.0538 123.2227 -22.1863
v  22.9111 123.2196 -22.8973
v  23.0309 123.0462 -22.7145
v  22.8713 122.9104 -23.3670
v  23.0446 122.4937 -22.2002
v  23.0504 122.5890 -21.6815
v  23.0395 122.6664 -21.2707
v  22.9991 122.7821 -20.6731
v  22.8661 122.8494 -20.4004
v  23.0312 122.0276 -22.1151
v  23.0069 121.8386 -22.4078
v  23.0197 121.9366 -22.0983
v  23.0278 122.0016 -22.2208
v  22.9952 122.7679 -23.0775
v  22.8038 122.3828 -23.8258
v  22.9326 122.2788 -23.4240
v  22.7005 121.5736 -24.2060
v  22.8352 121.5146 -23.6986
v  22.5534 120.4196 -24.4401
v  22.6946 120.4109 -23.8456
v  22.3547 118.8576 -24.4607
v  22.5028 118.9034 -23.8095
v  22.0962 116.8244 -24.2001
v  22.2517 116.9279 -23.5346
v  21.9371 115.5713 -23.7642
v  22.1038 115.7636 -23.1696
v  21.8437 114.8321 -23.0220
v  22.0142 115.0549 -22.5802
v  22.2628 115.9871 -21.8711
v  22.2169 115.6223 -21.3374
v  22.3193 116.4333 -22.1721
v  22.4068 117.1218 -22.3823
v  22.6203 118.8017 -22.6420
v  22.7789 120.0485 -22.7364
v  22.8907 120.9269 -22.7035
v  22.9640 121.5020 -22.5814
v  22.1336 114.9395 -20.8037
v  22.2088 115.5307 -20.9131
v  22.2602 115.9355 -20.9880
v  22.3192 116.4003 -21.0740
v  22.3974 117.0163 -21.1880
v  22.4712 117.6209 -21.2998
v  22.6540 119.0589 -21.5658
v  22.8083 120.2735 -21.7906
v  22.9195 121.1480 -21.9524
v  22.9908 121.7089 -22.0562
v  21.9688 114.6926 -21.7317
v  21.9556 114.5819 -20.7344
v  21.7998 114.4804 -21.9602
v  21.7888 114.3852 -20.6945
v  22.6709 120.3168 -21.6508
v  22.7820 121.1913 -21.8126
v  22.8533 121.7523 -21.9164
v  22.8822 121.9799 -21.9586
v  22.8929 122.0642 -21.9741
v  22.8887 122.2925 -22.6086
v  21.8249 114.6676 -20.6025
v  21.8272 114.6857 -20.6058
v  21.9991 115.0059 -20.6683
v  22.0713 115.5740 -20.7734
v  22.1228 115.9788 -20.8483
v  22.1818 116.4436 -20.9343
v  22.2599 117.0593 -21.0482
v  22.3337 117.6639 -21.1600
v  22.5165 119.1022 -21.4261
v  21.8699 115.0224 -20.6681
v  21.8307 114.7137 -20.6110
v  21.9421 115.5904 -20.7733
v  21.9060 115.3063 -20.7207
v  21.9936 115.9952 -20.8481
v  21.9679 115.7928 -20.8107
v  22.0526 116.4600 -20.9341
v  22.0231 116.2276 -20.8911
v  22.1309 117.0757 -21.0481
v  22.0918 116.7680 -20.9911
v  22.2077 117.6799 -21.1599
v  22.1697 117.3812 -21.1046
v  22.3905 119.1182 -21.4260
v  22.2991 118.3990 -21.2929
v  22.5448 120.3329 -21.6507
v  22.4676 119.7255 -21.5384
v  22.6560 121.2074 -21.8125
v  22.6004 120.7701 -21.7316
v  22.7273 121.7683 -21.9163
v  22.6916 121.4878 -21.8644
v  22.7562 121.9960 -21.9584
v  22.7417 121.8821 -21.9374
v  22.7669 122.0803 -21.9740
v  22.7615 122.0381 -21.9662
v  22.7949 122.3045 -22.6085
v  22.7829 122.2088 -22.3377
v  22.8032 122.3691 -22.4870
v  11.2927 118.5938 11.1422
v  11.3691 118.5900 11.1788
v  11.3051 118.6373 11.1142
v  11.2970 118.5799 11.1274
v  11.3751 118.5716 11.1594
v  11.3979 118.6506 11.0916
v  11.3919 118.6690 11.1111
v  21.8671 113.2931 -18.9668
v  21.7434 113.6435 -18.9008
v  21.6984 113.3590 -18.8231
v  21.9120 113.5776 -19.0446
v  22.1760 112.9869 -19.9086
v  22.2209 113.2714 -19.9863
v  22.0784 112.9930 -19.9426
v  22.1233 113.2775 -20.0204
v  21.7904 113.2784 -19.0648
v  21.8353 113.5629 -19.1425
v  21.6502 113.3429 -18.9096
v  21.6951 113.6274 -18.9874
v  21.4338 113.3796 -18.9004
v  21.4787 113.6641 -18.9782
v  21.4492 113.6933 -18.8883
v  21.4043 113.4088 -18.8106
v  16.9348 115.9913 6.3437
v  19.3405 116.0606 7.1484
v  16.8618 115.4654 6.4586
v  19.2675 115.5347 7.2635
v  21.4570 113.6530 -18.6443
v  21.5135 113.7052 -18.7971
v  21.4287 113.7108 -18.8265
v  21.5079 113.8529 -18.7487
v  21.4214 113.8587 -18.7787
v  21.4514 113.8007 -18.5959
v  21.3723 113.6586 -18.6737
v  21.3649 113.8065 -18.6259
v  21.5902 113.7601 -18.7493
v  21.4648 113.8074 -18.9126
v  21.5349 114.9478 -18.3677
v  21.4063 114.9951 -18.5313
v  21.3287 113.6817 -18.5447
v  21.5337 113.7079 -18.5966
v  21.2703 114.8694 -18.1634
v  21.4784 114.8956 -18.2150
v  28.1328 117.5114 10.1275
v  28.1842 117.5459 10.0256
v  28.1598 117.5544 10.0789
v  28.4455 116.4243 9.2555
v  28.1213 117.4057 10.1312
v  25.0649 115.9808 7.5721
v  24.7510 117.2604 8.4841
v  21.7302 115.7878 6.1196
v  21.4361 116.9980 6.9761
v  18.2141 115.4757 4.6693
v  17.9553 116.6836 5.4507
v  24.6992 117.2254 8.5866
v  24.6878 117.1198 8.5902
v  21.3844 116.9631 7.0785
v  21.3731 116.8577 7.0820
v  17.9044 116.6499 5.5517
v  17.8919 116.5422 5.5573
v  24.7262 117.2685 8.5379
v  21.4114 117.0061 7.0299
v  22.8596 122.7998 -20.6730
v  22.8536 122.7544 -20.9227
v  22.8452 122.6911 -21.2705
v  22.8406 122.6556 -21.4655
v  22.8354 122.6163 -21.6813
v  22.8292 122.5699 -21.9368
v  28.6691 116.7825 -18.0071
v  29.7986 116.6801 -17.8481
v  29.4193 116.9293 -16.7569
v  29.9655 116.7318 -17.4698
v  30.0868 117.0946 -16.4317
v  29.8103 117.1685 -16.2219
v  30.5968 116.8711 -17.2892
v  30.5944 116.6952 -18.2418
v  29.1620 116.6681 -18.3083
v  28.1793 116.6870 -18.8194
v  27.8689 116.8242 -18.2840
v  26.3653 116.9024 -18.8043
v  26.9743 116.7282 -19.3502
v  23.0974 117.0724 -19.9350
v  22.8125 116.9478 -20.7737
v  22.1436 117.1220 -20.2650
v  22.3653 116.9711 -20.9285
v  22.7319 117.2099 -20.8603
v  24.5172 116.7485 -22.1276
v  27.8015 116.5911 -20.7224
v  29.0523 116.5712 -19.9708
v  30.0315 116.6006 -19.1398
v  22.3983 117.2308 -20.9766
v  29.2549 117.2148 -16.7051
v  28.5652 117.0940 -17.8893
v  29.2391 117.0909 -16.6822
v  28.5469 116.9498 -17.8626
v  27.8348 117.1509 -18.1312
v  27.8144 116.9899 -18.1014
v  26.3352 117.2607 -18.6573
v  26.3107 117.0681 -18.6217
v  23.0760 117.4994 -19.8008
v  23.0428 117.2382 -19.7524
v  22.1260 117.5690 -20.1341
v  22.0902 117.2877 -20.0821
v  29.3754 117.1732 -16.4953
v  29.4653 117.2910 -16.8239
v  29.8443 117.0401 -17.9147
v  28.7177 117.1647 -18.0778
v  30.0105 117.0862 -17.5354
v  29.2096 117.0429 -18.3777
v  28.2297 117.0835 -18.8928
v  27.0281 117.1508 -19.4284
v  22.8773 117.4578 -20.8681
v  22.4313 117.4905 -21.0246
v  22.2096 117.6414 -20.3611
v  23.1608 117.5717 -20.0274
v  26.4200 117.3330 -18.8840
v  27.9196 117.2232 -18.3578
v  28.7134 117.2932 8.9071
v  28.2511 117.4606 10.2642
v  28.0844 118.1008 10.8576
v  28.0176 117.5755 10.9548
v  30.3426 118.3006 12.1280
v  30.9949 117.5052 10.1129
v  32.4278 118.4830 13.3014
v  33.0186 117.7521 11.4744
v  34.1759 118.6249 14.2881
v  34.7157 117.9856 12.6239
v  35.7530 118.7318 15.1837
v  36.1973 118.2273 13.8177
v  37.2031 118.8246 16.0087
v  37.5508 118.4527 14.9440
v  38.3949 118.8723 16.6941
v  38.5946 118.6813 16.0866
v  30.2787 117.7976 12.2210
v  28.0278 117.6710 11.0710
v  30.2248 117.8869 12.3013
v  32.3683 118.0153 13.3880
v  32.3137 118.1045 13.4678
v  34.1263 118.2349 14.3602
v  34.0711 118.3241 14.4397
v  35.7159 118.4399 15.2377
v  35.6606 118.5290 15.3172
v  37.1781 118.6275 16.0451
v  37.1225 118.7166 16.1245
v  38.3848 118.7921 16.7089
v  38.2760 118.8522 16.7646
v  12.3123 124.3258 17.0833
v  11.9049 124.5359 17.8856
v  12.2089 124.2107 17.0689
v  11.9263 124.7043 17.8544
v  12.3357 124.5132 17.0484
v  11.8775 124.8105 17.7193
v  12.2538 124.6303 16.9886
v  12.1226 124.6496 16.9322
v  12.2633 124.5546 16.4819
v  12.0034 124.6532 16.8843
v  11.6908 124.8899 17.7751
v  11.6797 124.7502 17.9333
v  11.6583 124.5818 17.9644
v  11.8259 124.4040 17.7946
v  11.6282 124.3970 17.8663
v  12.0670 124.2121 17.0132
v  11.9486 124.2216 16.9642
v  12.3801 123.9648 16.4469
v  12.5972 123.9428 16.4778
v  12.7232 124.1484 16.4519
v  12.7492 124.3519 16.4143
v  12.6773 124.5734 16.3611
v  12.4603 124.5954 16.3303
v  12.1388 124.4273 16.5033
v  12.3450 124.3926 16.3567
v  12.1173 124.2589 16.5344
v  12.3191 124.1891 16.3943
v  12.2063 124.1061 16.5649
v  12.0360 124.1758 16.7057
v  12.0417 124.2724 16.5555
v  12.0631 124.4408 16.5244
v  12.0877 124.5824 16.6305
v  11.9532 124.5952 16.6074
v  11.4990 124.8657 17.7577
v  11.4371 124.7746 17.8984
v  11.4157 124.6062 17.9295
v  11.9848 124.4482 16.5110
v  11.9635 124.2798 16.5421
v  11.4474 124.4592 17.8330
v  11.2500 124.6147 17.8621
v  11.2817 124.4677 17.7656
v  11.2714 124.7832 17.8309
v  11.3334 124.8743 17.6903
v  11.7875 124.6038 16.5400
v  11.8192 124.4568 16.4435
v  11.7978 124.2884 16.4746
v  11.7358 124.1973 16.6153
v  11.9015 124.1887 16.6827
v  11.6909 124.6959 18.6572
v  11.2835 124.9060 19.4595
v  11.5875 124.5809 18.6428
v  11.3050 125.0744 19.4284
v  11.7143 124.8834 18.6224
v  11.2561 125.1807 19.2933
v  11.6325 125.0005 18.5625
v  11.5012 125.0197 18.5062
v  11.6419 124.9248 18.0558
v  11.3820 125.0234 18.4582
v  11.0695 125.2601 19.3490
v  11.0583 125.1204 19.5072
v  11.0369 124.9520 19.5383
v  11.2045 124.7741 19.3685
v  11.0068 124.7672 19.4402
v  11.4457 124.5823 18.5871
v  11.3272 124.5918 18.5381
v  11.7588 124.3349 18.0208
v  11.9758 124.3130 18.0517
v  12.1019 124.5186 18.0258
v  12.1278 124.7221 17.9882
v  12.0559 124.9436 17.9350
v  11.8389 124.9655 17.9042
v  11.5174 124.7974 18.0772
v  11.7236 124.7628 17.9306
v  11.4960 124.6290 18.1083
v  11.6977 124.5593 17.9682
v  11.5850 124.4763 18.1388
v  11.4146 124.5460 18.2796
v  11.4203 124.6425 18.1294
v  11.4417 124.8109 18.0983
v  11.4663 124.9526 18.2044
v  11.3318 124.9654 18.1813
v  10.8777 125.2359 19.3317
v  10.8157 125.1448 19.4723
v  10.7943 124.9763 19.5034
v  11.3635 124.8184 18.0849
v  11.3421 124.6500 18.1160
v  10.8260 124.8293 19.4069
v  10.6287 124.9849 19.4360
v  10.6603 124.8379 19.3395
v  10.6500 125.1533 19.4049
v  10.7120 125.2445 19.2642
v  11.1661 124.9740 18.1139
v  11.1978 124.8270 18.0174
v  11.1764 124.6586 18.0485
v  11.1145 124.5674 18.1892
v  11.2801 124.5589 18.2566
v  11.0695 125.0661 20.2311
v  10.6621 125.2762 21.0334
v  10.9661 124.9510 20.2167
v  10.6836 125.4446 21.0023
v  11.0929 125.2536 20.1963
v  10.6348 125.5509 20.8672
v  11.0111 125.3707 20.1364
v  10.8799 125.3899 20.0801
v  11.0206 125.2950 19.6297
v  10.7607 125.3936 20.0321
v  10.4481 125.6302 20.9229
v  10.4369 125.4906 21.0811
v  10.4155 125.3221 21.1122
v  10.5831 125.1443 20.9424
v  10.3854 125.1374 21.0141
v  10.8243 124.9525 20.1610
v  10.7058 124.9620 20.1120
v  11.1374 124.7051 19.5948
v  11.3544 124.6832 19.6256
v  11.4805 124.8888 19.5997
v  11.5064 125.0923 19.5621
v  11.4346 125.3138 19.5089
v  11.2175 125.3357 19.4781
v  10.8960 125.1676 19.6511
v  11.1022 125.1329 19.5045
v  10.8746 124.9992 19.6822
v  11.0763 124.9295 19.5421
v  10.9636 124.8464 19.7127
v  10.7933 124.9162 19.8535
v  10.7989 125.0127 19.7033
v  10.8204 125.1811 19.6722
v  10.8449 125.3227 19.7783
v  10.7104 125.3356 19.7552
v  10.2563 125.6061 20.9056
v  10.1943 125.5149 21.0462
v  10.1730 125.3465 21.0773
v  10.7421 125.1886 19.6588
v  10.7207 125.0202 19.6899
v  10.2046 125.1995 20.9808
v  10.0073 125.3551 21.0099
v  10.0389 125.2081 20.9134
v  10.0287 125.5235 20.9788
v  10.0906 125.6147 20.8381
v  10.5448 125.3442 19.6878
v  10.5764 125.1972 19.5913
v  10.5550 125.0287 19.6224
v  10.4931 124.9376 19.7631
v  10.6588 124.9290 19.8305
v  10.0144 125.2679 21.1063
v  10.0936 125.1447 20.9480
v  9.9800 125.4798 21.1349
v  9.9772 125.7544 21.0714
v  10.1804 125.6492 20.6426
v  10.1783 125.1004 20.7668
v  10.9744 124.6400 18.8250
v  10.9687 125.1893 18.6982
v  11.8218 124.0991 16.4837
v  11.9421 124.5871 16.1119
v  11.8949 124.1372 16.2867
v  11.9315 124.3133 16.1706
v  10.3189 125.7330 21.1905
v  10.3217 125.4584 21.2539
v  10.3561 125.2465 21.2254
v  21.3974 113.7415 -18.7310
v  17.9313 116.6928 5.5032
v  9.1022 121.8467 21.1473
v  8.6889 120.6118 18.9777
v  9.9698 120.9093 19.3381
v  8.1002 121.6578 20.8555
v  8.8091 122.2176 21.7227
v  7.9158 122.0675 21.4583
v  8.5306 122.6633 22.2912
v  7.7393 122.5528 22.0519
v  8.3217 123.2233 22.7247
v  7.6135 123.1112 22.5135
v  7.5562 123.6860 22.7810
v  8.2304 123.7823 22.9844
v  8.9527 123.7261 22.8212
v  8.8147 124.1234 23.1021
v  10.2932 119.6457 16.0830
v  11.1145 119.8693 16.4400
v  9.9981 119.4050 15.5548
v  9.8247 119.3946 15.4992
v  9.9121 119.3002 15.2315
v  9.4703 122.8233 21.8058
v  9.6364 123.9898 22.3590
v  9.1903 123.2271 22.3834
v  9.3942 124.3149 22.8348
v  9.6676 125.2380 22.7161
v  9.9514 125.1083 22.2098
v  9.6335 126.3381 22.4545
v  9.9082 123.6983 21.7531
v  9.7846 122.4863 21.2299
v  9.9537 126.3762 21.9221
v  9.4481 126.6975 22.3108
v  9.1286 126.5938 22.6450
v  9.4200 126.0156 22.8739
v  9.4664 125.3276 23.0459
v  9.2472 124.6561 23.1254
v  10.2401 124.9547 21.5782
v  10.2266 126.2709 21.2743
v  14.2303 119.6446 10.9679
v  13.3277 120.3878 13.1464
v  13.4502 120.2149 13.2229
v  12.4506 120.5652 15.1521
v  12.5748 120.4367 15.1398
v  11.9712 120.4024 15.9904
v  12.0010 120.3222 16.0217
v  11.3720 120.1728 16.4506
v  11.3515 120.2108 16.4919
v  11.2558 120.0042 16.3925
v  10.7113 121.7033 19.4052
v  10.2124 123.4689 21.1493
v  11.4179 120.1372 16.4172
v  11.6625 120.8204 16.8299
v  11.1002 122.8926 19.2646
v  10.5189 124.8004 20.9488
v  10.5242 126.1680 20.6395
v  10.5221 125.6278 20.7617
v  11.3104 125.1679 18.8172
v  11.3043 125.7631 18.6798
v  12.2838 124.5657 16.2310
v  12.3238 125.1979 16.0549
v  12.2732 124.2919 16.2897
v  12.2667 123.7311 16.3695
v  12.2366 124.1158 16.4058
v  9.8096 126.7242 21.7948
v  10.0776 126.6217 21.1446
v  10.3684 126.5294 20.5052
v  11.1388 126.1426 18.5382
v  12.1447 125.5779 15.9086
v  11.3189 124.3398 19.0085
v  12.1050 122.2434 16.6539
v  13.3861 121.3770 12.9447
v  13.5505 122.8901 12.6554
v  13.5663 124.2730 12.3461
v  15.2953 121.7214 7.4528
v  15.0883 122.9904 7.0950
v  13.3384 124.7430 12.1630
v  14.8121 123.5361 6.8785
v  11.9825 120.5234 15.9635
v  12.3972 120.7542 15.1742
v  13.2260 120.6748 13.0509
v  14.0033 120.2117 10.7610
v  14.1520 120.8626 10.6609
v  14.5962 119.8016 8.9877
v  14.7456 120.4639 8.8908
v  15.1306 120.2053 7.7427
v  14.9784 119.5352 7.8443
v  15.0162 119.0999 7.9529
v  14.6622 119.4065 9.1021
v  14.0818 119.8555 10.8693
v  16.7080 120.6893 2.8450
v  16.5243 121.8206 2.5263
v  15.7900 119.7565 5.7697
v  15.5905 119.0545 5.8637
v  15.6121 118.5510 6.0127
v  15.7838 118.2189 6.1728
v  15.1879 118.8182 8.0713
v  14.8145 119.1678 9.2099
v  16.6572 119.1661 3.1746
v  17.1594 118.7703 1.4801
v  18.1749 119.6925 -1.5351
v  17.8965 120.7469 -1.8681
v  17.9556 118.1970 -1.2682
v  16.9043 118.0381 1.5543
v  16.3941 118.4314 3.2538
v  16.3983 117.8215 3.2945
v  16.5645 117.3115 3.3666
v  16.8926 116.9013 3.4701
v  16.9241 116.6334 1.7355
v  16.7488 117.3717 1.5814
v  17.3602 116.7310 -1.1309
v  17.1579 116.4547 -1.1334
v  18.2271 115.7589 -5.5921
v  17.6216 117.1912 -1.1510
v  18.8264 116.5528 -5.5724
v  19.0761 117.6626 -5.7414
v  19.9096 116.1030 -9.6231
v  20.1214 117.0537 -9.7686
v  20.9165 115.6342 -13.5104
v  21.0919 116.4467 -13.6366
v  21.3166 115.4621 -15.0934
v  21.4767 116.2194 -15.2122
v  22.3613 114.9337 -20.4547
v  22.4342 115.5069 -20.5608
v  21.5569 116.9499 -15.3516
v  22.5040 116.0564 -20.6624
v  19.4061 115.4224 -9.6365
v  20.5117 115.0511 -13.5130
v  20.9548 114.9178 -15.0905
v  22.1898 114.5673 -20.4287
v  22.0300 114.3610 -20.4352
v  19.2511 118.7303 -5.9259
v  20.2201 117.9714 -9.9444
v  21.1773 117.2306 -13.7864
v  21.1899 117.8578 -13.9249
v  21.5698 117.5187 -15.4767
v  21.0127 118.7431 -14.1866
v  21.4202 118.3581 -15.7187
v  21.0748 119.1547 -16.0158
v  21.8379 118.4677 -18.3228
v  22.0963 118.2352 -19.1038
v  22.5576 116.4781 -20.7405
v  22.6367 117.1021 -20.8560
v  22.7087 117.6906 -20.9658
v  19.2149 119.7189 -6.1629
v  20.2351 118.7553 -10.1177
v  19.9953 119.7438 -10.4238
v  20.5886 119.6013 -14.5239
v  17.4404 122.0120 -2.3093
v  18.9160 120.8042 -6.5107
v  19.4510 120.7514 -10.8353
v  18.2084 121.9539 -7.0091
v  16.8188 123.2076 -2.7894
v  21.6492 118.6208 -17.8734
v  20.9644 119.2012 -16.0626
v  20.8459 119.3083 -15.7198
v  20.3421 119.7100 -14.6296
v  19.1393 120.8800 -10.9673
v  17.8855 122.1014 -7.1491
v  16.4972 123.3807 -2.9348
v  21.2701 118.9325 -16.9399
v  8.6517 127.1088 21.3204
v  8.3210 127.1295 21.2051
v  8.2017 127.1453 21.5501
v  9.1407 126.9484 22.1510
v  9.5100 126.9371 21.6462
v  8.9604 127.0226 20.6801
v  9.7933 126.8385 21.0003
v  9.2360 126.9628 20.0282
v  10.0603 126.7342 20.3557
v  9.9127 126.6159 18.0207
v  10.8081 126.3588 18.3785
v  10.8137 126.1106 15.3426
v  11.7827 125.8319 15.7298
v  12.8946 125.0526 11.9443
v  12.0645 125.3217 11.6057
v  8.6396 127.0020 22.3887
v  8.0004 127.1806 22.1345
v  8.3336 127.1423 21.8371
v  12.1635 124.0777 16.6028
v  11.3160 124.6186 18.9441
v  10.5200 125.0790 20.8858
v  10.4353 125.1233 21.0671
v  12.1097 117.5756 8.6143
v  11.6279 117.9580 10.4742
v  11.5014 117.9659 10.4302
v  11.6730 117.9677 10.5620
v  11.7132 117.9993 10.7726
v  11.7254 118.0169 10.8825
v  11.7102 118.0494 11.0588
v  11.6525 118.1310 11.4877
v  11.2944 118.4075 12.8256
v  11.0032 118.6782 13.7603
v  10.7207 118.9287 14.6161
v  10.7043 118.9432 14.6658
v  10.6685 118.9512 14.6769
v  10.5790 118.9626 14.6696
v  10.4604 118.9723 14.6374
v  10.1365 118.9945 14.5326
v  13.1210 117.0771 5.6221
v  14.0448 116.6010 2.8851
v  14.4390 116.5967 3.0178
v  15.8206 115.8350 -2.3490
v  17.0476 115.5082 -5.9292
v  18.4183 115.2063 -9.9175
v  19.7261 114.8628 -13.7327
v  22.1944 117.5222 -20.3389
v  23.1445 117.4526 -20.0056
v  22.1586 117.2409 -20.2869
v  23.1112 117.1913 -19.9573
v  26.4036 117.2139 -18.8622
v  26.3791 117.0213 -18.8265
v  27.9032 117.1040 -18.3360
v  22.0750 117.1684 -20.0598
v  23.0288 117.1188 -19.7298
v  26.2967 116.9488 -18.5991
v  27.8828 116.9431 -18.3062
v  27.8003 116.8706 -18.0788
v  28.7544 116.8998 -17.9891
v  28.6005 116.8290 -17.8019
v  28.7727 117.0439 -18.0158
v  29.4918 117.1782 -16.7388
v  29.4761 117.0543 -16.7158
v  29.2777 116.9803 -16.5772
v  29.5868 117.1377 -16.5407
v  29.6008 117.2238 -16.0658
v  29.2495 117.3174 -15.8014
v  29.3236 117.3420 -16.6441
v  28.8242 117.4743 -16.2927
v  28.1455 117.5346 -15.3854
v  27.8317 117.6717 -15.9548
v  26.8356 117.7410 -15.1697
v  26.6431 117.8641 -15.7920
v  23.8403 118.1003 -15.2854
v  23.8885 118.2126 -15.9508
v  20.7485 118.3536 -16.0398
v  20.9817 118.4770 -16.6868
v  22.1410 117.6879 -20.1559
v  28.6491 117.2112 -17.8726
v  27.8510 117.2696 -18.1526
v  26.3514 117.3795 -18.6788
v  23.0922 117.6182 -19.8222
v  32.3687 118.4434 13.4121
v  30.2842 118.2609 12.2390
v  34.1163 118.5852 14.3985
v  35.6930 118.6920 15.2939
v  37.1424 118.7848 16.1184
v  28.0734 118.0302 11.0045
v  16.5378 127.5706 -2.2983
v  16.5822 127.5606 -2.3214
v  16.5611 127.5547 -2.3679
v  16.3894 125.5317 -2.2388
v  16.1930 123.5754 -1.7661
v  16.1391 123.5623 -1.8744
v  16.4433 125.5449 -2.1305
v  16.4004 125.5741 -2.0022
v  16.1501 123.6046 -1.6378
v  16.0387 123.6306 -1.5740
v  16.2890 125.6001 -1.9384
v  12.3503 124.1977 16.3964
v  12.3960 123.9914 16.4435
v  12.5884 123.9719 16.4709
v  12.6950 124.1630 16.4456
v  12.7180 124.3434 16.4122
v  12.6615 124.5468 16.3645
v  12.4690 124.5662 16.3372
v  12.3733 124.3780 16.3630
v  19.4062 120.6568 22.8308
v  18.9669 120.9830 23.9772
v  18.9377 120.9290 23.9797
v  19.0234 121.0027 23.9916
v  19.0741 120.9763 24.0145
v  19.0893 120.9195 24.0325
v  19.0600 120.8654 24.0351
v  19.0035 120.8458 24.0206
v  18.9528 120.8721 23.9977
v  11.7289 124.5678 17.9703
v  11.7746 124.3615 18.0174
v  11.9670 124.3421 18.0448
v  12.0736 124.5331 18.0195
v  12.0966 124.7135 17.9861
v  12.0401 124.9170 17.9384
v  11.8476 124.9364 17.9111
v  11.7519 124.7482 17.9369
v  14.9500 119.0826 12.5182
v  15.5327 119.0109 12.5126
v  14.9813 119.2581 13.5466
v  15.1871 119.2328 13.5447
v  18.4805 118.9571 12.4286
v  18.5171 119.1712 13.4499
v  18.6188 119.2193 13.6846
v  18.5095 118.9366 12.3328
v  18.8648 118.8039 11.7225
v  19.4152 118.7104 11.3074
v  19.0392 119.3249 14.2106
v  20.0721 118.6653 11.1276
v  20.2068 118.6663 11.1378
v  21.3534 118.7361 11.5111
v  20.8053 118.6813 11.2066
v  20.3961 119.4069 14.6543
v  21.6181 119.2704 14.0549
v  21.0675 119.3624 14.4704
v  19.6780 119.3957 14.5704
v  21.9735 119.1391 13.4444
v  22.0565 118.9915 12.7465
v  21.8641 118.8549 12.0929
v  21.4342 118.7449 11.5558
v  11.1075 124.9380 19.5442
v  11.1532 124.7317 19.5913
v  11.3457 124.7123 19.6187
v  11.4522 124.9033 19.5934
v  11.4752 125.0837 19.5600
v  11.4187 125.2871 19.5123
v  11.2263 125.3066 19.4850
v  11.1305 125.1184 19.5108
v  17.8265 116.7594 5.5246
v  21.3748 117.0945 7.1066
v  24.6959 117.3479 8.6021
v  28.2111 117.6402 10.1791
v  10.0260 118.9024 14.8329
v  10.3476 118.8823 14.9450
v  10.0529 118.9089 14.7569
v  9.9071 118.9834 15.1889
v  10.2287 118.9632 15.3010
v  9.9665 118.9429 15.0109
v  10.3403 118.9229 15.3475
v  10.4593 118.8419 14.9915
v  10.4015 118.8952 14.7929
v  10.5131 118.8549 14.8393
v  10.5711 118.9275 14.6860
v  10.6425 118.8359 14.7307
v  10.6606 118.7490 14.7565
v  10.5307 118.7503 15.0362
v  10.5845 118.7632 14.8841
v  9.8900 118.9533 15.2325
v  10.2066 118.9335 15.3428
v  9.8985 118.9682 15.2109
v  10.3043 118.8981 15.3835
v  10.3647 118.8207 15.4213
v  10.4117 118.8313 15.3922
v  10.3797 118.7484 15.4428
v  10.4298 118.7444 15.4180
v  10.3723 118.6906 15.4535
v  10.4208 118.6735 15.4311
v  10.3393 118.6213 15.4582
v  10.2604 118.5527 15.4475
v  10.3811 118.5902 15.4368
v  10.2877 118.5089 15.4241
v  10.1553 118.5300 15.4175
v  10.1676 118.4830 15.3899
v  10.3404 118.7928 15.3771
v  10.3523 118.7357 15.3941
v  10.3467 118.6916 15.4022
v  10.3206 118.6369 15.4060
v  10.2569 118.5814 15.3973
v  9.8971 118.9049 15.2035
v  10.2084 118.8854 15.3119
v  9.8936 118.9289 15.2179
v  10.2917 118.8553 15.3466
v  16.1055 118.0584 6.3439
v  15.4935 118.6901 8.1996
v  15.0816 119.0812 9.3219
v  14.4487 119.5788 11.0569
v  13.5937 120.1560 13.2805
v  12.7697 120.3687 15.1373
v  12.0719 120.2829 16.0574
v  11.5348 120.1073 16.4063
v  9.8560 118.5816 15.2633
v  10.1673 118.5621 15.3718
v  9.9536 118.5152 14.9713
v  10.0922 118.7721 14.6195
v  10.4036 118.7526 14.7280
v  9.9947 118.8385 14.9115
v  10.4868 118.7225 14.7627
v  10.5356 118.6600 14.7932
v  10.5474 118.6029 14.8102
v  10.5418 118.5587 14.8183
v  10.3017 118.4539 13.9612
v  10.5158 118.5040 14.8221
v  10.4520 118.4486 14.8134
v  10.3625 118.4293 14.7878
v  10.3795 118.3388 14.7559
v  10.4996 118.3646 14.7901
v  10.3346 118.3693 14.8902
v  10.0130 118.3895 14.7781
v  9.9890 118.4058 14.8499
v  9.9650 118.4222 14.9218
v  10.2866 118.4020 15.0338
v  9.9055 118.4627 15.0998
v  10.4067 118.4279 15.0681
v  10.5001 118.5092 15.0808
v  10.5397 118.5925 15.0751
v  10.5487 118.6634 15.0620
v  10.5967 118.6304 14.9184
v  10.6026 118.6763 14.9099
v  10.5878 118.5598 14.9314
v  10.6417 118.6005 14.7840
v  10.6526 118.6861 14.7681
v  10.6869 118.6628 14.6654
v  10.9788 118.4857 13.7959
v  11.2882 118.3521 12.8334
v  11.2773 118.2665 12.8492
v  11.2683 118.1953 12.8624
v  11.6405 118.0365 11.5052
v  11.2294 118.1119 12.8684
v  10.6760 118.5771 14.6812
v  10.9192 118.2455 13.8306
v  10.8258 118.1642 13.8179
v  11.1384 118.0305 12.8565
v  10.5339 118.3413 14.6874
v  11.6059 117.9529 11.5126
v  11.7095 117.9706 10.8877
v  11.5269 117.8707 11.5049
v  11.6468 117.8874 10.8856
v  10.4547 118.3952 14.9244
v  10.5481 118.4765 14.9371
v  10.6326 118.5292 14.7971
v  10.6670 118.5059 14.6944
v  10.9679 118.4001 13.8117
v  10.9588 118.3288 13.8249
v  10.6273 118.4226 14.7001
v  10.5930 118.4459 14.8028
v  10.0579 118.3589 14.6438
v  10.0355 118.3742 14.7110
v  10.4138 118.3154 14.6531
v  10.7057 118.1384 13.7836
v  11.0216 118.0044 12.8234
v  11.4272 117.8436 11.4778
v  11.5699 117.8588 10.8664
v  10.0922 118.3356 14.5411
v  10.0751 118.3473 14.5924
v  10.3841 118.1585 13.6716
v  10.2382 118.2470 14.1063
v  10.7091 118.0240 12.7145
v  10.5490 118.0903 13.1862
v  11.1620 117.8602 11.3854
v  10.9541 117.9354 11.9956
v  11.3680 117.8715 10.7961
v  11.2790 117.8666 11.0508
v  16.8277 118.4178 8.6894
v  17.3818 117.7468 6.9787
v  20.9880 117.9160 8.3642
v  25.2016 116.9702 7.0829
v  27.8785 118.2792 11.2487
v  28.6449 117.2870 8.8707
v  24.3786 118.0676 9.6423
v  21.8518 116.7324 5.6724
v  16.4511 118.8739 9.8524
v  20.1089 118.9694 11.0767
v  23.5430 119.0588 12.2206
v  27.1448 119.1370 13.5085
v  29.5866 119.2184 14.4630
v  30.2323 118.4527 12.4721
v  31.7537 119.3018 15.3833
v  32.3102 118.6250 13.6645
v  33.5512 119.3559 16.2124
v  34.0320 118.7792 14.7289
v  34.1483 118.6658 14.3746
v  35.7297 118.7688 15.2572
v  30.3034 118.3574 12.2509
v  27.9706 118.1597 10.9629
v  32.3953 118.5365 13.4041
v  37.1844 118.8492 16.0666
v  35.5648 118.9312 15.7596
v  35.1578 119.4157 17.0148
v  34.7754 119.7536 18.1730
v  33.1091 119.7532 17.5525
v  31.2611 119.7555 16.8787
v  29.0486 119.7199 16.0971
v  26.5774 119.6780 15.2341
v  22.9749 119.6327 13.9771
v  19.5469 119.5620 12.7963
v  15.8929 119.4853 11.5644
v  22.2682 120.1438 16.0724
v  18.8207 120.1101 14.9790
v  15.1533 120.0509 13.7885
v  38.4308 118.8941 16.7712
v  36.9623 119.0792 16.7454
v  36.6231 119.4809 17.7912
v  36.3072 119.7596 18.7481
v  35.8384 120.0831 20.1517
v  34.2622 120.1127 19.7106
v  32.5523 120.1486 19.2217
v  30.6669 120.1849 18.6612
v  28.4219 120.1766 17.9777
v  25.9214 120.1605 17.2037
v  38.1518 119.2111 17.6288
v  37.8721 119.5440 18.4916
v  37.6204 119.7667 19.2538
v  37.1993 120.0541 20.5141
v  36.8317 120.2157 21.5983
v  35.4282 120.2583 21.3603
v  33.8119 120.2981 21.0363
v  32.0623 120.3419 20.6628
v  30.1421 120.3814 20.2027
v  27.8674 120.3788 19.6054
v  27.5397 120.3373 20.5387
v  25.3398 120.3664 18.9100
v  24.9951 120.3117 19.8895
v  29.8326 120.3512 21.0856
v  31.7747 120.3312 21.4863
v  33.5488 120.3021 21.7922
v  35.1895 120.2732 22.0482
v  36.6183 120.2373 22.2144
v  38.0318 120.1796 22.2745
v  38.2120 120.1547 21.7527
v  38.9059 120.1219 22.2135
v  39.0581 120.0976 21.7723
v  39.9405 120.0132 21.9658
v  40.0460 119.9940 21.6597
v  17.7868 120.2235 17.9667
v  21.1435 120.1271 19.2973
v  21.2765 120.2783 18.9427
v  24.8719 120.1828 20.2197
v  27.4231 120.2227 20.8525
v  29.7230 120.2496 21.3819
v  31.6738 120.2498 21.7614
v  33.4571 120.2381 22.0437
v  35.1069 120.2234 22.2764
v  36.5449 120.1992 22.4182
v  37.9701 120.1523 22.4465
v  38.8540 120.1013 22.3588
v  36.5092 120.1153 22.5056
v  35.0660 120.1208 22.3752
v  33.4109 120.1132 22.1540
v  17.6469 120.0529 18.3374
v  13.9516 119.9493 17.2193
v  14.0959 120.1378 16.8390
v  14.4922 120.2544 15.7226
v  18.1733 120.3195 16.8746
v  21.6464 120.3541 17.8946
v  23.8300 117.7527 -15.8657
v  26.5914 117.4571 -15.7167
v  27.7827 117.2861 -15.8834
v  28.7773 117.1053 -16.2244
v  20.9157 117.9576 -16.5907
v  40.7102 119.5028 19.6651
v  40.9343 119.7044 20.5496
v  41.0369 119.5977 20.2360
v  41.1446 119.7168 20.7969
v  41.1069 119.7499 20.9111
v  41.1957 119.6645 20.6409
v  40.5395 119.9277 21.7227
v  40.6102 119.9139 21.5172
v  40.9430 119.8311 21.3960
v  40.9776 119.8241 21.2955
v  41.0377 119.7958 21.1180
v  40.8744 119.7623 20.7317
v  40.5601 119.6624 20.1244
v  39.9602 119.4200 19.0614
v  39.2885 119.3425 18.5173
v  38.8811 119.7726 19.7636
v  39.0648 119.6062 19.2067
v  39.7735 119.6373 19.6365
v  40.4395 119.7684 20.4897
v  40.7330 119.8562 21.1545
v  40.2289 119.9088 21.1193
v  39.3217 119.9768 20.9942
v  38.5235 120.0141 20.8334
v  39.6246 119.7736 20.0883
v  38.4350 118.8603 16.7529
v  38.4309 118.8278 16.7589
v  34.1563 118.5442 14.3299
v  32.4036 118.3647 13.3497
v  30.3182 118.1822 12.1768
v  27.9873 117.9388 10.8751
v  35.7186 118.5354 15.2470
v  35.7333 118.6509 15.2257
v  37.1760 118.6851 16.0613
v  37.1882 118.7811 16.0435
v  34.1291 118.3301 14.3695
v  32.3761 118.1483 13.3897
v  30.2863 117.9307 12.2233
v  27.9575 117.7044 10.9185
v  19.6040 120.3425 21.2677
v  20.5667 119.9710 18.7132
v  20.4544 119.7636 18.7228
v  19.7162 120.5499 21.2580
v  20.7834 120.0463 18.7685
v  19.9330 120.6253 21.3133
v  20.9778 119.9452 18.8564
v  20.1273 120.5242 21.4012
v  21.0359 119.7271 18.9255
v  20.1855 120.3061 21.4703
v  20.9237 119.5197 18.9351
v  20.0732 120.0986 21.4800
v  20.7069 119.4444 18.8798
v  19.8565 120.0233 21.4247
v  20.5126 119.5455 18.7919
v  19.6621 120.1244 21.3367
v  18.8844 120.9323 23.9613
v  18.9342 121.0243 23.9570
v  19.0304 121.0577 23.9816
v  19.1166 121.0129 24.0206
v  19.1424 120.9162 24.0512
v  19.0926 120.8242 24.0555
v  18.9964 120.7907 24.0310
v  18.9102 120.8356 23.9920
v  21.2532 120.0596 20.1750
v  21.7361 120.0147 19.0561
v  21.6238 119.8073 19.0658
v  21.4901 120.0780 20.4374
v  21.3113 119.8415 20.2440
v  21.6820 119.5892 19.1349
v  21.5057 119.7404 20.3320
v  21.8764 119.4881 19.2228
v  21.7225 119.8158 20.3873
v  22.0931 119.5634 19.2781
v  21.8347 120.0232 20.3776
v  22.2054 119.7709 19.2684
v  21.7765 120.2413 20.3085
v  22.1472 119.9890 19.1994
v  21.5822 120.3424 20.2206
v  21.9529 120.0900 19.1114
v  21.3654 120.2670 20.1653
v  23.1519 122.5579 -21.5221
v  23.0793 121.9810 -21.2583
v  23.1749 122.0773 -21.5153
v  23.0060 122.6450 -21.1514
v  22.8560 121.5130 -20.7015
v  22.7449 122.7905 -20.5442
v  22.6036 122.5467 -20.1824
v  22.5265 122.8573 -20.3334
v  22.4490 122.7264 -20.1345
v  22.2430 121.5555 -19.3255
v  22.0731 121.7030 -19.2394
v  21.8712 120.2976 -18.4845
v  21.6917 120.4156 -18.3762
v  21.6967 119.7509 -18.0818
v  21.5260 119.9253 -17.9887
v  22.5883 120.7151 -20.0766
v  22.2744 119.6325 -19.3702
v  22.0229 118.8461 -18.7899
v  23.2740 122.4787 -21.8662
v  23.2654 122.0708 -21.7762
v  23.2547 121.9868 -21.7607
v  23.2272 121.7705 -21.7207
v  23.1542 121.1960 -21.6144
v  23.0425 120.3167 -21.4517
v  22.8877 119.0988 -21.2264
v  21.4936 119.3376 -17.5732
v  20.9650 119.2485 -16.0723
v  21.2528 119.1420 -16.9172
v  21.3402 119.5654 -17.5201
v  21.1453 119.3681 -16.9962
v  20.9523 119.3660 -16.4426
v  22.4678 116.4565 -20.9187
v  22.4142 116.0348 -20.8407
v  22.3444 115.4854 -20.7390
v  22.2744 114.9353 -20.6372
v  22.1145 114.6059 -20.6157
v  22.1066 114.5882 -20.6143
v  23.1980 122.4562 -22.0395
v  23.1746 122.0417 -21.9531
v  23.1649 121.9653 -21.9390
v  23.1374 121.7490 -21.8989
v  23.0644 121.1744 -21.7926
v  22.9526 120.2952 -21.6299
v  22.7979 119.0773 -21.4046
v  22.6189 117.6687 -21.1440
v  22.5469 117.0802 -21.0342
v  40.5105 119.8775 21.7969
v  40.9387 119.7944 21.4018
v  40.9274 119.8122 21.4375
v  40.5305 119.8514 21.7348
v  39.8969 119.9353 22.0769
v  39.9266 119.8958 21.9845
v  38.8422 120.0014 22.3747
v  38.8848 119.9427 22.2421
v  37.9555 120.0283 22.4663
v  38.0055 119.9570 22.3099
v  36.5262 120.0405 22.4434
v  36.5847 119.9525 22.2598
v  35.0842 120.0316 22.3069
v  35.1488 119.9290 22.1030
v  33.4299 120.0079 22.0804
v  33.5000 119.8892 21.8579
v  35.3635 119.7105 21.4476
v  33.7343 119.6408 21.1409
v  36.7781 119.7624 21.6705
v  38.1702 119.8004 21.8091
v  39.0245 119.8124 21.8177
v  40.0239 119.8070 21.6894
v  40.5959 119.7924 21.5366
v  40.9707 119.7658 21.3048
v  40.5044 119.8985 21.8184
v  39.8878 119.9675 22.1087
v  40.7154 119.7070 21.1782
v  40.2018 119.6792 21.1558
v  39.2803 119.6267 21.0500
v  38.4721 119.5790 20.9027
v  37.1335 119.4975 20.6028
v  35.7589 119.4106 20.2588
v  41.0292 119.7241 21.1294
v  38.8294 120.0498 22.4202
v  37.9406 120.0878 22.5196
v  22.5886 118.3805 -21.3160
v  22.6781 119.0848 -21.4463
v  22.4621 117.3854 -21.1319
v  22.4991 117.6762 -21.1857
v  22.3847 116.7763 -21.0192
v  22.4243 117.0879 -21.0769
v  22.3183 116.2534 -20.9224
v  22.3450 116.4642 -20.9615
v  22.2565 115.7678 -20.8326
v  22.2915 116.0425 -20.8834
v  22.1867 115.2180 -20.7309
v  22.2216 115.4931 -20.7818
v  22.1125 114.6343 -20.6229
v  22.1517 114.9430 -20.6800
v  22.7555 119.6937 -21.5590
v  22.8329 120.3027 -21.6717
v  22.8887 120.7423 -21.7530
v  22.9446 121.1819 -21.8344
v  22.9811 121.4692 -21.8875
v  23.0176 121.7565 -21.9407
v  23.0314 121.8646 -21.9607
v  23.0451 121.9728 -21.9807
v  23.0500 122.0110 -21.9877
v  23.0548 122.0492 -21.9948
v  23.0847 122.2840 -22.0382
v  23.1073 122.4619 -22.0711
v  39.9047 120.0008 22.0665
v  40.5155 119.9200 21.7901
v  40.9313 119.8276 21.4290
v  23.0633 122.4919 -21.9396
v  23.0940 122.4709 -22.0315
v  23.0046 122.5319 -21.7638
v  22.9476 122.5707 -21.5933
v  22.8813 122.6158 -21.3949
v  22.8214 122.6566 -21.2157
v  22.6998 122.7394 -20.8517
v  22.6124 122.7988 -20.5903
v  9.8460 118.5032 15.2778
v  9.8423 118.5267 15.2926
v  10.9992 125.1068 19.8711
v  11.6205 124.7366 18.2972
v  12.2419 124.3664 16.7233
v  9.8387 118.5499 15.3072
v  9.8474 118.5659 15.2850
v  22.8229 122.5220 -22.2000
v  11.3204 118.6723 11.0765
v  11.3248 118.6583 11.0617
v  8.1274 127.1552 21.7653
v  19.9614 114.8086 -14.4178
v  20.2585 114.7401 -15.2828
v  10.0798 118.9154 14.6808
v  10.0511 118.4488 14.6794
v  15.4827 123.0761 4.8641
v  15.8229 122.8428 3.8421
v  16.3332 122.4928 2.3095
v  16.0571 123.8133 -0.4946
v  16.7136 122.5478 0.0127
v  16.0681 123.0151 2.1021
v  14.2324 123.9800 6.4800
v  13.8834 124.1244 6.1407
v  16.0228 123.8399 -0.3867
v  16.6295 122.6694 0.0824
v  16.0512 123.0880 1.9544
v  15.4079 124.3303 1.4568
v  15.3736 124.3569 1.5648
v  16.2006 122.6905 2.4006
v  15.9938 123.0621 2.2527
v  15.3400 124.4122 1.7262
v  14.3259 123.9997 6.2860
v  14.4714 124.9284 4.7462
v  14.9913 123.6424 5.7426
v  14.9566 123.7271 5.6733
v  15.2400 123.3820 5.2990
v  15.2027 123.4652 5.2292
v  15.3561 123.2701 4.9524
v  15.0836 123.7794 4.7725
v  15.0646 123.7833 4.8855
v  14.3571 125.0488 4.6065
v  14.4624 125.0544 4.4769
v  15.1313 123.8077 4.6199
v  15.4550 123.2183 4.6953
v  15.7532 122.9956 3.7840
v  14.4588 123.8850 6.6811
v  14.2184 125.0129 4.6377
v  14.1148 124.1253 6.1931
v  14.1854 125.1364 4.4100
v  14.2787 125.1294 4.2573
v  14.0633 125.1440 4.3675
v  14.0883 125.1419 4.2955
v  13.4375 124.1524 5.9853
v  13.4582 124.1851 5.9318
v  13.9582 124.1903 6.0410
v  14.1047 125.0708 4.5077
v  15.0881 124.5020 1.3109
v  15.0525 124.5297 1.4181
v  15.7587 123.9681 -0.7096
v  15.7360 123.9861 -0.6412
v  14.1206 125.1393 4.2022
v  13.4804 124.2203 5.8745
v  14.0379 125.1038 4.4331
v  15.0428 124.5405 1.4477
v  15.0007 124.5876 1.5770
v  14.8671 122.3410 5.2190
v  14.2035 122.7426 6.0478
v  14.6629 122.5361 5.6194
v  8.5488 127.0483 20.5367
v  8.7780 126.9915 19.8686
v  9.4556 126.6445 17.8615
v  10.3570 126.1392 15.1835
v  11.6095 125.3502 11.4471
v  7.0360 125.4830 25.3215
v  6.8057 125.4501 25.2520
v  6.8917 125.0027 24.9250
v  8.4048 124.4683 23.9395
v  7.8813 124.1627 23.8341
v  7.2773 124.0764 23.6519
v  7.2600 125.0553 25.0361
v  7.0576 124.4783 24.3545
v  7.2355 125.5994 25.3617
v  7.5792 125.2416 25.1004
v  7.5721 124.5518 24.5097
v  8.0179 124.8120 24.5995
v  7.1757 126.5825 25.1181
v  7.3427 126.4431 25.2056
v  7.7508 126.5913 24.8507
v  7.6752 127.2075 23.0725
v  8.2480 127.0475 23.3003
v  8.6861 126.6817 23.5300
v  7.8843 127.0087 24.0551
v  8.2575 126.6971 24.2507
v  7.4836 126.8144 24.7106
v  6.9574 126.6435 25.0312
v  7.1343 126.9120 24.5717
v  7.3965 127.1449 23.8611
v  8.7924 124.9457 23.9604
v  8.9887 125.5473 23.8892
v  8.5152 125.7309 24.5566
v  8.3480 125.2186 24.6173
v  8.9472 126.1638 23.7351
v  8.4798 126.2560 24.4254
v  7.9100 126.2755 24.9757
v  7.9353 125.8996 25.0697
v  7.8156 125.5327 25.1131
v  7.3832 125.7814 25.3697
v  7.4581 126.0107 25.3425
v  7.4422 126.2457 25.2838
v  6.8705 126.4101 25.2386
v  6.9903 126.3766 25.2863
v  7.0820 126.3001 25.3343
v  7.1366 126.1918 25.3772
v  7.1453 126.0628 25.4094
v  6.7873 125.7552 25.3598
v  6.9137 125.7732 25.3979
v  6.8012 126.1015 25.3820
v  7.0231 125.8372 25.4199
v  7.1042 125.9370 25.4243
v  15.9790 123.8511 -0.3244
v  16.5468 122.7531 0.1151
v  15.7107 123.9990 -0.5663
v  15.4113 124.3084 1.3852
v  15.1094 124.4788 1.2455
v  16.0105 123.1412 1.8509
v  15.9801 123.1153 2.3024
v  16.1861 122.8339 2.4298
v  15.3158 124.3825 1.7912
v  14.9750 124.5480 1.6437
v  14.2943 125.0656 4.2160
v  14.1318 125.0778 4.1589
v  14.4789 124.9974 4.4296
v  15.1480 123.8293 4.5660
v  15.4723 123.3390 4.6278
v  15.7573 123.1266 3.7563
v  14.3533 123.9643 6.1473
v  14.4857 124.7784 4.8060
v  14.9091 123.7297 5.6138
v  15.1338 123.4907 5.2086
v  15.2514 123.3297 4.9838
v  15.0071 123.7645 4.9280
v  14.2004 124.9673 4.6207
v  14.1004 124.1100 6.1230
v  14.0924 125.0224 4.4971
v  13.9760 124.1617 6.0021
v  13.4928 124.1920 5.8338
v  14.0363 125.0599 4.4298
v  21.7503 113.7917 -19.2505
v  21.6004 113.8011 -19.3028
v  21.4894 113.4105 -19.0545
v  21.6394 113.4011 -19.0023
v  21.9091 113.8767 -19.6911
v  21.7592 113.8861 -19.7433
v  22.0228 113.6063 -20.0659
v  21.8728 113.6157 -20.1181
v  22.0247 113.1388 -20.1554
v  21.8747 113.1482 -20.2076
v  21.9137 112.7481 -19.9071
v  21.7638 112.7575 -19.9594
v  21.7549 112.6632 -19.4666
v  21.6050 112.6726 -19.5188
v  21.6413 112.9336 -19.0918
v  21.4913 112.9430 -19.1440
v  10.3032 117.1268 3.6210
v  10.1349 117.2705 4.6063
v  10.1952 116.6070 3.6700
v  9.8967 116.4665 4.8452
v  9.8590 117.4260 5.5740
v  9.6307 116.5525 5.7031
v  9.1725 117.7644 7.6051
v  9.0726 116.8153 7.3685
v  8.7718 116.9765 8.1981
v  8.9321 117.9012 8.2229
v  8.4784 118.1130 9.1186
v  8.3106 117.1953 9.2386
v  8.2277 116.9877 9.1660
v  8.6594 116.7829 8.1920
v  8.9590 116.6224 7.3659
v  9.5164 116.3600 5.7024
v  9.7814 116.2746 4.8480
v  10.0634 116.4271 3.7441
v  5.0244 117.4868 8.0046
v  4.9743 117.7151 8.0291
v  8.2668 117.2606 9.2118
v  5.0391 117.7634 8.0415
v  8.2416 117.3152 9.1290
v  5.1226 117.8011 7.9980
v  5.1917 118.5951 7.9384
v  5.1415 118.6044 7.9200
v  8.4193 118.1169 9.0982
v  8.3807 118.1070 9.0178
v  9.1342 117.6633 6.7755
v  8.9951 116.8715 6.8867
v  6.0139 118.1279 5.6550
v  5.8761 117.3574 5.7557
v  8.1754 117.7263 6.4469
v  5.2604 118.5717 7.8973
v  10.0212 116.4427 3.6485
v  10.1390 116.6020 3.5809
v  9.7874 116.3495 3.8021
v  9.7420 116.4275 3.8397
v  9.9352 116.5312 3.6832
v  9.4392 116.7539 5.1470
v  10.0376 116.6679 3.6228
v  9.5234 116.9030 5.1408
v  6.4076 117.8353 3.4339
v  6.3561 117.0182 3.5615
v  6.1151 117.9702 4.1990
v  6.0466 117.1109 4.4037
v  5.5097 118.2696 5.9901
v  5.4885 117.3737 6.0691
v  5.2312 117.5281 6.9144
v  5.2338 118.4402 6.8643
v  5.2649 117.3117 6.9613
v  5.5211 117.1580 6.1195
v  6.0786 116.8956 4.4561
v  6.3868 116.8035 3.6173
v  6.8601 116.9262 2.5828
v  6.8589 117.1268 2.4604
v  6.9685 117.6542 2.4202
v  6.9545 117.0966 2.4270
v  6.9551 116.9214 2.5363
v  7.0604 117.6296 2.4099
v  7.0200 116.9875 2.6250
v  7.0137 116.7816 2.7964
v  7.0509 116.8467 2.8639
v  10.2380 117.1230 3.5557
v  9.3023 116.6119 5.1348
v  7.0202 117.1348 2.5303
v  6.5123 117.3656 4.0295
v  6.5296 117.2064 4.0719
v  7.1022 117.6343 2.5411
v  6.6220 117.8462 3.9574
v  10.1186 117.1522 3.6299
v  9.6302 117.3698 5.0709
v  7.4087 118.1831 8.7508
v  7.4219 118.1700 8.6892
v  7.5097 118.4185 10.1828
v  7.0523 118.4118 9.8149
v  4.8071 118.6832 7.9216
v  4.8415 118.6623 7.8277
v  4.9285 118.5465 7.1239
v  4.7475 118.4988 6.4539
v  4.3431 118.5201 5.9043
v  4.3533 118.5136 5.8739
v  4.2323 118.5365 5.8289
v  5.3015 118.0444 3.0684
v  1.9008 118.7002 1.9646
v  3.7262 118.6206 5.5129
v  -1.6833 119.4197 0.7672
v  -1.3911 119.3049 -0.0921
v  2.2851 118.5622 0.8366
v  5.7645 117.8830 1.7106
v  9.4647 117.0939 2.6542
v  9.2724 117.1866 3.2229
v  9.9405 116.8649 1.2474
v  11.3649 117.1870 5.0102
v  10.3535 117.6856 8.0024
v  9.0043 118.5513 12.0303
v  10.2817 116.8333 1.2518
v  10.7423 116.7859 1.1530
v  12.2952 116.7293 2.2578
v  11.2979 116.7136 0.8139
v  12.0821 116.5904 0.0547
v  14.5374 116.1673 -2.8564
v  2.3736 118.9453 5.5590
v  1.8346 119.1276 5.9577
v  1.0011 119.1492 4.6272
v  1.4833 119.2921 6.5621
v  1.3961 119.4065 7.2662
v  -0.3040 119.9777 8.5219
v  1.5770 119.4528 7.9365
v  1.9899 119.4294 8.4982
v  3.0302 119.3585 9.8234
v  2.5989 119.3350 8.8767
v  3.3102 119.1797 8.9874
v  3.9510 119.0076 8.8311
v  6.5947 118.7054 11.1807
v  4.1700 118.9395 8.7081
v  6.7066 118.6337 10.8469
v  6.8681 118.6360 10.9769
v  8.3803 119.1045 13.9207
v  5.9745 119.2553 13.0597
v  2.4206 119.8883 11.6679
v  -0.8914 120.4788 10.2978
v  2.0959 120.3154 12.6768
v  -1.2052 120.8778 11.2703
v  2.0023 120.5362 12.9851
v  -1.2963 121.0818 11.5683
v  1.9826 120.7492 13.0799
v  -1.3164 121.2764 11.6611
v  5.5320 120.1675 14.4937
v  5.5507 119.9388 14.3989
v  5.6450 119.7042 14.0860
v  8.0488 119.5561 14.9532
v  7.9351 120.0222 15.3633
v  7.9539 119.7922 15.2680
v  -4.6665 121.4597 9.6957
v  -4.3710 121.0977 8.7825
v  -4.7528 121.6425 9.9763
v  -4.7729 121.8147 10.0649
v  -7.1191 122.0258 8.8887
v  -7.1390 122.1835 8.9743
v  -9.2275 122.3625 7.8754
v  -9.2471 122.5063 7.9574
v  -10.9730 122.6438 6.9571
v  -10.9926 122.7676 7.0356
v  -10.8978 122.5072 6.7168
v  -9.1483 122.2070 7.6200
v  -7.0361 121.8567 8.6200
v  -6.7531 121.5190 7.7472
v  -6.2261 121.0844 6.1565
v  -3.8195 120.6366 7.1169
v  -5.0361 120.3407 2.6075
v  -2.5683 119.8487 3.3842
v  -8.8794 121.8934 6.7919
v  -8.3794 121.4865 5.2839
v  -7.2697 120.7977 1.9751
v  -10.6446 122.2265 5.9397
v  -10.1756 121.8547 4.5270
v  -9.1573 121.2268 1.4914
v  -8.6381 120.9755 -0.0439
v  -6.6678 120.5048 0.1951
v  -4.3403 119.9986 0.5492
v  -1.7797 119.4563 1.0503
v  -11.7931 122.1838 3.8254
v  -10.8811 121.6250 1.1076
v  -10.4419 121.4133 -0.1910
v  -8.5197 120.9127 -0.3949
v  -6.5822 120.4615 -0.0584
v  -4.2662 119.9724 0.3318
v  3.1176 118.7479 5.4144
v  3.0281 118.7673 5.3997
v  -12.1144 121.8199 -0.2880
v  -12.4804 121.9942 0.7940
v  -13.5645 122.1744 -0.3358
v  -13.8665 122.3191 0.5569
v  -14.9765 122.5255 -0.3473
v  -15.2176 122.6421 0.3656
v  -15.8221 122.7399 -0.3402
v  -16.0228 122.8389 0.2538
v  -16.7626 122.9882 -0.3373
v  -16.9218 123.0702 0.1343
v  -17.3548 123.1803 -0.0946
v  -17.4634 123.2366 0.2271
v  -17.7171 123.3181 0.1212
v  -17.7711 123.3462 0.2811
v  -18.0207 123.4518 0.4181
v  -10.2713 121.3248 -0.6966
v  -11.8807 121.7046 -0.9795
v  -13.2645 122.0426 -1.2205
v  -14.5538 122.3236 -1.5968
v  -15.4947 122.5878 -1.3072
v  -16.6013 122.9239 -0.8118
v  -17.2449 123.1355 -0.4181
v  -17.6625 123.2955 -0.0395
v  -13.0445 121.9277 -1.8725
v  9.2386 117.2096 3.3244
v  8.7506 117.4268 4.7640
v  6.2473 116.7381 4.5448
v  9.2951 116.2632 5.6498
v  5.6915 116.9996 6.2032
v  8.7393 116.5247 7.3082
v  5.4381 117.1516 7.0356
v  8.4431 116.6834 8.1251
v  8.0901 116.8509 8.9214
v  5.2415 117.2947 7.8886
v  9.5571 116.1796 4.8047
v  9.7872 116.2998 3.9030
v  9.6017 116.3784 3.7347
v  9.5680 116.3340 3.8235
v  9.1691 116.2533 4.9537
v  6.8136 116.6195 4.0833
v  6.5522 116.6478 3.7153
v  7.2074 116.7018 2.9677
v  6.9386 116.7436 2.8703
v  7.2412 116.7462 2.8789
v  9.5498 115.9698 3.8103
v  7.1893 116.3376 2.9545
v  7.1766 116.4105 3.0039
v  9.5371 116.0427 3.8598
v  6.8585 116.9730 4.0179
v  9.2143 116.6084 4.8880
v  6.6166 117.0274 4.1429
v  22.7621 123.1510 -21.1718
v  22.7779 123.2788 -21.6586
v  22.7749 123.2582 -22.1861
v  22.7519 123.0816 -22.7143
v  22.6012 122.5502 -22.1998
v  22.6203 122.6437 -21.6812
v  22.6510 122.7158 -21.2704
v  22.7201 122.8176 -20.6728
v  22.4975 122.0955 -22.1146
v  22.4732 121.9065 -22.4073
v  22.4860 122.0045 -22.0978
v  22.4941 122.0695 -22.2203
v  22.7162 122.8034 -23.0772
v  22.6537 122.3143 -23.4238
v  22.5562 121.5501 -23.6984
v  22.4156 120.4464 -23.8454
v  22.2238 118.9389 -23.8092
v  21.9727 116.9634 -23.5343
v  21.8249 115.7991 -23.1694
v  21.7352 115.0904 -22.5800
v  21.6832 115.6902 -21.3369
v  21.7291 116.0550 -21.8706
v  21.7856 116.5012 -22.1716
v  21.8731 117.1897 -22.3818
v  22.0866 118.8696 -22.6415
v  22.2452 120.1164 -22.7359
v  22.3570 120.9949 -22.7031
v  22.4303 121.5699 -22.5809
v  21.5937 115.0082 -20.8032
v  21.6688 115.5994 -20.9126
v  21.7202 116.0042 -20.9875
v  21.7793 116.4690 -21.0735
v  21.8578 117.0849 -21.1875
v  21.9375 117.6888 -21.2993
v  22.1203 119.1268 -21.5654
v  22.2746 120.3414 -21.7901
v  22.3858 121.2159 -21.9519
v  22.4570 121.7768 -22.0557
v  21.6898 114.7281 -21.7314
v  21.6766 114.6174 -20.7341
v  22.4188 120.3489 -21.6506
v  22.5299 121.2234 -21.8124
v  22.6012 121.7843 -21.9162
v  22.6301 122.0120 -21.9583
v  22.6409 122.0963 -21.9739
v  22.7011 122.3164 -22.6084
v  21.7408 115.0388 -20.6680
v  21.8129 115.6069 -20.7731
v  21.8644 116.0117 -20.8480
v  21.9235 116.4764 -20.9340
v  22.0019 117.0921 -21.0480
v  22.0816 117.6959 -21.1598
v  22.2644 119.1343 -21.4259
v  11.2102 118.6000 11.1234
v  11.2155 118.5816 11.1037
v  11.2485 118.6600 11.0396
v  11.2432 118.6783 11.0592
v  21.1285 113.3393 -19.2241
v  21.1779 113.3916 -19.0044
v  21.2228 113.6761 -19.0822
v  21.1734 113.6238 -19.3019
v  21.4375 113.0331 -20.1659
v  21.4824 113.3176 -20.2437
v  21.5351 113.0270 -20.1319
v  21.5800 113.3115 -20.2097
v  21.2471 113.3124 -19.2541
v  21.2920 113.5969 -19.3318
v  21.2672 113.3669 -19.0431
v  21.3121 113.6514 -19.1208
v  9.5890 116.4513 3.7842
v  7.2285 116.8191 2.9283
v  9.5160 115.9254 3.8991
v  7.1555 116.2932 3.0433
v  21.2875 113.6636 -18.7034
v  21.3440 113.7158 -18.8561
v  21.3348 113.8637 -18.8090
v  21.2784 113.8115 -18.6562
v  21.2610 113.7807 -18.8640
v  21.1998 114.9688 -18.4844
v  21.2045 113.7285 -18.7113
v  21.1433 114.9166 -18.3318
v  -1.2888 119.3537 -0.1237
v  -1.2749 119.3975 -0.1769
v  -1.2618 119.3898 -0.2342
v  -1.1129 118.2752 -1.0434
v  -1.2939 119.2477 -0.1178
v  2.5079 117.3933 -0.2874
v  2.3296 118.6644 0.6719
v  5.9778 116.7742 0.6311
v  5.8107 117.9765 1.5318
v  9.5742 116.0167 1.6589
v  9.4258 117.2177 2.4788
v  2.3024 118.6279 0.7830
v  2.2973 118.5219 0.7888
v  5.7836 117.9400 1.6428
v  5.7785 117.8342 1.6484
v  9.3991 117.1825 2.5882
v  9.3934 117.0744 2.5962
v  2.3164 118.6717 0.7298
v  5.7975 117.9839 1.5896
v  15.6355 117.5987 -22.5484
v  14.2946 117.8764 -22.0268
v  14.6477 117.6289 -23.1270
v  14.2895 117.7134 -22.9318
v  13.5927 118.1274 -22.1787
v  13.6860 118.1782 -21.8401
v  13.7025 117.9290 -23.1756
v  14.2746 117.7171 -23.9281
v  15.4262 117.5282 -23.0942
v  16.5086 117.4178 -22.8858
v  16.4336 117.5402 -22.2684
v  17.9332 117.4304 -21.7422
v  17.7785 117.3040 -22.5543
v  21.1924 117.1917 -20.5988
v  21.9193 117.0038 -21.0849
v  22.0647 117.2517 -21.0928
v  21.4104 116.9431 -23.2101
v  17.9700 117.2068 -24.1479
v  16.5301 117.3554 -24.3339
v  15.2578 117.5257 -24.2874
v  14.4220 118.1436 -21.8732
v  14.4063 118.0197 -21.8503
v  15.6780 117.9010 -22.3795
v  15.6596 117.7568 -22.3529
v  16.4018 117.8668 -22.1147
v  16.3814 117.7058 -22.0850
v  17.9055 117.7886 -21.5945
v  17.8810 117.5960 -21.5588
v  21.1734 117.6186 -20.4637
v  21.1401 117.3573 -20.4154
v  14.1938 118.1239 -21.7849
v  14.3405 118.2381 -22.0937
v  15.6841 117.9809 -22.6191
v  14.6934 117.9888 -23.1936
v  14.3346 118.0678 -22.9973
v  15.4738 117.9030 -23.1636
v  16.5590 117.8143 -22.9592
v  17.8322 117.7266 -22.6325
v  21.9841 117.5138 -21.1793
v  21.2558 117.6910 -20.6912
v  17.9879 117.8610 -21.8219
v  16.4843 117.9393 -22.3422
v  -1.0086 119.1543 -1.4489
v  -1.6377 119.9620 0.5017
v  -1.4710 119.3217 -0.0918
v  -1.7044 119.4366 0.5989
v  -4.1574 120.4609 0.1073
v  -3.5051 119.6655 -1.9078
v  -6.4844 120.9197 -0.2566
v  -5.8936 120.1887 -2.0837
v  -8.4384 121.2934 -0.5598
v  -7.8986 120.6541 -2.2241
v  -10.2069 121.6097 -0.8299
v  -9.7626 121.1052 -2.1959
v  -11.8346 121.8952 -1.0774
v  -11.4869 121.5234 -2.1420
v  -13.1801 122.1019 -1.2760
v  -12.9804 121.9108 -1.8835
v  -1.7736 119.5372 0.6874
v  -4.2213 119.9580 0.2003
v  -4.2192 120.0437 0.3001
v  -6.5439 120.4519 -0.1701
v  -6.5410 120.5375 -0.0702
v  -8.4880 120.9034 -0.4877
v  -8.4843 120.9888 -0.3877
v  -10.2440 121.3179 -0.7759
v  -10.2403 121.4033 -0.6759
v  -11.8596 121.6982 -1.0409
v  -11.8557 121.7835 -0.9408
v  -13.1903 122.0217 -1.2612
v  -13.1335 122.0714 -1.1478
v  7.4590 124.6297 15.3923
v  7.5355 124.5033 15.4405
v  7.3023 124.8241 16.2819
v  7.3236 124.9925 16.2507
v  7.4833 124.8171 15.3577
v  7.4570 125.0873 16.1791
v  7.5970 124.9219 15.3660
v  7.7360 124.9242 15.4039
v  7.8950 124.8282 14.9598
v  7.8587 124.9127 15.4402
v  7.5765 125.1475 16.3415
v  7.4716 125.0137 16.4671
v  7.4502 124.8453 16.4982
v  7.4054 124.6808 16.2544
v  7.5138 124.6546 16.4327
v  7.6804 124.4868 15.4848
v  7.8039 124.4812 15.5201
v  7.7602 124.2540 14.8372
v  7.5699 124.2576 14.7262
v  7.5108 124.4748 14.6358
v  7.5366 124.6783 14.5981
v  7.6501 124.8882 14.6095
v  7.8403 124.8847 14.7206
v  7.9644 124.6887 15.0488
v  7.8910 124.6715 14.8048
v  7.9430 124.5202 15.0800
v  7.8652 124.4680 14.8425
v  7.8380 124.3796 15.0428
v  7.8909 124.4354 15.2614
v  7.9903 124.5260 15.1438
v  8.0116 124.6945 15.1127
v  7.9426 124.8420 15.1862
v  8.0628 124.8388 15.2519
v  7.7336 125.1015 16.4458
v  7.6845 125.0096 16.5909
v  7.6631 124.8411 16.6220
v  8.0816 124.6926 15.1510
v  8.0602 124.5242 15.1821
v  7.6819 124.6950 16.5210
v  7.8534 124.6824 16.5711
v  7.8346 124.8286 16.6720
v  7.8560 124.9970 16.6409
v  7.9051 125.0890 16.4958
v  8.2343 124.8263 15.3020
v  8.2531 124.6801 15.2010
v  8.2317 124.5117 15.2321
v  8.1826 124.4197 15.3772
v  8.0111 124.4323 15.3272
v  7.0086 124.9892 17.0257
v  7.0851 124.8628 17.0740
v  6.8518 125.1835 17.9153
v  6.8732 125.3520 17.8842
v  7.0328 125.1765 16.9912
v  7.0066 125.4468 17.8126
v  7.1465 125.2814 16.9995
v  7.2856 125.2837 17.0373
v  7.4445 125.1876 16.5933
v  7.4083 125.2722 17.0737
v  7.1260 125.5070 17.9750
v  7.0211 125.3732 18.1006
v  6.9998 125.2048 18.1317
v  6.9549 125.0402 17.8878
v  7.0633 125.0141 18.0662
v  7.2300 124.8463 17.1182
v  7.3534 124.8406 17.1535
v  7.3097 124.6135 16.4707
v  7.1194 124.6171 16.3596
v  7.0604 124.8343 16.2692
v  7.0862 125.0378 16.2316
v  7.1996 125.2477 16.2429
v  7.3899 125.2441 16.3540
v  7.5139 125.0481 16.6823
v  7.4405 125.0310 16.4382
v  7.4925 124.8797 16.7134
v  7.4147 124.8275 16.4759
v  7.3875 124.7391 16.6763
v  7.4404 124.7949 16.8949
v  7.5398 124.8855 16.7773
v  7.5612 125.0539 16.7462
v  7.4921 125.2014 16.8196
v  7.6124 125.1983 16.8854
v  7.2831 125.4610 18.0792
v  7.2340 125.3690 18.2243
v  7.2127 125.2006 18.2554
v  7.6311 125.0521 16.7844
v  7.6098 124.8837 16.8155
v  7.2314 125.0544 18.1545
v  7.4029 125.0419 18.2045
v  7.3841 125.1881 18.3055
v  7.4055 125.3565 18.2744
v  7.4546 125.4484 18.1293
v  7.7838 125.1858 16.9354
v  7.8026 125.0396 16.8345
v  7.7812 124.8712 16.8656
v  7.7322 124.7792 17.0107
v  7.5607 124.7918 16.9606
v  6.5581 125.3486 18.6592
v  6.6346 125.2223 18.7075
v  6.4013 125.5430 19.5488
v  6.4227 125.7114 19.5176
v  6.5824 125.5360 18.6247
v  6.5561 125.8063 19.4461
v  6.6961 125.6409 18.6329
v  6.8351 125.6432 18.6708
v  6.9941 125.5471 18.2267
v  6.9578 125.6317 18.7071
v  6.6755 125.8665 19.6084
v  6.5707 125.7327 19.7340
v  6.5493 125.5642 19.7651
v  6.5044 125.3997 19.5213
v  6.6129 125.3736 19.6996
v  6.7795 125.2057 18.7517
v  6.9030 125.2001 18.7870
v  6.8592 124.9730 18.1041
v  6.6690 124.9765 17.9931
v  6.6099 125.1938 17.9027
v  6.6357 125.3973 17.8650
v  6.7492 125.6072 17.8764
v  6.9394 125.6036 17.9875
v  7.0634 125.4076 18.3158
v  6.9901 125.3904 18.0717
v  7.0421 125.2392 18.3469
v  6.9643 125.1869 18.1094
v  6.9370 125.0986 18.3097
v  6.9900 125.1544 18.5283
v  7.0893 125.2450 18.4107
v  7.1107 125.4134 18.3796
v  7.0417 125.5609 18.4531
v  7.1619 125.5578 18.5188
v  6.8327 125.8204 19.7127
v  6.7836 125.7285 19.8578
v  6.7622 125.5601 19.8889
v  7.1807 125.4116 18.4179
v  7.1593 125.2432 18.4490
v  6.7810 125.4139 19.7879
v  6.9525 125.4014 19.8380
v  6.9337 125.5476 19.9389
v  6.9551 125.7160 19.9078
v  7.0041 125.8079 19.7627
v  7.3334 125.5452 18.5689
v  7.3522 125.3991 18.4679
v  7.3308 125.2307 18.4990
v  7.2817 125.1387 18.6441
v  7.1102 125.1512 18.5941
v  6.8587 125.4655 20.0068
v  6.8914 125.6732 20.0587
v  6.8815 125.3459 19.8288
v  6.9634 125.9431 20.0214
v  7.0592 125.8447 19.5551
v  6.9229 125.3043 19.6325
v  7.4554 124.8604 17.5989
v  7.5994 125.4003 17.5242
v  8.1863 124.3268 15.2170
v  8.3774 124.8103 14.8699
v  8.2558 124.3651 15.0187
v  8.3188 124.5395 14.9119
v  6.6217 125.9645 19.9023
v  6.5497 125.6946 19.9397
v  6.5170 125.4869 19.8877
v  9.4130 117.2262 2.5352
v  7.1616 121.9682 20.4712
v  7.5033 121.0637 18.4786
v  7.0744 122.3262 21.1182
v  6.9884 122.7599 21.7539
v  6.9447 123.3095 22.2449
v  6.9170 123.8646 22.5268
v  6.4505 123.8828 21.9493
v  6.4280 124.2728 22.2705
v  8.2924 120.0460 15.4567
v  9.1270 119.7187 15.6767
v  9.6567 119.4263 15.4358
v  6.5764 123.0045 20.7975
v  6.4813 123.3967 21.4395
v  6.2346 124.2028 21.1737
v  6.1644 124.5172 21.7094
v  6.1281 125.4597 21.4828
v  6.2066 125.3428 20.9050
v  6.4390 126.5382 21.3414
v  6.3661 123.9202 20.5189
v  6.6512 122.6825 20.1381
v  6.5240 126.5910 20.7271
v  6.7121 126.8688 21.3575
v  6.7419 126.7432 21.8134
v  6.3094 126.2104 21.7901
v  6.0902 125.5390 21.8696
v  6.1366 124.8509 22.0416
v  6.7014 126.4917 20.0460
v  6.3563 125.1979 20.2250
v  9.2342 119.9574 9.2271
v  8.5076 120.5244 11.5008
v  8.6694 120.6795 11.5234
v  8.1289 120.8358 13.6463
v  8.0257 120.7215 13.5548
v  7.9643 120.6533 14.5943
v  7.9128 120.5782 14.5972
v  8.1195 120.3765 15.3174
v  8.1141 120.4135 15.3640
v  8.2270 120.1939 15.3372
v  6.9738 121.9373 18.1030
v  6.4780 123.7028 19.8481
v  8.1005 120.3449 15.2614
v  7.7309 121.0666 15.4600
v  6.8909 123.1562 17.7980
v  6.5120 125.0513 19.5527
v  6.8517 126.3980 19.3599
v  6.7176 125.8661 19.4361
v  7.2577 125.4217 17.4052
v  7.4138 126.0067 17.3243
v  8.0357 124.8317 14.7508
v  8.1840 125.4571 14.6125
v  7.9771 124.5609 14.7928
v  7.8703 124.0063 14.8377
v  7.9141 124.3865 14.8997
v  6.7537 126.9156 20.7300
v  6.9365 126.8184 20.0502
v  7.0962 126.7343 19.3651
v  7.6724 126.3597 17.3304
v  8.4561 125.8088 14.6234
v  7.0405 124.6077 17.5178
v  7.6543 122.5221 15.1032
v  8.8591 121.6605 11.3674
v  9.0788 123.1701 11.0974
v  9.4120 124.5331 10.8986
v  10.8142 122.0020 5.8915
v  11.3380 123.2252 5.7883
v  9.7548 124.9674 10.9144
v  11.7474 123.7280 5.8107
v  7.9856 120.7736 14.5709
v  8.1778 121.0184 13.7041
v  8.8395 120.9495 11.5226
v  9.6019 120.4873 9.2275
v  9.6207 121.1463 9.0821
v  10.1935 120.0773 7.4537
v  10.2111 120.7478 7.3109
v  10.5940 120.4894 6.1620
v  10.5749 119.8109 6.3100
v  10.4298 119.3871 6.3549
v  10.0274 119.6967 7.4872
v  9.4342 120.1466 9.2499
v  12.9207 122.0462 1.2707
v  12.4547 120.9557 1.3631
v  11.2533 120.0405 4.1890
v  11.2720 119.3249 4.3591
v  11.1069 118.8331 4.4430
v  10.8374 118.5287 4.4493
v  10.1916 119.1311 6.3305
v  9.8157 119.4808 7.4681
v  12.1206 119.4502 1.5939
v  12.7355 119.0473 -0.0613
v  14.4559 120.9624 -3.0668
v  13.9159 119.9592 -3.0191
v  13.7547 118.4601 -2.7319
v  12.8064 118.2947 0.1265
v  12.1942 118.6944 1.7905
v  12.0979 118.0908 1.7961
v  11.8673 117.6056 1.7299
v  11.5026 117.2388 1.5920
v  12.5224 116.9091 0.2018
v  12.8363 117.6167 0.2182
v  13.9693 116.9434 -2.3123
v  14.0973 116.6463 -2.1998
v  15.9499 115.9015 -6.3855
v  13.8298 117.4287 -2.4722
v  15.5603 116.7574 -6.7104
v  15.5943 117.8806 -6.9546
v  17.1766 116.2742 -10.5754
v  17.2079 117.2361 -10.7837
v  18.7490 115.7699 -14.2656
v  18.7812 116.5913 -14.4417
v  19.3991 115.5821 -15.7615
v  19.4326 116.3474 -15.9245
v  21.8483 114.9659 -20.6335
v  21.9211 115.5391 -20.7396
v  19.5378 117.0763 -16.0551
v  21.9909 116.0885 -20.8412
v  17.5006 115.5417 -10.3005
v  19.0004 115.1457 -14.0396
v  19.6180 115.0015 -15.5563
v  21.9247 114.5839 -20.5210
v  15.6913 118.9532 -7.1662
v  17.3422 118.1516 -10.9471
v  18.8948 117.3736 -14.5817
v  19.0406 117.9924 -14.6738
v  19.6685 117.6377 -16.1392
v  19.4390 118.8416 -14.7349
v  20.0281 118.4453 -16.2038
v  20.5692 119.1864 -16.1919
v  21.3282 118.4997 -18.5004
v  21.5851 118.2672 -19.2819
v  22.0446 116.5102 -20.9192
v  22.1240 117.1342 -21.0346
v  22.2016 117.7224 -21.1425
v  15.9763 119.9217 -7.2913
v  17.5251 118.9250 -11.0620
v  18.0111 119.8681 -11.1152
v  20.0730 119.6336 -14.7036
v  15.2244 122.1508 -3.0814
v  16.5447 120.9527 -7.3369
v  18.8010 120.7921 -11.0618
v  16.1380 123.2502 -3.0266
v  17.5313 121.9963 -7.2450
v  21.2137 118.6481 -18.0252
v  20.6891 119.2184 -16.1585
v  20.5809 119.3249 -15.8121
v  20.9649 118.9516 -17.0462
v  7.9903 127.1502 21.0899
v  7.1022 127.0879 20.8073
v  7.0779 127.0775 21.4322
v  8.1372 127.0741 20.3933
v  7.2710 126.9965 20.1215
v  8.3200 127.0202 19.7090
v  7.4510 126.8976 19.4465
v  8.9985 126.6731 17.7022
v  8.0524 126.5314 17.4183
v  9.9003 126.1678 15.0244
v  8.8764 126.0139 14.7172
v  10.2696 125.2170 11.0297
v  11.1545 125.3787 11.2886
v  7.3262 127.0843 21.9311
v  7.9212 127.1681 21.6934
v  7.8446 124.3482 15.0980
v  7.1137 124.8817 17.4799
v  6.5812 125.3257 19.5134
v  6.5398 125.3673 19.7098
v  11.3750 117.9738 10.3861
v  11.2866 117.9919 10.4274
v  11.1285 118.0359 10.5688
v  11.0529 118.0590 10.6482
v  10.9591 118.0964 10.7971
v  10.7475 118.1876 11.1724
v  10.2281 118.4742 12.4541
v  9.9058 118.7469 13.3779
v  9.6232 118.9974 14.2338
v  9.6069 119.0119 14.2834
v  9.6287 119.0163 14.3146
v  9.7041 119.0174 14.3647
v  9.8172 119.0126 14.4133
v  13.6559 116.6458 2.7449
v  21.2418 117.5717 -20.6685
v  21.2086 117.3104 -20.6202
v  17.9739 117.7417 -21.7993
v  17.9494 117.5491 -21.7637
v  16.4702 117.8200 -22.3196
v  21.1238 117.2381 -20.3936
v  17.8646 117.4768 -21.5370
v  16.4498 117.6590 -22.2898
v  16.3650 117.5867 -22.0632
v  15.5711 117.7253 -22.5825
v  15.5669 117.6451 -22.3431
v  15.5894 117.8695 -22.6092
v  14.2547 118.1323 -22.0478
v  14.2389 118.0084 -22.0249
v  14.2990 117.9182 -21.7961
v  14.0537 118.1104 -21.9528
v  13.7583 118.2158 -21.5858
v  13.8781 118.2799 -21.1572
v  14.3450 118.2800 -21.8630
v  14.5303 118.3694 -21.2731
v  14.5027 118.3889 -20.1389
v  15.1145 118.4680 -20.3858
v  15.4103 118.4565 -19.1506
v  15.9589 118.5331 -19.5146
v  17.8500 118.4754 -17.3725
v  18.2371 118.5665 -17.9199
v  15.6155 118.0273 -22.4139
v  16.4157 117.9857 -22.1370
v  17.9193 117.9075 -21.6167
v  21.1872 117.7375 -20.4860
v  -6.5115 120.8780 -0.1348
v  -4.1851 120.4193 0.2290
v  -8.4649 121.2516 -0.4379
v  -10.2330 121.5678 -0.7079
v  -11.8598 121.8532 -0.9552
v  -1.7280 119.8964 0.6209
v  16.5165 127.5648 -2.3443
v  16.0316 123.5855 -1.8224
v  16.2819 125.5550 -2.1868
v  16.2390 125.5842 -2.0584
v  15.9887 123.6147 -1.6940
v  7.7529 124.2821 14.8258
v  7.8406 124.4800 14.8251
v  7.5842 124.2853 14.7273
v  7.5384 124.4859 14.6489
v  7.5612 124.6663 14.6155
v  7.6573 124.8601 14.6210
v  7.8260 124.8570 14.7194
v  7.8635 124.6604 14.7917
v  -2.0223 121.9987 15.3646
v  -2.3393 122.2613 16.5663
v  -2.3545 122.3181 16.5483
v  -2.4051 122.3445 16.5254
v  -2.4616 122.3249 16.5109
v  -2.4909 122.2708 16.5135
v  -2.4757 122.2139 16.5315
v  -2.4251 122.1876 16.5544
v  -2.3685 122.2072 16.5688
v  7.3025 124.6416 16.4592
v  7.3901 124.8395 16.4586
v  7.1338 124.6447 16.3608
v  7.0879 124.8453 16.2823
v  7.1108 125.0257 16.2489
v  7.2069 125.2196 16.2544
v  7.3755 125.2165 16.3529
v  7.4130 125.0199 16.4252
v  7.6522 119.5395 9.9755
v  7.0106 119.7572 10.7694
v  7.1947 119.5330 9.6074
v  6.8490 119.7549 10.6395
v  4.9496 119.8044 7.7141
v  4.3125 120.0607 8.5007
v  4.0935 120.1288 8.6236
v  4.9840 119.7835 7.6202
v  5.0710 119.6677 6.9164
v  4.8899 119.6199 6.2464
v  3.4527 120.3009 8.7799
v  4.4856 119.6413 5.6969
v  4.3748 119.6577 5.6215
v  3.2601 119.8691 5.2069
v  3.8686 119.7418 5.3054
v  2.1324 120.5506 8.2908
v  1.7195 120.5739 7.7290
v  1.5386 120.5277 7.0587
v  2.7413 120.4562 8.6692
v  1.6258 120.4133 6.3547
v  1.9771 120.2488 5.7503
v  2.5161 120.0665 5.3515
v  3.1706 119.8885 5.1923
v  6.8520 125.0011 18.0927
v  6.9397 125.1990 18.0920
v  6.6833 125.0042 17.9942
v  6.6374 125.2048 17.9158
v  6.6603 125.3852 17.8824
v  6.7564 125.5791 17.8879
v  6.9251 125.5759 17.9863
v  6.9626 125.3794 18.0586
v  9.4886 117.2815 2.6195
v  5.7883 118.0705 1.6759
v  2.3090 118.7497 0.8019
v  -1.3673 119.4924 -0.1268
v  9.7044 118.9225 14.7209
v  9.5854 119.0035 15.0769
v  9.4654 118.9777 15.0426
v  9.5843 118.8967 14.6866
v  9.7582 118.9355 14.5687
v  9.6382 118.9097 14.5345
v  9.6962 118.9823 14.3811
v  9.6028 118.9010 14.3684
v  9.5631 118.8177 14.3741
v  9.4909 118.8154 14.6739
v  9.5448 118.8284 14.5218
v  9.5734 118.9731 15.1222
v  9.4683 118.9505 15.0922
v  9.3894 118.8818 15.0815
v  9.3720 118.8964 15.0299
v  9.3564 118.8125 15.0862
v  9.3323 118.8131 15.0356
v  9.3490 118.7547 15.0969
v  9.3233 118.7422 15.0487
v  9.3640 118.6824 15.1184
v  9.3413 118.6553 15.0745
v  9.4244 118.6050 15.1562
v  9.4128 118.5637 15.1192
v  9.5221 118.5697 15.1969
v  9.5244 118.5233 15.1657
v  9.4325 118.8497 15.0608
v  9.4064 118.7950 15.0645
v  9.4008 118.7508 15.0727
v  9.4126 118.6937 15.0896
v  9.4614 118.6312 15.1201
v  9.5857 118.9244 15.0950
v  9.4962 118.9051 15.0694
v  10.4635 118.4117 4.3781
v  9.8604 119.0428 6.2368
v  9.5291 119.4289 7.3872
v  9.0020 119.9198 9.1591
v  8.3539 120.4842 11.4548
v  7.8682 120.6757 13.4295
v  7.8312 120.5484 14.5798
v  8.0131 120.3278 15.1793
v  9.5447 118.6011 15.1548
v  9.7809 118.7916 14.5111
v  9.6913 118.7723 14.4855
v  9.6276 118.7168 14.4768
v  9.6015 118.6621 14.4806
v  9.5959 118.6180 14.4888
v  9.6078 118.5609 14.5057
v  9.6565 118.4984 14.5362
v  9.7398 118.4683 14.5709
v  9.7363 118.3791 14.5318
v  9.6914 118.4096 14.6660
v  9.6246 118.4194 14.4853
v  9.6434 118.4423 14.8097
v  9.5317 118.4827 14.7632
v  9.4603 118.5743 14.7185
v  9.4423 118.6612 14.6927
v  9.4513 118.7321 14.6796
v  9.4993 118.6991 14.5360
v  9.5051 118.7451 14.5275
v  9.4903 118.6285 14.5490
v  9.5442 118.6692 14.4016
v  9.5551 118.7548 14.3857
v  9.5894 118.7315 14.2830
v  9.8813 118.5544 13.4135
v  10.2219 118.4189 12.4619
v  10.2111 118.3333 12.4777
v  10.2020 118.2620 12.4909
v  10.7355 118.0932 11.1898
v  10.2192 118.1752 12.5164
v  9.5786 118.6458 14.2988
v  9.8794 118.3106 13.4683
v  9.9508 118.2190 13.5130
v  10.2883 118.0837 12.5603
v  9.6590 118.3961 14.3825
v  10.7485 118.0066 11.2139
v  11.0569 118.0115 10.6603
v  10.8055 117.9159 11.2536
v  11.0976 117.9218 10.6943
v  9.5798 118.4500 14.6195
v  9.5083 118.5416 14.5748
v  9.5352 118.5980 14.4148
v  9.5695 118.5746 14.3120
v  9.8704 118.4688 13.4293
v  9.8614 118.3975 13.4425
v  9.5875 118.4877 14.3378
v  9.5532 118.5111 14.4405
v  9.7706 118.3557 14.4290
v  10.0625 118.1787 13.5595
v  10.3967 118.0435 12.6056
v  10.8968 117.8768 11.2930
v  11.1661 117.8841 10.7258
v  8.4897 118.9399 5.7842
v  9.0437 118.2689 4.0735
v  5.4016 118.8920 2.9334
v  2.8147 118.3720 -0.7173
v  -0.9335 119.1392 -1.4352
v  -1.7000 120.1314 0.9428
v  1.9916 119.4695 1.8421
v  6.2653 117.7084 0.2417
v  8.1130 119.3960 6.9472
v  4.5224 119.9454 5.6459
v  1.1548 120.4608 4.4199
v  -2.4336 120.9892 3.2026
v  -4.9135 121.3788 2.4422
v  -4.2678 120.6131 0.4513
v  -7.1586 121.7384 1.8252
v  -6.6021 121.0617 0.1064
v  -9.0631 122.0244 1.3644
v  -8.5823 121.4476 -0.1191
v  -8.4660 121.3343 -0.4733
v  -10.2302 121.6467 -0.7565
v  -4.1967 120.5178 0.2302
v  -1.6078 120.0119 0.6570
v  -6.5169 120.9732 -0.1539
v  -11.8533 121.9198 -1.0194
v  -10.3951 121.8092 -0.2541
v  -10.8021 122.2937 1.0011
v  -11.1845 122.6316 2.1593
v  -9.5052 122.4216 2.7046
v  -7.6512 122.1921 3.3206
v  -5.4515 121.8803 4.0764
v  -3.0010 121.5301 4.9282
v  0.5725 121.0356 6.1716
v  3.9604 120.5380 7.3656
v  7.5548 120.0074 8.6592
v  -0.1188 121.5457 8.2722
v  3.2342 121.0861 9.5483
v  6.8153 120.5730 10.8833
v  -13.2533 122.1305 -1.2369
v  -12.0754 122.1498 -0.3406
v  -12.4146 122.5516 0.7052
v  -12.7306 122.8303 1.6621
v  -13.1993 123.1538 3.0657
v  -11.6978 122.9906 3.6969
v  -10.0620 122.8171 4.3738
v  -8.2454 122.6215 5.1031
v  -6.0781 122.3369 5.9570
v  -3.6570 122.0127 6.8978
v  -13.5322 122.4475 -0.3793
v  -13.8120 122.7804 0.4835
v  -14.0637 123.0031 1.2457
v  -14.4848 123.2905 2.5061
v  -14.8524 123.4521 3.5902
v  -13.6095 123.3290 4.2743
v  -12.1481 123.1760 5.0226
v  -10.5520 123.0104 5.8149
v  -8.7702 122.8180 6.6447
v  -6.6326 122.5392 7.5847
v  -6.9604 122.4977 8.5180
v  -4.5834 122.1638 9.5836
v  -4.2386 122.2185 8.6041
v  -9.0797 122.7878 7.5275
v  -10.8396 122.9996 6.6383
v  -12.4112 123.1801 5.7785
v  -13.8482 123.3438 4.9622
v  -15.0658 123.4737 4.2064
v  -16.2080 123.5761 3.3759
v  -16.0277 123.5512 2.8542
v  -16.8561 123.6137 2.7846
v  -16.7039 123.5894 2.3433
v  -17.5190 123.6113 1.9455
v  -17.4135 123.5920 1.6393
v  2.2003 121.1995 12.5360
v  -1.1105 121.6801 11.1425
v  -1.2435 121.5289 11.4971
v  -4.7065 122.0349 9.9138
v  -7.0769 122.3830 8.8318
v  -9.1893 122.6862 7.8238
v  -10.9405 122.9183 6.9134
v  -12.5028 123.1160 6.0301
v  -13.9308 123.2941 5.1904
v  -15.1391 123.4356 4.4101
v  -16.2696 123.5488 3.5480
v  -16.9080 123.5930 2.9299
v  -15.1748 123.3517 4.4975
v  -13.9717 123.1915 5.2892
v  -12.5491 122.9912 6.1404
v  2.0604 121.0289 12.9067
v  5.6136 120.4714 14.3141
v  5.7579 120.6599 13.9339
v  6.1541 120.7765 12.8175
v  2.5868 121.2955 11.4439
v  -0.7405 121.7560 10.0944
v  18.1787 118.1065 -17.8348
v  15.9072 118.1262 -19.4393
v  15.0655 118.0825 -20.3144
v  14.4834 118.0004 -21.2048
v  -16.7493 123.1008 -0.3553
v  -17.3462 123.2535 -0.1062
v  -17.4488 123.3603 0.2074
v  -17.7640 123.4056 0.2716
v  -17.8017 123.4387 0.3858
v  -17.7130 123.3532 0.1156
v  -17.8435 123.5836 1.3805
v  -17.7728 123.5698 1.1751
v  -17.9656 123.5199 0.8707
v  -17.9310 123.5129 0.7702
v  -17.8710 123.4846 0.5927
v  -17.5086 123.4182 0.3896
v  -16.8993 123.2605 0.1041
v  -15.8018 122.9117 -0.3675
v  -14.9513 122.7390 -0.3813
v  -15.3586 123.1690 0.8651
v  -15.1750 123.0026 0.3082
v  -15.9886 123.1291 0.2076
v  -17.0200 123.3664 0.4693
v  -17.6500 123.5121 0.8123
v  -17.2306 123.5068 1.0989
v  -16.4404 123.4686 1.5653
v  -15.7162 123.4105 1.9349
v  -16.1375 123.2653 0.6594
v  -13.2491 122.0966 -1.2551
v  -13.2532 122.0642 -1.2491
v  -8.4580 121.2127 -0.5180
v  -6.5087 120.8013 -0.2084
v  -4.1818 120.3426 0.1561
v  -1.5911 119.7910 0.5692
v  -10.2413 121.4134 -0.7666
v  -11.8617 121.7558 -1.0247
v  -10.2266 121.5289 -0.7880
v  -11.8495 121.8517 -1.0425
v  -8.4852 120.9986 -0.4784
v  -6.5362 120.5850 -0.1683
v  -4.2138 120.0911 0.2026
v  -1.6209 119.5566 0.6126
v  -1.2430 121.6479 14.0040
v  -0.3926 121.0690 11.4592
v  -0.4508 121.2871 11.3902
v  -1.3012 121.8660 13.9350
v  -0.6451 121.3882 11.3022
v  -1.4956 121.9671 13.8470
v  -0.8619 121.3128 11.2469
v  -1.7123 121.8917 13.7917
v  -0.9741 121.1054 11.2566
v  -1.8246 121.6843 13.8014
v  -0.9160 120.8873 11.3256
v  -1.7664 121.4662 13.8705
v  -0.7216 120.7862 11.4136
v  -1.5721 121.3651 13.9584
v  -0.5049 120.8615 11.4689
v  -1.3553 121.4405 14.0137
v  -2.2862 122.2580 16.5849
v  -2.3120 122.3547 16.5543
v  -2.3982 122.3996 16.5153
v  -2.4943 122.3661 16.4908
v  -2.5441 122.2741 16.4951
v  -2.5183 122.1774 16.5257
v  -2.4321 122.1326 16.5647
v  -2.3360 122.1660 16.5892
v  -1.8797 121.5082 12.1149
v  -1.5091 121.2558 11.0057
v  -1.5672 121.4739 10.9366
v  -2.2244 121.5630 12.1747
v  -1.9920 121.3007 12.1245
v  -1.6213 121.0484 11.0154
v  -2.2088 121.2254 12.0692
v  -1.8381 120.9731 10.9601
v  -2.4031 121.3265 11.9813
v  -2.0324 121.0741 10.8721
v  -2.4613 121.5446 11.9122
v  -2.0906 121.2922 10.8031
v  -2.3490 121.7520 11.9026
v  -1.9784 121.4997 10.7934
v  -2.1323 121.8273 11.9579
v  -1.7616 121.5750 10.8487
v  -1.9379 121.7262 12.0458
v  22.7432 122.5835 -21.6645
v  22.6677 122.1091 -21.6920
v  22.5721 122.0128 -21.4350
v  22.6368 122.6681 -21.2800
v  22.3488 121.5447 -20.8782
v  22.4799 122.8071 -20.6365
v  22.3386 122.5633 -20.2747
v  21.9779 121.5721 -19.4179
v  21.6061 120.3142 -18.5769
v  21.4316 119.7674 -18.1741
v  22.0811 120.7469 -20.2533
v  21.7672 119.6642 -19.5469
v  21.5158 118.8779 -18.9667
v  22.8526 122.5051 -22.0130
v  22.7582 122.1025 -21.9529
v  22.7476 122.0186 -21.9374
v  22.7201 121.8023 -21.8974
v  22.6471 121.2277 -21.7911
v  22.5353 120.3485 -21.6284
v  22.3805 119.1306 -21.4031
v  21.2285 119.3542 -17.6655
v  20.7000 119.2651 -16.1647
v  20.9877 119.1586 -17.0095
v  22.2223 116.4719 -21.0042
v  22.1687 116.0502 -20.9262
v  22.0989 115.5008 -20.8245
v  22.0290 114.9506 -20.7227
v  22.0978 114.6070 -20.6216
v  23.0165 122.4675 -22.1028
v  22.9351 122.0567 -22.0365
v  22.9253 121.9803 -22.0224
v  22.8979 121.7640 -21.9824
v  22.8248 121.1894 -21.8761
v  22.7131 120.3102 -21.7134
v  22.5583 119.0923 -21.4881
v  22.3793 117.6837 -21.2275
v  22.3018 117.0956 -21.1196
v  -17.8725 123.5334 1.4547
v  -17.9812 123.5010 0.9122
v  -17.9699 123.4832 0.8765
v  -17.8525 123.5072 1.3927
v  -17.5625 123.5334 2.0565
v  -17.5328 123.4938 1.9642
v  -16.9198 123.4932 2.9458
v  -16.8773 123.4345 2.8131
v  -16.2843 123.4247 3.5677
v  -16.2343 123.3534 3.4114
v  -15.1579 123.2768 4.4354
v  -15.0994 123.1889 4.2517
v  -13.9535 123.1023 5.2209
v  -13.8889 122.9997 5.0170
v  -12.5300 122.8859 6.0667
v  -12.4599 122.7672 5.8443
v  -13.6742 122.7811 4.3615
v  -12.2257 122.5188 5.1273
v  -14.9060 122.9988 3.6624
v  -16.0696 123.1968 2.9106
v  -16.7376 123.3042 2.3888
v  -17.4356 123.4050 1.6691
v  -17.7872 123.4482 1.1944
v  -17.9379 123.4545 0.7795
v  -17.8787 123.5544 1.4762
v  -17.5716 123.5655 2.0884
v  -17.6677 123.3629 0.8361
v  -17.2577 123.2772 1.1354
v  -16.4817 123.1184 1.6210
v  -15.7676 122.9755 2.0041
v  -14.5505 122.7339 2.5947
v  -13.2788 122.4813 3.1728
v  -17.8794 123.4129 0.6041
v  -16.9326 123.5416 2.9912
v  -16.2992 123.4842 3.6211
v  -17.5548 123.5988 2.0461
v  -17.8675 123.5759 1.4480
v  -17.9773 123.5163 0.9037
v  6.8403 125.3672 18.4220
v  7.2907 125.0077 16.7886
v  7.7412 124.6482 15.1551
v  12.4224 123.2678 3.7978
v  12.7648 123.0343 2.7766
v  13.2784 122.6841 1.2451
v  14.4111 122.6920 -0.7896
v  15.3763 123.8560 -0.7318
v  13.6709 123.1652 1.2669
v  12.4941 124.0888 5.8744
v  12.9916 124.1803 5.8300
v  15.3391 123.8827 -0.6249
v  14.4468 122.8061 -0.6781
v  13.7837 123.2300 1.1644
v  14.7301 124.3727 1.2207
v  14.6928 124.3995 1.3276
v  13.3470 122.8692 1.4063
v  13.6407 123.2094 1.4329
v  14.6252 124.4570 1.4771
v  12.5438 124.1113 5.6651
v  13.4876 124.9900 4.4034
v  12.3234 123.8094 4.8130
v  12.4027 123.8871 4.7835
v  12.3758 123.5614 4.3011
v  12.4573 123.6371 4.2726
v  12.4877 123.4497 3.9529
v  12.8676 123.9182 4.0004
v  12.8128 123.9243 4.1009
v  13.6764 125.0915 4.3693
v  13.6754 125.1037 4.2027
v  12.9282 123.9457 3.8522
v  12.5642 123.3994 3.6881
v  12.8720 123.1760 2.7801
v  12.1831 124.0275 5.8882
v  13.7609 125.0415 4.4783
v  12.7794 124.2089 5.7278
v  13.9412 125.1517 4.3249
v  13.9625 125.1492 4.1471
v  13.0025 124.2502 5.7080
v  13.9362 125.0814 4.4489
v  12.5993 122.4830 4.4288
v  12.5318 122.6696 4.8769
v  12.6466 122.8401 5.5053
v  6.5874 125.5110 25.1652
v  6.2664 124.6022 23.1944
v  6.7045 124.2364 23.4241
v  6.5424 125.1002 24.7861
v  6.4204 125.6505 25.0777
v  6.2752 125.3233 24.6460
v  6.5698 124.6145 24.1605
v  6.1967 124.9261 23.9649
v  6.7272 126.6106 24.9618
v  6.4468 126.6730 24.3963
v  6.5276 126.4941 24.9216
v  7.0711 127.1212 22.8903
v  6.5477 126.8156 22.7849
v  6.8820 127.0714 23.7059
v  6.4362 126.8112 23.6161
v  6.7660 126.8593 24.4606
v  6.0053 125.1202 22.9893
v  5.9637 125.7367 22.8352
v  5.9389 125.8923 23.6590
v  5.9743 125.3672 23.7902
v  6.1601 126.3383 22.7640
v  6.1061 126.4046 23.5983
v  6.2104 126.3819 24.3836
v  6.0907 126.0151 24.4270
v  6.1160 125.6391 24.5210
v  6.3209 125.8479 24.9995
v  6.3051 126.0829 24.9408
v  6.3799 126.3122 24.9136
v  6.7442 126.3920 25.2005
v  6.6347 126.3281 25.1785
v  6.5537 126.2283 25.1741
v  6.5126 126.1024 25.1890
v  6.6675 125.7887 25.3121
v  6.5759 125.8652 25.2641
v  6.5213 125.9735 25.2212
v  14.5001 122.8813 -0.5980
v  15.3358 123.8914 -0.5485
v  14.7694 124.3486 1.1615
v  13.8853 123.2743 1.1104
v  13.3562 123.0111 1.4438
v  13.6264 123.2627 1.4823
v  14.6004 124.4272 1.5420
v  13.9688 125.0860 4.1026
v  13.6855 125.0470 4.1531
v  12.9509 123.9669 3.8005
v  12.6061 123.5185 3.6291
v  12.9006 123.3055 2.7609
v  13.4228 124.8449 4.4356
v  12.6045 124.0738 5.5379
v  12.4767 123.8820 4.7663
v  12.5264 123.6540 4.3001
v  12.5563 123.4985 4.0447
v  12.8291 123.9009 4.1691
v  12.8323 124.1895 5.6811
v  13.7803 124.9936 4.4743
v  13.9469 125.0315 4.4464
v  13.0096 124.2223 5.6654
v  21.4504 113.8105 -19.3550
v  21.3395 113.4199 -19.1068
v  21.6092 113.8955 -19.7956
v  21.7229 113.6250 -20.1704
v  21.7248 113.1576 -20.2599
v  21.6138 112.7669 -20.0116
v  21.4550 112.6819 -19.5710
v  21.3414 112.9524 -19.1963
v  15.3055 131.2910 23.8716
v  15.0269 131.6043 24.0985
v  14.7933 131.2328 24.1328
v  14.9961 131.0047 23.9676
v  8.3123 125.8671 22.6510
v  10.4770 127.3753 22.8889
v  10.4675 127.4297 23.0783
v  8.2390 125.9171 22.8669
v  8.2734 125.9133 22.6672
v  8.1643 126.0078 22.8941
v  10.1458 127.8175 23.2129
v  10.4518 127.4974 22.8456
v  8.1098 126.0397 23.0683
v  10.0566 127.8150 23.3933
v  8.1299 126.0116 23.0938
v  10.1615 127.7499 23.4456
v  12.3753 128.4822 22.9172
v  12.1348 128.4566 23.1439
v  11.5996 129.0677 23.5347
v  12.1192 128.5242 22.9112
v  11.6618 129.2286 23.7735
v  11.6153 129.0000 23.7674
v  15.2499 130.7846 23.6257
v  13.7568 129.8635 23.5637
v  13.2970 130.4242 23.7245
v  13.7188 129.9630 23.3163
v  14.6102 131.5041 24.1467
v  13.3349 130.3248 23.9719
v  14.7367 131.3586 23.8732
v  14.9396 131.1305 23.7080
v  13.0413 118.3445 26.0602
v  13.1716 118.6090 26.4348
v  11.9701 119.9656 25.7525
v  12.7170 118.6278 26.0216
v  8.1779 125.1954 22.7589
v  9.5669 123.0870 23.5603
v  9.5185 123.0772 23.7513
v  8.1063 125.2458 22.9753
v  8.2059 125.2343 22.7991
v  8.1639 125.3208 23.0502
v  9.7548 123.3984 24.0875
v  9.6912 123.1224 23.5867
v  8.0993 125.3564 23.2202
v  9.6542 123.4661 24.2482
v  8.0643 125.3323 23.2264
v  9.5820 123.3532 24.2522
v  10.6889 121.2490 23.9991
v  10.5307 121.4606 24.1994
v  10.8114 121.9743 24.8850
v  10.7035 121.5058 24.0348
v  10.8371 121.8925 25.1668
v  10.6386 121.9292 25.0496
v  12.7221 118.4052 25.5971
v  11.6898 119.8655 25.1474
v  12.0487 120.3285 25.6041
v  11.8951 119.9359 24.9879
v  13.0212 119.0126 26.4574
v  11.8434 120.2581 25.7636
v  13.0442 118.9118 26.1392
v  12.1084 119.8651 25.3247
v  0.5769 119.7655 21.5715
v  0.6307 119.6052 22.0172
v  0.8483 119.9877 22.0309
v  0.8092 120.1044 21.7063
v  7.5324 125.2867 22.5224
v  5.4496 123.7227 22.0398
v  5.3413 123.7485 22.2027
v  7.4611 125.3352 22.7393
v  7.5485 125.2560 22.5745
v  7.4940 125.2729 22.8373
v  5.4733 123.4899 22.6359
v  5.4788 123.5979 22.0708
v  7.4338 125.3191 23.0063
v  5.4420 123.5744 22.8159
v  7.4066 125.3520 23.0021
v  5.3358 123.6405 22.7678
v  3.7547 122.4773 21.4024
v  3.8222 122.6208 21.6936
v  3.9503 122.2868 22.5210
v  3.9597 122.4702 21.5617
v  3.7418 122.2254 22.7200
v  3.8128 122.4374 22.6529
v  0.8293 120.1379 21.2286
v  2.0866 121.2912 21.6138
v  2.2925 120.9034 22.2129
v  2.2464 121.1088 21.4966
v  0.9529 119.7698 22.2521
v  2.1326 121.0857 22.3301
v  1.0267 119.7789 21.9259
v  0.9875 119.8956 21.6014
v  2.8411 132.7121 19.3829
v  2.4861 132.6006 19.6809
v  2.8298 132.4001 19.8693
v  3.0883 132.4812 19.6523
v  7.6669 125.9584 22.4145
v  6.3596 128.0111 21.3683
v  6.2903 128.1010 21.5296
v  7.5938 126.0064 22.6310
v  7.6161 125.9350 22.4426
v  7.4944 125.9599 22.6811
v  5.8643 127.9090 21.7613
v  6.2394 127.9729 21.3297
v  7.4443 126.0024 22.8544
v  5.8444 127.9233 21.9611
v  7.4721 126.0313 22.8695
v  5.9152 128.0372 21.9612
v  5.4412 129.7105 20.3205
v  5.4263 129.6167 20.6381
v  4.7385 129.3801 21.1708
v  5.3754 129.4886 20.4382
v  4.5666 129.5616 21.3267
v  4.7894 129.5083 21.3707
v  3.3571 132.5173 19.2571
v  4.1536 131.2892 20.0301
v  3.5407 130.9991 20.3334
v  4.0701 131.1358 19.8250
v  2.5418 132.2613 19.9414
v  3.6241 131.1525 20.5385
v  2.7192 132.2257 19.6599
v  2.9777 132.3069 19.4430
v  15.8994 121.7043 2.4942
v  13.4135 121.8600 1.6280
v  12.9752 122.1821 2.9015
v  15.4872 122.0248 3.7768
v  12.6877 122.3956 3.7500
v  15.2090 122.2378 4.6284
v  14.9945 122.2212 4.9733
v  12.6391 122.3687 4.1526
v  16.2696 121.5958 0.1460
v  14.5677 121.7024 -0.4470
v  13.9418 122.1235 1.2955
v  15.7239 122.0119 1.9164
v  15.7268 122.6276 -0.2219
v  15.3323 122.6523 -0.3594
v  15.5568 122.7371 -0.3516
v  14.8361 123.6827 5.5815
v  14.3277 123.9047 6.0604
v  15.0484 123.4684 5.1759
v  15.1715 123.3316 4.9390
v  15.3893 123.3448 4.5885
v  15.6709 123.1322 3.7269
v  16.0914 122.8256 2.4224
v  15.9159 123.1331 1.8441
v  16.4568 122.7310 0.0913
v  15.9005 123.7971 -0.3107
v  15.6813 123.9286 -0.4947
v  15.3824 123.8296 -0.4912
v  14.5824 122.8484 -0.5618
v  13.9622 123.2554 1.1634
v  13.4335 122.9921 1.4963
v  12.9865 123.3003 2.7916
v  12.6955 123.5135 3.6499
v  12.6463 123.4897 4.0592
v  12.6105 123.6210 4.3265
v  12.5483 123.8259 4.7843
v  12.6716 124.0084 5.4833
v  14.1335 124.1774 2.1392
v  15.3213 124.1030 2.5531
v  15.4572 124.0105 2.1464
v  14.2694 124.0849 1.7325
v  13.3300 121.9902 2.8338
v  15.2723 121.8686 3.5105
v  15.5419 121.6851 2.7037
v  13.5996 121.8067 2.0270
v  7.7679 119.0596 10.9374
v  7.6007 118.9802 11.1281
v  7.5507 118.7214 11.1616
v  7.6679 118.5420 11.0044
v  7.8351 118.6214 10.8137
v  7.8851 118.8802 10.7802
v  6.8480 118.6296 10.9756
v  6.8716 118.7330 10.9614
v  6.6871 118.6264 10.8450
v  6.7107 118.7299 10.8308
v  4.8006 118.6638 7.9111
v  4.8241 118.7673 7.8969
v  7.0383 118.4043 9.8148
v  7.0619 118.5077 9.8006
v  7.4940 118.4131 10.1848
v  7.5177 118.5166 10.1707
v  4.1590 118.9190 8.6944
v  4.1826 119.0224 8.6802
v  4.7296 118.4777 6.4180
v  4.7532 118.5812 6.4038
v  4.7482 118.4768 6.4434
v  4.7717 118.5803 6.4292
v  4.9261 118.5263 7.1142
v  4.9497 118.6298 7.1000
v  4.8355 118.6430 7.8174
v  4.8591 118.7464 7.8032
v  3.9392 118.9864 8.8163
v  3.9628 119.0899 8.8021
v  3.2970 119.1562 8.9694
v  3.3206 119.2597 8.9552
v  2.5856 119.3087 8.8553
v  2.6091 119.4121 8.8411
v  1.9780 119.4000 8.4740
v  2.0016 119.5035 8.4598
v  1.7213 119.4131 8.1216
v  1.7449 119.5165 8.1074
v  1.8164 119.3780 8.0252
v  1.8399 119.4814 8.0110
v  2.2305 119.2331 7.6680
v  2.2541 119.3365 7.6538
v  2.6703 119.0862 7.3466
v  2.6939 119.1897 7.3324
v  3.1333 118.9389 7.0620
v  3.1569 119.0423 7.0478
v  3.6173 118.7916 6.8153
v  3.6409 118.8950 6.8011
v  4.0994 118.6511 6.6160
v  4.1230 118.7545 6.6018
v  5.2416 119.1686 8.8408
v  3.1817 119.3425 7.1071
v  3.0808 119.2945 7.2222
v  5.1406 119.1207 8.9559
v  3.0505 119.1382 7.2424
v  5.1104 118.9644 8.9762
v  3.1213 119.0299 7.1475
v  5.1812 118.8560 8.8812
v  3.2223 119.0778 7.0324
v  5.2821 118.9040 8.7661
v  3.2525 119.2341 7.0121
v  5.3124 119.0603 8.7459
v  5.3826 119.2609 8.9295
v  5.2154 119.1815 9.1202
v  5.1654 118.9227 9.1536
v  5.2825 118.7432 8.9965
v  5.4497 118.8227 8.8058
v  5.4998 119.0815 8.7723
v  2.9958 119.1993 6.9962
v  2.1540 120.6423 7.7834
v  1.9793 120.3310 7.9607
v  2.6752 120.3324 8.4321
v  2.7741 120.6435 8.2035
v  3.5080 120.2420 8.5010
v  3.5162 120.5629 8.2649
v  4.2546 120.0838 8.1487
v  4.1814 120.4220 7.9510
v  4.7150 119.9004 7.4698
v  4.5916 120.2586 7.3461
v  4.7658 119.7409 6.6461
v  4.6369 120.1164 6.6121
v  4.3933 119.6479 5.8983
v  4.3050 120.0336 5.9458
v  3.6974 119.6465 5.4268
v  3.6849 120.0324 5.5257
v  2.8646 119.7370 5.3579
v  2.9429 120.1130 5.4644
v  2.1179 119.8951 5.7102
v  2.2776 120.2539 5.7782
v  1.6576 120.0785 6.3891
v  1.8674 120.4173 6.3832
v  1.6068 120.2381 7.2129
v  1.8222 120.5595 7.1171
v  1.9360 119.9826 8.0255
v  2.6319 119.9840 8.4970
v  3.4648 119.8935 8.5658
v  4.2114 119.7354 8.2136
v  4.6718 119.5520 7.5346
v  4.7226 119.3924 6.7109
v  4.3501 119.2995 5.9631
v  3.6542 119.2981 5.4916
v  2.8214 119.3885 5.4228
v  2.0747 119.5467 5.7750
v  1.6143 119.7301 6.4540
v  1.5636 119.8896 7.2777
v  2.0244 119.5969 7.9779
v  2.6444 119.5981 8.3980
v  3.3865 119.5175 8.4594
v  4.0518 119.3766 8.1455
v  4.4620 119.2132 7.5406
v  4.5072 119.0710 6.8066
v  4.1753 118.9882 6.1403
v  3.5553 118.9870 5.7202
v  2.8132 119.0676 5.6589
v  2.1479 119.2085 5.9727
v  1.7377 119.3719 6.5777
v  1.6925 119.5141 7.3116
v  2.7310 120.1530 7.3158
v  2.9959 120.1536 7.4953
v  3.3129 120.1191 7.5215
v  3.5972 120.0589 7.3874
v  3.7724 119.9891 7.1289
v  3.7917 119.9284 6.8153
v  3.6499 119.8930 6.5307
v  3.3850 119.8925 6.3512
v  3.0680 119.9269 6.3250
v  2.7837 119.9871 6.4591
v  2.6085 120.0569 6.7175
v  2.5892 120.1177 7.0311
v  2.9734 120.5098 7.6175
v  2.6248 120.5091 7.3813
v  2.4382 120.4625 7.0066
v  2.4636 120.3826 6.5939
v  2.6942 120.2907 6.2538
v  3.0683 120.2114 6.0773
v  3.4856 120.1661 6.1118
v  3.8342 120.1668 6.3480
v  4.0209 120.2134 6.7226
v  3.9954 120.2933 7.1353
v  3.7648 120.3852 7.4755
v  3.3907 120.4644 7.6520
v  14.1946 118.6347 13.1684
v  14.1888 118.2814 13.4635
v  14.1965 118.5431 13.4179
v  14.1791 118.1113 13.2596
v  14.1772 118.2028 13.0101
v  14.1849 118.4645 12.9645
v  14.8395 118.1115 13.7541
v  15.0455 118.0881 13.7528
v  14.8404 118.2164 13.7330
v  15.0463 118.1930 13.7317
v  18.3462 117.8503 12.6497
v  15.3978 117.8771 12.7207
v  18.3470 117.9552 12.6286
v  15.3986 117.9820 12.6996
v  14.8145 117.9434 12.7242
v  14.8152 118.0484 12.7031
v  18.3764 118.0570 13.6727
v  18.3772 118.1620 13.6516
v  19.3185 117.6187 11.5227
v  19.2881 117.6205 11.5309
v  19.3193 117.7237 11.5016
v  19.2890 117.7254 11.5098
v  18.7351 117.7059 11.9442
v  18.7359 117.8109 11.9232
v  18.3759 117.8308 12.5539
v  18.3767 117.9357 12.5328
v  18.4765 118.1042 13.9082
v  18.4774 118.2092 13.8871
v  18.8937 118.2096 14.4369
v  18.8945 118.3146 14.4159
v  19.5302 118.2834 14.8001
v  19.5310 118.3884 14.7790
v  20.2478 118.3005 14.8874
v  20.2486 118.4054 14.8663
v  20.6683 118.2773 14.7741
v  20.6691 118.3822 14.7530
v  20.6518 118.2498 14.6379
v  20.6527 118.3547 14.6168
v  20.5413 118.1399 14.0940
v  20.5421 118.2448 14.0730
v  20.3883 118.0317 13.5620
v  20.3891 118.1367 13.5409
v  20.1942 117.9264 13.0439
v  20.1950 118.0313 13.0228
v  19.9602 117.8243 12.5423
v  19.9610 117.9293 12.5212
v  19.6986 117.7301 12.0791
v  19.6994 117.8350 12.0580
v  17.4722 118.4228 13.1209
v  20.1694 118.2786 13.2178
v  20.1682 118.3339 13.0671
v  17.4734 118.3675 13.2716
v  20.1647 118.1206 13.2453
v  17.4687 118.2095 13.2991
v  20.1589 118.0178 13.1222
v  17.4629 118.1067 13.1760
v  20.1577 118.0731 12.9715
v  17.4617 118.1620 13.0253
v  20.1623 118.2311 12.9440
v  17.4663 118.3200 12.9978
v  17.3167 118.5317 13.1060
v  17.3186 118.4401 13.3554
v  17.3109 118.1784 13.4010
v  17.3012 118.0083 13.1971
v  17.2993 118.0998 12.9477
v  17.3070 118.3615 12.9021
v  20.3673 118.1691 13.0906
v  20.6664 119.5358 14.2960
v  19.9239 119.6132 14.2354
v  19.8266 119.2995 14.4612
v  20.6599 119.2127 14.5292
v  19.3039 119.6126 13.8153
v  19.1307 119.2988 13.9896
v  18.9724 119.5342 13.1483
v  18.7587 119.2108 13.2410
v  19.0184 119.3989 12.4130
v  18.8103 119.0591 12.4159
v  19.4294 119.2432 11.8066
v  19.2716 118.8842 11.7353
v  20.0954 119.1085 11.4915
v  20.0191 118.7332 11.3817
v  20.8379 119.0312 11.5522
v  20.8524 118.6463 11.4497
v  21.4579 119.0318 11.9723
v  21.5482 118.6470 11.9212
v  21.7894 119.1102 12.6393
v  21.9202 118.7350 12.6699
v  21.7434 119.2454 13.3746
v  21.8686 118.8868 13.4950
v  21.3324 119.4012 13.9810
v  21.4073 119.0616 14.1756
v  19.7852 118.9503 14.5228
v  20.6185 118.8634 14.5909
v  19.0893 118.9496 14.0513
v  18.7173 118.8616 13.3027
v  18.7689 118.7098 12.4775
v  19.2302 118.5350 11.7969
v  19.9776 118.3839 11.4433
v  20.8109 118.2971 11.5114
v  21.5068 118.2977 11.9829
v  21.8788 118.3857 12.7315
v  21.8272 118.5375 13.5566
v  21.3659 118.7123 14.2372
v  19.7996 118.5654 14.4203
v  20.5421 118.4880 14.4810
v  19.1796 118.5648 14.0002
v  18.8481 118.4864 13.3332
v  18.8941 118.3512 12.5980
v  19.3051 118.1954 11.9916
v  19.9711 118.0608 11.6765
v  20.7136 117.9834 11.7371
v  21.3336 117.9840 12.1572
v  21.6651 118.0624 12.8243
v  21.6191 118.1976 13.5595
v  21.2081 118.3534 14.1659
v  20.9256 118.9737 13.1549
v  20.9452 118.9160 12.8408
v  20.8036 118.8825 12.5558
v  20.5387 118.8822 12.3763
v  20.2215 118.9153 12.3504
v  19.9369 118.9728 12.4850
v  19.7613 119.0393 12.7441
v  19.7417 119.0971 13.0582
v  19.8833 119.1306 13.3432
v  20.1482 119.1309 13.5227
v  20.4654 119.0978 13.5486
v  20.7500 119.0403 13.4140
v  20.5414 119.4423 13.6823
v  20.1239 119.4858 13.6482
v  20.9159 119.3666 13.5051
v  21.1470 119.2790 13.1641
v  21.1729 119.2030 12.7507
v  20.9865 119.1589 12.3756
v  20.6379 119.1585 12.1394
v  20.2204 119.2020 12.1053
v  19.8459 119.2777 12.2825
v  19.6148 119.3653 12.6235
v  19.5889 119.4414 13.0369
v  19.7753 119.4855 13.4120
# 3240 vertices

vn -0.6068 -0.1023 -0.7882
vn -0.6407 -0.3110 -0.7020
vn -0.9126 -0.0834 -0.4002
vn -0.8918 -0.2521 -0.3758
vn -0.9414 -0.0748 -0.3289
vn -0.9255 -0.2312 -0.3000
vn -0.9558 -0.0626 -0.2874
vn -0.9371 -0.2222 -0.2691
vn -0.9527 -0.2108 -0.2191
vn -0.9727 -0.0338 -0.2297
vn -0.8668 0.1278 0.4820
vn -0.8563 -0.1008 0.5066
vn -0.6798 -0.5586 0.4751
vn -0.7691 -0.6326 -0.0915
vn -0.7530 -0.6443 -0.1339
vn -0.7361 -0.6532 -0.1773
vn -0.6765 -0.6768 -0.2902
vn -0.4691 -0.7218 -0.5088
vn 0.2853 -0.5308 0.7980
vn 0.3625 -0.0876 0.9279
vn -0.3186 0.1776 0.9311
vn -0.3188 0.1755 0.9314
vn -0.1990 0.8286 0.5234
vn -0.1987 0.8290 0.5227
vn -0.1099 0.9631 0.2456
vn -0.1096 0.9634 0.2447
vn -0.3184 0.1733 0.9320
vn 0.3442 0.1456 0.9275
vn -0.3181 0.1793 0.9309
vn 0.4679 0.1268 0.8746
vn 0.4592 0.1290 0.8789
vn 0.7581 0.0691 0.6485
vn 0.7133 0.0809 0.6962
vn 0.9479 -0.0010 0.3187
vn -0.3184 0.1780 0.9311
vn -0.3171 0.1833 0.9305
vn -0.3180 0.1790 0.9310
vn -0.3176 0.1848 0.9300
vn -0.3182 0.1858 0.9296
vn -0.9005 0.1123 0.4201
vn -0.9283 0.1100 0.3553
vn -0.9910 0.0676 0.1156
vn -0.9980 0.0571 0.0255
vn -0.9482 -0.0049 -0.3177
vn 0.0330 0.9825 -0.1833
vn -0.2523 -0.7615 -0.5970
vn -0.3504 -0.3881 -0.8524
vn 0.9562 -0.0287 -0.2912
vn 0.9038 -0.1844 -0.3862
vn 0.9176 0.3976 0.0050
vn 0.9907 0.0582 -0.1232
vn 0.9860 0.0187 -0.1659
vn 0.8556 0.4695 0.2180
vn 0.9368 0.2013 0.2863
vn 0.9618 -0.0997 0.2551
vn 0.9400 -0.1194 0.3195
vn 0.9345 -0.2395 0.2635
vn 0.9162 -0.2261 0.3309
vn 0.9286 -0.1241 0.3496
vn 0.9059 -0.2221 0.3606
vn 0.8885 -0.2188 0.4033
vn 0.9035 -0.0877 0.4195
vn 0.7009 -0.5903 0.4003
vn 0.7135 -0.6019 0.3587
vn 0.7250 -0.6105 0.3188
vn 0.7444 -0.6343 0.2086
vn 0.7371 -0.6710 -0.0810
vn 0.9540 -0.2436 -0.1749
vn 0.9509 -0.0424 -0.3064
vn 0.8229 -0.3211 -0.4688
vn 0.5970 -0.7285 -0.3359
vn 0.7227 -0.0944 -0.6846
vn -0.4491 -0.2204 -0.8659
vn -0.5604 -0.1803 -0.8084
vn -0.4693 -0.2184 -0.8556
vn -0.5843 -0.1573 -0.7962
vn 0.8753 -0.1080 -0.4715
vn 0.9267 -0.0019 -0.3757
vn -0.1366 -0.1145 -0.9840
vn 0.7931 0.5816 0.1808
vn -0.9358 0.1118 -0.3344
vn -0.8489 0.3976 -0.3483
vn -0.9321 0.1350 -0.3362
vn -0.8194 0.4583 -0.3444
vn -0.9481 -0.0422 -0.3151
vn -0.9482 -0.0432 -0.3147
vn 0.9996 0.0275 -0.0010
vn 0.9482 0.0439 0.3148
vn -0.0700 -0.9781 0.1962
vn -0.1194 -0.9777 0.1728
vn -0.0640 -0.9796 0.1906
vn -0.1188 -0.9781 0.1710
vn -0.0773 -0.9797 0.1848
vn -0.1187 -0.9782 0.1706
vn -0.0136 -0.9775 0.2106
vn -0.0144 -0.9768 0.2136
vn -0.0070 -0.9814 0.1919
vn -0.0606 -0.9829 0.1741
vn -0.1137 -0.9812 0.1560
vn -0.0121 -0.9786 0.2056
vn -0.0116 -0.9787 0.2048
vn -0.0122 -0.9786 0.2053
vn -0.0127 -0.9798 0.1998
vn -0.0136 -0.9788 0.2044
vn -0.0136 -0.9809 0.1943
vn -0.0045 -0.9842 0.1769
vn -0.0146 -0.9794 0.2015
vn -0.0065 -0.9823 0.1870
vn 0.0043 -0.9853 0.1710
vn 0.0130 -0.9891 0.1468
vn 0.0110 -0.9893 0.1453
vn 0.0023 -0.9862 0.1655
vn 0.0146 -0.9888 0.1486
vn 0.0053 -0.9858 0.1680
vn 0.0233 -0.9901 0.1382
vn 0.1227 -0.9917 -0.0386
vn 0.0217 -0.9915 0.1283
vn 0.0213 -0.9912 0.1303
vn 0.0214 -0.9842 0.1755
vn 0.0210 -0.9861 0.1647
vn -0.0649 -0.9883 0.1382
vn -0.0532 -0.9834 0.1736
vn -0.1252 -0.9850 0.1187
vn 0.3010 0.7066 -0.6404
vn -0.1085 -0.9866 0.1217
vn -0.1045 -0.9863 0.1279
vn -0.1037 -0.9863 0.1280
vn -0.1042 -0.9861 0.1291
vn -0.1124 -0.9824 0.1494
vn -0.1116 -0.9823 0.1502
vn -0.1187 -0.9782 0.1704
vn -0.1303 -0.9705 0.2027
vn -0.1186 -0.9782 0.1706
vn 0.6843 -0.3434 -0.6433
vn 0.8628 -0.3844 -0.3282
vn -0.0928 -0.9903 0.1037
vn 0.8979 -0.4019 -0.1797
vn 0.9012 -0.4308 -0.0467
vn 0.5151 -0.8298 0.2148
vn -0.0078 -0.9784 0.2067
vn 0.0004 -0.9823 0.1873
vn -0.0079 -0.9784 0.2063
vn -0.0085 -0.9786 0.2055
vn -0.0087 -0.9787 0.2053
vn -0.0169 -0.9719 0.2349
vn -0.0209 -0.9714 0.2366
vn -0.0085 -0.9786 0.2057
vn -0.0100 -0.9785 0.2060
vn -0.0764 -0.9723 0.2210
vn -0.0123 -0.9785 0.2057
vn -0.0537 -0.9798 0.1926
vn -0.1186 -0.9782 0.1705
vn -0.1592 -0.9433 0.2913
vn -0.1057 -0.9453 0.3087
vn -0.0498 -0.9463 0.3194
vn -0.0432 -0.9485 0.3138
vn -0.0980 -0.8802 0.4644
vn -0.0859 -0.8873 0.4532
vn -0.1896 -0.6411 0.7437
vn -0.1684 -0.6593 0.7327
vn -0.2758 0.0838 0.9576
vn -0.2500 0.0799 0.9650
vn -0.2996 0.0730 0.9513
vn -0.2427 -0.6271 0.7402
vn -0.1553 -0.8740 0.4605
vn -0.2078 -0.8713 0.4446
vn -0.3522 0.0737 0.9330
vn -0.3086 -0.6065 0.7328
vn -0.0395 -0.9510 0.3065
vn -0.0783 -0.8951 0.4388
vn -0.1554 -0.6805 0.7161
vn -0.2371 0.0758 0.9685
vn -0.1475 -0.6936 0.7051
vn -0.2292 0.0739 0.9706
vn -0.1270 -0.7054 0.6973
vn -0.2021 0.0712 0.9768
vn -0.1004 -0.7311 0.6748
vn -0.1668 0.0670 0.9837
vn -0.0449 -0.9122 0.4072
vn -0.0603 -0.9040 0.4233
vn -0.0738 -0.9000 0.4296
vn -0.0374 -0.9526 0.3018
vn -0.0144 -0.9731 0.2300
vn -0.0152 -0.9726 0.2321
vn 0.0035 -0.9826 0.1856
vn 0.0024 -0.9824 0.1868
vn -0.0266 -0.9536 0.2999
vn -0.0046 -0.9729 0.2311
vn 0.0134 -0.9822 0.1874
vn -0.0158 -0.9558 0.2935
vn 0.0047 -0.9730 0.2307
vn 0.0227 -0.9816 0.1894
vn 0.0276 -0.9837 0.1778
vn 0.0202 -0.9850 0.1715
vn 0.0227 -0.9885 0.1494
vn 0.0181 -0.9881 0.1528
vn 0.0047 -0.9738 0.2274
vn 0.0221 -0.9819 0.1882
vn 0.0284 -0.9839 0.1762
vn 0.2373 -0.9468 -0.2175
vn 0.2363 -0.9416 -0.2398
vn 0.2231 -0.9490 -0.2226
vn 0.0045 -0.9854 0.1704
vn 0.0302 -0.9846 0.1722
vn 0.0216 -0.9821 0.1870
vn 0.0339 -0.9853 0.1674
vn 0.0228 -0.9820 0.1873
vn 0.0360 -0.9846 0.1713
vn 0.0254 -0.9817 0.1890
vn 0.0460 -0.9839 0.1727
vn 0.0321 -0.9807 0.1931
vn 0.0736 -0.9820 0.1741
vn 0.0476 -0.9785 0.2005
vn 0.1135 -0.9751 0.1906
vn 0.0785 -0.9740 0.2126
vn 0.1709 -0.9629 0.2090
vn 0.1256 -0.9660 0.2258
vn 0.9543 0.0183 0.2983
vn 0.2577 -0.9308 -0.2594
vn 0.2488 -0.9380 -0.2412
vn 0.1178 -0.9929 0.0158
vn 0.7660 -0.1769 -0.6181
vn 0.8287 -0.1634 -0.5354
vn 0.8853 -0.1612 -0.4363
vn 0.9463 -0.1246 -0.2982
vn 0.9861 -0.0875 -0.1411
vn 0.7046 -0.2646 -0.6584
vn -0.1129 -0.9815 0.1547
vn -0.0517 -0.9844 0.1682
vn 0.0106 -0.9844 0.1758
vn -0.0413 -0.9900 0.1352
vn -0.0998 -0.9883 0.1153
vn 0.0175 -0.9879 0.1538
vn 0.2490 -0.9463 0.2064
vn 0.2364 -0.9396 0.2477
vn -0.2733 -0.9615 0.0292
vn -0.2889 -0.9547 0.0712
vn 0.2314 -0.9336 0.2735
vn -0.3006 -0.9490 0.0955
vn -0.2955 -0.9027 0.3128
vn 0.0943 -0.8914 0.4432
vn -0.1801 -0.9792 -0.0939
vn -0.1042 -0.9470 -0.3038
vn 0.0854 -0.8994 -0.4287
vn 0.1577 -0.9057 -0.3934
vn 0.1248 -0.9618 -0.2436
vn 0.0056 -0.9914 0.1310
vn -0.0293 -0.9927 0.1169
vn 0.2535 -0.9654 0.0614
vn 0.0950 -0.9645 -0.2465
vn 0.3094 -0.9392 -0.1490
vn 0.1834 -0.9010 -0.3932
vn 0.1576 -0.9059 -0.3932
vn 0.2451 0.5730 -0.7820
vn 0.1888 0.7540 -0.6292
vn 0.2452 0.5728 -0.7821
vn 0.1915 0.7454 -0.6385
vn 0.0439 0.9756 -0.2151
vn 0.0443 0.9752 -0.2168
vn 0.3099 -0.2098 -0.9273
vn 0.3098 -0.2113 -0.9270
vn 0.3099 -0.2097 -0.9273
vn 0.3096 -0.2178 -0.9256
vn 0.3096 -0.2179 -0.9256
vn 0.3097 -0.2147 -0.9263
vn 0.3097 -0.2148 -0.9263
vn 0.3099 -0.2113 -0.9270
vn 0.3100 -0.2098 -0.9273
vn -0.5687 -0.1011 -0.8163
vn -0.4186 -0.1335 -0.8983
vn -0.5428 -0.0946 -0.8345
vn 0.9578 0.2356 0.1646
vn 0.1257 0.9869 0.1011
vn 0.1164 0.9122 0.3928
vn 0.9648 0.2598 0.0417
vn 0.1242 0.9771 -0.1727
vn 0.9649 0.2541 -0.0660
vn 0.1116 0.8803 -0.4611
vn 0.9685 0.1972 -0.1517
vn 0.0901 0.7132 -0.6951
vn 0.9998 -0.0178 0.0107
vn 0.9999 -0.0100 0.0071
vn 0.9989 -0.0133 0.0443
vn 0.9180 0.2927 0.2675
vn 0.1060 0.8290 0.5491
vn 0.9334 -0.0016 0.3589
vn 0.9948 -0.0879 -0.0514
vn 0.9255 -0.0482 0.3756
vn 0.9971 -0.0702 -0.0301
vn 0.9760 0.0883 -0.1989
vn 0.0626 0.4975 -0.8652
vn 0.9788 -0.0069 -0.2047
vn 0.0338 0.2723 -0.9616
vn 0.9786 -0.0731 -0.1921
vn 0.0091 0.0787 -0.9969
vn 0.9778 -0.1133 -0.1760
vn -0.0098 -0.0703 -0.9975
vn 0.9770 -0.1374 -0.1630
vn -0.0297 -0.2266 -0.9735
vn 0.9745 -0.1608 -0.1568
vn -0.0638 -0.4955 -0.8663
vn 0.9650 -0.2147 -0.1503
vn -0.0998 -0.7802 -0.6175
vn 0.9440 -0.3056 -0.1242
vn 0.9846 -0.1684 -0.0466
vn 0.9846 -0.1700 -0.0394
vn 0.9869 -0.1516 -0.0554
vn 0.9887 -0.1388 -0.0566
vn 0.9896 -0.1323 -0.0571
vn 0.9901 -0.1267 -0.0597
vn 0.9911 -0.1181 -0.0618
vn 0.9926 -0.1051 -0.0606
vn 0.9094 -0.2198 0.3530
vn 0.9269 -0.0490 0.3720
vn 0.9264 -0.0493 0.3733
vn 0.9262 -0.0483 0.3739
vn 0.9266 -0.0461 0.3731
vn 0.9259 -0.0467 0.3750
vn 0.9255 -0.0481 0.3756
vn 0.9013 -0.4260 -0.0784
vn 0.8005 -0.4514 0.3943
vn -0.1227 -0.9623 -0.2428
vn -0.1104 -0.8709 0.4789
vn 0.4015 0.1170 0.9084
vn 0.4015 0.1169 0.9084
vn 0.5056 0.1142 0.8552
vn -0.9051 0.3982 0.1493
vn -0.0008 -0.0133 0.9999
vn 0.0047 0.0299 0.9995
vn 0.4176 0.0379 0.9078
vn 0.4015 0.1171 0.9084
vn 0.4015 0.1171 0.9083
vn 0.4020 0.1179 0.9080
vn 0.4011 0.1180 0.9084
vn 0.0236 0.1790 0.9836
vn 0.0236 0.1791 0.9836
vn 0.0236 0.1788 0.9836
vn 0.0236 0.1785 0.9837
vn 0.0236 0.1786 0.9836
vn 0.1192 0.9345 0.3355
vn -0.1108 -0.8741 0.4730
vn -0.3992 -0.1195 -0.9090
vn -0.7116 0.6179 -0.3343
vn -0.7330 0.5933 -0.3327
vn -0.2376 0.5723 0.7848
vn -0.2695 0.6566 0.7045
vn -0.1940 0.7039 0.6833
vn -0.2620 -0.7406 0.6187
vn -0.3219 -0.7353 0.5964
vn 0.9519 -0.0122 0.3062
vn 0.8334 0.0194 0.5523
vn 0.6667 0.0968 0.7390
vn 0.6667 0.0967 0.7390
vn 0.9427 -0.0590 0.3285
vn 0.2979 -0.2952 -0.9078
vn 0.2978 -0.2951 -0.9078
vn -0.8649 -0.0006 -0.5019
vn -0.9427 0.0590 -0.3285
vn -0.4522 -0.1680 -0.8760
vn 0.1505 0.9536 -0.2606
vn 0.1859 0.9653 -0.1836
vn 0.1446 0.9593 -0.2427
vn -0.1505 -0.9536 0.2606
vn 0.0167 0.9907 -0.1353
vn 0.0168 0.9907 -0.1353
vn 0.0172 0.9907 -0.1352
vn 0.0167 0.9908 -0.1346
vn 0.0164 0.9908 -0.1344
vn 0.2452 0.5729 -0.7821
vn 0.2451 0.5731 -0.7820
vn 0.0485 -0.9971 -0.0578
vn 0.0505 -0.9966 -0.0650
vn 0.1576 -0.9058 -0.3932
vn 0.6659 0.0971 0.7397
vn 0.2943 0.9514 0.0907
vn 0.4092 0.8064 0.4269
vn 0.1395 0.9638 -0.2272
vn -0.9427 0.0590 -0.3284
vn 0.3303 0.3052 -0.8932
vn 0.9432 -0.0705 0.3247
vn -0.3184 -0.4540 0.8322
vn -0.3116 -0.5145 0.7988
vn -0.3303 -0.3052 0.8932
vn 0.8037 0.2156 -0.5546
vn 0.8030 0.2161 -0.5554
vn 0.7978 0.2193 -0.5616
vn 0.7971 0.2198 -0.5625
vn 0.2694 -0.2823 0.9207
vn 0.2688 -0.2825 0.9209
vn 0.2646 -0.2837 0.9217
vn 0.2641 -0.2839 0.9218
vn 0.9428 -0.0614 0.3277
vn 0.9007 -0.0829 0.4264
vn 0.9427 -0.0590 0.3284
vn 0.2981 0.5865 -0.7531
vn 0.2888 0.6001 -0.7460
vn 0.1480 0.8635 -0.4821
vn 0.1494 0.8610 -0.4861
vn 0.2743 0.5994 -0.7520
vn 0.1445 0.8577 -0.4934
vn 0.2814 0.5720 -0.7705
vn 0.1570 0.8336 -0.5296
vn -0.0096 0.9869 -0.1614
vn -0.4135 0.0764 0.9073
vn -0.4155 0.0758 0.9064
vn -0.4159 0.0758 0.9062
vn -0.4127 0.0740 0.9079
vn -0.4115 0.0740 0.9084
vn -0.4066 0.0939 0.9088
vn -0.4066 0.0943 0.9087
vn -0.0114 0.9882 -0.1525
vn -0.0142 0.9877 -0.1557
vn -0.1240 -0.9757 0.1805
vn -0.2321 -0.9156 0.3283
vn -0.0051 -0.9937 0.1118
vn -0.2358 -0.8835 0.4047
vn 0.0678 -0.9821 0.1758
vn 0.0720 -0.9356 0.3457
vn -0.0686 -0.8913 0.4483
vn 0.1253 -0.9639 0.2349
vn 0.0559 -0.9919 0.1142
vn -0.0631 -0.9917 0.1123
vn -0.0812 -0.9895 0.1193
vn -0.1881 -0.8928 0.4093
vn -0.0893 -0.9888 0.1196
vn -0.1043 -0.9827 0.1534
vn -0.1973 -0.8925 0.4057
vn -0.5899 -0.0738 -0.8041
vn -0.5959 -0.4110 -0.6899
vn -0.0718 -0.9958 0.0562
vn -0.0633 -0.9961 0.0614
vn -0.0450 -0.9967 0.0683
vn -0.0118 -0.9969 0.0776
vn 0.3098 -0.2109 -0.9271
vn 0.3099 -0.2109 -0.9271
vn 0.3100 -0.2109 -0.9271
vn -0.8451 0.1992 0.4962
vn -0.6142 0.2184 0.7584
vn -0.3013 0.2104 0.9300
vn -0.3098 0.2109 0.9271
vn -0.2582 -0.7524 0.6059
vn -0.2498 -0.7529 0.6088
vn -0.2496 -0.7510 0.6113
vn -0.3964 -0.7495 0.5302
vn -0.4539 -0.7385 0.4986
vn -0.3785 -0.7132 0.5900
vn 0.0047 0.9984 0.0564
vn 0.2405 0.9390 -0.2458
vn 0.0094 0.9996 -0.0268
vn 0.3113 0.9334 -0.1786
vn 0.1838 0.9514 -0.2472
vn 0.2993 0.9234 -0.2402
vn 0.3652 0.9239 -0.1144
vn 0.3117 0.9502 -0.0033
vn 0.1695 0.9802 0.1023
vn 0.2333 0.9315 -0.2792
vn 0.1661 0.9563 -0.2407
vn 0.2006 0.9360 -0.2893
vn 0.1580 0.9577 -0.2405
vn 0.1825 0.9375 -0.2964
vn 0.1435 0.9676 -0.2075
vn 0.1739 0.9375 -0.3015
vn -0.5090 0.2728 -0.8164
vn 0.1240 0.9757 -0.1805
vn 0.0429 0.9975 0.0560
vn 0.0521 0.9969 0.0597
vn 0.0535 0.9967 0.0617
vn -0.1739 0.9412 0.2897
vn -0.2410 0.9523 0.1873
vn -0.1845 0.9606 0.2077
vn -0.0282 0.9553 0.2943
vn -0.0327 0.9556 0.2927
vn -0.0411 0.9562 0.2898
vn -0.8317 0.2014 0.5175
vn -0.9749 0.0858 -0.2057
vn -0.9756 0.0867 -0.2017
vn -0.0566 0.9967 -0.0587
vn 0.1040 0.9330 -0.3444
vn -0.0619 0.9965 -0.0559
vn 0.0996 0.9358 -0.3381
vn -0.0512 0.9971 -0.0569
vn 0.1097 0.9355 -0.3359
vn -0.0473 0.9976 -0.0499
vn 0.1009 0.9400 -0.3260
vn -0.0439 0.9982 -0.0412
vn 0.1030 0.9443 -0.3125
vn -0.0386 0.9987 -0.0332
vn 0.1011 0.9500 -0.2955
vn 0.0157 0.9935 -0.1129
vn 0.0883 0.9581 -0.2723
vn -0.1063 -0.9296 0.3530
vn -0.1337 -0.9039 0.4062
vn -0.2782 -0.7296 0.6247
vn -0.2762 -0.7294 0.6259
vn -0.1243 -0.9038 0.4096
vn -0.2672 -0.7284 0.6309
vn -0.1163 -0.9018 0.4163
vn -0.2588 -0.7274 0.6355
vn -0.1169 -0.9004 0.4192
vn -0.2577 -0.7273 0.6361
vn -0.1165 -0.8982 0.4238
vn -0.2536 -0.7301 0.6345
vn -0.0720 -0.9344 0.3489
vn -0.1918 -0.8312 0.5218
vn 0.0235 -0.9895 0.1425
vn 0.0167 -0.9890 0.1468
vn 0.0233 -0.9912 0.1302
vn 0.0282 -0.9889 0.1459
vn 0.0368 -0.9876 0.1525
vn 0.0356 -0.9868 0.1580
vn 0.0329 -0.9857 0.1651
vn 0.0321 -0.9834 0.1787
vn -0.3144 -0.4868 0.8150
vn -0.0978 -0.5271 0.8441
vn 0.7709 -0.3138 0.5543
vn 0.5559 -0.2977 0.7761
vn 0.2533 -0.8550 0.4525
vn 0.6616 0.3859 0.6429
vn 0.8480 0.3381 0.4082
vn 0.5366 0.8238 0.1826
vn 0.4808 0.8737 0.0735
vn 0.1628 0.9729 -0.1641
vn -0.3436 0.8137 -0.4688
vn 0.0996 0.9718 -0.2139
vn 0.1045 0.9595 0.2617
vn 0.1228 0.4812 0.8680
vn 0.0731 -0.1632 0.9839
vn 0.3074 -0.7936 0.5250
vn -0.0750 -0.8114 0.5797
vn -0.1439 -0.9669 0.2105
vn -0.2678 -0.9586 0.0968
vn -0.2789 -0.8073 -0.5201
vn 0.4901 -0.8351 -0.2499
vn 0.8777 -0.3517 -0.3256
vn 0.9240 0.0139 -0.3820
vn 0.6476 0.5857 -0.4874
vn -0.0652 0.7368 -0.6729
vn -0.4094 0.0279 -0.9119
vn -0.2811 -0.0451 -0.9586
vn -0.5190 -0.3728 -0.7692
vn -0.3266 -0.2515 -0.9111
vn -0.6630 -0.6623 -0.3490
vn -0.2889 -0.9410 -0.1765
vn -0.1177 -0.5664 -0.8157
vn -0.1021 0.1986 -0.9748
vn -0.0612 0.8678 -0.4932
vn 0.1996 0.8379 -0.5080
vn -0.0518 0.9744 0.2186
vn -0.1773 0.5665 0.8047
vn -0.2893 -0.1686 0.9423
vn 0.2806 0.2081 -0.9370
vn 0.1797 -0.5862 -0.7900
vn -0.3023 -0.8059 0.5090
vn -0.3784 -0.1924 0.9054
vn -0.2471 -0.8290 0.5017
vn -0.2797 0.5844 0.7617
vn -0.0163 0.9861 0.1656
vn 0.2471 0.8290 -0.5017
vn 0.3784 0.1924 -0.9054
vn 0.2797 -0.5844 -0.7617
vn 0.0163 -0.9861 -0.1656
vn -0.0267 -0.9873 -0.1565
vn -0.2789 -0.8073 -0.5202
vn 0.9241 0.0139 -0.3820
vn -0.2810 -0.0451 -0.9586
vn -0.0518 0.9744 0.2187
vn -0.1773 0.5666 0.8047
vn 0.2807 0.2081 -0.9370
vn 0.9185 0.0978 0.3831
vn 0.9119 0.0913 0.4000
vn 0.9114 0.0928 0.4009
vn 0.9191 0.0854 0.3846
vn 0.9199 0.0831 0.3832
vn 0.9367 0.0867 0.3392
vn 0.9365 0.0843 0.3405
vn 0.9375 0.0381 0.3460
vn 0.9368 0.0343 0.3481
vn 0.9343 0.0396 0.3543
vn 0.3268 -0.0359 -0.9444
vn 0.3292 0.0029 -0.9443
vn 0.3117 0.5071 -0.8036
vn 0.3012 0.5742 -0.7613
vn 0.0562 -0.9537 -0.2954
vn 0.0416 -0.9557 -0.2913
vn 0.0475 -0.9504 -0.3073
vn 0.0619 -0.9484 -0.3110
vn 0.0535 -0.9448 -0.3233
vn -0.2491 -0.6630 0.7059
vn -0.2426 -0.6701 0.7015
vn -0.2414 -0.6891 0.6833
vn -0.2369 -0.6919 0.6820
vn -0.2509 -0.6902 0.6787
vn -0.2518 -0.6899 0.6787
vn -0.2483 -0.6895 0.6804
vn -0.2484 -0.6893 0.6805
vn -0.9007 0.0829 -0.4264
vn 0.2702 -0.7685 0.5800
vn -0.1797 -0.9192 0.3504
vn 0.3621 -0.7934 0.4893
vn -0.2135 -0.8630 0.4578
vn 0.2217 -0.7407 0.6342
vn -0.2349 -0.8164 0.5276
vn 0.1349 -0.6696 0.7303
vn -0.2675 -0.7220 0.6380
vn 0.0318 -0.5197 0.8538
vn -0.3050 -0.5521 0.7760
vn -0.2729 -0.7030 0.6568
vn 0.0969 -0.6796 0.7272
vn 0.3668 -0.4554 0.8112
vn 0.4402 -0.5761 0.6887
vn -0.0456 -0.8855 0.4624
vn 0.0278 -0.4811 0.8762
vn -0.0967 -0.9278 0.3603
vn -0.1573 -0.9467 0.2812
vn -0.1747 -0.9259 0.3349
vn 0.6115 -0.4887 0.6223
vn 0.7861 -0.2833 0.5494
vn 0.5250 -0.4871 0.6979
vn 0.6837 -0.3040 0.6635
vn 0.8557 -0.0134 0.5173
vn 0.8848 -0.0314 0.4649
vn 0.7245 0.3803 0.5748
vn 0.8218 -0.2558 0.5092
vn 0.6575 -0.4753 0.5846
vn 0.8486 0.3099 0.4287
vn 0.5231 0.6728 0.5232
vn 0.5673 0.6781 0.4673
vn 0.8068 0.3156 0.4995
vn 0.8600 -0.0146 0.5101
vn 0.7282 -0.3258 0.6030
vn 0.9071 -0.0321 0.4197
vn 0.8932 0.2843 0.3484
vn 0.5900 0.8073 -0.0123
vn 0.8284 0.5102 0.2312
vn 0.5902 0.8019 0.0926
vn 0.8086 0.4041 0.4276
vn 0.5253 0.7995 0.2913
vn 0.6700 0.2857 0.6852
vn 0.4033 0.6929 0.5977
vn 0.4968 -0.4077 0.7661
vn 0.6491 -0.5338 0.5419
vn 0.2806 -0.0510 0.9585
vn 0.7550 -0.4368 0.4891
vn 0.8429 -0.2188 0.4916
vn 0.3148 -0.1232 0.9411
vn 0.7962 -0.4191 0.4364
vn 0.8945 -0.1576 0.4183
vn 0.9133 -0.0195 0.4069
vn 0.9141 0.0947 0.3944
vn 0.8984 0.2821 0.3367
vn 0.9197 0.0833 0.3837
vn 0.9352 0.0877 0.3431
vn 0.9131 0.2792 0.2971
vn 0.9345 0.0417 0.3534
vn 0.9243 0.2670 0.2727
vn 0.9420 0.0020 0.3355
vn 0.6668 0.6758 0.3141
vn 0.7169 0.6633 0.2147
vn 0.7138 0.6769 0.1798
vn 0.7212 0.6784 0.1403
vn 0.7343 0.6696 0.1118
vn 0.9326 0.0110 0.3608
vn 0.9198 -0.1307 0.3700
vn 0.9341 -0.0998 0.3428
vn 0.9478 0.0075 0.3188
vn 0.9316 0.2800 0.2316
vn 0.9557 0.0870 0.2811
vn 0.9141 0.3568 0.1925
vn 0.7426 0.6659 0.0723
vn 0.7814 0.6104 0.1298
vn 0.8420 -0.1388 0.5213
vn 0.9114 -0.0097 0.4114
vn 0.9394 0.1102 0.3245
vn 0.9506 0.0588 0.3049
vn 0.9364 -0.0994 0.3364
vn 0.9520 0.0318 0.3044
vn 0.9365 -0.0993 0.3364
vn 0.9373 -0.1030 0.3330
vn 0.9519 -0.0069 0.3062
vn 0.9147 0.3589 0.1860
vn 0.8956 0.4068 0.1800
vn 0.8740 0.4512 0.1805
vn 0.9538 0.1197 0.2755
vn 0.9305 0.2843 0.2311
vn 0.9373 -0.1118 0.3302
vn 0.9497 -0.0514 0.3090
vn 0.9324 0.3103 0.1852
vn 0.7178 0.6958 -0.0245
vn 0.6610 0.7500 -0.0237
vn 0.6235 0.7815 -0.0236
vn 0.9390 -0.1241 0.3208
vn 0.9441 -0.1275 0.3041
vn 0.9627 0.1069 0.2485
vn 0.9213 0.3396 0.1893
vn 0.9392 -0.1715 0.2973
vn 0.9153 -0.2508 0.3152
vn 0.9417 -0.1442 0.3039
vn 0.9662 0.1746 0.1896
vn 0.8720 0.4868 0.0512
vn 0.6853 0.7210 -0.1022
vn 0.8576 0.5140 -0.0166
vn 0.9801 0.0207 0.1976
vn 0.8091 -0.5062 0.2986
vn 0.9124 -0.3562 0.2017
vn 0.5068 -0.8341 0.2175
vn 0.8733 -0.3739 0.3125
vn 0.8757 -0.3926 0.2813
vn 0.9542 -0.1412 0.2638
vn 0.8820 -0.3809 0.2776
vn 0.9588 -0.1154 0.2594
vn 0.8906 -0.3650 0.2712
vn 0.9605 -0.1113 0.2550
vn 0.9025 -0.3563 0.2418
vn 0.9680 -0.1149 0.2230
vn 0.9531 -0.2872 -0.0958
vn 0.9813 -0.1472 -0.1238
vn 0.9776 -0.0220 0.2092
vn 0.9820 -0.1452 -0.1208
vn 0.5087 -0.8320 0.2214
vn 0.5286 -0.8190 0.2232
vn 0.5112 -0.8464 0.1496
vn 0.8482 -0.5220 -0.0899
vn 0.0622 -0.9365 -0.3451
vn 0.9681 -0.0001 0.2505
vn 0.9701 -0.0091 0.2426
vn 0.9704 -0.0132 0.2410
vn 0.9676 0.1403 0.2100
vn 0.9751 0.1212 0.1856
vn 0.9201 0.3590 0.1566
vn 0.9347 0.3173 0.1604
vn 0.6998 0.7143 0.0100
vn 0.7003 0.7136 0.0192
vn 0.9613 0.0635 0.2680
vn 0.9847 -0.1365 -0.1082
vn 0.9890 -0.1240 -0.0805
vn 0.9897 -0.1329 -0.0524
vn 0.9526 0.2091 0.2210
vn 0.9647 0.1609 0.2087
vn 0.9079 0.3945 0.1419
vn 0.6924 0.7215 -0.0033
vn 0.8784 0.4497 0.1621
vn 0.8858 0.4365 0.1573
vn 0.6762 0.7364 -0.0216
vn 0.6679 0.7443 -0.0054
vn 0.7029 0.7105 0.0332
vn 0.8168 0.5571 0.1500
vn 0.8192 0.5626 0.1109
vn 0.6496 0.7600 0.0198
vn 0.1457 0.9583 -0.2459
vn 0.1494 0.9548 -0.2571
vn 0.1465 0.9575 -0.2485
vn 0.1387 0.9645 -0.2247
vn 0.8210 0.5550 0.1336
vn 0.1429 0.9896 -0.0144
vn 0.0815 0.9951 -0.0552
vn 0.0700 0.9973 -0.0215
vn 0.3079 0.8951 0.3223
vn 0.3608 0.9245 0.1229
vn 0.1534 0.9871 -0.0450
vn 0.4070 0.9124 0.0440
vn 0.1837 0.9806 -0.0682
vn 0.4143 0.9101 0.0051
vn 0.2066 0.9726 -0.1069
vn 0.4236 0.9056 -0.0192
vn 0.2143 0.9689 -0.1235
vn 0.4453 0.8947 -0.0339
vn 0.4643 0.8841 -0.0524
vn 0.2335 0.9634 -0.1314
vn 0.3256 0.9226 0.2068
vn 0.0585 0.9982 0.0115
vn 0.1469 0.9882 0.0445
vn -0.0108 0.9841 -0.1773
vn -0.3040 0.7913 0.5305
vn 0.9403 0.0538 0.3359
vn 0.9365 0.0873 0.3397
vn 0.9195 0.0840 0.3841
vn 0.9164 0.0952 0.3887
vn -0.1135 -0.9823 0.1491
vn -0.0154 -0.9996 0.0216
vn -0.0497 -0.9981 -0.0368
vn 0.1929 -0.9808 0.0281
vn 0.4166 -0.9074 0.0558
vn 0.5051 -0.8512 0.1427
vn 0.5259 -0.8268 0.1997
vn 0.5869 -0.7638 0.2687
vn 0.5855 -0.7310 0.3504
vn 0.5660 -0.7247 0.3929
vn 0.5662 -0.7218 0.3981
vn 0.3332 -0.7382 0.5866
vn 0.0128 -0.5091 0.8606
vn -0.1978 -0.4398 0.8760
vn -0.1859 -0.1344 0.9733
vn -0.3308 -0.0344 0.9431
vn -0.1065 -0.9860 0.1285
vn -0.1001 -0.9889 0.1096
vn -0.0743 -0.9910 0.1117
vn -0.0923 -0.9920 0.0867
vn -0.0774 -0.9961 0.0431
vn -0.0810 -0.9953 0.0537
vn -0.0812 -0.9952 0.0540
vn 0.3173 -0.2114 -0.9245
vn 0.0411 -0.9562 -0.2898
vn 0.0495 -0.9567 -0.2869
vn -0.0429 -0.9975 -0.0560
vn -0.0335 -0.9980 -0.0532
vn 0.0528 -0.9569 -0.2858
vn -0.0317 -0.9981 -0.0537
vn 0.2005 -0.9601 -0.1950
vn 0.0796 -0.9956 -0.0493
vn 0.6333 -0.2179 -0.7426
vn 0.8655 -0.1953 -0.4612
vn 0.3788 -0.9244 0.0453
vn 0.1706 -0.9699 0.1738
vn 0.4349 -0.8882 0.1481
vn 0.1515 -0.9262 0.3454
vn 0.2675 0.9605 0.0765
vn 0.3864 0.9223 0.0033
vn 0.4079 0.8965 -0.1730
vn 0.2022 0.9787 -0.0348
vn 0.2078 0.9708 0.1197
vn 0.1697 0.9853 -0.0173
vn 0.1498 0.9777 0.1469
vn 0.1382 0.9904 -0.0029
vn 0.0786 0.9822 0.1704
vn 0.1039 0.9946 0.0086
vn -0.0019 0.9833 0.1821
vn 0.0580 0.9982 0.0131
vn 0.1973 0.8925 -0.4057
vn 0.3192 0.8636 -0.3902
vn 0.2066 0.8916 -0.4028
vn 0.9427 -0.0591 0.3285
vn 0.7927 0.0120 0.6095
vn 0.7876 0.0138 0.6160
vn -0.4930 0.2185 0.8421
vn -0.4930 0.2184 0.8421
vn 0.4954 0.0967 0.8633
vn -0.1068 0.9875 0.1155
vn -0.1942 0.9517 0.2378
vn -0.1969 0.9515 0.2362
vn -0.2027 0.9511 0.2329
vn -0.2093 0.9506 0.2292
vn -0.2137 0.9492 0.2310
vn -0.3098 0.8657 0.3931
vn -0.9922 0.1234 -0.0146
vn 0.8923 -0.1484 -0.4263
vn 0.9897 -0.1348 -0.0489
vn 0.8878 -0.1903 -0.4190
vn 0.9923 -0.1059 -0.0641
vn 0.9099 -0.1008 -0.4024
vn 0.9375 0.0020 0.3480
vn 0.7790 0.0233 0.6266
vn 0.7756 0.0182 0.6310
vn 0.5112 0.0931 0.8544
vn 0.5108 0.0919 0.8548
vn 0.4768 0.0993 0.8734
vn 0.1188 -0.1956 -0.9735
vn 0.1192 -0.1956 -0.9734
vn -0.0193 -0.1208 -0.9925
vn -0.1719 -0.0999 -0.9800
vn -0.1854 -0.2143 -0.9590
vn -0.0349 -0.2372 -0.9708
vn 0.1192 -0.1950 -0.9735
vn 0.1188 -0.1948 -0.9736
vn -0.3097 0.2108 0.9272
vn 0.5581 -0.7169 0.4179
vn 0.9212 -0.0456 0.3865
vn -0.1434 -0.9604 0.2389
vn -0.7723 -0.6336 -0.0457
vn -0.9604 0.0723 -0.2691
vn -0.5973 0.7436 -0.3005
vn 0.1041 0.9871 -0.1215
vn 0.7331 0.6602 0.1631
vn 0.1188 -0.1955 -0.9735
vn 0.1193 -0.1955 -0.9734
vn -0.1720 -0.0998 -0.9800
vn 0.1189 -0.1949 -0.9736
vn -0.0536 -0.9798 0.1927
vn -0.0773 -0.9798 0.1847
vn -0.0122 -0.9785 0.2057
vn -0.0122 -0.9786 0.2056
vn -0.0116 -0.9786 0.2056
vn -0.0112 -0.9785 0.2057
vn -0.0110 -0.9786 0.2057
vn -0.0091 -0.9785 0.2063
vn -0.0089 -0.9784 0.2063
vn -0.0069 -0.9789 0.2042
vn -0.0070 -0.9789 0.2043
vn -0.0081 -0.9785 0.2063
vn -0.0084 -0.9785 0.2059
vn -0.0079 -0.9784 0.2065
vn 0.9918 -0.1276 -0.0084
vn 0.9918 -0.1275 -0.0085
vn -0.0313 -0.1780 -0.9835
vn 0.0312 0.1780 0.9835
vn 0.0313 0.1780 0.9835
vn -0.8816 0.1918 0.4313
vn -0.9889 0.1366 0.0592
vn -0.8898 0.1899 0.4151
vn -0.9895 0.1351 0.0508
vn -0.9422 0.0587 -0.3300
vn -0.9432 0.0594 -0.3269
vn -0.7453 -0.0285 -0.6662
vn -0.7546 -0.0254 -0.6556
vn -0.4376 -0.1095 -0.8925
vn -0.4575 -0.1052 -0.8830
vn -0.0643 -0.1737 -0.9827
vn -0.0923 -0.1698 -0.9811
vn 0.3277 -0.2120 -0.9207
vn 0.2992 -0.2102 -0.9307
vn 0.6621 -0.2169 -0.7173
vn 0.6433 -0.2176 -0.7340
vn 0.8603 -0.1964 -0.4704
vn 0.8538 -0.1976 -0.4816
vn 0.9153 -0.1827 -0.3590
vn 0.9509 -0.0649 0.3025
vn 0.9133 -0.0411 0.4053
vn 0.9120 -0.0404 0.4081
vn 0.7545 0.0255 0.6558
vn 0.7454 0.0285 0.6660
vn 0.4573 0.1053 0.8831
vn 0.4378 0.1095 0.8924
vn 0.1115 0.1671 0.9796
vn 0.0869 0.1706 0.9815
vn -0.0944 0.1927 0.9767
vn -0.0976 0.1930 0.9763
vn -0.2958 0.2100 0.9319
vn -0.3240 0.2118 0.9220
vn -0.4905 0.2184 0.8436
vn -0.6400 0.2177 0.7369
vn -0.6596 0.2170 0.7196
vn -0.1719 -0.0998 -0.9800
vn -0.1290 0.8432 0.5219
vn -0.2814 0.3883 0.8775
vn -0.1336 0.8351 0.5336
vn -0.2778 0.4065 0.8704
vn 0.1865 0.9094 -0.3718
vn 0.1776 0.9220 -0.3440
vn 0.0618 0.9981 0.0020
vn 0.0604 0.9982 0.0060
vn 0.4145 -0.2162 -0.8840
vn 0.0774 0.9961 -0.0432
vn 0.2029 0.9792 0.0031
vn 0.0292 0.9950 0.0951
vn -0.0040 0.9822 0.1880
vn 0.1156 0.9683 0.2213
vn 0.4284 0.8321 0.3521
vn 0.5493 0.8249 0.1338
vn 0.0839 0.9482 0.3063
vn 0.4239 0.8179 0.3891
vn 0.0936 0.6377 0.7645
vn 0.4582 0.4723 0.7530
vn 0.8999 0.0948 0.4258
vn 0.8464 0.4658 0.2583
vn 0.7709 0.4847 0.4133
vn -0.1314 0.8391 0.5279
vn -0.0445 0.8248 0.5636
vn 0.1830 0.7156 0.6741
vn 0.3826 0.4768 0.7914
vn 0.6891 0.5115 0.5132
vn 0.4464 0.2244 0.8663
vn 0.7667 0.1765 0.6173
vn 0.4172 -0.0057 0.9088
vn 0.7280 -0.1276 0.6736
vn 0.2909 -0.2449 0.9249
vn 0.0344 -0.4537 0.8905
vn 0.5671 -0.4484 0.6909
vn 0.2296 -0.7319 0.6415
vn -0.2175 -0.5363 0.8155
vn -0.1123 -0.8255 0.5532
vn -0.8173 -0.1647 0.5521
vn -0.8777 0.0808 0.4724
vn -0.8491 0.3058 0.4307
vn -0.7276 0.5412 0.4216
vn -0.4788 0.7468 0.4616
vn -0.3095 -0.5229 0.7943
vn -0.3964 -0.5074 0.7651
vn -0.6242 -0.3966 0.6731
vn -0.6242 -0.3966 0.6732
vn 0.4372 0.8751 -0.2074
vn 0.3559 0.9128 -0.2001
vn 0.2913 0.9354 -0.2007
vn 0.2379 0.9556 -0.1738
vn 0.2489 0.9655 -0.0763
vn 0.1857 0.9793 0.0799
vn 0.1024 0.9264 0.3623
vn -0.0146 0.6230 0.7821
vn -0.0037 0.9748 -0.2230
vn -0.1572 -0.9467 0.2810
vn -0.3042 -0.9168 0.2586
vn -0.6535 -0.7360 0.1766
vn -0.2494 -0.9590 0.1348
vn -0.5841 -0.8116 -0.0106
vn -0.9207 -0.3850 0.0630
vn -0.8653 -0.4666 -0.1830
vn -0.9991 -0.0388 -0.0196
vn -0.9501 -0.1056 -0.2935
vn -0.9598 0.2699 -0.0767
vn -0.9085 0.2220 -0.3541
vn -0.7964 0.5931 -0.1180
vn -0.7340 0.5667 -0.3742
vn -0.4474 0.8858 -0.1235
vn -0.3702 0.8714 -0.3219
vn -0.0614 0.9936 -0.0949
vn 0.0037 -0.9748 0.2230
vn 0.3702 -0.8714 0.3219
vn 0.7340 -0.5668 0.3742
vn 0.9085 -0.2220 0.3541
vn 0.9439 0.0948 0.3162
vn 0.9278 0.1014 0.3591
vn 0.9452 -0.0607 0.3209
vn 0.9540 -0.0667 0.2922
vn 0.9539 -0.0671 0.2925
vn 0.9245 -0.2289 0.3047
vn 0.9497 -0.2267 0.2161
vn 0.7632 -0.5713 0.3020
vn 0.7425 -0.5757 0.3425
vn 0.3835 -0.8809 0.2773
vn 0.4092 -0.8810 0.2375
vn 0.3723 -0.8737 0.3130
vn 0.8175 -0.5374 0.2070
vn 0.8792 -0.4758 0.0258
vn 0.4877 -0.8592 0.1546
vn 0.6023 -0.7981 -0.0191
vn 0.9087 -0.2235 0.3525
vn 0.9127 -0.2283 0.3388
vn 0.7350 -0.5690 0.3688
vn 0.0069 -0.9770 0.2129
vn 0.0198 -0.9843 0.1752
vn 0.0370 -0.9896 0.1390
vn 0.0865 -0.9940 0.0674
vn 0.1818 -0.9782 -0.1002
vn -0.1206 -0.9780 0.1704
vn -0.1080 -0.9852 0.1330
vn -0.1172 -0.9801 0.1602
vn -0.0962 -0.9905 0.0979
vn -0.0987 -0.9895 0.1056
vn -0.0718 -0.9971 0.0270
vn -0.0936 -0.9915 0.0903
vn -0.0132 -0.9901 -0.1400
vn -0.0498 -0.9981 -0.0365
vn 0.1879 0.9337 -0.3049
vn 0.2229 0.9175 -0.3296
vn 0.0899 0.9284 -0.3606
vn 0.0967 0.9263 -0.3641
vn 0.1030 0.9344 -0.3410
vn 0.0992 0.9293 -0.3558
vn 0.0961 0.9322 -0.3490
vn 0.0780 0.9223 -0.3785
vn 0.1696 0.9416 -0.2909
vn 0.0828 0.9445 -0.3179
vn 0.0847 0.9473 -0.3088
vn 0.0866 0.9498 -0.3008
vn 0.0886 0.9502 -0.2987
vn 0.1112 0.9325 -0.3437
vn 0.1004 0.9497 -0.2965
vn 0.1035 0.9446 -0.3114
vn 0.1075 0.9508 -0.2906
vn 0.1051 0.9479 -0.3009
vn 0.2964 0.7244 -0.6224
vn 0.3201 0.6908 -0.6484
vn 0.2924 0.7094 -0.6413
vn 0.3170 0.6650 -0.6762
vn 0.3032 0.7026 -0.6438
vn 0.3185 0.7095 -0.6287
vn 0.1114 0.9474 -0.3002
vn 0.1086 0.9517 -0.2870
vn 0.0828 0.9703 -0.2273
vn 0.0851 0.9693 -0.2305
vn 0.0781 0.9683 -0.2374
vn 0.0690 0.9675 -0.2433
vn 0.0710 0.9664 -0.2469
vn 0.0702 0.9649 -0.2532
vn 0.0695 0.9622 -0.2635
vn 0.1151 0.9626 -0.2452
vn 0.0428 0.9857 -0.1629
vn 0.0393 0.9856 -0.1647
vn 0.0743 0.9856 -0.1518
vn 0.1794 0.8884 -0.4226
vn 0.1222 0.9446 -0.3046
vn 0.1103 0.9520 -0.2855
vn 0.0816 0.9707 -0.2258
vn 0.0636 0.9844 -0.1638
vn 0.0646 0.9846 -0.1626
vn 0.0657 0.9847 -0.1611
vn 0.0557 0.9851 -0.1629
vn 0.0452 0.9852 -0.1655
vn 0.0453 0.9853 -0.1646
vn 0.1317 0.9408 -0.3123
vn 0.1161 0.9516 -0.2847
vn 0.0840 0.9709 -0.2243
vn 0.0662 0.9843 -0.1635
vn 0.0473 0.9961 -0.0746
vn 0.0396 0.9968 -0.0690
vn 0.0365 0.9975 -0.0598
vn 0.0331 0.9983 -0.0488
vn 0.0185 0.9990 -0.0405
vn 0.0066 0.9993 -0.0374
vn -0.0518 0.9825 0.1789
vn 0.0041 0.9995 -0.0312
vn -0.0580 0.9796 0.1923
vn -0.0361 0.9849 0.1695
vn -0.0139 0.9891 0.1468
vn -0.0026 0.9925 0.1219
vn 0.0082 0.9948 0.1011
vn 0.0269 0.9958 0.0873
vn 0.0561 0.9954 0.0782
vn 0.0609 0.9951 -0.0775
vn 0.1011 0.9914 0.0832
vn 0.0831 0.9938 -0.0737
vn 0.1545 0.9841 0.0875
vn 0.1110 0.9914 -0.0692
vn -0.0852 0.9699 0.2282
vn -0.1698 0.7828 0.5987
vn -0.0685 0.9747 0.2129
vn -0.1554 0.8000 0.5795
vn -0.1461 0.8109 0.5666
vn -0.1230 0.8200 0.5590
vn -0.0906 0.8403 0.5346
vn -0.0682 0.8601 0.5055
vn -0.0452 0.8762 0.4797
vn -0.0037 0.8864 0.4630
vn 0.0611 0.8904 0.4510
vn 0.1577 0.8763 0.4553
vn -0.0529 0.0597 0.9968
vn -0.1114 0.0619 0.9918
vn -0.1399 0.0634 0.9881
vn -0.1943 0.7684 0.6098
vn -0.1910 0.7505 0.6326
vn -0.0678 0.9633 0.2596
vn 0.0208 0.9998 0.0067
vn -0.0099 0.9998 -0.0145
vn -0.0009 0.9998 -0.0216
vn -0.1539 -0.8470 0.5088
vn -0.2316 -0.8243 0.5166
vn -0.1396 -0.9213 0.3631
vn -0.1058 -0.9299 0.3524
vn -0.0849 -0.8684 0.4885
vn -0.0747 -0.9380 0.3385
vn -0.0281 -0.8858 0.4632
vn -0.0424 -0.9460 0.3213
vn 0.0303 -0.9062 0.4219
vn -0.1848 -0.9119 0.3665
vn 0.2582 0.7524 -0.6059
vn 0.2666 0.7519 -0.6030
vn 0.2677 0.7504 -0.6043
vn 0.4214 0.7505 -0.5090
vn 0.5905 0.7613 -0.2680
vn 0.6431 0.7499 -0.1550
vn 0.8684 -0.1947 -0.4561
vn 0.1791 0.9415 -0.2855
vn 0.2028 0.9481 -0.2449
vn 0.2296 0.9371 -0.2630
vn 0.2547 0.9431 -0.2136
vn 0.2167 0.9601 -0.1770
vn 0.3020 0.9251 -0.2301
vn 0.2710 0.9549 0.1216
vn 0.1767 0.9832 -0.0466
vn 0.3859 0.9103 0.1498
vn 0.2508 0.9677 -0.0240
vn 0.2013 0.9725 -0.1170
vn 0.1696 0.9644 -0.2030
vn 0.1537 0.9535 -0.2594
vn 0.1347 0.9457 -0.2957
vn 0.1289 0.9449 -0.3009
vn 0.0918 0.9704 -0.2233
vn 0.1246 0.9509 -0.2832
vn 0.1350 0.9509 -0.2784
vn 0.1192 0.9703 -0.2103
vn 0.1464 0.9799 -0.1356
vn 0.1037 0.9830 -0.1517
vn 0.0863 0.9838 -0.1573
vn 0.0731 0.9841 -0.1617
vn 0.1051 0.9698 -0.2200
vn 0.4854 0.0618 -0.8721
vn 0.4865 0.0357 -0.8730
vn 0.4790 0.0869 -0.8735
vn 0.4842 0.0443 -0.8738
vn 0.4728 -0.4446 -0.7608
vn 0.4915 0.0107 -0.8708
vn 0.4681 -0.4693 -0.7488
vn 0.4907 0.0487 -0.8699
vn 0.4591 -0.5395 -0.7058
vn 0.4799 0.1646 -0.8618
vn 0.4662 -0.4898 -0.7367
vn 0.4659 -0.4713 -0.7489
vn 0.4576 -0.5123 -0.7268
vn 0.4544 -0.5247 -0.7199
vn -0.9515 0.0653 -0.3006
vn -0.5789 0.7317 -0.3599
vn -0.5879 0.7377 -0.3320
vn 0.1147 0.9816 -0.1527
vn 0.7543 0.6482 0.1046
vn 0.7446 0.6542 0.1323
vn 0.9330 -0.0527 0.3560
vn 0.5789 -0.7317 0.3599
vn 0.5694 -0.7250 0.3875
vn -0.1332 -0.9690 0.2082
vn -0.7543 -0.6482 -0.1046
vn -0.7632 -0.6416 -0.0768
vn -0.9596 0.0716 -0.2720
vn -0.5965 0.7431 -0.3034
vn 0.1051 0.9867 -0.1244
vn 0.7342 0.6597 0.1602
vn 0.9223 -0.0462 0.3837
vn 0.5592 -0.7177 0.4151
vn -0.1424 -0.9612 0.2360
vn -0.7715 -0.6343 -0.0486
vn -0.3073 0.2108 0.9280
vn -0.3083 0.2090 0.9281
vn -0.3101 0.2083 0.9276
vn -0.3118 0.2092 0.9268
vn -0.3123 0.2111 0.9262
vn -0.3114 0.2129 0.9261
vn -0.3095 0.2135 0.9266
vn -0.3078 0.2126 0.9274
vn -0.8233 0.4282 -0.3725
vn -0.7327 0.2127 0.6464
vn -0.6403 -0.1346 0.7563
vn -0.9183 -0.3191 -0.2343
vn -0.4756 -0.8787 0.0410
vn 0.2465 -0.9239 0.2926
vn 0.8233 -0.4282 0.3725
vn 0.9183 0.3191 0.2343
vn 0.4756 0.8787 -0.0410
vn -0.2465 0.9239 -0.2926
vn -0.5541 0.5430 0.6309
vn -0.3308 -0.2953 0.8963
vn -0.2090 0.6628 0.7191
vn 0.0144 -0.1755 0.9844
vn 0.1005 0.5020 0.8590
vn 0.1929 0.1548 0.9689
vn 0.9379 0.0479 0.3436
vn 0.9332 -0.0036 0.3593
vn 0.9408 0.0019 0.3390
vn 0.9248 0.0381 0.3785
vn 0.9295 -0.0150 0.3684
vn 0.8817 0.1493 0.4476
vn 0.8080 0.2354 0.5401
vn -0.1270 0.8467 0.5167
vn -0.1617 0.7801 0.6044
vn 0.7959 0.1791 0.5784
vn -0.2167 0.6402 0.7370
vn 0.8000 0.1602 0.5782
vn -0.2266 0.6093 0.7599
vn 0.8342 0.1756 0.5227
vn -0.1849 0.7270 0.6613
vn 0.9284 -0.0235 0.3709
vn 0.9290 -0.0265 0.3691
vn 0.9303 -0.0320 0.3655
vn 0.9986 -0.0310 -0.0423
vn 0.9953 -0.0844 -0.0467
vn 0.9895 -0.1351 -0.0514
vn 0.9895 -0.1352 -0.0513
vn 0.9895 -0.1353 -0.0513
vn 0.8731 0.2071 0.4413
vn 0.9043 0.3411 0.2567
vn 0.9083 0.2449 0.3393
vn -0.0951 0.8959 0.4340
vn 0.0018 0.9851 0.1718
vn 0.0632 0.9980 -0.0022
vn 0.6470 -0.2174 -0.7308
vn 0.6470 -0.2175 -0.7308
vn 0.6572 -0.2833 -0.6985
vn 0.6053 -0.3654 -0.7072
vn 0.3903 -0.5711 -0.7222
vn 0.6527 -0.1800 -0.7360
vn 0.6544 -0.2033 -0.7283
vn 0.6470 -0.2172 -0.7309
vn 0.6467 -0.2166 -0.7314
vn 0.6475 -0.2165 -0.7307
vn 0.3018 -0.7522 0.5858
vn 0.2630 -0.8674 0.4224
vn 0.6124 -0.3549 0.7064
vn 0.1441 -0.9145 0.3780
vn 0.1591 -0.7929 0.5883
vn 0.0665 -0.9298 0.3619
vn 0.0812 -0.7979 0.5973
vn 0.0317 -0.9319 0.3614
vn 0.0118 -0.8003 0.5995
vn 0.0020 -0.9330 0.3600
vn -0.0346 -0.7895 0.6127
vn -0.0172 -0.9301 0.3669
vn -0.0650 -0.7750 0.6286
vn -0.0298 -0.9259 0.3766
vn -0.0825 -0.7553 0.6502
vn -0.0370 -0.9198 0.3906
vn -0.0104 -0.9605 0.2782
vn -0.0130 -0.9584 0.2852
vn -0.0047 -0.9618 0.2736
vn 0.0049 -0.9626 0.2707
vn 0.0207 -0.9620 0.2723
vn 0.0399 -0.9609 0.2740
vn 0.0846 -0.9545 0.2861
vn 0.1389 -0.9443 0.2984
vn 0.5036 -0.0020 0.8639
vn 0.3347 0.0240 0.9420
vn 0.0669 -0.9687 0.2391
vn 0.0357 -0.9726 0.2296
vn 0.0225 -0.9739 0.2258
vn 0.0126 -0.9747 0.2231
vn 0.0072 -0.9748 0.2230
vn 0.0048 -0.9744 0.2246
vn 0.1100 -0.9618 0.2507
vn 0.1800 0.0442 0.9827
vn 0.0429 0.0550 0.9976
vn 0.3098 -0.2107 -0.9271
vn 0.3099 -0.2105 -0.9272
vn 0.2660 0.8527 0.4497
vn 0.4416 0.7742 0.4535
vn 0.6348 0.5820 0.5083
vn 0.1241 0.9756 -0.1809
vn 0.1241 0.9757 -0.1808
vn 0.1242 0.9756 -0.1812
vn -0.0203 -0.9697 0.2436
vn -0.0342 -0.9594 0.2800
vn -0.0254 -0.9621 0.2714
vn -0.0137 -0.9707 0.2400
vn -0.0265 -0.9721 0.2333
vn -0.0282 -0.9717 0.2344
vn -0.0356 -0.9690 0.2443
vn -0.0398 -0.9679 0.2481
vn -0.2331 -0.8207 0.5216
vn -0.3068 -0.5408 0.7832
vn 0.9549 -0.0682 0.2891
vn 0.9498 0.2527 0.1844
vn 0.9592 0.1260 0.2529
vn 0.9097 -0.2608 0.3232
vn 0.8656 -0.3989 0.3027
vn -0.0224 -0.8824 -0.4699
vn -0.5240 -0.0903 -0.8469
vn 0.1713 0.6333 -0.7547
vn -0.4789 0.7468 0.4616
vn -0.2272 0.8242 0.5187
vn -0.1379 0.8274 0.5444
vn -0.1194 -0.9408 0.3173
vn -0.1188 -0.9362 0.3308
vn -0.2984 0.6694 0.6804
vn -0.1929 0.7067 0.6807
vn -0.3219 -0.7353 0.5965
vn 0.3219 0.7353 -0.5964
vn 0.2620 0.7406 -0.6188
vn 0.0735 0.9968 -0.0317
vn -0.0802 -0.9955 0.0513
vn 0.1272 -0.8463 -0.5172
vn -0.0347 0.9616 0.2724
vn -0.3095 -0.5228 0.7943
vn 0.0893 0.9930 -0.0779
vn 0.8778 0.4399 0.1897
vn 0.8944 0.3981 0.2041
vn 0.8905 0.4137 0.1892
vn 0.6995 0.7132 0.0452
vn 0.8515 0.5022 0.1505
vn 0.8370 0.5132 0.1899
vn 0.4156 0.9039 0.1009
vn 0.0493 0.9697 0.2392
vn 0.6575 0.7330 0.1740
vn 0.8252 0.5386 0.1699
vn 0.8450 0.5238 0.1082
vn 0.7358 0.6752 -0.0527
vn 0.7216 0.6923 -0.0112
vn 0.9025 0.4137 0.1199
vn 0.8761 0.4817 0.0223
vn 0.6126 0.7586 0.2219
vn 0.7220 0.6069 0.3323
vn 0.7198 0.6679 0.1893
vn 0.7832 0.5766 0.2327
vn 0.6002 0.7977 0.0585
vn 0.8663 0.4689 0.1720
vn 0.6752 0.7296 -0.1082
vn 0.8170 0.5577 0.1464
vn 0.8395 0.4901 0.2345
vn 0.7287 0.4592 0.5081
vn 0.2958 0.8626 0.4103
vn 0.6560 0.7469 0.1082
vn 0.7739 0.4937 0.3967
vn 0.8669 0.3768 0.3264
vn 0.9346 0.2574 0.2453
vn 0.5441 0.8386 0.0261
vn -0.1149 0.8661 0.4865
vn -0.1135 0.8668 0.4856
vn 0.0661 0.9650 0.2538
vn 0.4110 0.8399 -0.3546
vn -0.0262 0.9681 0.2493
vn 0.0647 0.9979 -0.0063
vn 0.0035 0.9859 0.1672
vn -0.1151 0.8663 0.4861
vn -0.1145 0.8663 0.4862
vn -0.1150 0.8661 0.4864
vn 0.1471 0.9569 -0.2503
vn 0.1487 0.9554 -0.2550
vn 0.1342 0.9682 -0.2110
vn 0.1233 0.9762 -0.1784
vn 0.2036 0.8816 -0.4259
vn -0.1152 0.8662 0.4863
vn 0.1606 0.9431 -0.2913
vn 0.0350 0.9963 0.0787
vn -0.0086 0.8972 -0.4416
vn 0.0875 0.9935 -0.0727
vn 0.0952 0.9909 -0.0952
vn 0.1106 0.9839 -0.1406
vn 0.1161 0.9807 -0.1570
vn 0.1205 0.9780 -0.1701
vn -0.0687 -0.4492 0.8908
vn -0.3148 -0.4842 0.8164
vn -0.2782 -0.6824 0.6759
vn 0.4898 -0.6614 0.5681
vn 0.1696 -0.8470 0.5037
vn -0.1936 -0.8984 0.3941
vn 0.0290 -0.6388 0.7688
vn -0.2335 -0.8198 0.5229
vn 0.1481 -0.3231 0.9347
vn 0.2997 -0.4816 0.8235
vn 0.1114 -0.7709 0.6271
vn 0.4154 -0.5944 0.6886
vn 0.0820 0.7365 0.6714
vn 0.2636 0.5856 0.7666
vn 0.4439 0.6530 0.6136
vn 0.0484 0.9980 0.0405
vn 0.3929 0.9023 0.1776
vn 0.6610 0.6796 0.3181
vn 0.3226 0.8909 0.3197
vn 0.5773 0.6795 0.4529
vn 0.2171 0.8414 0.4949
vn -0.1514 0.8015 0.5785
vn -0.0743 0.9224 0.3790
vn -0.0046 0.9819 0.1895
vn 0.7259 -0.3694 0.5802
vn 0.8438 -0.0077 0.5366
vn 0.7513 0.0265 0.6595
vn 0.6395 -0.3171 0.7004
vn 0.8194 0.3629 0.4436
vn 0.7279 0.3786 0.5716
vn 0.5781 0.3851 0.7194
vn 0.5990 0.0714 0.7976
vn 0.4994 -0.2346 0.8340
vn 0.3081 -0.1253 0.9431
vn 0.3880 0.1198 0.9138
vn 0.3712 0.3710 0.8512
vn -0.2316 0.5927 0.7714
vn -0.0864 0.5522 0.8292
vn 0.0266 0.4581 0.8885
vn 0.0937 0.3245 0.9412
vn 0.1043 0.1681 0.9802
vn -0.3334 -0.2081 0.9195
vn -0.1803 -0.1862 0.9658
vn -0.0453 -0.1075 0.9932
vn 0.0545 0.0156 0.9984
vn 0.5856 0.7624 0.2754
vn 0.7358 0.6235 0.2643
vn 0.1033 0.9875 -0.1189
vn 0.7329 0.6611 -0.1602
vn 0.1581 0.9458 -0.2837
vn 0.8330 0.5516 -0.0433
vn 0.8918 0.3948 -0.2211
vn 0.9513 0.1512 -0.2686
vn 0.5257 0.6869 0.5017
vn -0.1077 0.8778 0.4668
vn 0.5361 0.5498 -0.6406
vn 0.2992 0.5854 -0.7535
vn 0.8028 0.4977 -0.3284
vn 0.7576 0.4957 0.4247
vn 0.7549 0.2433 0.6091
vn 0.9527 0.0339 0.3019
vn 0.7211 0.6920 -0.0332
vn 0.7876 0.2909 0.5432
vn 0.3402 0.9107 -0.2342
vn 0.4115 0.8529 -0.3212
vn 0.5406 0.7907 0.2874
vn 0.4757 0.3569 0.8039
vn -0.9384 0.3232 0.1220
vn -0.8879 0.1932 0.4174
vn -0.8880 0.1932 0.4173
vn -0.7481 0.0359 0.6627
vn -0.7483 0.0453 0.6618
vn 0.2286 0.8312 -0.5068
vn 0.4194 0.8121 -0.4057
vn 0.4196 0.8121 -0.4055
vn 0.5907 0.7547 -0.2856
vn 0.5907 0.7547 -0.2855
vn -0.7499 -0.0224 0.6612
vn -0.7514 -0.0034 0.6599
vn -0.2388 0.5683 0.7874
vn -0.2388 0.5682 0.7874
vn 0.3068 0.5408 -0.7832
vn 0.2331 0.8207 -0.5216
vn 0.3337 0.1785 -0.9256
vn 0.1314 -0.8391 -0.5279
vn 0.2388 -0.5683 -0.7874
vn 0.2388 -0.5682 -0.7874
vn 0.0040 -0.9822 -0.1880
vn -0.3337 -0.1785 0.9256
vn 0.9484 -0.1997 -0.2464
vn 0.9479 -0.1999 0.2481
vn 0.8981 -0.4073 -0.1658
vn 0.8978 -0.3641 0.2477
vn 0.9271 -0.1918 0.3221
vn 0.8794 -0.3442 0.3289
vn 0.9139 -0.1797 0.3640
vn 0.8703 -0.3354 0.3606
vn 0.8527 -0.3238 0.4099
vn 0.8945 -0.1507 0.4209
vn 0.3895 0.0491 0.9197
vn 0.3406 -0.1757 0.9236
vn 0.1720 -0.6120 0.7720
vn 0.5840 -0.7173 0.3800
vn 0.5965 -0.7288 0.3363
vn 0.6092 -0.7375 0.2915
vn 0.6302 -0.7587 0.1651
vn 0.5994 -0.7887 -0.1365
vn -0.7750 -0.4644 0.4286
vn -0.8661 -0.0107 0.4998
vn -0.3091 0.1770 0.9344
vn -0.3095 0.1749 0.9347
vn -0.0772 0.8209 0.5658
vn 0.0405 0.9537 0.2980
vn -0.0770 0.8214 0.5651
vn 0.0409 0.9540 0.2971
vn -0.3104 0.1728 0.9348
vn -0.8257 0.2189 0.5199
vn -0.3093 0.1788 0.9340
vn -0.8912 0.2119 0.4011
vn -0.9831 0.1781 0.0419
vn -0.8868 0.2133 0.4099
vn -0.9765 0.1867 0.1074
vn -0.9342 0.1168 -0.3370
vn -0.3093 0.1774 0.9343
vn -0.3094 0.1785 0.9340
vn -0.3093 0.1828 0.9332
vn -0.3085 0.1843 0.9332
vn -0.3076 0.1852 0.9333
vn 0.4523 0.0276 0.8914
vn 0.7062 -0.0387 0.7069
vn 0.5138 0.0197 0.8577
vn 0.7663 -0.0534 0.6402
vn 0.9332 -0.1227 0.3379
vn 0.1972 0.9722 -0.1261
vn 0.4810 -0.8075 -0.3415
vn 0.7570 -0.4574 -0.4666
vn -0.5661 0.0666 -0.8216
vn -0.6720 0.4971 -0.5489
vn -0.4838 -0.0975 -0.8697
vn -0.6872 0.1633 -0.7078
vn -0.7478 0.5699 -0.3406
vn -0.6616 0.1218 -0.7399
vn -0.8830 0.3153 -0.3478
vn -0.9166 0.0180 -0.3994
vn -0.9161 -0.1236 -0.3813
vn -0.9418 -0.0016 -0.3362
vn -0.9422 -0.1097 -0.3166
vn -0.9521 -0.0063 -0.3057
vn -0.9521 -0.1058 -0.2868
vn -0.9647 -0.1027 -0.2424
vn -0.9718 0.0297 -0.2339
vn -0.8584 -0.4926 -0.1430
vn -0.8436 -0.5044 -0.1839
vn -0.8289 -0.5132 -0.2226
vn -0.7784 -0.5390 -0.3220
vn -0.5974 -0.5874 -0.5460
vn -0.6603 -0.1425 -0.7373
vn -0.5541 0.0518 -0.8308
vn -0.3850 -0.2455 -0.8897
vn -0.3371 -0.6700 -0.6614
vn -0.1483 -0.0399 -0.9881
vn 0.8607 -0.3024 -0.4095
vn 0.8703 -0.3023 -0.3889
vn 0.9161 -0.2728 -0.2939
vn 0.9297 -0.2521 -0.2687
vn -0.4004 -0.0281 -0.9159
vn -0.4878 0.0867 -0.8686
vn 0.7028 -0.1671 -0.6915
vn -0.6637 0.6729 -0.3268
vn 0.9469 -0.0061 0.3215
vn 0.9477 0.0173 0.3187
vn 0.9198 0.2868 0.2679
vn 0.9011 0.3505 0.2551
vn 0.9274 -0.1597 0.3383
vn 0.9271 -0.1606 0.3387
vn -0.7733 0.1386 -0.6187
vn -0.9270 0.1613 -0.3386
vn -0.1760 -0.9714 0.1593
vn -0.1773 -0.9725 0.1511
vn -0.1230 -0.9775 0.1715
vn -0.1224 -0.9779 0.1697
vn -0.1222 -0.9779 0.1693
vn -0.1634 -0.9744 0.1548
vn -0.2286 -0.9640 0.1357
vn -0.2298 -0.9633 0.1386
vn -0.2226 -0.9679 0.1167
vn -0.1701 -0.9760 0.1360
vn -0.1175 -0.9810 0.1547
vn -0.2268 -0.9651 0.1308
vn -0.2268 -0.9653 0.1298
vn -0.2265 -0.9652 0.1306
vn -0.2229 -0.9666 0.1266
vn -0.2249 -0.9656 0.1307
vn -0.2189 -0.9680 0.1228
vn -0.2156 -0.9710 0.1034
vn -0.2224 -0.9664 0.1291
vn -0.2201 -0.9690 0.1126
vn -0.2188 -0.9713 0.0932
vn -0.2111 -0.9751 0.0687
vn -0.2140 -0.9727 0.0901
vn -0.2086 -0.9756 0.0687
vn -0.2134 -0.9745 0.0691
vn -0.2178 -0.9718 0.0903
vn -0.1818 -0.9726 -0.1447
vn -0.2139 -0.9753 0.0556
vn -0.2067 -0.9772 0.0487
vn -0.2076 -0.9769 0.0506
vn -0.2348 -0.9682 0.0862
vn -0.2281 -0.9705 0.0779
vn -0.1451 -0.9832 0.1103
vn -0.1756 -0.9757 0.1309
vn -0.0858 -0.9875 0.1324
vn 0.2413 0.7103 -0.6612
vn -0.1008 -0.9871 0.1243
vn -0.1077 -0.9861 0.1268
vn -0.1084 -0.9860 0.1264
vn -0.1087 -0.9859 0.1275
vn -0.1144 -0.9822 0.1487
vn -0.1156 -0.9821 0.1488
vn -0.1222 -0.9780 0.1692
vn -0.1322 -0.9704 0.2021
vn -0.1223 -0.9779 0.1693
vn -0.1718 -0.2897 -0.9416
vn -0.5102 -0.2985 -0.8066
vn -0.1023 -0.9897 0.1004
vn -0.6314 -0.3061 -0.7125
vn -0.7195 -0.3293 -0.6114
vn -0.6257 -0.7583 -0.1827
vn -0.2308 -0.9644 0.1290
vn -0.2305 -0.9645 0.1288
vn -0.2257 -0.9681 0.1086
vn -0.2295 -0.9648 0.1285
vn -0.2293 -0.9648 0.1284
vn -0.2405 -0.9579 0.1570
vn -0.2384 -0.9578 0.1608
vn -0.2297 -0.9647 0.1286
vn -0.2286 -0.9648 0.1298
vn -0.1857 -0.9654 0.1829
vn -0.2267 -0.9651 0.1310
vn -0.1866 -0.9715 0.1463
vn -0.1222 -0.9780 0.1693
vn -0.1616 -0.9431 0.2904
vn -0.2142 -0.9385 0.2709
vn -0.2644 -0.9329 0.2446
vn -0.2663 -0.9345 0.2361
vn -0.3094 -0.8670 0.3907
vn -0.3126 -0.8731 0.3742
vn -0.3845 -0.6289 0.6758
vn -0.3962 -0.6451 0.6534
vn -0.3693 0.0897 0.9250
vn -0.3944 0.0889 0.9146
vn -0.3481 0.0760 0.9344
vn -0.3395 -0.6210 0.7065
vn -0.2617 -0.8673 0.4234
vn -0.2108 -0.8711 0.4436
vn -0.2958 0.0702 0.9527
vn -0.2814 -0.6082 0.7423
vn -0.3105 -0.8806 0.3579
vn -0.2650 -0.9369 0.2280
vn -0.3984 -0.6653 0.6314
vn -0.4071 0.0864 0.9093
vn -0.3991 -0.6778 0.6174
vn -0.4147 0.0855 0.9059
vn -0.4116 -0.6876 0.5982
vn -0.4399 0.0861 0.8939
vn -0.4212 -0.7110 0.5630
vn -0.4721 0.0862 0.8773
vn -0.3188 -0.8951 0.3118
vn -0.3159 -0.8880 0.3343
vn -0.3088 -0.8853 0.3477
vn -0.2638 -0.9385 0.2229
vn -0.2395 -0.9590 0.1516
vn -0.2402 -0.9585 0.1538
vn -0.2270 -0.9682 0.1053
vn -0.2268 -0.9680 0.1069
vn -0.2712 -0.9383 0.2147
vn -0.2478 -0.9577 0.1463
vn -0.2358 -0.9666 0.1006
vn -0.2759 -0.9395 0.2029
vn -0.2548 -0.9568 0.1403
vn -0.2441 -0.9649 0.0964
vn -0.2411 -0.9669 0.0842
vn -0.2315 -0.9692 0.0838
vn -0.2202 -0.9733 0.0648
vn -0.2186 -0.9733 0.0703
vn -0.2528 -0.9577 0.1377
vn -0.2430 -0.9653 0.0958
vn -0.2407 -0.9671 0.0825
vn -0.1551 -0.9222 -0.3542
vn -0.1399 -0.9180 -0.3709
vn -0.1412 -0.9262 -0.3496
vn -0.2186 -0.9714 0.0927
vn -0.2396 -0.9677 0.0782
vn -0.2419 -0.9656 0.0952
vn -0.2397 -0.9682 0.0721
vn -0.2430 -0.9654 0.0947
vn -0.2436 -0.9670 0.0739
vn -0.2460 -0.9647 0.0944
vn -0.2522 -0.9652 0.0688
vn -0.2536 -0.9628 0.0935
vn -0.2743 -0.9602 0.0529
vn -0.2701 -0.9586 0.0898
vn -0.3148 -0.9483 0.0413
vn -0.3011 -0.9502 0.0803
vn -0.3694 -0.9290 0.0208
vn -0.3450 -0.9366 0.0618
vn -0.9244 0.1359 -0.3563
vn -0.1433 -0.9057 -0.3991
vn -0.1484 -0.9132 -0.3796
vn -0.2119 -0.9723 -0.0990
vn -0.2323 -0.1144 -0.9659
vn -0.3307 -0.0908 -0.9394
vn -0.4359 -0.0785 -0.8966
vn -0.5647 -0.0300 -0.8247
vn -0.6888 0.0174 -0.7247
vn -0.1694 -0.2099 -0.9629
vn -0.1172 -0.9812 0.1532
vn -0.1735 -0.9768 0.1257
vn -0.2267 -0.9695 0.0932
vn -0.1618 -0.9824 0.0932
vn -0.1039 -0.9880 0.1139
vn -0.2188 -0.9731 0.0714
vn -0.4267 -0.9039 -0.0290
vn 0.0874 -0.9841 0.1548
vn -0.4417 -0.8971 0.0114
vn 0.0742 -0.9774 0.1977
vn -0.4531 -0.8908 0.0350
vn 0.0689 -0.9721 0.2242
vn -0.0645 -0.9171 0.3933
vn -0.4469 -0.8576 0.2547
vn 0.0892 -0.9960 -0.0001
vn 0.1637 -0.9638 -0.2104
vn 0.0990 -0.9003 -0.4240
vn 0.0202 -0.8971 -0.4413
vn -0.0532 -0.9507 -0.3056
vn -0.1958 -0.9788 0.0608
vn -0.1601 -0.9845 0.0713
vn -0.3425 -0.9281 -0.1463
vn -0.0286 -0.9567 -0.2896
vn -0.2527 -0.9040 -0.3448
vn 0.0007 -0.8895 -0.4569
vn 0.0201 -0.8972 -0.4411
vn 0.3575 0.5660 -0.7428
vn 0.3575 0.5658 -0.7430
vn 0.3268 0.7454 -0.5811
vn 0.3295 0.7368 -0.5904
vn 0.2076 0.9653 -0.1581
vn 0.2083 0.9649 -0.1596
vn 0.3100 -0.2097 -0.9273
vn 0.3097 -0.2113 -0.9271
vn 0.3083 -0.2177 -0.9260
vn 0.3090 -0.2146 -0.9265
vn 0.3083 -0.2178 -0.9260
vn 0.3090 -0.2147 -0.9265
vn 0.9363 -0.1953 -0.2919
vn 0.9281 -0.1867 -0.3220
vn 0.8668 -0.2140 -0.4504
vn -0.8680 0.4679 0.1662
vn -0.8689 0.4931 0.0433
vn -0.8707 0.4877 -0.0644
vn -0.8885 0.4335 -0.1501
vn -0.9724 0.2332 0.0124
vn -0.9705 0.2408 0.0089
vn -0.9703 0.2373 0.0460
vn -0.8150 0.5132 0.2691
vn -0.9034 0.2321 0.3606
vn -0.9852 0.1641 -0.0497
vn -0.9075 0.1851 0.3772
vn -0.9829 0.1818 -0.0284
vn -0.9232 0.3300 -0.1972
vn -0.9497 0.2385 -0.2030
vn -0.9661 0.1744 -0.1904
vn -0.9754 0.1352 -0.1743
vn -0.9806 0.1117 -0.1613
vn -0.9839 0.0884 -0.1551
vn -0.9883 0.0339 -0.1486
vn -0.9907 -0.0594 -0.1225
vn -0.9959 0.0820 -0.0377
vn -0.9955 0.0836 -0.0449
vn -0.9935 0.1004 -0.0537
vn -0.9921 0.1133 -0.0548
vn -0.9913 0.1197 -0.0554
vn -0.9904 0.1253 -0.0580
vn -0.9892 0.1339 -0.0601
vn -0.9874 0.1468 -0.0589
vn -0.9349 0.0149 0.3546
vn -0.9090 0.1846 0.3736
vn -0.9086 0.1842 0.3749
vn -0.9082 0.1851 0.3755
vn -0.9080 0.1873 0.3747
vn -0.9074 0.1866 0.3766
vn -0.9074 0.1851 0.3772
vn -0.9794 -0.1866 -0.0768
vn -0.8874 -0.2366 0.3957
vn -0.3578 0.2137 0.9090
vn -0.3578 0.2135 0.9090
vn -0.4594 0.2370 0.8560
vn 0.9762 0.1588 0.1477
vn -0.3933 0.1411 0.9085
vn -0.3581 0.2146 0.9087
vn -0.3572 0.2145 0.9091
vn 0.8599 -0.1983 -0.4703
vn 0.8289 0.5214 0.2025
vn 0.8418 0.4947 0.2160
vn -0.1537 0.6493 0.7448
vn -0.2010 -0.7429 0.6386
vn -0.9308 0.1057 -0.3498
vn -0.9876 0.1334 -0.0822
vn -0.9651 0.1989 0.1704
vn -0.9651 0.1989 0.1705
vn 0.2978 -0.2951 -0.9079
vn 0.9830 -0.1164 0.1420
vn 0.8752 -0.2512 -0.4135
vn 0.0767 0.9721 -0.2217
vn 0.1810 0.9804 -0.0781
vn 0.1810 0.9804 -0.0780
vn 0.1806 0.9804 -0.0783
vn 0.1806 0.9805 -0.0775
vn 0.1807 0.9805 -0.0772
vn -0.1129 -0.9870 -0.1141
vn -0.1099 -0.9866 -0.1209
vn 0.0203 -0.8971 -0.4413
vn -0.9427 0.0591 -0.3284
vn -0.9648 0.1992 0.1715
vn -0.1790 0.9810 -0.0742
vn -0.4927 0.8629 0.1127
vn -0.9420 0.0475 -0.3321
vn -0.3097 -0.5146 0.7995
vn -0.2573 0.2820 -0.9243
vn -0.2479 0.2848 -0.9260
vn -0.2562 0.2824 -0.9245
vn -0.2467 0.2852 -0.9262
vn -0.8109 -0.2146 0.5443
vn -0.8080 -0.2165 0.5479
vn -0.8106 -0.2149 0.5448
vn -0.8076 -0.2168 0.5484
vn -0.9426 0.0567 -0.3292
vn -0.9734 0.0345 -0.2266
vn 0.3000 0.5864 -0.7524
vn 0.2796 0.8553 -0.4362
vn 0.3043 0.5991 -0.7406
vn 0.2808 0.8528 -0.4404
vn 0.3191 0.5966 -0.7364
vn 0.2887 0.8487 -0.4432
vn 0.3221 0.5694 -0.7563
vn 0.2987 0.8247 -0.4802
vn 0.2172 0.9726 -0.0823
vn 0.9427 -0.0591 0.3284
vn -0.2319 0.0650 0.9706
vn -0.2299 0.0641 0.9711
vn -0.2295 0.0641 0.9712
vn -0.2332 0.0627 0.9704
vn -0.2345 0.0629 0.9701
vn -0.2363 0.0833 0.9681
vn -0.2362 0.0836 0.9681
vn 0.2132 0.9742 -0.0742
vn 0.2174 0.9732 -0.0750
vn -0.1248 -0.9223 0.3657
vn -0.1657 -0.8879 0.4292
vn -0.1758 -0.9830 0.0524
vn -0.2709 -0.9609 0.0578
vn -0.3742 -0.9077 0.1902
vn -0.3235 -0.8753 0.3595
vn -0.3501 -0.9341 0.0693
vn -0.2245 -0.9743 0.0165
vn -0.1309 -0.9874 0.0887
vn -0.1209 -0.9870 0.1055
vn -0.2066 -0.8916 0.4028
vn -0.1147 -0.9872 0.1108
vn -0.1232 -0.9815 0.1468
vn 0.9482 -0.1701 -0.2682
vn 0.8447 -0.5012 -0.1879
vn -0.0899 -0.9947 0.0499
vn -0.0997 -0.9938 0.0487
vn -0.1182 -0.9921 0.0428
vn -0.1498 -0.9883 0.0295
vn 0.3097 -0.2109 -0.9272
vn 0.3718 0.1230 0.9201
vn 0.0321 0.1779 0.9835
vn -0.3183 0.2114 0.9241
vn -0.2666 -0.7519 0.6030
vn -0.2681 -0.7498 0.6049
vn -0.1037 -0.7678 0.6322
vn -0.0381 -0.7645 0.6435
vn -0.1505 -0.7274 0.6695
vn 0.0726 0.9941 0.0800
vn 0.1205 0.9926 0.0120
vn 0.0698 0.9497 -0.3052
vn -0.0274 0.9546 -0.2966
vn 0.1161 0.9556 -0.2708
vn 0.0189 0.9410 -0.3379
vn -0.1102 0.9536 -0.2800
vn -0.1345 0.9781 -0.1587
vn -0.0860 0.9962 0.0132
vn 0.0952 0.9401 -0.3273
vn 0.1264 0.9588 -0.2545
vn 0.1274 0.9406 -0.3148
vn 0.1327 0.9593 -0.2493
vn 0.1461 0.9398 -0.3091
vn 0.1246 0.9688 -0.2141
vn 0.1558 0.9386 -0.3078
vn 0.9316 0.1825 -0.3145
vn 0.0335 0.9980 0.0532
vn 0.0311 0.9981 0.0539
vn 0.0605 0.9265 0.3714
vn 0.1773 0.9261 0.3330
vn 0.1217 0.9415 0.3144
vn -0.0540 0.9569 0.2853
vn -0.0495 0.9567 0.2869
vn 0.3484 0.1275 0.9286
vn 0.8946 -0.0312 0.4457
vn 0.8929 -0.0303 0.4493
vn 0.1913 0.9811 0.0277
vn 0.1936 0.9805 0.0331
vn 0.2363 0.9248 -0.2983
vn 0.2361 0.9273 -0.2905
vn 0.1860 0.9822 0.0257
vn 0.2268 0.9281 -0.2951
vn 0.1787 0.9835 0.0288
vn 0.2281 0.9320 -0.2817
vn 0.1707 0.9848 0.0336
vn 0.2185 0.9371 -0.2722
vn 0.1617 0.9862 0.0366
vn 0.2102 0.9431 -0.2575
vn 0.1683 0.9839 -0.0598
vn 0.2066 0.9507 -0.2311
vn -0.2394 -0.9212 0.3066
vn -0.2519 -0.7312 0.6339
vn -0.2482 -0.8968 0.3663
vn -0.2541 -0.7308 0.6336
vn -0.2576 -0.8954 0.3632
vn -0.2641 -0.7286 0.6320
vn -0.2677 -0.8923 0.3635
vn -0.2733 -0.7265 0.6305
vn -0.2689 -0.8908 0.3662
vn -0.2746 -0.7262 0.6303
vn -0.2718 -0.8885 0.3697
vn -0.2771 -0.7287 0.6263
vn -0.2640 -0.9224 0.2820
vn -0.2665 -0.8265 0.4958
vn -0.2167 -0.9745 0.0588
vn -0.2090 -0.9767 0.0493
vn -0.2140 -0.9746 0.0664
vn -0.2223 -0.9732 0.0586
vn -0.2329 -0.9707 0.0585
vn -0.2353 -0.9698 0.0636
vn -0.2375 -0.9688 0.0709
vn -0.2450 -0.9660 0.0821
vn -0.5054 -0.5016 0.7021
vn -0.9774 -0.2043 -0.0549
vn -0.5722 -0.8034 0.1648
vn -0.9458 -0.2036 0.2529
vn -0.8694 0.4818 0.1094
vn -0.8743 0.4459 -0.1919
vn -0.4385 0.8849 -0.1571
vn -0.3220 0.9240 -0.2062
vn 0.0834 0.9779 -0.1918
vn 0.6479 0.7516 -0.1234
vn 0.1632 0.9678 -0.1918
vn -0.1365 0.9746 0.1777
vn -0.5794 0.5252 0.6233
vn -0.6843 -0.1157 0.7200
vn -0.6524 -0.7335 0.1906
vn -0.3909 -0.7916 0.4696
vn -0.1262 -0.9681 0.2167
vn 0.0415 -0.9780 0.2046
vn 0.4490 -0.8528 -0.2665
vn -0.3191 -0.7844 -0.5319
vn -0.5197 -0.2642 -0.8125
vn -0.4801 0.1018 -0.8713
vn -0.1364 0.6348 -0.7605
vn 0.5494 0.6983 -0.4588
vn 0.8860 -0.0532 -0.4606
vn 0.8071 -0.1132 -0.5795
vn 0.8383 -0.4577 -0.2963
vn 0.7901 -0.3214 -0.5220
vn 0.6577 -0.7450 0.1112
vn 0.2291 -0.9734 0.0040
vn 0.5336 -0.6072 -0.5887
vn 0.7051 0.1480 -0.6935
vn 0.4495 0.8358 -0.3152
vn 0.2527 0.8346 -0.4895
vn 0.0133 0.9704 0.2413
vn -0.2974 0.5741 0.7629
vn -0.3774 -0.1630 0.9116
vn 0.3852 0.2016 -0.9005
vn 0.2843 -0.5927 -0.7536
vn -0.1699 -0.8142 0.5552
vn -0.2109 -0.8313 0.5143
vn -0.2879 -0.1980 0.9370
vn -0.1892 0.5788 0.7932
vn 0.0199 0.9838 0.1782
vn 0.2109 0.8313 -0.5143
vn 0.2879 0.1980 -0.9370
vn 0.1892 -0.5788 -0.7932
vn -0.0199 -0.9838 -0.1782
vn 0.0078 -0.9895 -0.1445
vn 0.5494 0.6984 -0.4588
vn -0.5197 -0.2641 -0.8125
vn -0.9403 0.2142 -0.2646
vn -0.9464 0.2077 -0.2474
vn -0.9463 0.2092 -0.2464
vn -0.9431 0.2020 -0.2643
vn -0.9431 0.1998 -0.2659
vn -0.9285 0.2035 -0.3107
vn -0.9293 0.2011 -0.3096
vn -0.9387 0.1556 -0.3077
vn -0.9399 0.1518 -0.3058
vn -0.9412 0.1571 -0.2991
vn 0.0331 -0.9523 -0.3034
vn 0.0390 -0.9470 -0.3190
vn -0.3173 -0.6587 0.6822
vn -0.3122 -0.6847 0.6586
vn -0.3204 -0.6653 0.6743
vn -0.3152 -0.6870 0.6547
vn -0.3020 -0.6870 0.6609
vn -0.3013 -0.6868 0.6614
vn -0.3051 -0.6859 0.6606
vn -0.3050 -0.6858 0.6608
vn 0.9734 -0.0345 0.2266
vn -0.6547 -0.7106 0.2577
vn -0.6727 -0.7286 0.1287
vn -0.6474 -0.6863 0.3313
vn -0.6316 -0.6216 0.4632
vn -0.6112 -0.4794 0.6297
vn -0.6013 -0.6359 0.4839
vn -0.8381 -0.3800 0.3914
vn -0.8328 -0.4964 0.2452
vn -0.6177 -0.4407 0.6513
vn -0.3495 -0.8665 0.3565
vn -0.2512 -0.9181 0.3065
vn -0.9150 -0.3931 0.0904
vn -0.8945 -0.3983 0.2033
vn -0.9827 -0.1726 -0.0669
vn -0.9761 -0.2000 0.0852
vn -0.9869 0.1020 -0.1247
vn -0.9791 0.0853 -0.1846
vn -0.8768 0.4806 0.0169
vn -0.9825 -0.1429 -0.1195
vn -0.9260 -0.3761 0.0329
vn -0.8906 0.4188 -0.1773
vn -0.6557 0.7466 0.1125
vn -0.6549 0.7546 0.0415
vn -0.9013 0.4225 -0.0956
vn -0.9859 0.1010 -0.1331
vn -0.9757 -0.2191 0.0093
vn -0.8783 0.3953 -0.2688
vn -0.9685 0.0853 -0.2339
vn -0.3611 0.8669 -0.3437
vn -0.4268 0.8656 -0.2618
vn -0.7302 0.6078 -0.3119
vn -0.8483 0.5078 -0.1497
vn -0.4997 0.8637 -0.0658
vn -0.9133 0.3848 0.1336
vn -0.6065 0.7561 0.2458
vn -0.9059 -0.3199 0.2774
vn -0.8995 -0.4369 0.0023
vn -0.8173 0.0177 0.5759
vn -0.9383 -0.3308 -0.1009
vn -0.9839 -0.1044 -0.1449
vn -0.8412 -0.0508 0.5384
vn -0.9357 -0.3106 -0.1670
vn -0.9719 -0.0407 -0.2320
vn -0.9640 0.0980 -0.2472
vn -0.9441 0.2111 -0.2531
vn -0.8754 0.3931 -0.2813
vn -0.9432 0.1999 -0.2654
vn -0.9296 0.2044 -0.3066
vn -0.8626 0.3904 -0.3216
vn -0.9406 0.1592 -0.2999
vn -0.8576 0.3786 -0.3482
vn -0.9412 0.1571 -0.2992
vn -0.9398 0.1198 -0.3202
vn -0.6376 0.7574 -0.1404
vn -0.6163 0.7468 -0.2498
vn -0.5908 0.7586 -0.2747
vn -0.5719 0.7594 -0.3102
vn -0.5654 0.7510 -0.3411
vn -0.9471 0.1287 -0.2942
vn -0.9586 -0.0131 -0.2844
vn -0.9494 0.0182 -0.3135
vn -0.9333 0.1253 -0.3366
vn -0.8364 0.3907 -0.3844
vn -0.9073 0.2036 -0.3680
vn -0.7900 0.4635 -0.4013
vn -0.5478 0.7467 -0.3773
vn -0.6198 0.6981 -0.3584
vn -0.9927 -0.0240 -0.1180
vn -0.9643 0.1078 -0.2421
vn -0.9189 0.2266 -0.3230
vn -0.9211 0.1760 -0.3473
vn -0.9473 0.0185 -0.3199
vn -0.9249 0.1493 -0.3496
vn -0.9473 0.0186 -0.3199
vn -0.9462 0.0150 -0.3233
vn -0.9303 0.1110 -0.3496
vn -0.7862 0.4654 -0.4066
vn -0.7623 0.5106 -0.3976
vn -0.7409 0.5523 -0.3822
vn -0.8347 0.3948 -0.3839
vn -0.8987 0.2357 -0.3699
vn -0.9454 0.0061 -0.3258
vn -0.9352 0.0666 -0.3478
vn -0.8049 0.4191 -0.4201
vn -0.4653 0.7699 -0.4368
vn -0.4156 0.8175 -0.3988
vn -0.3830 0.8445 -0.3743
vn -0.9423 -0.0063 -0.3347
vn -0.9363 -0.0097 -0.3511
vn -0.7956 0.4471 -0.4089
vn -0.8903 0.2230 -0.3971
vn -0.9333 -0.0543 -0.3551
vn -0.9345 -0.1350 -0.3293
vn -0.9362 -0.0267 -0.3504
vn -0.8490 0.2883 -0.4429
vn -0.6553 0.5824 -0.4810
vn -0.3891 0.7883 -0.4766
vn -0.5991 0.6052 -0.5242
vn -0.8818 0.1373 -0.4511
vn -0.8701 -0.4011 -0.2865
vn -0.8737 -0.2444 -0.4206
vn -0.6215 -0.7635 -0.1756
vn -0.9139 -0.2619 -0.3102
vn -0.8985 -0.2815 -0.3369
vn -0.9208 -0.0238 -0.3894
vn -0.8998 -0.2693 -0.3432
vn -0.9188 0.0022 -0.3948
vn -0.9008 -0.2528 -0.3530
vn -0.9169 0.0063 -0.3991
vn -0.8909 -0.2440 -0.3831
vn -0.9033 0.0023 -0.4290
vn -0.7135 -0.1828 -0.6764
vn -0.7024 -0.0418 -0.7105
vn -0.8919 0.0950 -0.4422
vn -0.7046 -0.0395 -0.7085
vn -0.6251 -0.7610 -0.1736
vn -0.6403 -0.7458 -0.1840
vn -0.5841 -0.7778 -0.2321
vn -0.6670 -0.4260 -0.6112
vn -0.9076 0.1174 -0.4030
vn -0.9053 0.1083 -0.4108
vn -0.9050 0.1043 -0.4125
vn -0.8665 0.2552 -0.4290
vn -0.8594 0.2360 -0.4536
vn -0.7722 0.4650 -0.4330
vn -0.7905 0.4254 -0.4407
vn -0.4706 0.7876 -0.3978
vn -0.4768 0.7873 -0.3910
vn -0.9061 0.1804 -0.3827
vn -0.7136 -0.0302 -0.6999
vn -0.7327 -0.0162 -0.6804
vn -0.7516 -0.0239 -0.6591
vn -0.8540 0.3223 -0.4085
vn -0.8611 0.2753 -0.4275
vn -0.7496 0.4983 -0.4356
vn -0.4558 0.7934 -0.4033
vn -0.7330 0.5506 -0.3994
vn -0.7374 0.5381 -0.4082
vn -0.4303 0.8057 -0.4071
vn -0.4879 0.7851 -0.3817
vn -0.4330 0.8132 -0.3889
vn -0.6658 0.6499 -0.3665
vn -0.6428 0.6542 -0.3985
vn -0.4326 0.8278 -0.3572
vn -0.6591 0.6477 -0.3821
vn 0.0080 0.9981 -0.0614
vn -0.2537 0.9630 -0.0912
vn -0.3393 0.9357 0.0968
vn 0.0185 0.9956 -0.0920
vn -0.2420 0.9530 -0.1821
vn 0.0086 0.9916 -0.1292
vn -0.2239 0.9501 -0.2173
vn 0.0138 0.9846 -0.1741
vn -0.2165 0.9457 -0.2423
vn 0.0178 0.9812 -0.1920
vn -0.2256 0.9367 -0.2677
vn -0.2301 0.9276 -0.2943
vn 0.0071 0.9776 -0.2103
vn -0.2784 0.9604 -0.0037
vn -0.0318 0.9993 -0.0177
vn 0.2277 0.9692 -0.0942
vn -0.0042 0.7726 0.6349
vn -0.0042 0.7725 0.6349
vn -0.9329 0.1711 -0.3168
vn -0.9285 0.2041 -0.3101
vn -0.9432 0.2006 -0.2649
vn -0.9424 0.2116 -0.2590
vn -0.1127 -0.9936 -0.0123
vn -0.2765 -0.9514 -0.1354
vn -0.4594 -0.8525 -0.2494
vn -0.5757 -0.7835 -0.2339
vn -0.6244 -0.7548 -0.2011
vn -0.7075 -0.6827 -0.1824
vn -0.7534 -0.6472 -0.1161
vn -0.7639 -0.6415 -0.0705
vn -0.7669 -0.6383 -0.0664
vn -0.7044 -0.6732 0.2251
vn -0.5995 -0.4708 0.6473
vn -0.4376 -0.4248 0.7925
vn -0.4732 -0.1164 0.8732
vn -0.1217 -0.9880 0.0952
vn 0.3023 -0.2104 -0.9297
vn 0.0327 -0.9556 -0.2927
vn -0.0521 -0.9969 -0.0597
vn 0.0295 -0.9554 -0.2939
vn -0.0531 -0.9967 -0.0612
vn -0.1420 -0.9386 -0.3143
vn -0.1422 -0.9817 -0.1265
vn -0.0567 -0.1747 -0.9830
vn -0.4088 -0.1155 -0.9053
vn -0.4253 -0.8740 -0.2348
vn -0.3482 -0.9374 -0.0069
vn -0.5286 -0.8279 -0.1876
vn -0.4347 -0.8895 0.1411
vn -0.1484 0.9866 -0.0684
vn -0.1102 0.9289 -0.3535
vn -0.1997 0.9590 -0.2009
vn -0.0266 0.9931 -0.1146
vn -0.1277 0.9918 0.0028
vn -0.0115 0.9967 -0.0805
vn -0.0986 0.9933 0.0604
vn 0.0046 0.9988 -0.0495
vn -0.0573 0.9907 0.1231
vn 0.0246 0.9995 -0.0190
vn 0.0896 0.8780 -0.4702
vn 0.1881 0.8928 -0.4093
vn 0.3097 -0.2109 -0.9271
vn -0.9921 0.1253 -0.0041
vn -0.9922 0.1238 -0.0124
vn -0.1139 0.1947 0.9742
vn -0.9089 0.1847 0.3740
vn 0.1214 0.9732 0.1951
vn 0.1096 0.9327 0.3436
vn 0.1127 0.9322 0.3441
vn 0.1192 0.9310 0.3451
vn 0.1266 0.9296 0.3462
vn 0.1287 0.9278 0.3503
vn 0.0938 0.8405 0.5337
vn 0.7940 0.0115 0.6078
vn -0.4461 -0.0646 -0.8927
vn -0.4518 -0.1065 -0.8857
vn -0.7539 -0.0256 -0.6565
vn -0.7434 0.0027 -0.6689
vn -0.4693 -0.0145 -0.8829
vn -0.9440 0.1198 -0.3075
vn -0.9909 0.1341 0.0099
vn -0.9915 0.1288 0.0153
vn -0.9161 0.1825 0.3571
vn -0.9161 0.1813 0.3576
vn -0.9004 0.1856 0.3935
vn 0.4884 -0.2187 -0.8448
vn 0.4887 -0.2187 -0.8446
vn 0.6161 -0.1606 -0.7711
vn 0.7294 -0.1563 -0.6660
vn 0.7141 -0.2706 -0.6456
vn 0.6019 -0.2771 -0.7489
vn 0.4885 -0.2182 -0.8449
vn 0.4889 -0.2180 -0.8447
vn -0.3100 0.2108 0.9271
vn -0.7724 -0.6335 -0.0457
vn 0.4883 -0.2186 -0.8448
vn 0.7141 -0.2707 -0.6456
vn 0.6019 -0.2771 -0.7490
vn 0.4885 -0.2181 -0.8449
vn 0.4888 -0.2180 -0.8447
vn -0.1223 -0.9780 0.1693
vn -0.1867 -0.9715 0.1463
vn -0.1633 -0.9744 0.1547
vn -0.2268 -0.9651 0.1309
vn -0.2272 -0.9651 0.1305
vn -0.2276 -0.9650 0.1304
vn -0.2277 -0.9650 0.1302
vn -0.2295 -0.9646 0.1295
vn -0.2298 -0.9646 0.1294
vn -0.2300 -0.9649 0.1265
vn -0.2300 -0.9649 0.1266
vn -0.2304 -0.9645 0.1289
vn -0.2299 -0.9647 0.1287
vn -0.2306 -0.9645 0.1289
vn -0.7799 -0.0167 -0.6257
vn -0.7799 -0.0166 -0.6257
vn 0.6136 -0.2184 -0.7589
vn -0.6135 0.2183 0.7589
vn -0.6135 0.2184 0.7589
vn -0.6136 0.2184 0.7589
vn 0.4395 0.1091 0.8916
vn 0.4557 0.1056 0.8839
vn 0.7472 0.0279 0.6640
vn 0.7527 0.0261 0.6578
vn 0.9432 -0.0594 0.3269
vn 0.9422 -0.0587 0.3300
vn 0.9886 -0.1371 -0.0620
vn 0.9897 -0.1346 -0.0479
vn 0.8806 -0.1921 -0.4332
vn 0.8907 -0.1896 -0.4132
vn 0.6392 -0.2177 -0.7376
vn 0.6604 -0.2169 -0.7189
vn 0.2918 -0.2097 -0.9332
vn 0.3204 -0.2116 -0.9233
vn -0.0946 -0.1695 -0.9810
vn -0.0697 -0.1729 -0.9825
vn -0.3992 -0.1175 -0.9093
vn -0.3874 -0.1199 -0.9141
vn -0.5094 -0.0935 -0.8554
vn -0.9337 0.0531 -0.3541
vn -0.9654 0.0766 -0.2493
vn -0.9661 0.0772 -0.2463
vn -0.9897 0.1347 0.0481
vn -0.9886 0.1371 0.0618
vn -0.8905 0.1897 0.4135
vn -0.8807 0.1920 0.4329
vn -0.6747 0.2163 0.7057
vn -0.6563 0.2171 0.7226
vn -0.5100 0.2187 0.8319
vn -0.5072 0.2187 0.8336
vn -0.3238 0.2118 0.9221
vn -0.2956 0.2100 0.9320
vn -0.1169 0.1950 0.9738
vn 0.0654 0.1735 0.9827
vn 0.0912 0.1700 0.9812
vn 0.4883 -0.2187 -0.8448
vn 0.2011 -0.2029 -0.9583
vn -0.0507 0.9951 -0.0852
vn -0.1192 0.9830 0.1395
vn -0.4584 0.8877 0.0431
vn -0.4180 0.8854 -0.2032
vn -0.1494 0.9628 0.2250
vn -0.4794 0.8744 0.0744
vn -0.4752 0.6734 0.5663
vn -0.7699 0.5492 0.3251
vn -0.9525 0.2108 -0.2197
vn -0.7660 0.5668 -0.3035
vn -0.8012 0.5832 -0.1345
vn -0.2227 0.8360 0.5016
vn -0.4800 0.7571 0.4431
vn -0.7344 0.5468 0.4022
vn -0.7965 0.6046 -0.0044
vn -0.8584 0.3061 0.4116
vn -0.9585 0.2846 0.0162
vn -0.8877 0.0760 0.4542
vn -0.9972 -0.0196 0.0725
vn -0.8261 -0.1749 0.5357
vn -0.9185 -0.3554 0.1732
vn -0.6286 -0.4122 0.6595
vn -0.6572 -0.6764 0.3325
vn -0.3956 -0.5252 0.7534
vn -0.3471 -0.8107 0.4714
vn 0.2750 -0.2331 0.9328
vn 0.3987 0.0008 0.9171
vn 0.4273 0.2259 0.8755
vn 0.3647 0.4727 0.8022
vn 0.1695 0.7062 0.6875
vn -0.2221 -0.5184 0.8258
vn 0.0241 -0.4372 0.8990
vn -0.1140 0.9096 -0.3995
vn -0.0511 0.9383 -0.3419
vn 0.0020 0.9535 -0.3015
vn 0.0290 0.9687 -0.2466
vn -0.0388 0.9835 -0.1765
vn -0.0849 0.9963 -0.0143
vn -0.2009 0.9454 0.2566
vn -0.4036 0.6473 0.6466
vn 0.2494 0.9590 -0.1348
vn -0.0257 -0.9343 0.3556
vn 0.3167 -0.7968 0.5147
vn 0.6338 -0.4824 0.6046
vn 0.7844 -0.1505 0.6018
vn 0.8236 0.1583 0.5447
vn 0.9501 0.1057 0.2935
vn 0.7581 0.4957 0.4236
vn 0.8653 0.4666 0.1830
vn 0.5228 0.8250 0.2146
vn 0.5841 0.8116 0.0106
vn 0.2170 0.9762 0.0021
vn -0.9501 -0.1057 -0.2935
vn -0.9190 0.2115 -0.3328
vn -0.9322 0.2178 -0.2890
vn -0.9401 0.0573 -0.3360
vn -0.9299 0.0513 -0.3643
vn -0.9300 0.0509 -0.3639
vn -0.9328 -0.1126 -0.3424
vn -0.8972 -0.1110 -0.4274
vn -0.8438 -0.4706 -0.2580
vn -0.8533 -0.4758 -0.2135
vn -0.5678 -0.8214 -0.0542
vn -0.5632 -0.8201 -0.1013
vn -0.5805 -0.8141 -0.0190
vn -0.8234 -0.4347 -0.3648
vn -0.7523 -0.3737 -0.5426
vn -0.5704 -0.7930 -0.2141
vn -0.5451 -0.7262 -0.4188
vn -0.9495 -0.1072 -0.2949
vn -0.9446 -0.1120 -0.3084
vn -0.8630 -0.4689 -0.1880
vn -0.2460 -0.9612 0.1248
vn -0.2334 -0.9685 0.0870
vn -0.2249 -0.9732 0.0477
vn -0.2196 -0.9748 -0.0392
vn -0.1882 -0.9550 -0.2291
vn 0.1467 0.9362 -0.3193
vn 0.1330 0.9231 -0.3609
vn 0.2567 0.9180 -0.3025
vn 0.2534 0.9165 -0.3096
vn 0.2466 0.9201 -0.3044
vn 0.2352 0.9261 -0.2950
vn 0.2452 0.9228 -0.2971
vn 0.2764 0.9099 -0.3094
vn 0.1531 0.9426 -0.2967
vn 0.2377 0.9348 -0.2640
vn 0.2309 0.9382 -0.2579
vn 0.2247 0.9411 -0.2526
vn 0.2219 0.9419 -0.2523
vn 0.2301 0.9250 -0.3022
vn 0.2112 0.9428 -0.2579
vn 0.2175 0.9375 -0.2716
vn 0.2022 0.9449 -0.2576
vn 0.2101 0.9413 -0.2643
vn 0.2357 0.7282 -0.6436
vn 0.2296 0.6964 -0.6799
vn 0.2488 0.7121 -0.6565
vn 0.2463 0.6694 -0.7009
vn 0.2412 0.7065 -0.6654
vn 0.2207 0.7156 -0.6628
vn 0.2047 0.9415 -0.2676
vn 0.1992 0.9461 -0.2555
vn 0.1844 0.9639 -0.1919
vn 0.1845 0.9631 -0.1959
vn 0.1940 0.9610 -0.1970
vn 0.2047 0.9590 -0.1960
vn 0.2052 0.9580 -0.2001
vn 0.2096 0.9561 -0.2046
vn 0.2162 0.9530 -0.2124
vn 0.1695 0.9592 -0.2262
vn 0.1773 0.9773 -0.1160
vn 0.1811 0.9767 -0.1153
vn 0.1460 0.9811 -0.1268
vn 0.2211 0.8858 -0.4080
vn 0.1988 0.9398 -0.2779
vn 0.1970 0.9466 -0.2552
vn 0.1844 0.9643 -0.1900
vn 0.1615 0.9783 -0.1297
vn 0.1601 0.9786 -0.1294
vn 0.1583 0.9789 -0.1289
vn 0.1672 0.9781 -0.1241
vn 0.1770 0.9769 -0.1196
vn 0.1764 0.9771 -0.1189
vn 0.1958 0.9368 -0.2900
vn 0.1920 0.9468 -0.2582
vn 0.1817 0.9648 -0.1902
vn 0.1594 0.9785 -0.1310
vn 0.1203 0.9915 -0.0491
vn 0.1228 0.9916 -0.0400
vn 0.1197 0.9923 -0.0308
vn 0.1156 0.9931 -0.0200
vn 0.1219 0.9925 -0.0045
vn 0.1292 0.9916 0.0053
vn 0.0388 0.9768 0.2105
vn 0.0351 0.9738 0.2247
vn 0.1274 0.9918 0.0118
vn 0.0327 0.9806 0.1935
vn 0.0300 0.9863 0.1621
vn 0.0370 0.9901 0.1357
vn 0.0418 0.9927 0.1128
vn 0.0358 0.9953 0.0904
vn 0.0187 0.9977 0.0652
vn 0.1114 0.9920 -0.0599
vn -0.0198 0.9990 0.0411
vn 0.0917 0.9933 -0.0707
vn -0.0647 0.9978 0.0111
vn 0.0669 0.9942 -0.0846
vn 0.0329 0.9625 0.2694
vn 0.0299 0.9685 0.2472
vn -0.1516 0.7817 0.6050
vn -0.1490 0.7996 0.5817
vn -0.1471 0.8110 0.5663
vn -0.1594 0.8222 0.5464
vn -0.1671 0.8450 0.5079
vn -0.1643 0.8661 0.4720
vn -0.1645 0.8837 0.4382
vn -0.1852 0.8977 0.3997
vn -0.2277 0.9085 0.3504
vn -0.3070 0.9054 0.2934
vn -0.5695 0.0921 0.8168
vn -0.5207 0.0875 0.8492
vn -0.4961 0.0857 0.8640
vn -0.1411 0.7650 0.6283
vn -0.1598 0.7486 0.6435
vn -0.0008 0.9591 0.2830
vn 0.0909 0.9954 0.0311
vn 0.1280 0.9912 0.0335
vn 0.1254 0.9919 0.0224
vn -0.2897 -0.8385 0.4615
vn -0.2189 -0.9163 0.3354
vn -0.2395 -0.9215 0.3058
vn -0.3332 -0.8529 0.4019
vn -0.2559 -0.9266 0.2754
vn -0.3636 -0.8648 0.3463
vn -0.2712 -0.9317 0.2416
vn -0.3856 -0.8801 0.2770
vn 0.2498 0.7529 -0.6088
vn 0.2497 0.7515 -0.6106
vn 0.0712 0.7725 -0.6310
vn -0.2083 0.8113 -0.5463
vn -0.3204 0.8103 -0.4907
vn -0.4142 -0.1144 -0.9030
vn 0.1424 0.9438 -0.2983
vn 0.0887 0.9459 -0.3121
vn 0.0995 0.9546 -0.2809
vn 0.0393 0.9566 -0.2886
vn 0.0481 0.9706 -0.2358
vn 0.0107 0.9434 -0.3316
vn -0.1797 0.9831 -0.0354
vn 0.0010 0.9942 -0.1078
vn -0.2914 0.9527 -0.0862
vn -0.0724 0.9880 -0.1366
vn 0.0242 0.9836 -0.1787
vn 0.1012 0.9687 -0.2269
vn 0.1472 0.9539 -0.2616
vn 0.1837 0.9427 -0.2786
vn 0.1913 0.9410 -0.2792
vn 0.1749 0.9652 -0.1944
vn 0.1844 0.9472 -0.2624
vn 0.1733 0.9485 -0.2651
vn 0.1455 0.9687 -0.2011
vn 0.0793 0.9841 -0.1590
vn 0.1227 0.9818 -0.1451
vn 0.1398 0.9804 -0.1386
vn 0.1528 0.9791 -0.1339
vn 0.1625 0.9662 -0.2000
vn 0.1696 0.0816 -0.9821
vn 0.1665 0.0558 -0.9845
vn 0.1783 0.1057 -0.9783
vn 0.1697 0.0640 -0.9834
vn 0.0541 -0.4183 -0.9067
vn 0.0476 -0.4430 -0.8953
vn 0.1584 0.0316 -0.9869
vn 0.1627 0.0692 -0.9842
vn 0.0201 -0.5120 -0.8587
vn 0.1790 0.1834 -0.9666
vn 0.0393 -0.4631 -0.8854
vn 0.0492 -0.4452 -0.8941
vn 0.0374 -0.4860 -0.8732
vn 0.0343 -0.4984 -0.8663
vn 0.7447 0.6542 0.1323
vn 0.8233 -0.4282 0.3726
vn -0.8233 0.4282 -0.3726
vn -0.9364 0.1653 -0.3094
vn -0.9410 0.1197 -0.3166
vn -0.9483 0.1142 -0.2962
vn -0.9490 0.1554 -0.2744
vn -0.9523 0.1029 -0.2873
vn -0.9459 0.2637 -0.1892
vn -0.9363 0.3446 -0.0676
vn -0.9568 0.2889 -0.0323
vn -0.9620 0.2706 -0.0357
vn -0.9526 0.2875 -0.0998
vn -0.9539 0.0943 -0.2849
vn -0.9536 0.0914 -0.2869
vn -0.9530 0.0859 -0.2907
vn -0.7534 0.0787 -0.6528
vn -0.7541 0.0252 -0.6562
vn -0.7523 -0.0261 -0.6583
vn -0.7524 -0.0262 -0.6582
vn -0.9289 0.3200 -0.1865
vn -0.8239 0.4493 -0.3455
vn -0.8888 0.3574 -0.2869
vn -0.0745 -0.1722 -0.9822
vn -0.0745 -0.1723 -0.9822
vn -0.1099 -0.2343 -0.9659
vn -0.0826 -0.3432 -0.9356
vn -0.0716 -0.1346 -0.9883
vn -0.0802 -0.1573 -0.9843
vn -0.0745 -0.1721 -0.9823
vn -0.0738 -0.1714 -0.9824
vn -0.0749 -0.1712 -0.9824
vn -0.6810 -0.6907 0.2434
vn -0.9529 -0.2569 0.1610
vn -0.5626 -0.8157 0.1348
vn -0.4478 -0.8774 0.1718
vn -0.5762 -0.7468 0.3321
vn -0.3793 -0.9019 0.2066
vn -0.5218 -0.7601 0.3872
vn -0.3521 -0.9079 0.2276
vn -0.4695 -0.7702 0.4318
vn -0.3283 -0.9123 0.2449
vn -0.4404 -0.7641 0.4714
vn -0.3174 -0.9113 0.2623
vn -0.4250 -0.7525 0.5032
vn -0.3131 -0.9082 0.2778
vn -0.4226 -0.7340 0.5317
vn -0.3154 -0.9024 0.2936
vn -0.2711 -0.9441 0.1874
vn -0.2732 -0.9421 0.1945
vn -0.2728 -0.9450 0.1802
vn -0.2786 -0.9449 0.1719
vn -0.2917 -0.9424 0.1634
vn -0.3077 -0.9391 0.1529
vn -0.3491 -0.9273 0.1349
vn -0.3978 -0.9107 0.1114
vn -0.9267 0.0875 0.3656
vn -0.8408 0.0977 0.5324
vn -0.3079 -0.9452 0.1085
vn -0.2782 -0.9530 0.1202
vn -0.2657 -0.9559 0.1253
vn -0.2564 -0.9579 0.1294
vn -0.2522 -0.9585 0.1327
vn -0.2513 -0.9584 0.1354
vn -0.3478 -0.9331 0.0912
vn -0.7435 0.1020 0.6609
vn -0.6450 0.0981 0.7579
vn -0.3903 0.8938 0.2210
vn -0.5379 0.8355 0.1122
vn -0.7434 0.6683 0.0281
vn -0.2430 -0.9557 0.1660
vn -0.2554 -0.9477 0.1913
vn -0.2536 -0.9456 0.2036
vn -0.2460 -0.9561 0.1591
vn -0.2320 -0.9592 0.1617
vn -0.2313 -0.9590 0.1636
vn -0.2315 -0.9568 0.1761
vn -0.2305 -0.9560 0.1817
vn -0.9288 0.0498 -0.3672
vn -0.8882 0.2417 -0.3908
vn -0.8243 0.3638 -0.4338
vn -0.9362 -0.1452 -0.3199
vn -0.9046 -0.2880 -0.3141
vn 0.2102 -0.8970 -0.3888
vn 0.9217 -0.1809 -0.3432
vn 0.4047 0.6187 -0.6734
vn 0.2102 -0.8970 -0.3889
vn -0.0529 0.8133 0.5794
vn -0.1149 0.6579 0.7443
vn -0.2010 -0.7428 0.6386
vn 0.2010 0.7429 -0.6386
vn -0.7508 0.5419 -0.3777
vn -0.7772 0.5028 -0.3783
vn -0.7633 0.5173 -0.3871
vn -0.6992 0.5993 -0.3898
vn -0.4923 0.7878 -0.3701
vn -0.7110 0.6101 -0.3495
vn -0.2849 0.9478 -0.1431
vn -0.0785 0.9777 0.1947
vn -0.5373 0.8079 -0.2423
vn -0.6867 0.6333 -0.3569
vn -0.6655 0.6183 -0.4181
vn -0.4641 0.7503 -0.4707
vn -0.4769 0.7673 -0.4287
vn -0.7297 0.5159 -0.4488
vn -0.6411 0.5767 -0.5064
vn -0.5291 0.8301 -0.1759
vn -0.6994 0.6959 -0.1630
vn -0.6023 0.7507 -0.2714
vn -0.6887 0.6687 -0.2801
vn -0.4139 0.8612 -0.2948
vn -0.7277 0.5687 -0.3834
vn -0.3766 0.7955 -0.4747
vn -0.6636 0.6505 -0.3695
vn -0.7432 0.5892 -0.3170
vn -0.8299 0.5568 -0.0350
vn -0.3880 0.9055 0.1721
vn -0.4938 0.8189 -0.2924
vn -0.7923 0.5917 -0.1490
vn -0.8340 0.4833 -0.2663
vn -0.8497 0.3692 -0.3765
vn -0.3458 0.8943 -0.2840
vn -0.1155 0.8661 0.4863
vn -0.1161 0.8669 0.4847
vn -0.1012 0.9755 0.1955
vn -0.0064 0.8660 -0.5000
vn -0.1157 0.8664 0.4858
vn -0.1154 0.8662 0.4863
vn 0.3800 0.8728 -0.3062
vn -0.5482 -0.4192 0.7237
vn -0.8061 -0.5802 0.1166
vn -0.5380 -0.8027 0.2572
vn -0.5697 -0.6014 0.5602
vn -0.7299 -0.2682 0.6288
vn -0.7965 -0.4130 0.4416
vn -0.5607 -0.7288 0.3929
vn -0.8154 -0.5174 0.2597
vn -0.3975 0.7666 0.5043
vn -0.6523 0.7217 0.2316
vn -0.6144 0.6406 0.4607
vn -0.3149 0.9466 -0.0691
vn -0.6351 0.7608 -0.1335
vn -0.3495 0.9330 0.0855
vn -0.6535 0.7565 0.0240
vn -0.3816 0.8789 0.2863
vn -0.9646 -0.2636 -0.0088
vn -0.9890 0.1070 -0.1019
vn -0.9894 0.1355 0.0530
vn -0.9660 -0.2165 0.1410
vn -0.8713 0.4688 -0.1454
vn -0.8776 0.4792 0.0122
vn -0.8520 0.4746 0.2211
vn -0.9515 0.1685 0.2574
vn -0.9307 -0.1450 0.3358
vn -0.8374 -0.0536 0.5439
vn -0.8542 0.1976 0.4810
vn -0.7744 0.4427 0.4521
vn -0.3849 0.5709 0.7252
vn -0.5199 0.4923 0.6981
vn -0.6196 0.3691 0.6927
vn -0.6694 0.2165 0.7107
vn -0.4787 -0.1675 0.8619
vn -0.5918 -0.0733 0.8028
vn -0.6589 0.0602 0.7498
vn -0.6662 0.7113 -0.2242
vn -0.5409 0.8329 -0.1171
vn -0.3969 0.7319 -0.5539
vn -0.5593 0.6388 -0.5284
vn -0.5562 0.2456 -0.7939
vn -0.5123 0.4827 -0.7103
vn -0.6429 0.7601 0.0946
vn 0.0411 0.5808 -0.8130
vn -0.3652 0.5708 -0.7354
vn -0.7967 0.5930 -0.1169
vn -0.9368 0.3492 0.0196
vn -0.9237 0.1514 -0.3519
vn -0.9162 0.3976 -0.0504
vn -0.4629 0.7661 -0.4458
vn -0.0180 0.9332 -0.3590
vn -0.0261 0.8803 -0.4736
vn -0.5102 0.8565 -0.0787
vn -0.8279 0.4386 0.3497
vn 0.6899 0.2212 0.6893
vn 0.4533 0.1092 0.8847
vn 0.4532 0.1092 0.8847
vn 0.1768 -0.0126 0.9842
vn 0.1751 -0.0219 0.9843
vn 0.0153 0.8374 -0.5464
vn 0.0156 0.8374 -0.5464
vn -0.1983 0.8041 -0.5604
vn -0.1983 0.8041 -0.5605
vn 0.1750 -0.0614 0.9826
vn 0.1709 -0.0800 0.9820
vn 0.5185 -0.2904 0.8043
vn 0.2973 -0.1661 0.9402
vn 0.0831 -0.0881 0.9926
vn 0.4045 -0.4395 0.8020
vn 0.5037 -0.7901 0.3493
vn 0.5163 -0.8144 0.2652
vn 0.4401 -0.7199 0.5367
vn 0.4749 -0.7613 0.4414
vn -0.3157 0.4945 -0.8098
vn -0.5698 0.6998 -0.4309
vn -0.4870 0.6822 -0.5454
vn -0.0722 0.1740 -0.9821
vn -0.6097 0.7244 -0.3218
vn -0.6042 0.7418 -0.2910
vn -0.0231 -0.2476 0.9686
vn -0.0092 -0.2239 0.9746
vn 0.4901 -0.7459 0.4510
vn 0.4101 -0.6973 0.5879
vn -0.4692 0.6743 -0.5702
vn -0.1379 0.3129 -0.9397
vn -0.5627 0.7486 -0.3507
vn 0.0490 -0.2924 0.9550
vn 0.4510 -0.5668 0.6895
vn 0.3307 -0.6082 0.7216
vn -0.4489 0.6978 -0.5582
vn -0.0662 0.3438 -0.9367
vn -0.3518 0.7628 -0.5425
vn 0.1082 -0.3116 0.9440
vn -0.1867 0.6632 -0.7247
vn -0.0538 0.5538 -0.8309
vn -0.0496 0.7062 -0.7063
vn 0.0303 0.5694 -0.8215
vn 0.2362 -0.2773 -0.9313
vn -0.0811 0.2678 -0.9601
vn -0.3442 0.1869 0.9201
vn -0.4776 0.3786 0.7928
vn 0.0554 0.1723 -0.9835
vn -0.1508 0.0066 0.9885
vn -0.0436 0.4216 -0.9057
vn 0.1802 -0.3318 0.9260
vn 0.4739 -0.2084 -0.8556
vn -0.7143 -0.5206 0.4677
vn -0.7366 -0.3687 0.5670
vn -0.7246 -0.3405 0.5992
vn 0.1067 0.2530 0.9616
vn -0.8066 -0.5749 -0.1375
vn -0.7843 -0.5789 -0.2230
vn -0.8455 -0.5301 0.0639
vn -0.8304 -0.5556 -0.0416
vn 0.7993 0.4279 -0.4220
vn 0.7630 0.6459 0.0268
vn 0.8128 0.5760 -0.0868
vn 0.6323 0.1916 -0.7507
vn 0.7260 0.6741 0.1360
vn 0.7262 0.6659 0.1708
vn -0.6981 -0.0988 0.7091
vn -0.6793 -0.1122 0.7252
vn -0.8174 -0.5750 -0.0340
vn -0.8544 -0.5052 0.1217
vn 0.8201 0.5608 -0.1135
vn 0.7236 0.2600 -0.6393
vn 0.7677 0.6310 0.1118
vn -0.7225 -0.1713 0.6698
vn -0.7690 -0.5778 0.2737
vn -0.8392 -0.4892 0.2376
vn 0.8290 0.5270 -0.1873
vn 0.7772 0.2389 -0.5821
vn 0.8821 0.4655 -0.0727
vn -0.6941 -0.2047 0.6902
vn -0.7564 -0.5693 0.3221
vn 0.8784 0.4595 -0.1317
vn -0.8008 -0.4301 0.4168
vn 0.8917 0.3114 -0.3286
vn 0.8219 0.3721 -0.4313
vn -0.1469 -0.7219 -0.6762
vn 0.8269 0.2626 -0.4974
vn 0.8352 0.2848 -0.4705
vn 0.2477 -0.1403 -0.9586
vn 0.7012 0.2021 -0.6837
vn -0.3303 0.2448 0.9116
vn -0.1146 0.4002 0.9092
vn 0.6328 0.0669 -0.7714
vn -0.5026 0.0288 0.8641
vn 0.8089 0.2199 -0.5454
vn -0.6920 -0.2849 0.6633
vn -0.8430 0.5113 0.1669
vn -0.7672 0.4712 0.4352
vn -0.6388 0.4325 0.6363
vn -0.7617 0.6255 0.1689
vn -0.5044 0.7906 -0.3472
vn -0.4631 0.7781 -0.4244
vn -0.5698 0.8083 -0.1484
vn -0.5378 0.8042 -0.2531
vn 0.6557 -0.7260 -0.2075
vn 0.6165 -0.7316 0.2912
vn 0.6177 -0.7711 0.1544
vn 0.5998 -0.5332 -0.5966
vn 0.5828 -0.7061 0.4022
vn 0.5585 -0.7106 0.4279
vn -0.5054 0.6074 0.6129
vn -0.5232 0.5863 0.6185
vn -0.5564 0.7873 -0.2657
vn -0.5780 0.8116 -0.0855
vn 0.6186 -0.7760 0.1232
vn 0.6133 -0.6327 -0.4728
vn 0.5653 -0.7475 0.3487
vn -0.5513 0.6322 0.5444
vn -0.7295 0.6838 -0.0123
vn -0.6359 0.7701 -0.0510
vn 0.6553 -0.7540 -0.0464
vn 0.5994 -0.7077 -0.3740
vn 0.5466 -0.8313 0.1010
vn -0.5808 0.5710 0.5802
vn 0.5239 -0.8395 -0.1440
vn 0.4896 -0.8000 -0.3468
vn 0.3535 -0.9131 -0.2032
vn 0.3920 -0.8448 -0.3642
vn 0.3804 -0.1425 -0.9138
vn 0.5820 -0.6088 -0.5390
vn -0.2749 0.2345 0.9324
vn -0.1190 0.0276 0.9925
vn 0.5064 -0.5278 -0.6819
vn -0.4627 0.4025 0.7899
vn 0.5699 -0.7265 -0.3838
vn -0.6476 0.5495 0.5278
vn 0.1433 -0.2317 -0.9622
vn 0.2766 0.8403 0.4662
vn 0.1180 0.7291 0.6742
vn 0.0097 0.5781 0.8159
vn 0.3977 0.7497 0.5290
vn 0.8059 0.5754 0.1396
vn 0.8375 0.5427 0.0638
vn 0.7158 0.6184 0.3244
vn 0.7675 0.5985 0.2299
vn -0.4593 -0.6593 -0.5953
vn -0.7163 -0.6776 -0.1665
vn -0.6822 -0.6649 -0.3041
vn -0.1047 -0.5508 -0.8281
vn -0.7529 -0.6558 -0.0557
vn -0.7720 -0.6348 -0.0339
vn 0.1696 0.4586 0.8723
vn 0.1469 0.4746 0.8679
vn 0.7552 0.6174 0.2205
vn 0.6865 0.6195 0.3808
vn -0.6707 -0.6625 -0.3335
vn -0.2516 -0.5811 -0.7740
vn -0.7669 -0.6316 -0.1140
vn 0.2213 0.5125 0.8297
vn 0.5400 0.7343 0.4113
vn 0.6048 0.6477 0.4634
vn -0.6295 -0.6621 -0.4066
vn -0.3013 -0.5405 -0.7856
vn -0.7324 -0.5673 -0.3764
vn 0.1755 0.5364 0.8255
vn -0.6114 -0.5193 -0.5971
vn -0.4808 -0.4617 -0.7455
vn -0.6517 -0.3683 -0.6630
vn -0.5041 -0.3722 -0.7793
vn 0.3689 -0.2794 -0.8865
vn -0.2003 -0.5431 -0.8154
vn -0.2888 0.1767 0.9410
vn -0.4821 0.0060 0.8761
vn -0.0799 -0.4445 -0.8922
vn -0.0936 0.3789 0.9207
vn -0.3647 -0.5088 -0.7798
vn 0.2003 0.6088 0.7676
vn 0.2862 -0.0453 -0.9571
vn 0.1307 0.9709 -0.2006
vn 0.1305 0.9710 -0.2002
vn 0.1808 0.9177 -0.3538
vn 0.1689 0.9333 -0.3170
vn -0.2342 -0.8376 -0.4935
vn -0.3940 -0.7679 -0.5050
vn 0.3944 -0.8770 -0.2745
vn 0.5335 -0.8260 -0.1818
vn -0.7979 -0.4576 -0.3925
vn -0.8194 -0.5018 -0.2772
vn 0.8123 -0.5584 0.1685
vn 0.7527 -0.6002 0.2706
vn -0.1164 -0.9411 -0.3176
vn -0.1016 -0.9697 -0.2221
vn 0.1086 -0.9829 -0.1489
vn 0.1824 -0.9598 -0.2135
vn -0.0241 -0.9969 -0.0745
vn 0.2777 -0.9514 -0.1331
vn -0.2393 -0.9190 -0.3133
vn -0.0461 -0.9956 -0.0821
vn 0.1271 0.9736 -0.1897
vn -0.3150 0.1674 0.9342
vn -0.8646 -0.4894 -0.1141
vn -0.8676 -0.4898 -0.0865
vn 0.6882 -0.5866 0.4269
vn 0.6734 -0.5862 0.4504
vn 0.2212 -0.9309 0.2907
vn 0.2893 -0.9218 0.2579
vn -0.4872 -0.8732 -0.0127
vn -0.4556 -0.8885 0.0549
vn -0.1184 0.8611 0.4944
vn -0.7844 -0.6140 -0.0880
vn 0.5959 -0.7004 0.3929
vn -0.2402 0.5634 0.7905
vn -0.2419 -0.8406 -0.4847
vn -0.7800 -0.4885 -0.3911
vn -0.7143 -0.5300 -0.4570
vn 0.0376 0.9967 0.0713
vn 0.7941 -0.5871 0.1574
vn 0.7792 -0.6235 0.0634
vn 0.3222 0.4175 -0.8496
vn -0.2009 0.8934 -0.4018
vn 0.3240 -0.0743 -0.9431
vn 0.3358 -0.4433 -0.8311
vn 0.1164 -0.8642 -0.4896
vn 0.3946 -0.8804 -0.2629
vn -0.2375 0.7734 -0.5877
vn -0.1370 0.8352 -0.5327
vn -0.0259 0.8548 -0.5184
vn -0.2626 0.7895 -0.5547
vn 0.2771 0.8438 -0.4595
vn -0.0296 0.8589 -0.5113
vn 0.0445 0.9976 0.0536
vn 0.0018 0.9992 0.0388
vn 0.1287 0.9724 -0.1948
vn 0.1569 0.9696 -0.1880
vn -0.0666 0.9696 -0.2355
vn 0.1265 0.9740 -0.1881
vn -0.1100 0.8637 0.4918
vn -0.1144 0.8624 0.4932
vn -0.1639 0.9507 -0.2632
vn -0.0659 0.9679 -0.2424
vn -0.0696 0.3395 0.9380
vn -0.2961 0.1978 0.9345
vn -0.1807 0.7371 0.6512
vn -0.2770 0.5948 0.7547
vn -0.1396 0.6146 0.7764
vn -0.2374 0.7393 0.6301
vn -0.3185 0.2183 0.9225
vn -0.5026 0.3529 0.7892
vn 0.3064 0.9458 -0.1073
vn 0.3978 0.9146 -0.0728
vn -0.1201 0.8631 0.4906
vn -0.1233 0.8642 0.4878
vn 0.1224 0.9768 -0.1760
vn 0.3120 0.9429 -0.1167
vn 0.1018 0.9736 -0.2043
vn 0.1298 0.9717 -0.1974
vn 0.0874 0.9945 0.0583
vn 0.0409 0.9972 0.0628
vn 0.4434 0.7876 -0.4279
vn 0.1544 0.8948 -0.4189
vn 0.6346 0.7188 -0.2838
vn 0.4313 0.8439 -0.3191
vn 0.5394 0.7919 -0.2862
vn 0.6341 0.7135 -0.2981
vn 0.2556 0.7605 -0.5969
vn -0.6659 0.0761 -0.7422
vn -0.6608 0.0787 -0.7465
vn -0.8528 0.1177 -0.5087
vn -0.8615 0.1138 -0.4949
vn -0.8509 0.1199 -0.5114
vn -0.8567 0.1186 -0.5020
vn -0.8454 0.1189 -0.5208
vn -0.8456 0.1188 -0.5204
vn -0.9306 0.1391 -0.3385
vn -0.9305 0.1393 -0.3388
vn -0.9327 0.1384 -0.3331
vn -0.9321 0.1396 -0.3344
vn -0.9106 0.1799 0.3720
vn -0.9106 0.1797 0.3722
vn -0.9368 0.1390 -0.3210
vn -0.9366 0.1396 -0.3215
vn -0.4063 0.1290 0.9046
vn -0.4050 0.1105 0.9076
vn -0.5783 0.1566 0.8007
vn -0.5405 0.1432 0.8291
vn -0.0257 0.1124 0.9933
vn -0.0822 0.1273 0.9884
vn -0.2087 0.1002 0.9728
vn -0.2570 0.1184 0.9591
vn 0.9424 0.0220 0.3336
vn 0.9425 0.0213 0.3334
vn 0.4975 0.0916 0.8626
vn 0.4972 0.0918 0.8628
vn 0.9467 0.0220 0.3214
vn 0.9470 0.0206 0.3207
vn 0.9485 0.0217 0.3162
vn 0.9485 0.0214 0.3160
vn 0.9928 0.0036 0.1197
vn 0.9927 0.0038 0.1202
vn 0.9913 0.0021 0.1317
vn 0.9901 0.0054 0.1404
vn 0.9907 -0.0032 0.1361
vn 0.9891 0.0035 0.1475
vn 0.9856 -0.0242 -0.1675
vn 0.9847 -0.0278 -0.1723
vn 0.3275 -0.0248 -0.9445
vn -0.2825 0.3830 0.8795
vn 0.9501 0.1050 0.2936
vn -0.9087 0.2214 -0.3540
vn 0.7635 -0.0644 0.6426
vn -0.6142 0.2430 0.7508
vn -0.6131 0.2429 0.7517
vn -0.6132 0.2429 0.7517
vn 0.6121 -0.2428 -0.7526
vn 0.6131 -0.2429 -0.7517
vn 0.6132 -0.2429 -0.7516
vn 0.6142 -0.2433 -0.7507
vn 0.7599 -0.0861 0.6443
vn 0.7601 -0.0849 0.6443
vn 0.7601 -0.0848 0.6443
vn -0.6121 0.2428 0.7526
vn 0.7769 -0.2560 -0.5752
vn 0.8753 -0.2558 -0.4105
vn 0.8749 -0.2558 -0.4112
vn 0.9732 -0.2269 -0.0375
vn 0.9732 -0.2270 -0.0379
vn 0.9466 -0.1790 0.2682
vn 0.9135 -0.1567 0.3753
vn 0.4870 0.0088 0.8734
vn 0.3720 0.0424 0.9273
vn 0.3716 0.0426 0.9274
vn 0.0658 0.1209 0.9905
vn 0.0645 0.1212 0.9905
vn -0.3130 0.1988 0.9287
vn -0.3148 0.1991 0.9280
vn -0.6466 0.2464 0.7219
vn -0.6478 0.2466 0.7208
vn -0.7769 0.2560 0.5753
vn -0.6995 0.0618 -0.7119
vn -0.6995 0.0617 -0.7119
vn -0.6723 0.0519 -0.7385
vn -0.6724 0.0519 -0.7384
vn -0.6150 0.0321 -0.7879
vn -0.6151 0.0321 -0.7878
vn -0.5544 0.0122 -0.8322
vn -0.5546 0.0122 -0.8320
vn -0.4910 -0.0076 -0.8712
vn -0.4912 -0.0076 -0.8710
vn -0.4248 -0.0273 -0.9049
vn -0.4251 -0.0273 -0.9048
vn -0.3526 -0.0479 -0.9345
vn -0.3528 -0.0478 -0.9345
vn -0.3139 -0.0585 -0.9477
vn -0.3529 0.9323 0.0789
vn -0.3406 0.9358 0.0912
vn -0.8061 0.2266 0.5467
vn -0.7961 0.2265 0.5612
vn -0.7960 0.2265 0.5612
vn -0.6661 -0.6878 0.2886
vn -0.6553 -0.6924 0.3019
vn -0.0729 -0.8964 -0.4373
vn -0.0591 -0.9021 -0.4275
vn 0.3803 -0.1906 -0.9050
vn 0.3964 -0.1928 -0.8976
vn 0.2403 0.7237 -0.6469
vn 0.2557 0.7261 -0.6382
vn -0.3193 0.9410 0.1120
vn -0.7783 0.2262 0.5857
vn -0.6365 -0.6998 0.3243
vn -0.0357 -0.9110 -0.4108
vn 0.4233 -0.1963 -0.8845
vn 0.2815 0.7297 -0.6231
vn -0.1458 0.9521 0.2687
vn -0.6178 0.2172 0.7557
vn -0.4720 -0.7349 0.4870
vn 0.1458 -0.9521 -0.2687
vn 0.6178 -0.2172 -0.7557
vn 0.4720 0.7349 -0.4870
vn -0.0399 0.6436 -0.7643
vn 0.0806 -0.1432 -0.9864
vn -0.3094 -0.7505 -0.5839
vn -0.8199 -0.5710 0.0406
vn -0.9404 0.2158 0.2627
vn -0.5504 0.8231 -0.1398
vn 0.1836 0.9719 -0.1470
vn 0.1192 0.9781 -0.1703
vn 0.1602 0.9747 -0.1555
vn 0.2237 0.9658 -0.1314
vn 0.2236 0.9658 -0.1314
vn 0.2241 0.9657 -0.1310
vn 0.2244 0.9657 -0.1309
vn 0.2246 0.9656 -0.1307
vn 0.2264 0.9653 -0.1300
vn 0.2254 0.9655 -0.1304
vn 0.2277 0.9651 -0.1295
vn 0.2276 0.9651 -0.1295
vn 0.2272 0.9652 -0.1294
vn 0.2271 0.9652 -0.1294
vn 0.2263 0.9655 -0.1291
vn 0.2261 0.9655 -0.1290
vn 0.2262 0.9655 -0.1290
vn -0.2261 -0.9655 0.1290
vn -0.2262 -0.9655 0.1290
vn -0.2263 -0.9655 0.1291
vn -0.2272 -0.9652 0.1294
vn -0.2271 -0.9652 0.1294
vn -0.2276 -0.9651 0.1295
vn -0.2264 -0.9653 0.1300
vn -0.2277 -0.9651 0.1295
vn -0.2254 -0.9655 0.1304
vn -0.2246 -0.9656 0.1307
vn -0.2246 -0.9656 0.1308
vn -0.2241 -0.9657 0.1310
vn -0.2244 -0.9657 0.1309
vn -0.2236 -0.9658 0.1314
vn -0.2236 -0.9658 0.1315
vn -0.1602 -0.9747 0.1555
vn -0.1837 -0.9719 0.1470
vn -0.1193 -0.9781 0.1703
vn -0.6122 0.6218 0.4883
vn -0.6984 0.4200 0.5795
vn -0.2804 0.4208 0.8627
vn -0.2283 0.6226 0.7485
vn 0.2199 0.3665 0.9041
vn 0.2313 0.5727 0.7865
vn 0.6684 0.2715 0.6925
vn 0.6432 0.4854 0.5921
vn 0.9450 0.1613 0.2846
vn 0.8972 0.3842 0.2175
vn 0.9755 0.0655 -0.2102
vn 0.9252 0.2962 -0.2370
vn 0.7517 0.0097 -0.6594
vn 0.7197 0.2449 -0.6496
vn 0.3337 0.0088 -0.9426
vn 0.3358 0.2442 -0.9098
vn -0.1666 0.0632 -0.9840
vn -0.1238 0.2941 -0.9477
vn -0.6151 0.1581 -0.7724
vn -0.5357 0.3813 -0.7534
vn -0.8917 0.2683 -0.3645
vn -0.7898 0.4825 -0.3788
vn -0.9222 0.3642 0.1303
vn -0.8178 0.5706 0.0757
vn -0.7517 -0.0097 0.6594
vn -0.3337 -0.0088 0.9426
vn 0.1666 -0.0632 0.9840
vn 0.6151 -0.1581 0.7724
vn 0.8917 -0.2683 0.3645
vn 0.9222 -0.3642 -0.1303
vn 0.6984 -0.4200 -0.5795
vn 0.2804 -0.4208 -0.8627
vn -0.2199 -0.3665 -0.9041
vn -0.6684 -0.2715 -0.6925
vn -0.9450 -0.1613 -0.2846
vn -0.9755 -0.0655 0.2102
vn -0.7197 -0.2449 0.6496
vn -0.3358 -0.2442 0.9098
vn 0.1238 -0.2941 0.9477
vn 0.5357 -0.3813 0.7534
vn 0.7898 -0.4825 0.3788
vn 0.8178 -0.5706 -0.0757
vn 0.6122 -0.6218 -0.4883
vn 0.2283 -0.6226 -0.7485
vn -0.2313 -0.5727 -0.7865
vn -0.6432 -0.4854 -0.5921
vn -0.8972 -0.3842 -0.2175
vn -0.9252 -0.2962 0.2370
vn 0.1210 0.9759 -0.1816
vn -0.1210 -0.9759 0.1816
vn 0.3319 0.3248 -0.8856
vn 0.6985 0.3256 -0.6372
vn 0.8947 0.3745 -0.2433
vn 0.8680 0.4586 0.1906
vn 0.6255 0.5552 0.5482
vn 0.2322 0.6385 0.7338
vn -0.2066 0.6862 0.6975
vn -0.5731 0.6854 0.4492
vn -0.7693 0.6365 0.0552
vn -0.7426 0.5524 -0.3787
vn -0.5001 0.4558 -0.7363
vn -0.1068 0.3725 -0.9219
vn -0.9993 0.0329 0.0199
vn -0.9993 0.0330 0.0199
vn 0.0282 0.1967 0.9801
vn 0.0268 0.1968 0.9801
vn -0.0254 -0.1968 -0.9801
vn -0.0268 -0.1967 -0.9801
vn -0.0269 -0.1968 -0.9801
vn -0.0282 -0.1970 -0.9800
vn -0.9997 0.0110 0.0225
vn -0.9997 0.0123 0.0224
vn -0.9997 0.0111 0.0225
vn -0.9997 0.0124 0.0224
vn 0.0254 0.1968 0.9801
vn -0.2653 -0.1880 -0.9457
vn -0.4445 -0.1731 -0.8789
vn -0.4438 -0.1732 -0.8792
vn -0.7511 -0.1244 -0.6483
vn -0.7509 -0.1245 -0.6486
vn -0.9174 -0.0715 -0.3914
vn -0.9568 -0.0500 -0.2863
vn -0.9229 0.0828 0.3759
vn -0.8645 0.1055 0.4914
vn -0.8643 0.1056 0.4918
vn -0.6597 0.1530 0.7358
vn -0.6587 0.1532 0.7367
vn -0.3205 0.1890 0.9282
vn -0.3187 0.1891 0.9288
vn 0.0717 0.1960 0.9780
vn 0.0733 0.1959 0.9779
vn 0.2652 0.1880 0.9457
vn 0.9930 -0.0307 -0.1141
vn 0.9876 -0.0384 -0.1522
vn 0.9876 -0.0383 -0.1521
vn 0.9723 -0.0533 -0.2275
vn 0.9724 -0.0533 -0.2273
vn 0.9513 -0.0679 -0.3007
vn 0.9514 -0.0679 -0.3005
vn 0.9247 -0.0820 -0.3717
vn 0.9248 -0.0819 -0.3715
vn 0.8928 -0.0955 -0.4402
vn 0.8929 -0.0954 -0.4400
vn 0.8536 -0.1091 -0.5095
vn 0.8537 -0.1090 -0.5092
vn 0.8308 -0.1159 -0.5444
vn 0.3149 0.8919 0.3247
vn 0.2980 0.8969 0.3267
vn 0.3028 0.1549 0.9404
vn 0.2859 0.1563 0.9454
vn 0.2665 -0.7462 0.6101
vn 0.2494 -0.7493 0.6135
vn 0.2666 -0.7462 0.6101
vn 0.2424 -0.9102 -0.3358
vn 0.2250 -0.9142 -0.3371
vn 0.2544 -0.1733 -0.9514
vn 0.2371 -0.1735 -0.9559
vn 0.2907 0.7278 -0.6212
vn 0.2736 0.7320 -0.6239
vn 0.2690 0.9049 0.3299
vn 0.2691 0.9049 0.3299
vn 0.2568 0.1585 0.9534
vn 0.2201 -0.7540 0.6189
vn 0.1956 -0.9202 -0.3391
vn 0.2078 -0.1738 -0.9626
vn 0.2445 0.7387 -0.6281
vn 0.0378 0.9382 0.3439
vn 0.0253 0.1708 0.9850
vn -0.0125 -0.7674 0.6411
vn -0.0378 -0.9382 -0.3439
vn -0.0253 -0.1708 -0.9850
vn 0.0125 0.7674 -0.6411
vn 0.5730 0.6156 -0.5410
vn 0.5418 -0.1598 -0.8252
vn 0.5314 -0.7939 -0.2954
vn 0.5523 -0.6527 0.5185
vn 0.5836 0.1226 0.8028
vn 0.5939 0.7568 0.2730
vn 0.0456 0.9817 -0.1851
vn 0.1106 0.9805 -0.1627
vn 0.0693 0.9818 -0.1770
vn 0.0043 0.9801 -0.1983
vn 0.0043 0.9801 -0.1982
vn 0.0037 0.9801 -0.1982
vn 0.0034 0.9801 -0.1983
vn 0.0031 0.9801 -0.1983
vn 0.0012 0.9800 -0.1989
vn 0.0022 0.9801 -0.1986
vn -0.0001 0.9799 -0.1993
vn -0.0000 0.9799 -0.1993
vn 0.0002 0.9800 -0.1989
vn 0.0003 0.9800 -0.1989
vn 0.0008 0.9802 -0.1981
vn 0.0008 0.9802 -0.1979
vn -0.0008 -0.9802 0.1979
vn -0.0008 -0.9802 0.1981
vn -0.0002 -0.9800 0.1989
vn -0.0003 -0.9800 0.1989
vn 0.0000 -0.9799 0.1993
vn -0.0012 -0.9800 0.1989
vn 0.0001 -0.9799 0.1993
vn -0.0022 -0.9801 0.1986
vn -0.0031 -0.9801 0.1983
vn -0.0037 -0.9801 0.1982
vn -0.0034 -0.9801 0.1983
vn -0.0043 -0.9801 0.1982
vn -0.0043 -0.9801 0.1983
vn -0.0693 -0.9818 0.1770
vn -0.0456 -0.9817 0.1851
vn -0.1106 -0.9805 0.1627
vn -0.1105 -0.9805 0.1627
vn 0.2283 0.5667 0.7917
vn -0.2315 0.6146 0.7541
vn -0.2826 0.4115 0.8665
vn 0.2180 0.3593 0.9074
vn -0.6154 0.6142 0.4940
vn -0.7006 0.4111 0.5833
vn -0.8207 0.5656 0.0809
vn -0.9240 0.3582 0.1336
vn -0.7922 0.4819 -0.3744
vn -0.8931 0.2671 -0.3621
vn -0.5377 0.3854 -0.7499
vn -0.6159 0.1620 -0.7710
vn -0.1253 0.3021 -0.9450
vn -0.1669 0.0713 -0.9834
vn 0.3345 0.2542 -0.9075
vn 0.3336 0.0191 -0.9425
vn 0.7185 0.2545 -0.6473
vn 0.7517 0.0195 -0.6593
vn 0.9237 0.3031 -0.2342
vn 0.9751 0.0724 -0.2096
vn 0.8953 0.3868 0.2210
vn 0.9441 0.1635 0.2861
vn 0.6407 0.4833 0.5966
vn 0.6670 0.2686 0.6949
vn -0.3336 -0.0191 0.9425
vn 0.1669 -0.0713 0.9834
vn -0.7517 -0.0195 0.6593
vn -0.9751 -0.0724 0.2096
vn -0.9441 -0.1635 -0.2861
vn -0.6670 -0.2686 -0.6949
vn -0.2180 -0.3593 -0.9074
vn 0.2826 -0.4115 -0.8665
vn 0.7006 -0.4111 -0.5833
vn 0.9240 -0.3582 -0.1336
vn 0.8931 -0.2671 0.3621
vn 0.6159 -0.1620 0.7710
vn -0.3345 -0.2542 0.9075
vn 0.1253 -0.3021 0.9450
vn -0.7185 -0.2545 0.6473
vn -0.9237 -0.3031 0.2342
vn -0.8953 -0.3868 -0.2210
vn -0.6407 -0.4833 -0.5966
vn -0.2283 -0.5667 -0.7917
vn 0.2315 -0.6146 -0.7541
vn 0.6154 -0.6142 -0.4940
vn 0.8207 -0.5656 -0.0809
vn 0.7922 -0.4819 0.3744
vn 0.5377 -0.3854 0.7499
vn 0.1160 0.9781 -0.1726
vn -0.1160 -0.9781 0.1726
vn 0.3303 0.3346 -0.8826
vn -0.1087 0.3804 -0.9184
vn -0.5024 0.4599 -0.7321
vn -0.7454 0.5520 -0.3736
vn -0.7726 0.6320 0.0610
vn -0.5766 0.6783 0.4554
vn -0.2101 0.6787 0.7037
vn 0.2289 0.6329 0.7396
vn 0.6226 0.5534 0.5533
vn 0.8656 0.4613 0.1948
vn 0.8928 0.3813 -0.2399
vn 0.6968 0.3350 -0.6342
# 3379 vertex normals

vt 0.4779 0.6474 0.0000
vt 0.4778 0.6399 0.0000
vt 0.4920 0.6471 0.0000
vt 0.4943 0.6351 0.0000
vt 0.5064 0.6469 0.0000
vt 0.5070 0.6341 0.0000
vt 0.5372 0.6463 0.0000
vt 0.5322 0.6335 0.0000
vt 0.5449 0.6335 0.0000
vt 0.5467 0.6466 0.0000
vt 0.5611 0.6470 0.0000
vt 0.5612 0.6337 0.0000
vt 0.5601 0.6309 0.0000
vt 0.5448 0.6307 0.0000
vt 0.5322 0.6306 0.0000
vt 0.5070 0.6312 0.0000
vt 0.4944 0.6322 0.0000
vt 0.4789 0.6370 0.0000
vt 0.4785 0.8717 0.0000
vt 0.5298 0.8722 0.0000
vt 0.4774 0.8748 0.0000
vt 0.5308 0.8753 0.0000
vt 0.4783 0.8756 0.0000
vt 0.5299 0.8762 0.0000
vt 0.4792 0.8766 0.0000
vt 0.5291 0.8771 0.0000
vt 0.5300 0.8889 0.0000
vt 0.5308 0.8889 0.0000
vt 0.4775 0.8888 0.0000
vt 0.4785 0.8887 0.0000
vt 0.4794 0.8886 0.0000
vt 0.8466 0.0138 0.0000
vt 0.8464 0.0251 0.0000
vt 0.8131 0.0129 0.0000
vt 0.8128 0.0242 0.0000
vt 0.0245 0.9064 0.0000
vt 0.0571 0.9076 0.0000
vt 0.0246 0.9174 0.0000
vt 0.0714 0.9179 0.0000
vt 0.0712 0.9066 0.0000
vt 0.5292 0.8888 0.0000
vt 0.7042 0.1754 0.0000
vt 0.7152 0.1750 0.0000
vt 0.7051 0.2089 0.0000
vt 0.7161 0.2086 0.0000
vt 0.0950 0.8194 0.0000
vt 0.0484 0.8197 0.0000
vt 0.0950 0.7858 0.0000
vt 0.0484 0.7861 0.0000
vt 0.2055 0.5434 0.0000
vt 0.2089 0.5426 0.0000
vt 0.2057 0.5446 0.0000
vt 0.2087 0.5439 0.0000
vt 0.7553 0.5750 0.0000
vt 0.7582 0.5770 0.0000
vt 0.7544 0.5760 0.0000
vt 0.7571 0.5781 0.0000
vt 0.7580 0.5803 0.0000
vt 0.7348 0.5773 0.0000
vt 0.7348 0.5796 0.0000
vt 0.0761 0.7488 0.0000
vt 0.0644 0.7486 0.0000
vt 0.0762 0.7371 0.0000
vt 0.0635 0.7362 0.0000
vt 0.0375 0.7481 0.0000
vt 0.0386 0.7355 0.0000
vt 0.0260 0.7355 0.0000
vt 0.0244 0.7483 0.0000
vt 0.0097 0.7354 0.0000
vt 0.0097 0.7482 0.0000
vt 0.0108 0.7324 0.0000
vt 0.0260 0.7325 0.0000
vt 0.0386 0.7325 0.0000
vt 0.0635 0.7332 0.0000
vt 0.0761 0.7341 0.0000
vt 0.0915 0.7387 0.0000
vt 0.0926 0.7417 0.0000
vt 0.0923 0.7492 0.0000
vt 0.0935 0.7415 0.0000
vt 0.0925 0.7389 0.0000
vt 0.8209 0.6110 0.0000
vt 0.8130 0.6110 0.0000
vt 0.8209 0.6098 0.0000
vt 0.0929 0.7491 0.0000
vt 0.7308 0.6575 0.0000
vt 0.7337 0.6551 0.0000
vt 0.7319 0.6584 0.0000
vt 0.7346 0.6560 0.0000
vt 0.7592 0.5796 0.0000
vt 0.7587 0.5872 0.0000
vt 0.2170 0.5447 0.0000
vt 0.2172 0.5434 0.0000
vt 0.0695 0.8280 0.0000
vt 0.0713 0.8253 0.0000
vt 0.0695 0.8478 0.0000
vt 0.7310 0.6607 0.0000
vt 0.7541 0.6600 0.0000
vt 0.7542 0.6577 0.0000
vt 0.7320 0.6679 0.0000
vt 0.7538 0.6672 0.0000
vt 0.7571 0.5872 0.0000
vt 0.7351 0.5865 0.0000
vt 0.8051 0.3759 0.0000
vt 0.8202 0.3757 0.0000
vt 0.8050 0.3768 0.0000
vt 0.8193 0.3767 0.0000
vt 0.8049 0.3598 0.0000
vt 0.8126 0.3568 0.0000
vt 0.7716 0.3760 0.0000
vt 0.7723 0.3769 0.0000
vt 0.7728 0.4108 0.0000
vt 0.8055 0.4106 0.0000
vt 0.8198 0.4105 0.0000
vt 0.7663 0.3744 0.0000
vt 0.7708 0.3760 0.0000
vt 0.7664 0.3758 0.0000
vt 0.7675 0.3908 0.0000
vt 0.7645 0.3858 0.0000
vt 0.7591 0.3939 0.0000
vt 0.7674 0.4039 0.0000
vt 0.7513 0.3994 0.0000
vt 0.7513 0.3998 0.0000
vt 0.7495 0.3999 0.0000
vt 0.7684 0.4424 0.0000
vt 0.7519 0.4420 0.0000
vt 0.7678 0.4308 0.0000
vt 0.7011 0.4403 0.0000
vt 0.7412 0.4016 0.0000
vt 0.6475 0.4517 0.0000
vt 0.6474 0.4389 0.0000
vt 0.7013 0.4571 0.0000
vt 0.7521 0.4622 0.0000
vt 0.7715 0.4586 0.0000
vt 0.7727 0.4592 0.0000
vt 0.8063 0.4676 0.0000
vt 0.8062 0.4591 0.0000
vt 0.8206 0.4589 0.0000
vt 0.8066 0.4887 0.0000
vt 0.8218 0.4583 0.0000
vt 0.8420 0.4444 0.0000
vt 0.8238 0.4443 0.0000
vt 0.8243 0.4300 0.0000
vt 0.8414 0.3995 0.0000
vt 0.8239 0.3995 0.0000
vt 0.8233 0.3900 0.0000
vt 0.8406 0.3385 0.0000
vt 0.8210 0.3757 0.0000
vt 0.8112 0.4902 0.0000
vt 0.8170 0.4935 0.0000
vt 0.3424 0.7827 0.0000
vt 0.3946 0.8045 0.0000
vt 0.3524 0.8084 0.0000
vt 0.3358 0.7894 0.0000
vt 0.3224 0.7978 0.0000
vt 0.2732 0.8223 0.0000
vt 0.7231 0.3944 0.0000
vt 0.7005 0.4003 0.0000
vt 0.7176 0.3864 0.0000
vt 0.7154 0.3765 0.0000
vt 0.7173 0.3666 0.0000
vt 0.6997 0.3413 0.0000
vt 0.7227 0.3584 0.0000
vt 0.7307 0.3529 0.0000
vt 0.7505 0.3400 0.0000
vt 0.7406 0.3507 0.0000
vt 0.7507 0.3527 0.0000
vt 0.7587 0.3579 0.0000
vt 0.8046 0.3391 0.0000
vt 0.7611 0.3607 0.0000
vt 0.8047 0.3441 0.0000
vt 0.8074 0.3431 0.0000
vt 0.8402 0.3094 0.0000
vt 0.8042 0.3102 0.0000
vt 0.7501 0.3117 0.0000
vt 0.6994 0.3141 0.0000
vt 0.7499 0.2959 0.0000
vt 0.6992 0.2989 0.0000
vt 0.7498 0.2908 0.0000
vt 0.6991 0.2940 0.0000
vt 0.7498 0.2889 0.0000
vt 0.6991 0.2921 0.0000
vt 0.8039 0.2869 0.0000
vt 0.2856 0.9774 0.0000
vt 0.3422 0.9760 0.0000
vt 0.3425 0.9789 0.0000
vt 0.8039 0.2889 0.0000
vt 0.8040 0.2941 0.0000
vt 0.8400 0.2932 0.0000
vt 0.3798 0.9731 0.0000
vt 0.3800 0.9761 0.0000
vt 0.8399 0.2880 0.0000
vt 0.6457 0.3176 0.0000
vt 0.6455 0.3033 0.0000
vt 0.6455 0.2988 0.0000
vt 0.6454 0.2970 0.0000
vt 0.6088 0.3020 0.0000
vt 0.6087 0.3003 0.0000
vt 0.5759 0.3055 0.0000
vt 0.5759 0.3039 0.0000
vt 0.5483 0.3094 0.0000
vt 0.5483 0.3079 0.0000
vt 0.5483 0.3132 0.0000
vt 0.5759 0.3096 0.0000
vt 0.6088 0.3064 0.0000
vt 0.6090 0.3200 0.0000
vt 0.6093 0.3443 0.0000
vt 0.6461 0.3431 0.0000
vt 0.6101 0.3980 0.0000
vt 0.6468 0.3996 0.0000
vt 0.5761 0.3225 0.0000
vt 0.5764 0.3456 0.0000
vt 0.5771 0.3956 0.0000
vt 0.5485 0.3253 0.0000
vt 0.5488 0.3469 0.0000
vt 0.5494 0.3928 0.0000
vt 0.5497 0.4158 0.0000
vt 0.5775 0.4223 0.0000
vt 0.6105 0.4289 0.0000
vt 0.6473 0.4347 0.0000
vt 0.5238 0.3484 0.0000
vt 0.5244 0.3895 0.0000
vt 0.5247 0.4089 0.0000
vt 0.5498 0.4211 0.0000
vt 0.5775 0.4262 0.0000
vt 0.6105 0.4322 0.0000
vt 0.7326 0.4000 0.0000
vt 0.7313 0.3998 0.0000
vt 0.5016 0.4020 0.0000
vt 0.5014 0.3858 0.0000
vt 0.4818 0.3955 0.0000
vt 0.4816 0.3821 0.0000
vt 0.4626 0.3888 0.0000
vt 0.4624 0.3781 0.0000
vt 0.4512 0.3845 0.0000
vt 0.4510 0.3756 0.0000
vt 0.4384 0.3798 0.0000
vt 0.4383 0.3727 0.0000
vt 0.4314 0.3736 0.0000
vt 0.4314 0.3687 0.0000
vt 0.4275 0.3688 0.0000
vt 0.4274 0.3664 0.0000
vt 0.4246 0.3633 0.0000
vt 0.5248 0.4165 0.0000
vt 0.5017 0.4124 0.0000
vt 0.4819 0.4088 0.0000
vt 0.4628 0.4075 0.0000
vt 0.4514 0.3990 0.0000
vt 0.4385 0.3869 0.0000
vt 0.4315 0.3784 0.0000
vt 0.4275 0.3712 0.0000
vt 0.4821 0.4186 0.0000
vt 0.0713 0.8478 0.0000
vt 0.8193 0.4574 0.0000
vt 0.8062 0.4575 0.0000
vt 0.7739 0.4576 0.0000
vt 0.8059 0.4360 0.0000
vt 0.8190 0.4358 0.0000
vt 0.7736 0.4364 0.0000
vt 0.9057 0.0516 0.0000
vt 0.8806 0.0515 0.0000
vt 0.9060 0.0052 0.0000
vt 0.8809 0.0051 0.0000
vt 0.8681 0.0512 0.0000
vt 0.8684 0.0054 0.0000
vt 0.8558 0.0066 0.0000
vt 0.8556 0.0499 0.0000
vt 0.8528 0.0037 0.0000
vt 0.8682 0.0023 0.0000
vt 0.8808 0.0020 0.0000
vt 0.9060 0.0021 0.0000
vt 0.9187 0.0024 0.0000
vt 0.9186 0.0056 0.0000
vt 0.9340 0.0039 0.0000
vt 0.9311 0.0068 0.0000
vt 0.9323 0.0073 0.0000
vt 0.9323 0.0101 0.0000
vt 0.9311 0.0101 0.0000
vt 0.9147 0.0101 0.0000
vt 0.9147 0.0461 0.0000
vt 0.9350 0.0050 0.0000
vt 0.9183 0.0513 0.0000
vt 0.9308 0.0461 0.0000
vt 0.9308 0.0502 0.0000
vt 0.9320 0.0495 0.0000
vt 0.9348 0.0516 0.0000
vt 0.9337 0.0527 0.0000
vt 0.9184 0.0541 0.0000
vt 0.9057 0.0544 0.0000
vt 0.8805 0.0543 0.0000
vt 0.8678 0.0540 0.0000
vt 0.8525 0.0525 0.0000
vt 0.9320 0.0461 0.0000
vt 0.0671 0.8270 0.0000
vt 0.0307 0.8282 0.0000
vt 0.0307 0.8273 0.0000
vt 0.0671 0.8280 0.0000
vt 0.0307 0.8449 0.0000
vt 0.0671 0.8449 0.0000
vt 0.4419 0.4934 0.0000
vt 0.4350 0.4935 0.0000
vt 0.4404 0.4611 0.0000
vt 0.4304 0.4910 0.0000
vt 0.4301 0.4507 0.0000
vt 0.4328 0.4928 0.0000
vt 0.4324 0.4491 0.0000
vt 0.4346 0.4483 0.0000
vt 0.4414 0.4481 0.0000
vt 0.7304 0.6680 0.0000
vt 0.7298 0.6603 0.0000
vt 0.4484 0.4474 0.0000
vt 0.4439 0.4542 0.0000
vt 0.4457 0.4468 0.0000
vt 0.4467 0.4543 0.0000
vt 0.4443 0.4623 0.0000
vt 0.4470 0.4618 0.0000
vt 0.4474 0.4719 0.0000
vt 0.4496 0.4693 0.0000
vt 0.4519 0.4785 0.0000
vt 0.4573 0.4619 0.0000
vt 0.4559 0.4545 0.0000
vt 0.4548 0.4487 0.0000
vt 0.4531 0.4402 0.0000
vt 0.4524 0.4364 0.0000
vt 0.4639 0.4606 0.0000
vt 0.4666 0.4648 0.0000
vt 0.4652 0.4604 0.0000
vt 0.4643 0.4621 0.0000
vt 0.4537 0.4744 0.0000
vt 0.4595 0.4850 0.0000
vt 0.4607 0.4793 0.0000
vt 0.4712 0.4903 0.0000
vt 0.4717 0.4831 0.0000
vt 0.4877 0.4935 0.0000
vt 0.4875 0.4850 0.0000
vt 0.5101 0.4935 0.0000
vt 0.5091 0.4843 0.0000
vt 0.5392 0.4896 0.0000
vt 0.5373 0.4801 0.0000
vt 0.5570 0.4832 0.0000
vt 0.5540 0.4748 0.0000
vt 0.5675 0.4726 0.0000
vt 0.5640 0.4663 0.0000
vt 0.5504 0.4564 0.0000
vt 0.5555 0.4488 0.0000
vt 0.5440 0.4607 0.0000
vt 0.5342 0.4638 0.0000
vt 0.5102 0.4677 0.0000
vt 0.4923 0.4692 0.0000
vt 0.4797 0.4688 0.0000
vt 0.4715 0.4672 0.0000
vt 0.5652 0.4411 0.0000
vt 0.5568 0.4427 0.0000
vt 0.5510 0.4438 0.0000
vt 0.5443 0.4451 0.0000
vt 0.5355 0.4468 0.0000
vt 0.5269 0.4485 0.0000
vt 0.5063 0.4524 0.0000
vt 0.4890 0.4558 0.0000
vt 0.4765 0.4582 0.0000
vt 0.4685 0.4598 0.0000
vt 0.5691 0.4542 0.0000
vt 0.5706 0.4401 0.0000
vt 0.5724 0.4575 0.0000
vt 0.5736 0.4395 0.0000
vt 0.4886 0.4538 0.0000
vt 0.4761 0.4562 0.0000
vt 0.4681 0.4578 0.0000
vt 0.4648 0.4584 0.0000
vt 0.4636 0.4586 0.0000
vt 0.4746 0.2596 0.0000
vt 0.4681 0.2667 0.0000
vt 0.4679 0.2595 0.0000
vt 0.5696 0.4382 0.0000
vt 0.5693 0.4382 0.0000
vt 0.5645 0.4392 0.0000
vt 0.5564 0.4407 0.0000
vt 0.5506 0.4419 0.0000
vt 0.5440 0.4431 0.0000
vt 0.5352 0.4448 0.0000
vt 0.5265 0.4465 0.0000
vt 0.5060 0.4505 0.0000
vt 0.4195 0.2154 0.0000
vt 0.4195 0.2202 0.0000
vt 0.4175 0.2154 0.0000
vt 0.4195 0.2067 0.0000
vt 0.4195 0.2111 0.0000
vt 0.4175 0.2067 0.0000
vt 0.4195 0.2005 0.0000
vt 0.4195 0.2036 0.0000
vt 0.4175 0.2005 0.0000
vt 0.4195 0.1933 0.0000
vt 0.4195 0.1969 0.0000
vt 0.4175 0.1933 0.0000
vt 0.4195 0.1839 0.0000
vt 0.4195 0.1886 0.0000
vt 0.4175 0.1839 0.0000
vt 0.4195 0.1746 0.0000
vt 0.4195 0.1792 0.0000
vt 0.4176 0.1746 0.0000
vt 0.4195 0.1525 0.0000
vt 0.4195 0.1635 0.0000
vt 0.4176 0.1525 0.0000
vt 0.4195 0.1338 0.0000
vt 0.4195 0.1432 0.0000
vt 0.4176 0.1338 0.0000
vt 0.4195 0.1204 0.0000
vt 0.4195 0.1271 0.0000
vt 0.4176 0.1204 0.0000
vt 0.4195 0.1118 0.0000
vt 0.4195 0.1161 0.0000
vt 0.4176 0.1118 0.0000
vt 0.4195 0.1083 0.0000
vt 0.4195 0.1100 0.0000
vt 0.4176 0.1083 0.0000
vt 0.4195 0.1070 0.0000
vt 0.4195 0.1076 0.0000
vt 0.4176 0.1070 0.0000
vt 0.8212 0.1628 0.0000
vt 0.8212 0.1665 0.0000
vt 0.8198 0.1628 0.0000
vt 0.4482 0.9682 0.0000
vt 0.4482 0.9695 0.0000
vt 0.4464 0.9682 0.0000
vt 0.7543 0.6552 0.0000
vt 0.2541 0.4902 0.0000
vt 0.2541 0.4889 0.0000
vt 0.2549 0.4902 0.0000
vt 0.4742 0.6349 0.0000
vt 0.4742 0.6362 0.0000
vt 0.4740 0.6349 0.0000
vt 0.3062 0.5276 0.0000
vt 0.3047 0.5276 0.0000
vt 0.3062 0.5272 0.0000
vt 0.3047 0.5272 0.0000
vt 0.2013 0.2767 0.0000
vt 0.1984 0.2810 0.0000
vt 0.1984 0.2768 0.0000
vt 0.2013 0.2810 0.0000
vt 0.2160 0.2766 0.0000
vt 0.2160 0.2809 0.0000
vt 0.6502 0.1651 0.0000
vt 0.6543 0.1665 0.0000
vt 0.6502 0.1665 0.0000
vt 0.6543 0.1651 0.0000
vt 0.8478 0.8352 0.0000
vt 0.8448 0.8213 0.0000
vt 0.8490 0.8217 0.0000
vt 0.8436 0.8349 0.0000
vt 0.8475 0.8381 0.0000
vt 0.8433 0.8377 0.0000
vt 0.5822 0.9696 0.0000
vt 0.5852 0.9654 0.0000
vt 0.5852 0.9697 0.0000
vt 0.5822 0.9653 0.0000
vt 0.6497 0.1617 0.0000
vt 0.6634 0.1603 0.0000
vt 0.6634 0.1617 0.0000
vt 0.6487 0.1603 0.0000
vt 0.6469 0.1629 0.0000
vt 0.6459 0.1619 0.0000
vt 0.6443 0.1658 0.0000
vt 0.6457 0.1658 0.0000
vt 0.5566 0.2989 0.0000
vt 0.5540 0.2959 0.0000
vt 0.5554 0.2959 0.0000
vt 0.5556 0.2999 0.0000
vt 0.5585 0.3016 0.0000
vt 0.5596 0.3001 0.0000
vt 0.5736 0.3016 0.0000
vt 0.5736 0.3001 0.0000
vt 0.0279 0.8478 0.0000
vt 0.0279 0.8282 0.0000
vt 0.0272 0.8273 0.0000
vt 0.0700 0.8270 0.0000
vt 0.0847 0.2416 0.0000
vt 0.0840 0.2426 0.0000
vt 0.0833 0.2410 0.0000
vt 0.0679 0.2457 0.0000
vt 0.0666 0.2408 0.0000
vt 0.1939 0.2796 0.0000
vt 0.6434 0.1645 0.0000
vt 0.6413 0.1645 0.0000
vt 0.6434 0.1658 0.0000
vt 0.9546 0.8334 0.0000
vt 0.9712 0.8332 0.0000
vt 0.9698 0.8381 0.0000
vt 0.9539 0.8350 0.0000
vt 0.9533 0.8340 0.0000
vt 0.4863 0.9812 0.0000
vt 0.4863 0.9826 0.0000
vt 0.4843 0.9812 0.0000
vt 0.4843 0.9826 0.0000
vt 0.3704 0.2919 0.0000
vt 0.3702 0.2943 0.0000
vt 0.3682 0.2918 0.0000
vt 0.3681 0.2942 0.0000
vt 0.7915 0.8583 0.0000
vt 0.7929 0.8583 0.0000
vt 0.7915 0.8603 0.0000
vt 0.7929 0.8603 0.0000
vt 0.6707 0.2032 0.0000
vt 0.6697 0.2060 0.0000
vt 0.6529 0.2031 0.0000
vt 0.6519 0.2060 0.0000
vt 0.7655 0.6433 0.0000
vt 0.7626 0.6432 0.0000
vt 0.7657 0.6259 0.0000
vt 0.7627 0.6258 0.0000
vt 0.4745 0.4424 0.0000
vt 0.4745 0.4448 0.0000
vt 0.4570 0.4427 0.0000
vt 0.4571 0.4451 0.0000
vt 0.3347 0.5129 0.0000
vt 0.3353 0.5144 0.0000
vt 0.3347 0.5138 0.0000
vt 0.3546 0.5144 0.0000
vt 0.3359 0.5119 0.0000
vt 0.6821 0.2196 0.0000
vt 0.6810 0.2202 0.0000
vt 0.6812 0.2185 0.0000
vt 0.6642 0.2203 0.0000
vt 0.6656 0.2154 0.0000
vt 0.5337 0.8709 0.0000
vt 0.5939 0.8681 0.0000
vt 0.5328 0.8874 0.0000
vt 0.5928 0.8875 0.0000
vt 0.6520 0.8691 0.0000
vt 0.6510 0.8874 0.0000
vt 0.7126 0.8710 0.0000
vt 0.7116 0.8879 0.0000
vt 0.5328 0.8883 0.0000
vt 0.0979 0.7900 0.0000
vt 0.1137 0.7869 0.0000
vt 0.1151 0.7918 0.0000
vt 0.0981 0.7917 0.0000
vt 0.0970 0.7912 0.0000
vt 0.9031 0.8439 0.0000
vt 0.9035 0.8456 0.0000
vt 0.8420 0.8503 0.0000
vt 0.8416 0.8487 0.0000
vt 0.7825 0.8552 0.0000
vt 0.7822 0.8535 0.0000
vt 0.7203 0.8595 0.0000
vt 0.7199 0.8577 0.0000
vt 0.5928 0.8884 0.0000
vt 0.6510 0.8883 0.0000
vt 0.4203 0.9682 0.0000
vt 0.4239 0.9682 0.0000
vt 0.4203 0.9701 0.0000
vt 0.4288 0.9682 0.0000
vt 0.4316 0.9682 0.0000
vt 0.4288 0.9709 0.0000
vt 0.4347 0.9682 0.0000
vt 0.4383 0.9682 0.0000
vt 0.4347 0.9712 0.0000
vt 0.6532 0.2506 0.0000
vt 0.6691 0.2475 0.0000
vt 0.6689 0.2641 0.0000
vt 0.6730 0.2518 0.0000
vt 0.6791 0.2660 0.0000
vt 0.6764 0.2701 0.0000
vt 0.6821 0.2519 0.0000
vt 0.6778 0.2389 0.0000
vt 0.6585 0.2442 0.0000
vt 0.6430 0.2419 0.0000
vt 0.6413 0.2506 0.0000
vt 0.6188 0.2506 0.0000
vt 0.6245 0.2403 0.0000
vt 0.5700 0.2506 0.0000
vt 0.5625 0.2405 0.0000
vt 0.5558 0.2506 0.0000
vt 0.5558 0.2405 0.0000
vt 0.1827 0.6584 0.0000
vt 0.2158 0.6622 0.0000
vt 0.1833 0.6626 0.0000
vt 0.5790 0.2148 0.0000
vt 0.6293 0.2184 0.0000
vt 0.6494 0.2227 0.0000
vt 0.6663 0.2293 0.0000
vt 0.8167 0.7281 0.0000
vt 0.8118 0.7281 0.0000
vt 0.8167 0.7244 0.0000
vt 0.8101 0.7245 0.0000
vt 0.4872 0.8632 0.0000
vt 0.5018 0.8630 0.0000
vt 0.4872 0.8650 0.0000
vt 0.5018 0.8651 0.0000
vt 0.5128 0.8629 0.0000
vt 0.5128 0.8652 0.0000
vt 0.5353 0.8627 0.0000
vt 0.5353 0.8655 0.0000
vt 0.5843 0.8622 0.0000
vt 0.5843 0.8660 0.0000
vt 0.5986 0.8620 0.0000
vt 0.5986 0.8661 0.0000
vt 0.5558 0.2538 0.0000
vt 0.5700 0.2538 0.0000
vt 0.6188 0.2538 0.0000
vt 0.6413 0.2538 0.0000
vt 0.6521 0.2536 0.0000
vt 0.6667 0.2664 0.0000
vt 0.6693 0.2685 0.0000
vt 0.9579 0.7887 0.0000
vt 0.9581 0.8054 0.0000
vt 0.9423 0.8022 0.0000
vt 0.9621 0.8010 0.0000
vt 0.9476 0.8087 0.0000
vt 0.9669 0.8140 0.0000
vt 0.9712 0.8010 0.0000
vt 0.9682 0.7869 0.0000
vt 0.9654 0.7827 0.0000
vt 0.9553 0.8235 0.0000
vt 0.9321 0.8110 0.0000
vt 0.9385 0.8302 0.0000
vt 0.9136 0.8126 0.0000
vt 0.9184 0.8345 0.0000
vt 0.8515 0.8123 0.0000
vt 0.8681 0.8381 0.0000
vt 0.1841 0.6554 0.0000
vt 0.8448 0.8123 0.0000
vt 0.8448 0.8022 0.0000
vt 0.8591 0.8022 0.0000
vt 0.9079 0.8022 0.0000
vt 0.9303 0.8022 0.0000
vt 0.9584 0.7844 0.0000
vt 0.9558 0.7865 0.0000
vt 0.9412 0.7993 0.0000
vt 0.9303 0.7991 0.0000
vt 0.9079 0.7991 0.0000
vt 0.8591 0.7991 0.0000
vt 0.8448 0.7991 0.0000
vt 0.4846 0.8641 0.0000
vt 0.5649 0.5259 0.0000
vt 0.5454 0.5309 0.0000
vt 0.5341 0.5256 0.0000
vt 0.5353 0.5330 0.0000
vt 0.2273 0.8171 0.0000
vt 0.2708 0.7883 0.0000
vt 0.2638 0.8181 0.0000
vt 0.2346 0.7863 0.0000
vt 0.1936 0.8161 0.0000
vt 0.2002 0.7882 0.0000
vt 0.1654 0.8153 0.0000
vt 0.1714 0.7899 0.0000
vt 0.1399 0.8145 0.0000
vt 0.1447 0.7938 0.0000
vt 0.1164 0.8138 0.0000
vt 0.1202 0.7977 0.0000
vt 0.0970 0.8133 0.0000
vt 0.0992 0.8041 0.0000
vt 0.2091 0.2140 0.0000
vt 0.1726 0.2150 0.0000
vt 0.2081 0.2124 0.0000
vt 0.1727 0.2134 0.0000
vt 0.1390 0.2159 0.0000
vt 0.1390 0.2143 0.0000
vt 0.1107 0.2167 0.0000
vt 0.1108 0.2151 0.0000
vt 0.0852 0.2174 0.0000
vt 0.0853 0.2158 0.0000
vt 0.0617 0.2180 0.0000
vt 0.0618 0.2164 0.0000
vt 0.0423 0.2185 0.0000
vt 0.0432 0.2169 0.0000
vt 0.1798 0.2457 0.0000
vt 0.2114 0.2241 0.0000
vt 0.2160 0.2438 0.0000
vt 0.1455 0.2438 0.0000
vt 0.1166 0.2420 0.0000
vt 0.0900 0.2381 0.0000
vt 0.0655 0.2341 0.0000
vt 0.0445 0.2277 0.0000
vt 0.5512 0.2959 0.0000
vt 0.5512 0.2972 0.0000
vt 0.2720 0.5299 0.0000
vt 0.2858 0.5303 0.0000
vt 0.2721 0.5313 0.0000
vt 0.9530 0.0728 0.0000
vt 0.9399 0.0755 0.0000
vt 0.9399 0.0730 0.0000
vt 0.9530 0.0756 0.0000
vt 0.5991 0.1865 0.0000
vt 0.6117 0.1855 0.0000
vt 0.6127 0.1871 0.0000
vt 0.5993 0.1850 0.0000
vt 0.5996 0.1829 0.0000
vt 0.5926 0.1814 0.0000
vt 0.5998 0.1810 0.0000
vt 0.6140 0.1835 0.0000
vt 0.6156 0.1846 0.0000
vt 0.1011 0.7546 0.0000
vt 0.1041 0.7546 0.0000
vt 0.1011 0.7571 0.0000
vt 0.1041 0.7571 0.0000
vt 0.2885 0.5331 0.0000
vt 0.2846 0.5319 0.0000
vt 0.2868 0.5340 0.0000
vt 0.2723 0.5335 0.0000
vt 0.2724 0.5354 0.0000
vt 0.2621 0.5329 0.0000
vt 0.2611 0.5297 0.0000
vt 0.9637 0.0727 0.0000
vt 0.9635 0.0696 0.0000
vt 0.9637 0.0757 0.0000
vt 0.5876 0.1871 0.0000
vt 0.9635 0.0788 0.0000
vt 0.9531 0.0772 0.0000
vt 0.5882 0.1858 0.0000
vt 0.5894 0.1827 0.0000
vt 0.8232 0.1608 0.0000
vt 0.8213 0.1554 0.0000
vt 0.8231 0.1572 0.0000
vt 0.8205 0.1589 0.0000
vt 0.2310 0.4686 0.0000
vt 0.2334 0.4655 0.0000
vt 0.2334 0.4683 0.0000
vt 0.2310 0.4652 0.0000
vt 0.5684 0.2981 0.0000
vt 0.5704 0.2958 0.0000
vt 0.5720 0.2977 0.0000
vt 0.5670 0.2952 0.0000
vt 0.2652 0.5345 0.0000
vt 0.2683 0.5359 0.0000
vt 0.5736 0.2953 0.0000
vt 0.2658 0.5360 0.0000
vt 0.2666 0.5368 0.0000
vt 0.2345 0.4655 0.0000
vt 0.2345 0.4683 0.0000
vt 0.2317 0.4707 0.0000
vt 0.5942 0.1791 0.0000
vt 0.5958 0.1802 0.0000
vt 0.5965 0.1783 0.0000
vt 0.6151 0.1809 0.0000
vt 0.6170 0.1812 0.0000
vt 0.1077 0.7546 0.0000
vt 0.1077 0.7571 0.0000
vt 0.2896 0.5366 0.0000
vt 0.5946 0.1780 0.0000
vt 0.2358 0.4655 0.0000
vt 0.2358 0.4683 0.0000
vt 0.2876 0.5367 0.0000
vt 0.2897 0.5392 0.0000
vt 0.2878 0.5394 0.0000
vt 0.1103 0.7546 0.0000
vt 0.1103 0.7571 0.0000
vt 0.6155 0.1783 0.0000
vt 0.6174 0.1786 0.0000
vt 0.5969 0.1757 0.0000
vt 0.5950 0.1754 0.0000
vt 0.2388 0.4655 0.0000
vt 0.2388 0.4683 0.0000
vt 0.2669 0.5380 0.0000
vt 0.2690 0.5405 0.0000
vt 0.2671 0.5406 0.0000
vt 0.2689 0.5379 0.0000
vt 0.2959 0.7841 0.0000
vt 0.3096 0.7845 0.0000
vt 0.2960 0.7855 0.0000
vt 0.4658 0.5283 0.0000
vt 0.4526 0.5309 0.0000
vt 0.4526 0.5284 0.0000
vt 0.4658 0.5311 0.0000
vt 0.7754 0.7857 0.0000
vt 0.7627 0.7867 0.0000
vt 0.7617 0.7851 0.0000
vt 0.7752 0.7873 0.0000
vt 0.7749 0.7894 0.0000
vt 0.7819 0.7909 0.0000
vt 0.7746 0.7912 0.0000
vt 0.7604 0.7887 0.0000
vt 0.7588 0.7877 0.0000
vt 0.4584 0.4496 0.0000
vt 0.4614 0.4496 0.0000
vt 0.4584 0.4522 0.0000
vt 0.4614 0.4522 0.0000
vt 0.3123 0.7873 0.0000
vt 0.3085 0.7861 0.0000
vt 0.3106 0.7882 0.0000
vt 0.2961 0.7877 0.0000
vt 0.2962 0.7896 0.0000
vt 0.2860 0.7871 0.0000
vt 0.2850 0.7839 0.0000
vt 0.4765 0.5282 0.0000
vt 0.4762 0.5250 0.0000
vt 0.4765 0.5312 0.0000
vt 0.7868 0.7851 0.0000
vt 0.4762 0.5343 0.0000
vt 0.4658 0.5327 0.0000
vt 0.7863 0.7865 0.0000
vt 0.7850 0.7895 0.0000
vt 0.7318 0.8280 0.0000
vt 0.7264 0.8298 0.0000
vt 0.7283 0.8280 0.0000
vt 0.7299 0.8306 0.0000
vt 0.6859 0.5930 0.0000
vt 0.6883 0.5898 0.0000
vt 0.6883 0.5927 0.0000
vt 0.6859 0.5895 0.0000
vt 0.4770 0.4516 0.0000
vt 0.4789 0.4492 0.0000
vt 0.4805 0.4512 0.0000
vt 0.4755 0.4486 0.0000
vt 0.2890 0.7887 0.0000
vt 0.2922 0.7901 0.0000
vt 0.4822 0.4488 0.0000
vt 0.2897 0.7902 0.0000
vt 0.2905 0.7910 0.0000
vt 0.6894 0.5898 0.0000
vt 0.6894 0.5927 0.0000
vt 0.6866 0.5950 0.0000
vt 0.7803 0.7931 0.0000
vt 0.7786 0.7920 0.0000
vt 0.7779 0.7939 0.0000
vt 0.7594 0.7913 0.0000
vt 0.7574 0.7910 0.0000
vt 0.4649 0.4496 0.0000
vt 0.4649 0.4522 0.0000
vt 0.3134 0.7908 0.0000
vt 0.7798 0.7942 0.0000
vt 0.6907 0.5898 0.0000
vt 0.6907 0.5927 0.0000
vt 0.3115 0.7909 0.0000
vt 0.3136 0.7934 0.0000
vt 0.3116 0.7936 0.0000
vt 0.4675 0.4496 0.0000
vt 0.4675 0.4522 0.0000
vt 0.7590 0.7939 0.0000
vt 0.7571 0.7937 0.0000
vt 0.7776 0.7966 0.0000
vt 0.7795 0.7968 0.0000
vt 0.6937 0.5898 0.0000
vt 0.6937 0.5927 0.0000
vt 0.2908 0.7922 0.0000
vt 0.2929 0.7947 0.0000
vt 0.2909 0.7948 0.0000
vt 0.2927 0.7921 0.0000
vt 0.3032 0.9165 0.0000
vt 0.2895 0.9161 0.0000
vt 0.3031 0.9151 0.0000
vt 0.3152 0.5296 0.0000
vt 0.3021 0.5322 0.0000
vt 0.3021 0.5297 0.0000
vt 0.3152 0.5323 0.0000
vt 0.4849 0.6603 0.0000
vt 0.4722 0.6613 0.0000
vt 0.4712 0.6596 0.0000
vt 0.4847 0.6618 0.0000
vt 0.4844 0.6639 0.0000
vt 0.4914 0.6654 0.0000
vt 0.4841 0.6658 0.0000
vt 0.4699 0.6633 0.0000
vt 0.4683 0.6622 0.0000
vt 0.5058 0.4420 0.0000
vt 0.5088 0.4420 0.0000
vt 0.5058 0.4445 0.0000
vt 0.5088 0.4445 0.0000
vt 0.2868 0.9133 0.0000
vt 0.2906 0.9145 0.0000
vt 0.2884 0.9123 0.0000
vt 0.3029 0.9128 0.0000
vt 0.3028 0.9109 0.0000
vt 0.3131 0.9135 0.0000
vt 0.3141 0.9166 0.0000
vt 0.3259 0.5295 0.0000
vt 0.3257 0.5263 0.0000
vt 0.3259 0.5324 0.0000
vt 0.4963 0.6597 0.0000
vt 0.3257 0.5356 0.0000
vt 0.3153 0.5340 0.0000
vt 0.4958 0.6610 0.0000
vt 0.4945 0.6640 0.0000
vt 0.7566 0.1560 0.0000
vt 0.7512 0.1578 0.0000
vt 0.7530 0.1560 0.0000
vt 0.7547 0.1586 0.0000
vt 0.2490 0.4837 0.0000
vt 0.2521 0.4861 0.0000
vt 0.2493 0.4861 0.0000
vt 0.2524 0.4837 0.0000
vt 0.7233 0.2075 0.0000
vt 0.7210 0.2055 0.0000
vt 0.7229 0.2039 0.0000
vt 0.7204 0.2089 0.0000
vt 0.3100 0.9119 0.0000
vt 0.3069 0.9104 0.0000
vt 0.7206 0.2023 0.0000
vt 0.3094 0.9104 0.0000
vt 0.3086 0.9095 0.0000
vt 0.2521 0.4872 0.0000
vt 0.2493 0.4872 0.0000
vt 0.2469 0.4844 0.0000
vt 0.4898 0.6677 0.0000
vt 0.4881 0.6666 0.0000
vt 0.4874 0.6685 0.0000
vt 0.4689 0.6659 0.0000
vt 0.4669 0.6656 0.0000
vt 0.5124 0.4420 0.0000
vt 0.5124 0.4445 0.0000
vt 0.2856 0.9098 0.0000
vt 0.4893 0.6688 0.0000
vt 0.2521 0.4885 0.0000
vt 0.2493 0.4885 0.0000
vt 0.2876 0.9097 0.0000
vt 0.2855 0.9071 0.0000
vt 0.2874 0.9070 0.0000
vt 0.5150 0.4420 0.0000
vt 0.5150 0.4445 0.0000
vt 0.4685 0.6685 0.0000
vt 0.4666 0.6682 0.0000
vt 0.4870 0.6711 0.0000
vt 0.4890 0.6714 0.0000
vt 0.2521 0.4915 0.0000
vt 0.2493 0.4915 0.0000
vt 0.3083 0.9084 0.0000
vt 0.3062 0.9058 0.0000
vt 0.3081 0.9057 0.0000
vt 0.3063 0.9085 0.0000
vt 0.6946 0.1860 0.0000
vt 0.6918 0.1871 0.0000
vt 0.6957 0.1832 0.0000
vt 0.6957 0.1793 0.0000
vt 0.6890 0.1793 0.0000
vt 0.6890 0.1871 0.0000
vt 0.6589 0.1871 0.0000
vt 0.6589 0.1793 0.0000
vt 0.6232 0.1871 0.0000
vt 0.6193 0.1793 0.0000
vt 0.6205 0.1860 0.0000
vt 0.6193 0.1832 0.0000
vt 0.9662 0.5705 0.0000
vt 0.9630 0.5653 0.0000
vt 0.9670 0.5654 0.0000
vt 0.9622 0.5704 0.0000
vt 0.9601 0.5654 0.0000
vt 0.9593 0.5705 0.0000
vt 0.7273 0.8354 0.0000
vt 0.7258 0.8381 0.0000
vt 0.7244 0.8357 0.0000
vt 0.7261 0.8334 0.0000
vt 0.7231 0.8335 0.0000
vt 0.7185 0.8439 0.0000
vt 0.8633 0.9474 0.0000
vt 0.8052 0.9491 0.0000
vt 0.8044 0.9302 0.0000
vt 0.7487 0.9300 0.0000
vt 0.7496 0.9500 0.0000
vt 0.6912 0.9300 0.0000
vt 0.6920 0.9472 0.0000
vt 0.3503 0.9446 0.0000
vt 0.3491 0.9436 0.0000
vt 0.3491 0.9426 0.0000
vt 0.3497 0.9421 0.0000
vt 0.3701 0.9427 0.0000
vt 0.6349 0.7949 0.0000
vt 0.6054 0.8125 0.0000
vt 0.6037 0.7937 0.0000
vt 0.6362 0.8097 0.0000
vt 0.6451 0.7955 0.0000
vt 0.6463 0.8088 0.0000
vt 0.6554 0.7961 0.0000
vt 0.6565 0.8078 0.0000
vt 0.6640 0.7966 0.0000
vt 0.6649 0.8071 0.0000
vt 0.6705 0.8066 0.0000
vt 0.6696 0.7966 0.0000
vt 0.3790 0.5007 0.0000
vt 0.3790 0.4893 0.0000
vt 0.3866 0.4964 0.0000
vt 0.6688 0.7884 0.0000
vt 0.6632 0.7880 0.0000
vt 0.5560 0.8080 0.0000
vt 0.5566 0.7952 0.0000
vt 0.5501 0.8148 0.0000
vt 0.5503 0.8174 0.0000
vt 0.5461 0.8178 0.0000
vt 0.6615 0.5844 0.0000
vt 0.6699 0.5680 0.0000
vt 0.6712 0.5796 0.0000
vt 0.6780 0.5642 0.0000
vt 0.6764 0.5505 0.0000
vt 0.6680 0.5514 0.0000
vt 0.6746 0.5344 0.0000
vt 0.6600 0.5712 0.0000
vt 0.6517 0.5883 0.0000
vt 0.6659 0.5329 0.0000
vt 0.6740 0.5293 0.0000
vt 0.6799 0.5316 0.0000
vt 0.6808 0.5398 0.0000
vt 0.6820 0.5498 0.0000
vt 0.6831 0.5598 0.0000
vt 0.6840 0.5680 0.0000
vt 0.6790 0.5732 0.0000
vt 0.6546 0.7872 0.0000
vt 0.6443 0.7867 0.0000
vt 0.6341 0.7858 0.0000
vt 0.6578 0.5526 0.0000
vt 0.6556 0.5334 0.0000
vt 0.4872 0.6124 0.0000
vt 0.5221 0.6052 0.0000
vt 0.5224 0.6077 0.0000
vt 0.5538 0.6060 0.0000
vt 0.5528 0.6076 0.0000
vt 0.5672 0.6098 0.0000
vt 0.5674 0.6110 0.0000
vt 0.5759 0.6144 0.0000
vt 0.5766 0.6139 0.0000
vt 0.5754 0.6169 0.0000
vt 0.5765 0.6190 0.0000
vt 0.6228 0.6087 0.0000
vt 0.6029 0.7840 0.0000
vt 0.5570 0.7920 0.0000
vt 0.6214 0.5964 0.0000
vt 0.6500 0.5735 0.0000
vt 0.5752 0.6148 0.0000
vt 0.5615 0.7862 0.0000
vt 0.5807 0.6051 0.0000
vt 0.6194 0.5786 0.0000
vt 0.6477 0.5538 0.0000
vt 0.6529 0.5479 0.0000
vt 0.6538 0.5449 0.0000
vt 0.6533 0.5409 0.0000
vt 0.6455 0.5338 0.0000
vt 0.6464 0.5417 0.0000
vt 0.6156 0.5452 0.0000
vt 0.6146 0.5365 0.0000
vt 0.5749 0.5499 0.0000
vt 0.5733 0.5405 0.0000
vt 0.5754 0.5539 0.0000
vt 0.5757 0.5620 0.0000
vt 0.5769 0.5566 0.0000
vt 0.6653 0.5279 0.0000
vt 0.6551 0.5284 0.0000
vt 0.6449 0.5287 0.0000
vt 0.6139 0.5311 0.0000
vt 0.5727 0.5351 0.0000
vt 0.6169 0.5573 0.0000
vt 0.5782 0.5839 0.0000
vt 0.5205 0.5907 0.0000
vt 0.5180 0.5685 0.0000
vt 0.5157 0.5483 0.0000
vt 0.4373 0.5775 0.0000
vt 0.4352 0.5591 0.0000
vt 0.5149 0.5416 0.0000
vt 0.4343 0.5514 0.0000
vt 0.5669 0.6080 0.0000
vt 0.5546 0.6033 0.0000
vt 0.5217 0.6012 0.0000
vt 0.4862 0.6044 0.0000
vt 0.4851 0.5947 0.0000
vt 0.4588 0.6076 0.0000
vt 0.4577 0.5978 0.0000
vt 0.4399 0.5998 0.0000
vt 0.4410 0.6097 0.0000
vt 0.4417 0.6160 0.0000
vt 0.4594 0.6133 0.0000
vt 0.4868 0.6095 0.0000
vt 0.5476 0.7870 0.0000
vt 0.3665 0.5856 0.0000
vt 0.3647 0.5692 0.0000
vt 0.4093 0.6033 0.0000
vt 0.4105 0.6137 0.0000
vt 0.4117 0.6211 0.0000
vt 0.4126 0.6258 0.0000
vt 0.4421 0.6200 0.0000
vt 0.4599 0.6167 0.0000
vt 0.3691 0.6079 0.0000
vt 0.3431 0.6111 0.0000
vt 0.2986 0.5934 0.0000
vt 0.2969 0.5782 0.0000
vt 0.3012 0.6154 0.0000
vt 0.3443 0.6221 0.0000
vt 0.3703 0.6189 0.0000
vt 0.3700 0.6277 0.0000
vt 0.3695 0.6349 0.0000
vt 0.3688 0.6405 0.0000
vt 0.3442 0.6474 0.0000
vt 0.3446 0.6424 0.0000
vt 0.2925 0.6472 0.0000
vt 0.3444 0.6319 0.0000
vt 0.3037 0.6374 0.0000
vt 0.3042 0.6416 0.0000
vt 0.2375 0.6455 0.0000
vt 0.3029 0.6304 0.0000
vt 0.2361 0.6333 0.0000
vt 0.2343 0.6169 0.0000
vt 0.1753 0.6341 0.0000
vt 0.1737 0.6200 0.0000
vt 0.1170 0.6354 0.0000
vt 0.1156 0.6233 0.0000
vt 0.0933 0.6356 0.0000
vt 0.0921 0.6244 0.0000
vt 0.0147 0.6362 0.0000
vt 0.0137 0.6277 0.0000
vt 0.0908 0.6137 0.0000
vt 0.0128 0.6196 0.0000
vt 0.1765 0.6445 0.0000
vt 0.1180 0.6443 0.0000
vt 0.0943 0.6439 0.0000
vt 0.0153 0.6417 0.0000
vt 0.0157 0.6448 0.0000
vt 0.2325 0.6011 0.0000
vt 0.1721 0.6065 0.0000
vt 0.1143 0.6118 0.0000
vt 0.1133 0.6026 0.0000
vt 0.0899 0.6054 0.0000
vt 0.1118 0.5899 0.0000
vt 0.0885 0.5932 0.0000
vt 0.0872 0.5819 0.0000
vt 0.0512 0.5884 0.0000
vt 0.0390 0.5905 0.0000
vt 0.0121 0.6134 0.0000
vt 0.0111 0.6042 0.0000
vt 0.0101 0.5956 0.0000
vt 0.2308 0.5867 0.0000
vt 0.1708 0.5950 0.0000
vt 0.1692 0.5808 0.0000
vt 0.1104 0.5777 0.0000
vt 0.2948 0.5602 0.0000
vt 0.2290 0.5711 0.0000
vt 0.1676 0.5666 0.0000
vt 0.2272 0.5550 0.0000
vt 0.2929 0.5433 0.0000
vt 0.0020 0.9339 0.0000
vt 0.0216 0.9333 0.0000
vt 0.0143 0.9339 0.0000
vt 0.0507 0.9321 0.0000
vt 0.0506 0.9339 0.0000
vt 0.0561 0.9320 0.0000
vt 0.0741 0.9340 0.0000
vt 0.0741 0.9300 0.0000
vt 0.1320 0.9300 0.0000
vt 0.1320 0.9350 0.0000
vt 0.1924 0.9300 0.0000
vt 0.1924 0.9352 0.0000
vt 0.2589 0.9300 0.0000
vt 0.2588 0.9352 0.0000
vt 0.0367 0.9323 0.0000
vt 0.6296 0.9351 0.0000
vt 0.6296 0.9300 0.0000
vt 0.6347 0.9300 0.0000
vt 0.6380 0.9458 0.0000
vt 0.6296 0.9484 0.0000
vt 0.6193 0.9363 0.0000
vt 0.6193 0.9493 0.0000
vt 0.6092 0.9370 0.0000
vt 0.6092 0.9500 0.0000
vt 0.5783 0.9370 0.0000
vt 0.5783 0.9511 0.0000
vt 0.5369 0.9370 0.0000
vt 0.5369 0.9522 0.0000
vt 0.4790 0.9501 0.0000
vt 0.4790 0.9370 0.0000
vt 0.5369 0.9582 0.0000
vt 0.5783 0.9565 0.0000
vt 0.6092 0.9550 0.0000
vt 0.6193 0.9540 0.0000
vt 0.6296 0.9534 0.0000
vt 0.6380 0.9509 0.0000
vt 0.6436 0.9401 0.0000
vt 0.6436 0.9483 0.0000
vt 0.6436 0.9300 0.0000
vt 0.6380 0.9332 0.0000
vt 0.7116 0.8889 0.0000
vt 0.9038 0.8465 0.0000
vt 0.8423 0.8512 0.0000
vt 0.7828 0.8561 0.0000
vt 0.7206 0.8603 0.0000
vt 0.5799 0.5574 0.0000
vt 0.6165 0.5532 0.0000
vt 0.6473 0.5497 0.0000
vt 0.6502 0.5494 0.0000
vt 0.4429 0.8272 0.0000
vt 0.4708 0.8227 0.0000
vt 0.4710 0.8246 0.0000
vt 0.4405 0.8004 0.0000
vt 0.4717 0.8216 0.0000
vt 0.4743 0.8198 0.0000
vt 0.4757 0.8190 0.0000
vt 0.4782 0.8182 0.0000
vt 0.5028 0.7948 0.0000
vt 0.4843 0.8165 0.0000
vt 0.5045 0.8134 0.0000
vt 0.5190 0.8118 0.0000
vt 0.5324 0.7921 0.0000
vt 0.5324 0.8106 0.0000
vt 0.5332 0.8106 0.0000
vt 0.5336 0.8110 0.0000
vt 0.5340 0.8122 0.0000
vt 0.5343 0.8139 0.0000
vt 0.5349 0.8188 0.0000
vt 0.3851 0.9719 0.0000
vt 0.3983 0.9747 0.0000
vt 0.5490 0.7906 0.0000
vt 0.5544 0.7901 0.0000
vt 0.3971 0.8313 0.0000
vt 0.3550 0.8351 0.0000
vt 0.3545 0.8291 0.0000
vt 0.2751 0.8423 0.0000
vt 0.2209 0.8472 0.0000
vt 0.2194 0.8299 0.0000
vt 0.1608 0.8527 0.0000
vt 0.1595 0.8382 0.0000
vt 0.1031 0.8579 0.0000
vt 0.1020 0.8464 0.0000
vt 0.2615 0.8991 0.0000
vt 0.2758 0.8992 0.0000
vt 0.2615 0.9031 0.0000
vt 0.2758 0.9030 0.0000
vt 0.3249 0.8997 0.0000
vt 0.3249 0.9025 0.0000
vt 0.3475 0.8999 0.0000
vt 0.8436 0.7182 0.0000
vt 0.8294 0.7182 0.0000
vt 0.8436 0.7151 0.0000
vt 0.8294 0.7151 0.0000
vt 0.7806 0.7182 0.0000
vt 0.7806 0.7151 0.0000
vt 0.7581 0.7182 0.0000
vt 0.7581 0.7151 0.0000
vt 0.7451 0.7180 0.0000
vt 0.7462 0.7151 0.0000
vt 0.3475 0.9023 0.0000
vt 0.3607 0.9000 0.0000
vt 0.3607 0.9021 0.0000
vt 0.3761 0.9002 0.0000
vt 0.3761 0.9020 0.0000
vt 0.7297 0.7041 0.0000
vt 0.7316 0.7016 0.0000
vt 0.7275 0.7020 0.0000
vt 0.7252 0.6956 0.0000
vt 0.7337 0.5501 0.0000
vt 0.7301 0.5449 0.0000
vt 0.7366 0.5389 0.0000
vt 0.7417 0.5460 0.0000
vt 0.7466 0.5610 0.0000
vt 0.7535 0.5554 0.0000
vt 0.7632 0.5702 0.0000
vt 0.7687 0.5633 0.0000
vt 0.8038 0.5828 0.0000
vt 0.8063 0.5742 0.0000
vt 0.8486 0.5872 0.0000
vt 0.8486 0.5781 0.0000
vt 0.8486 0.5254 0.0000
vt 0.7511 0.5254 0.0000
vt 0.7631 0.5254 0.0000
vt 0.7855 0.5254 0.0000
vt 0.8343 0.5254 0.0000
vt 0.8167 0.7318 0.0000
vt 0.8101 0.7318 0.0000
vt 0.3886 0.5002 0.0000
vt 0.3886 0.4907 0.0000
vt 0.3897 0.4908 0.0000
vt 0.9049 0.6176 0.0000
vt 0.9380 0.6170 0.0000
vt 0.9057 0.6224 0.0000
vt 0.8778 0.6220 0.0000
vt 0.8772 0.6183 0.0000
vt 0.8526 0.6215 0.0000
vt 0.8521 0.6192 0.0000
vt 0.8294 0.6210 0.0000
vt 0.8291 0.6201 0.0000
vt 0.8110 0.6209 0.0000
vt 0.3893 0.4893 0.0000
vt 0.0979 0.8149 0.0000
vt 0.1163 0.8154 0.0000
vt 0.1397 0.8161 0.0000
vt 0.1653 0.8169 0.0000
vt 0.1935 0.8177 0.0000
vt 0.2272 0.8187 0.0000
vt 0.2628 0.8197 0.0000
vt 0.5326 0.5272 0.0000
vt 0.5334 0.5323 0.0000
vt 0.9737 0.6221 0.0000
vt 0.9388 0.6223 0.0000
vt 0.9732 0.6169 0.0000
vt 0.2497 0.5399 0.0000
vt 0.2496 0.5406 0.0000
vt 0.2489 0.5406 0.0000
vt 0.7446 0.1458 0.0000
vt 0.7757 0.1445 0.0000
vt 0.7757 0.1458 0.0000
vt 0.7446 0.1445 0.0000
vt 0.7135 0.1419 0.0000
vt 0.7135 0.1413 0.0000
vt 0.7446 0.1423 0.0000
vt 0.7757 0.1423 0.0000
vt 0.7757 0.1408 0.0000
vt 0.7446 0.1408 0.0000
vt 0.7135 0.1407 0.0000
vt 0.2295 0.4615 0.0000
vt 0.2305 0.4654 0.0000
vt 0.2293 0.4620 0.0000
vt 0.2259 0.4615 0.0000
vt 0.2261 0.4620 0.0000
vt 0.2243 0.4652 0.0000
vt 0.2248 0.4654 0.0000
vt 0.2243 0.4686 0.0000
vt 0.2248 0.4684 0.0000
vt 0.2259 0.4722 0.0000
vt 0.2261 0.4718 0.0000
vt 0.2295 0.4722 0.0000
vt 0.2293 0.4718 0.0000
vt 0.2305 0.4684 0.0000
vt 0.3386 0.9678 0.0000
vt 0.3194 0.9680 0.0000
vt 0.3194 0.9671 0.0000
vt 0.2413 0.9781 0.0000
vt 0.2229 0.9781 0.0000
vt 0.2229 0.9773 0.0000
vt 0.2229 0.9789 0.0000
vt 0.2636 0.9787 0.0000
vt 0.2828 0.9780 0.0000
vt 0.2828 0.9789 0.0000
vt 0.2827 0.9774 0.0000
vt 0.2025 0.9781 0.0000
vt 0.2209 0.9781 0.0000
vt 0.2209 0.9789 0.0000
vt 0.2209 0.9773 0.0000
vt 0.3195 0.9664 0.0000
vt 0.6844 0.5858 0.0000
vt 0.6854 0.5897 0.0000
vt 0.6842 0.5863 0.0000
vt 0.6808 0.5858 0.0000
vt 0.6810 0.5863 0.0000
vt 0.6792 0.5895 0.0000
vt 0.6797 0.5897 0.0000
vt 0.6792 0.5930 0.0000
vt 0.6797 0.5928 0.0000
vt 0.6808 0.5966 0.0000
vt 0.6810 0.5961 0.0000
vt 0.6844 0.5966 0.0000
vt 0.6842 0.5961 0.0000
vt 0.6854 0.5928 0.0000
vt 0.2128 0.2091 0.0000
vt 0.2048 0.2073 0.0000
vt 0.2160 0.1949 0.0000
vt 0.2132 0.1942 0.0000
vt 0.1648 0.1981 0.0000
vt 0.1681 0.1839 0.0000
vt 0.1676 0.1803 0.0000
vt 0.1640 0.1993 0.0000
vt 0.1570 0.2065 0.0000
vt 0.1481 0.2103 0.0000
vt 0.1638 0.1715 0.0000
vt 0.1386 0.2105 0.0000
vt 0.1368 0.2098 0.0000
vt 0.1228 0.2007 0.0000
vt 0.1290 0.2068 0.0000
vt 0.1472 0.1606 0.0000
vt 0.1286 0.1646 0.0000
vt 0.1375 0.1608 0.0000
vt 0.1566 0.1643 0.0000
vt 0.1216 0.1718 0.0000
vt 0.1179 0.1811 0.0000
vt 0.1180 0.1908 0.0000
vt 0.1218 0.1997 0.0000
vt 0.7161 0.1730 0.0000
vt 0.7020 0.1729 0.0000
vt 0.7161 0.1565 0.0000
vt 0.7020 0.1563 0.0000
vt 0.0671 0.7738 0.0000
vt 0.0215 0.7704 0.0000
vt 0.0703 0.7574 0.0000
vt 0.0247 0.7540 0.0000
vt 0.0187 0.7699 0.0000
vt 0.0219 0.7535 0.0000
vt 0.9906 0.0184 0.0000
vt 0.9827 0.0193 0.0000
vt 0.9887 0.0020 0.0000
vt 0.9808 0.0029 0.0000
vt 0.9428 0.0191 0.0000
vt 0.9409 0.0027 0.0000
vt 0.7327 0.7281 0.0000
vt 0.7411 0.7286 0.0000
vt 0.7327 0.7449 0.0000
vt 0.7411 0.7455 0.0000
vt 0.7514 0.7287 0.0000
vt 0.7514 0.7456 0.0000
vt 0.7618 0.7284 0.0000
vt 0.7618 0.7452 0.0000
vt 0.7702 0.7276 0.0000
vt 0.7702 0.7444 0.0000
vt 0.1071 0.7769 0.0000
vt 0.0986 0.7763 0.0000
vt 0.1103 0.7604 0.0000
vt 0.1018 0.7599 0.0000
vt 0.0883 0.7756 0.0000
vt 0.0915 0.7591 0.0000
vt 0.0778 0.7748 0.0000
vt 0.0810 0.7583 0.0000
vt 0.0696 0.7741 0.0000
vt 0.0728 0.7576 0.0000
vt 0.4051 0.4734 0.0000
vt 0.4036 0.4734 0.0000
vt 0.4044 0.4566 0.0000
vt 0.4029 0.4566 0.0000
vt 0.3933 0.4734 0.0000
vt 0.3927 0.4567 0.0000
vt 0.3849 0.4730 0.0000
vt 0.3842 0.4562 0.0000
vt 0.2160 0.1814 0.0000
vt 0.2077 0.1814 0.0000
vt 0.2141 0.1647 0.0000
vt 0.2058 0.1646 0.0000
vt 0.2058 0.1814 0.0000
vt 0.2039 0.1646 0.0000
vt 0.1972 0.1812 0.0000
vt 0.1952 0.1645 0.0000
vt 0.1881 0.1813 0.0000
vt 0.1862 0.1645 0.0000
vt 0.1868 0.1813 0.0000
vt 0.1849 0.1645 0.0000
vt 0.1783 0.1813 0.0000
vt 0.1764 0.1646 0.0000
vt 0.2561 0.4822 0.0000
vt 0.2522 0.4832 0.0000
vt 0.2556 0.4820 0.0000
vt 0.2561 0.4786 0.0000
vt 0.2556 0.4788 0.0000
vt 0.2524 0.4770 0.0000
vt 0.2522 0.4775 0.0000
vt 0.2490 0.4770 0.0000
vt 0.2492 0.4775 0.0000
vt 0.2454 0.4786 0.0000
vt 0.2458 0.4788 0.0000
vt 0.2454 0.4822 0.0000
vt 0.2458 0.4820 0.0000
vt 0.2492 0.4832 0.0000
vt 0.5815 0.4935 0.0000
vt 0.5866 0.4903 0.0000
vt 0.5866 0.4931 0.0000
vt 0.5815 0.4907 0.0000
vt 0.5867 0.4864 0.0000
vt 0.5815 0.4868 0.0000
vt 0.5153 0.9835 0.0000
vt 0.5179 0.9883 0.0000
vt 0.5151 0.9886 0.0000
vt 0.5181 0.9832 0.0000
vt 0.5208 0.9881 0.0000
vt 0.5210 0.9830 0.0000
vt 0.5508 0.9873 0.0000
vt 0.5510 0.9822 0.0000
vt 0.5865 0.9878 0.0000
vt 0.5867 0.9828 0.0000
vt 0.5892 0.9879 0.0000
vt 0.5894 0.9828 0.0000
vt 0.1792 0.5082 0.0000
vt 0.2188 0.5132 0.0000
vt 0.1793 0.5132 0.0000
vt 0.2186 0.5081 0.0000
vt 0.2487 0.5139 0.0000
vt 0.2486 0.5088 0.0000
vt 0.2555 0.5144 0.0000
vt 0.2553 0.5094 0.0000
vt 0.6622 0.5116 0.0000
vt 0.7164 0.5111 0.0000
vt 0.6619 0.5143 0.0000
vt 0.7161 0.5138 0.0000
vt 0.7672 0.5115 0.0000
vt 0.7669 0.5142 0.0000
vt 0.8209 0.5116 0.0000
vt 0.8206 0.5143 0.0000
vt 0.5892 0.4536 0.0000
vt 0.5942 0.4536 0.0000
vt 0.5892 0.4548 0.0000
vt 0.5892 0.4479 0.0000
vt 0.5942 0.4479 0.0000
vt 0.5892 0.4508 0.0000
vt 0.5961 0.4479 0.0000
vt 0.5961 0.4536 0.0000
vt 0.5942 0.4559 0.0000
vt 0.5961 0.4559 0.0000
vt 0.5942 0.4581 0.0000
vt 0.5892 0.4580 0.0000
vt 0.5961 0.4581 0.0000
vt 0.2367 0.4621 0.0000
vt 0.2355 0.4633 0.0000
vt 0.2367 0.4615 0.0000
vt 0.2355 0.4615 0.0000
vt 0.6489 0.8543 0.0000
vt 0.6484 0.8524 0.0000
vt 0.6492 0.8543 0.0000
vt 0.6484 0.8512 0.0000
vt 0.6440 0.8515 0.0000
vt 0.6440 0.8502 0.0000
vt 0.6463 0.8522 0.0000
vt 0.6463 0.8509 0.0000
vt 0.6484 0.8538 0.0000
vt 0.5892 0.4474 0.0000
vt 0.5942 0.4474 0.0000
vt 0.5892 0.4477 0.0000
vt 0.5957 0.4474 0.0000
vt 0.7600 0.0064 0.0000
vt 0.7600 0.0079 0.0000
vt 0.7592 0.0063 0.0000
vt 0.7592 0.0080 0.0000
vt 0.6378 0.8499 0.0000
vt 0.6378 0.8488 0.0000
vt 0.6383 0.8502 0.0000
vt 0.6383 0.8489 0.0000
vt 0.6378 0.8480 0.0000
vt 0.6383 0.8479 0.0000
vt 0.4651 0.6349 0.0000
vt 0.4651 0.6335 0.0000
vt 0.4659 0.6351 0.0000
vt 0.4659 0.6333 0.0000
vt 0.5446 0.8115 0.0000
vt 0.5447 0.8131 0.0000
vt 0.5440 0.8113 0.0000
vt 0.5442 0.8131 0.0000
vt 0.0430 0.2422 0.0000
vt 0.0430 0.2431 0.0000
vt 0.0423 0.2419 0.0000
vt 0.0423 0.2430 0.0000
vt 0.0430 0.2439 0.0000
vt 0.0423 0.2440 0.0000
vt 0.0430 0.2448 0.0000
vt 0.0423 0.2451 0.0000
vt 0.3085 0.5348 0.0000
vt 0.3097 0.5348 0.0000
vt 0.3084 0.5356 0.0000
vt 0.5122 0.2902 0.0000
vt 0.5074 0.2902 0.0000
vt 0.5122 0.2899 0.0000
vt 0.5061 0.2902 0.0000
vt 0.5073 0.2896 0.0000
vt 0.5058 0.2896 0.0000
vt 0.3117 0.5268 0.0000
vt 0.3129 0.5268 0.0000
vt 0.3116 0.5276 0.0000
vt 0.3130 0.5276 0.0000
vt 0.0050 0.4901 0.0000
vt 0.0052 0.4459 0.0000
vt 0.0104 0.4459 0.0000
vt 0.0078 0.4168 0.0000
vt 0.0126 0.4172 0.0000
vt 0.0092 0.3993 0.0000
vt 0.0134 0.3996 0.0000
vt 0.0113 0.3725 0.0000
vt 0.0147 0.3728 0.0000
vt 0.0136 0.3380 0.0000
vt 0.0158 0.3383 0.0000
vt 0.0130 0.3084 0.0000
vt 0.0156 0.3097 0.0000
vt 0.0107 0.2945 0.0000
vt 0.0118 0.2945 0.0000
vt 0.0055 0.2869 0.0000
vt 0.3734 0.9641 0.0000
vt 0.3809 0.9678 0.0000
vt 0.3793 0.9681 0.0000
vt 0.3833 0.9697 0.0000
vt 0.3814 0.9674 0.0000
vt 0.4342 0.7917 0.0000
vt 0.4342 0.7965 0.0000
vt 0.4296 0.7917 0.0000
vt 0.5122 0.2993 0.0000
vt 0.5074 0.2993 0.0000
vt 0.5122 0.2947 0.0000
vt 0.5061 0.2993 0.0000
vt 0.0529 0.2413 0.0000
vt 0.0529 0.2422 0.0000
vt 0.0430 0.2413 0.0000
vt 0.0529 0.2431 0.0000
vt 0.0529 0.2439 0.0000
vt 0.5122 0.3100 0.0000
vt 0.0646 0.2435 0.0000
vt 0.0529 0.2448 0.0000
vt 0.0529 0.2457 0.0000
vt 0.0430 0.2457 0.0000
vt 0.4251 0.7978 0.0000
vt 0.4251 0.7965 0.0000
vt 0.4342 0.7978 0.0000
vt 0.4144 0.7917 0.0000
vt 0.5342 0.8122 0.0000
vt 0.5364 0.8138 0.0000
vt 0.5369 0.8187 0.0000
vt 0.5380 0.8186 0.0000
vt 0.5391 0.8185 0.0000
vt 0.5386 0.8136 0.0000
vt 0.5418 0.8182 0.0000
vt 0.5385 0.8118 0.0000
vt 0.6440 0.8453 0.0000
vt 0.6440 0.8466 0.0000
vt 0.6383 0.8453 0.0000
vt 0.6383 0.8466 0.0000
vt 0.6440 0.8479 0.0000
vt 0.6440 0.8489 0.0000
vt 0.6463 0.8489 0.0000
vt 0.6463 0.8496 0.0000
vt 0.6383 0.8515 0.0000
vt 0.6463 0.8479 0.0000
vt 0.6484 0.8489 0.0000
vt 0.6484 0.8502 0.0000
vt 0.6500 0.8502 0.0000
vt 0.6500 0.8542 0.0000
vt 0.6638 0.8534 0.0000
vt 0.6638 0.8505 0.0000
vt 0.6787 0.8517 0.0000
vt 0.6787 0.8504 0.0000
vt 0.6994 0.8528 0.0000
vt 0.6787 0.8494 0.0000
vt 0.6994 0.8514 0.0000
vt 0.6787 0.8481 0.0000
vt 0.6500 0.8489 0.0000
vt 0.6787 0.8525 0.0000
vt 0.6638 0.8469 0.0000
vt 0.6638 0.8456 0.0000
vt 0.6787 0.8468 0.0000
vt 0.6500 0.8453 0.0000
vt 0.6994 0.8501 0.0000
vt 0.7084 0.8522 0.0000
vt 0.6994 0.8488 0.0000
vt 0.7084 0.8509 0.0000
vt 0.7098 0.8529 0.0000
vt 0.7126 0.8529 0.0000
vt 0.7058 0.8529 0.0000
vt 0.7084 0.8529 0.0000
vt 0.5362 0.8120 0.0000
vt 0.6463 0.8453 0.0000
vt 0.6463 0.8466 0.0000
vt 0.6484 0.8479 0.0000
vt 0.6500 0.8479 0.0000
vt 0.6638 0.8492 0.0000
vt 0.6638 0.8482 0.0000
vt 0.6500 0.8466 0.0000
vt 0.6484 0.8453 0.0000
vt 0.5326 0.8123 0.0000
vt 0.6484 0.8466 0.0000
vt 0.5348 0.8188 0.0000
vt 0.5358 0.8188 0.0000
vt 0.5327 0.8141 0.0000
vt 0.5192 0.8135 0.0000
vt 0.5193 0.8153 0.0000
vt 0.5046 0.8150 0.0000
vt 0.5047 0.8168 0.0000
vt 0.4844 0.8179 0.0000
vt 0.4846 0.8193 0.0000
vt 0.4758 0.8200 0.0000
vt 0.4759 0.8211 0.0000
vt 0.5332 0.8190 0.0000
vt 0.5340 0.8189 0.0000
vt 0.5198 0.8202 0.0000
vt 0.5265 0.8196 0.0000
vt 0.5052 0.8215 0.0000
vt 0.5123 0.8209 0.0000
vt 0.4849 0.8234 0.0000
vt 0.4942 0.8225 0.0000
vt 0.4762 0.8241 0.0000
vt 0.4800 0.8238 0.0000
vt 0.0327 0.4191 0.0000
vt 0.0306 0.4457 0.0000
vt 0.0848 0.4471 0.0000
vt 0.1325 0.4889 0.0000
vt 0.1897 0.4467 0.0000
vt 0.1868 0.4839 0.0000
vt 0.1357 0.4488 0.0000
vt 0.0815 0.4894 0.0000
vt 0.0271 0.4906 0.0000
vt 0.0224 0.4918 0.0000
vt 0.0165 0.4947 0.0000
vt 0.0101 0.5013 0.0000
vt 0.0020 0.5144 0.0000
vt 0.0341 0.4009 0.0000
vt 0.0882 0.4049 0.0000
vt 0.1388 0.4086 0.0000
vt 0.1925 0.4115 0.0000
vt 0.2293 0.4123 0.0000
vt 0.2269 0.4433 0.0000
vt 0.2624 0.4121 0.0000
vt 0.2603 0.4389 0.0000
vt 0.2902 0.4112 0.0000
vt 0.2884 0.4343 0.0000
vt 0.2880 0.4397 0.0000
vt 0.3133 0.4368 0.0000
vt 0.2266 0.4468 0.0000
vt 0.1894 0.4511 0.0000
vt 0.2600 0.4430 0.0000
vt 0.3366 0.4341 0.0000
vt 0.3139 0.4290 0.0000
vt 0.3154 0.4095 0.0000
vt 0.3168 0.3917 0.0000
vt 0.2918 0.3906 0.0000
vt 0.2642 0.3892 0.0000
vt 0.2313 0.3872 0.0000
vt 0.1946 0.3850 0.0000
vt 0.1411 0.3816 0.0000
vt 0.0902 0.3783 0.0000
vt 0.0362 0.3744 0.0000
vt 0.1435 0.3497 0.0000
vt 0.0929 0.3451 0.0000
vt 0.0389 0.3405 0.0000
vt 0.3566 0.4318 0.0000
vt 0.3374 0.4236 0.0000
vt 0.3387 0.4074 0.0000
vt 0.3398 0.3927 0.0000
vt 0.3415 0.3714 0.0000
vt 0.3187 0.3684 0.0000
vt 0.2938 0.3653 0.0000
vt 0.2663 0.3621 0.0000
vt 0.2335 0.3587 0.0000
vt 0.1969 0.3550 0.0000
vt 0.3576 0.4185 0.0000
vt 0.3587 0.4050 0.0000
vt 0.3596 0.3934 0.0000
vt 0.3611 0.3743 0.0000
vt 0.3624 0.3581 0.0000
vt 0.3429 0.3534 0.0000
vt 0.3202 0.3487 0.0000
vt 0.2955 0.3438 0.0000
vt 0.2681 0.3392 0.0000
vt 0.2354 0.3345 0.0000
vt 0.2365 0.3210 0.0000
vt 0.1989 0.3297 0.0000
vt 0.2000 0.3156 0.0000
vt 0.2691 0.3264 0.0000
vt 0.2965 0.3319 0.0000
vt 0.3211 0.3377 0.0000
vt 0.3437 0.3434 0.0000
vt 0.3631 0.3491 0.0000
vt 0.3817 0.3561 0.0000
vt 0.3811 0.3637 0.0000
vt 0.3926 0.3618 0.0000
vt 0.3921 0.3682 0.0000
vt 0.4047 0.3708 0.0000
vt 0.4043 0.3753 0.0000
vt 0.0963 0.3013 0.0000
vt 0.1471 0.3029 0.0000
vt 0.1468 0.3076 0.0000
vt 0.2004 0.3111 0.0000
vt 0.2368 0.3168 0.0000
vt 0.2695 0.3224 0.0000
vt 0.2968 0.3281 0.0000
vt 0.3214 0.3342 0.0000
vt 0.3439 0.3402 0.0000
vt 0.3633 0.3462 0.0000
vt 0.3819 0.3537 0.0000
vt 0.3928 0.3597 0.0000
vt 0.3634 0.3452 0.0000
vt 0.3440 0.3390 0.0000
vt 0.0229 0.9681 0.0000
vt 0.0020 0.9660 0.0000
vt 0.0227 0.9663 0.0000
vt 0.0470 0.9688 0.0000
vt 0.0469 0.9666 0.0000
vt 0.0733 0.9695 0.0000
vt 0.0731 0.9669 0.0000
vt 0.1024 0.9703 0.0000
vt 0.1021 0.9673 0.0000
vt 0.1370 0.9712 0.0000
vt 0.1367 0.9678 0.0000
vt 0.1756 0.9721 0.0000
vt 0.1753 0.9684 0.0000
vt 0.2320 0.9734 0.0000
vt 0.2317 0.9692 0.0000
vt 0.2854 0.9747 0.0000
vt 0.2850 0.9701 0.0000
vt 0.3419 0.9710 0.0000
vt 0.0967 0.2964 0.0000
vt 0.0424 0.2960 0.0000
vt 0.0428 0.2910 0.0000
vt 0.0411 0.3119 0.0000
vt 0.0951 0.3170 0.0000
vt 0.1456 0.3227 0.0000
vt 0.0069 0.2877 0.0000
vt 0.2609 0.9570 0.0000
vt 0.2818 0.9555 0.0000
vt 0.2818 0.9582 0.0000
vt 0.7988 0.6577 0.0000
vt 0.8436 0.6533 0.0000
vt 0.8014 0.6662 0.0000
vt 0.7637 0.6772 0.0000
vt 0.7582 0.6703 0.0000
vt 0.7485 0.6851 0.0000
vt 0.7416 0.6794 0.0000
vt 0.7368 0.6944 0.0000
vt 0.7287 0.6903 0.0000
vt 0.8436 0.6624 0.0000
vt 0.8486 0.5223 0.0000
vt 0.8343 0.5223 0.0000
vt 0.7855 0.5223 0.0000
vt 0.7631 0.5223 0.0000
vt 0.7500 0.5225 0.0000
vt 0.7347 0.5364 0.0000
vt 0.7325 0.5385 0.0000
vt 0.3783 0.9011 0.0000
vt 0.4019 0.4056 0.0000
vt 0.4097 0.3950 0.0000
vt 0.4093 0.3999 0.0000
vt 0.4138 0.3930 0.0000
vt 0.4139 0.3912 0.0000
vt 0.4168 0.3900 0.0000
vt 0.4136 0.3954 0.0000
vt 0.4134 0.3978 0.0000
vt 0.4089 0.4047 0.0000
vt 0.4014 0.4127 0.0000
vt 0.3878 0.4240 0.0000
vt 0.4111 0.3774 0.0000
vt 0.4108 0.3804 0.0000
vt 0.4145 0.3840 0.0000
vt 0.4144 0.3854 0.0000
vt 0.4142 0.3881 0.0000
vt 0.4099 0.3922 0.0000
vt 0.4025 0.3985 0.0000
vt 0.3889 0.4095 0.0000
vt 0.3757 0.4317 0.0000
vt 0.3772 0.4130 0.0000
vt 0.3558 0.4416 0.0000
vt 0.3787 0.3937 0.0000
vt 0.3781 0.4022 0.0000
vt 0.3896 0.4005 0.0000
vt 0.4029 0.3929 0.0000
vt 0.4104 0.3858 0.0000
vt 0.4037 0.3834 0.0000
vt 0.3912 0.3799 0.0000
vt 0.3800 0.3775 0.0000
vt 0.3901 0.3936 0.0000
vt 0.2554 0.4862 0.0000
vt 0.2545 0.4862 0.0000
vt 0.2550 0.4860 0.0000
vt 0.9361 0.3440 0.0000
vt 0.9267 0.3436 0.0000
vt 0.9364 0.3431 0.0000
vt 0.9364 0.3444 0.0000
vt 0.5471 0.2651 0.0000
vt 0.5470 0.2667 0.0000
vt 0.5210 0.2667 0.0000
vt 0.5758 0.2665 0.0000
vt 0.5760 0.2642 0.0000
vt 0.6104 0.2636 0.0000
vt 0.2265 0.4484 0.0000
vt 0.1892 0.4530 0.0000
vt 0.6487 0.2624 0.0000
vt 0.6485 0.2652 0.0000
vt 0.6102 0.2659 0.0000
vt 0.5213 0.2634 0.0000
vt 0.5211 0.2651 0.0000
vt 0.4973 0.2641 0.0000
vt 0.4971 0.2655 0.0000
vt 0.4766 0.2650 0.0000
vt 0.4766 0.2654 0.0000
vt 0.4765 0.2659 0.0000
vt 0.4971 0.2664 0.0000
vt 0.5474 0.2619 0.0000
vt 0.5762 0.2610 0.0000
vt 0.6107 0.2599 0.0000
vt 0.6490 0.2589 0.0000
vt 0.4440 0.9930 0.0000
vt 0.4042 0.9961 0.0000
vt 0.4042 0.9930 0.0000
vt 0.4440 0.9961 0.0000
vt 0.8459 0.7486 0.0000
vt 0.8061 0.7518 0.0000
vt 0.8061 0.7486 0.0000
vt 0.8459 0.7518 0.0000
vt 0.8061 0.7550 0.0000
vt 0.8459 0.7550 0.0000
vt 0.1084 0.1405 0.0000
vt 0.1483 0.1374 0.0000
vt 0.1483 0.1405 0.0000
vt 0.1084 0.1374 0.0000
vt 0.1483 0.1342 0.0000
vt 0.1084 0.1342 0.0000
vt 0.9104 0.9363 0.0000
vt 0.9503 0.9332 0.0000
vt 0.9503 0.9363 0.0000
vt 0.9104 0.9332 0.0000
vt 0.9503 0.9300 0.0000
vt 0.9104 0.9300 0.0000
vt 0.4440 0.9898 0.0000
vt 0.4042 0.9898 0.0000
vt 0.4853 0.9930 0.0000
vt 0.4853 0.9944 0.0000
vt 0.8872 0.7504 0.0000
vt 0.8872 0.7518 0.0000
vt 0.8872 0.7532 0.0000
vt 0.0671 0.1388 0.0000
vt 0.0671 0.1374 0.0000
vt 0.0671 0.1360 0.0000
vt 0.8691 0.9346 0.0000
vt 0.8691 0.9332 0.0000
vt 0.8691 0.9318 0.0000
vt 0.4853 0.9916 0.0000
vt 0.8459 0.1986 0.0000
vt 0.8456 0.1972 0.0000
vt 0.8466 0.1983 0.0000
vt 0.8453 0.1980 0.0000
vt 0.8442 0.1972 0.0000
vt 0.8445 0.1979 0.0000
vt 0.8431 0.1982 0.0000
vt 0.8438 0.1985 0.0000
vt 0.8431 0.1997 0.0000
vt 0.8438 0.1994 0.0000
vt 0.8441 0.2007 0.0000
vt 0.8444 0.2000 0.0000
vt 0.8456 0.2008 0.0000
vt 0.8453 0.2000 0.0000
vt 0.8466 0.1997 0.0000
vt 0.8459 0.1994 0.0000
vt 0.7853 0.1590 0.0000
vt 0.7679 0.1621 0.0000
vt 0.7679 0.1590 0.0000
vt 0.7979 0.1619 0.0000
vt 0.7997 0.1662 0.0000
vt 0.7961 0.1662 0.0000
vt 0.7853 0.1558 0.0000
vt 0.7679 0.1558 0.0000
vt 0.0166 0.9409 0.0000
vt 0.0166 0.9582 0.0000
vt 0.0134 0.9409 0.0000
vt 0.0134 0.9582 0.0000
vt 0.0103 0.9409 0.0000
vt 0.0103 0.9582 0.0000
vt 0.4470 0.7863 0.0000
vt 0.4644 0.7863 0.0000
vt 0.4470 0.7895 0.0000
vt 0.4644 0.7895 0.0000
vt 0.4470 0.7927 0.0000
vt 0.4644 0.7927 0.0000
vt 0.6933 0.8413 0.0000
vt 0.6760 0.8413 0.0000
vt 0.6933 0.8382 0.0000
vt 0.6760 0.8382 0.0000
vt 0.6933 0.8350 0.0000
vt 0.6760 0.8350 0.0000
vt 0.7853 0.1621 0.0000
vt 0.8022 0.1637 0.0000
vt 0.7936 0.1637 0.0000
vt 0.8023 0.1602 0.0000
vt 0.7937 0.1601 0.0000
vt 0.7998 0.1576 0.0000
vt 0.7962 0.1576 0.0000
vt 0.0074 0.5245 0.0000
vt 0.0105 0.5332 0.0000
vt 0.0067 0.5314 0.0000
vt 0.0132 0.5238 0.0000
vt 0.0184 0.5408 0.0000
vt 0.0229 0.5227 0.0000
vt 0.0281 0.5268 0.0000
vt 0.0269 0.5223 0.0000
vt 0.0298 0.5245 0.0000
vt 0.0401 0.5424 0.0000
vt 0.0423 0.5406 0.0000
vt 0.0515 0.5618 0.0000
vt 0.0540 0.5605 0.0000
vt 0.0570 0.5704 0.0000
vt 0.0593 0.5682 0.0000
vt 0.0270 0.5532 0.0000
vt 0.0366 0.5699 0.0000
vt 0.0445 0.5822 0.0000
vt 0.0020 0.5251 0.0000
vt 0.0027 0.5311 0.0000
vt 0.0028 0.5323 0.0000
vt 0.0032 0.5355 0.0000
vt 0.0042 0.5440 0.0000
vt 0.0056 0.5569 0.0000
vt 0.0077 0.5748 0.0000
vt 0.0584 0.5869 0.0000
vt 0.0643 0.5771 0.0000
vt 0.0870 0.5807 0.0000
vt 0.0925 0.5803 0.0000
vt 0.0871 0.5813 0.0000
vt 0.0740 0.5809 0.0000
vt 0.0734 0.5839 0.0000
vt 0.0660 0.5741 0.0000
vt 0.0738 0.5777 0.0000
vt 0.0822 0.5786 0.0000
vt 0.1102 0.5764 0.0000
vt 0.3560 0.2220 0.0000
vt 0.3626 0.2220 0.0000
vt 0.3560 0.2242 0.0000
vt 0.3626 0.2242 0.0000
vt 0.3713 0.2220 0.0000
vt 0.3713 0.2242 0.0000
vt 0.3804 0.2220 0.0000
vt 0.3800 0.2242 0.0000
vt 0.3863 0.2241 0.0000
vt 0.3853 0.2261 0.0000
vt 0.3897 0.2262 0.0000
vt 0.0132 0.6413 0.0000
vt 0.0132 0.6410 0.0000
vt 0.2611 0.2228 0.0000
vt 0.2675 0.2221 0.0000
vt 0.2611 0.2247 0.0000
vt 0.2677 0.2243 0.0000
vt 0.2689 0.2221 0.0000
vt 0.2689 0.2243 0.0000
vt 0.2723 0.2221 0.0000
vt 0.2723 0.2243 0.0000
vt 0.2814 0.2221 0.0000
vt 0.2814 0.2243 0.0000
vt 0.2953 0.2221 0.0000
vt 0.2953 0.2243 0.0000
vt 0.3145 0.2221 0.0000
vt 0.3145 0.2243 0.0000
vt 0.3368 0.2221 0.0000
vt 0.3368 0.2243 0.0000
vt 0.3461 0.2220 0.0000
vt 0.3461 0.2242 0.0000
vt 0.4311 0.3500 0.0000
vt 0.4273 0.3574 0.0000
vt 0.4273 0.3568 0.0000
vt 0.4311 0.3510 0.0000
vt 0.4379 0.3435 0.0000
vt 0.4379 0.3449 0.0000
vt 0.4505 0.3346 0.0000
vt 0.4505 0.3367 0.0000
vt 0.4618 0.3293 0.0000
vt 0.4618 0.3318 0.0000
vt 0.4808 0.3231 0.0000
vt 0.4808 0.3260 0.0000
vt 0.5005 0.3183 0.0000
vt 0.5005 0.3216 0.0000
vt 0.5234 0.3138 0.0000
vt 0.5234 0.3174 0.0000
vt 0.5006 0.3317 0.0000
vt 0.5236 0.3285 0.0000
vt 0.4809 0.3351 0.0000
vt 0.4619 0.3395 0.0000
vt 0.4506 0.3432 0.0000
vt 0.4380 0.3494 0.0000
vt 0.4312 0.3541 0.0000
vt 0.4273 0.3589 0.0000
vt 0.4311 0.3497 0.0000
vt 0.4379 0.3429 0.0000
vt 0.4313 0.3595 0.0000
vt 0.4381 0.3576 0.0000
vt 0.4508 0.3549 0.0000
vt 0.4621 0.3533 0.0000
vt 0.4812 0.3514 0.0000
vt 0.5009 0.3498 0.0000
vt 0.4274 0.3615 0.0000
vt 0.4505 0.3338 0.0000
vt 0.4618 0.3284 0.0000
vt 0.4808 0.3220 0.0000
vt 0.5004 0.3171 0.0000
vt 0.5234 0.3125 0.0000
vt 0.3257 0.2262 0.0000
vt 0.3145 0.2262 0.0000
vt 0.3414 0.2262 0.0000
vt 0.3368 0.2262 0.0000
vt 0.3510 0.2262 0.0000
vt 0.3461 0.2262 0.0000
vt 0.3593 0.2262 0.0000
vt 0.3560 0.2262 0.0000
vt 0.3670 0.2262 0.0000
vt 0.3626 0.2262 0.0000
vt 0.3757 0.2262 0.0000
vt 0.3713 0.2262 0.0000
vt 0.3849 0.2262 0.0000
vt 0.3800 0.2262 0.0000
vt 0.3049 0.2262 0.0000
vt 0.2953 0.2262 0.0000
vt 0.2883 0.2262 0.0000
vt 0.2814 0.2262 0.0000
vt 0.2768 0.2262 0.0000
vt 0.2723 0.2262 0.0000
vt 0.2706 0.2262 0.0000
vt 0.2689 0.2262 0.0000
vt 0.2683 0.2262 0.0000
vt 0.2677 0.2262 0.0000
vt 0.2639 0.2262 0.0000
vt 0.2611 0.2262 0.0000
vt 0.4048 0.3694 0.0000
vt 0.4111 0.3764 0.0000
vt 0.4145 0.3835 0.0000
vt 0.4898 0.7923 0.0000
vt 0.4824 0.7927 0.0000
vt 0.4898 0.7920 0.0000
vt 0.4989 0.7922 0.0000
vt 0.4491 0.6330 0.0000
vt 0.4409 0.6331 0.0000
vt 0.4487 0.6326 0.0000
vt 0.4551 0.5337 0.0000
vt 0.4639 0.5343 0.0000
vt 0.4552 0.5342 0.0000
vt 0.4638 0.5335 0.0000
vt 0.3929 0.3589 0.0000
vt 0.4048 0.3688 0.0000
vt 0.3819 0.3528 0.0000
vt 0.8513 0.3489 0.0000
vt 0.8513 0.3520 0.0000
vt 0.8499 0.3489 0.0000
vt 0.8540 0.3489 0.0000
vt 0.8565 0.3489 0.0000
vt 0.8565 0.3519 0.0000
vt 0.8595 0.3489 0.0000
vt 0.8622 0.3489 0.0000
vt 0.8622 0.3516 0.0000
vt 0.8677 0.3489 0.0000
vt 0.8716 0.3489 0.0000
vt 0.8716 0.3509 0.0000
vt 0.4819 0.4091 0.0000
vt 0.4973 0.2632 0.0000
vt 0.5214 0.2619 0.0000
vt 0.5475 0.2604 0.0000
vt 0.5764 0.2588 0.0000
vt 0.6108 0.2577 0.0000
vt 0.6106 0.4337 0.0000
vt 0.5775 0.4274 0.0000
vt 0.6474 0.4408 0.0000
vt 0.5520 0.6608 0.0000
vt 0.5539 0.6632 0.0000
vt 0.5412 0.6620 0.0000
vt 0.5520 0.6574 0.0000
vt 0.5412 0.6594 0.0000
vt 0.5539 0.6547 0.0000
vt 0.5213 0.6601 0.0000
vt 0.6677 0.6245 0.0000
vt 0.7219 0.6245 0.0000
vt 0.7243 0.6453 0.0000
vt 0.6702 0.6461 0.0000
vt 0.6169 0.6245 0.0000
vt 0.6195 0.6474 0.0000
vt 0.5632 0.6245 0.0000
vt 0.5654 0.6443 0.0000
vt 0.2385 0.4615 0.0000
vt 0.5446 0.8180 0.0000
vt 0.5449 0.8179 0.0000
vt 0.4481 0.4935 0.0000
vt 0.4439 0.4880 0.0000
vt 0.4468 0.4882 0.0000
vt 0.4494 0.4882 0.0000
vt 0.4523 0.4880 0.0000
vt 0.2507 0.4833 0.0000
vt 0.6378 0.8469 0.0000
vt 0.8424 0.2034 0.0000
vt 0.8466 0.2089 0.0000
vt 0.8437 0.2087 0.0000
vt 0.8411 0.2087 0.0000
vt 0.8382 0.2089 0.0000
vt 0.6854 0.5912 0.0000
vt 0.7333 0.6719 0.0000
vt 0.7376 0.6774 0.0000
vt 0.7346 0.6772 0.0000
vt 0.7320 0.6772 0.0000
vt 0.7292 0.6774 0.0000
vt 0.2306 0.4669 0.0000
vt 0.3099 0.5355 0.0000
vt 0.4347 0.7981 0.0000
vt 0.4347 0.7965 0.0000
vt 0.4347 0.7917 0.0000
vt 0.4344 0.7917 0.0000
vt 0.4195 0.2206 0.0000
vt 0.8193 0.1715 0.0000
vt 0.8212 0.1715 0.0000
vt 0.4421 0.9713 0.0000
vt 0.4421 0.9682 0.0000
vt 0.2555 0.4890 0.0000
vt 0.2555 0.4902 0.0000
vt 0.4738 0.6362 0.0000
vt 0.6937 0.5874 0.0000
vt 0.6937 0.5878 0.0000
vt 0.6925 0.5878 0.0000
vt 0.6925 0.5875 0.0000
vt 0.4164 0.9682 0.0000
vt 0.6380 0.9300 0.0000
vt 0.0927 0.8588 0.0000
vt 0.0797 0.8600 0.0000
vt 0.0788 0.8498 0.0000
vt 0.5892 0.4559 0.0000
vt 0.5452 0.8179 0.0000
vt 0.5122 0.2896 0.0000
vt 0.4251 0.7917 0.0000
vt 0.8494 0.3502 0.0000
vt 0.8494 0.3489 0.0000
vt 0.4031 0.5550 0.0000
vt 0.3873 0.5569 0.0000
vt 0.3636 0.5596 0.0000
vt 0.3285 0.5380 0.0000
vt 0.3306 0.5559 0.0000
vt 0.3627 0.5522 0.0000
vt 0.3967 0.9433 0.0000
vt 0.3941 0.9368 0.0000
vt 0.3302 0.5378 0.0000
vt 0.3321 0.5543 0.0000
vt 0.3609 0.5510 0.0000
vt 0.3589 0.5335 0.0000
vt 0.3605 0.5332 0.0000
vt 0.3657 0.5570 0.0000
vt 0.3652 0.5518 0.0000
vt 0.3630 0.5327 0.0000
vt 0.4292 0.5448 0.0000
vt 0.4089 0.5296 0.0000
vt 0.4323 0.5454 0.0000
vt 0.4182 0.5485 0.0000
vt 0.4175 0.5472 0.0000
vt 0.4106 0.5514 0.0000
vt 0.4100 0.5502 0.0000
vt 0.4052 0.5525 0.0000
vt 0.4048 0.5453 0.0000
vt 0.4064 0.5454 0.0000
vt 0.4077 0.5278 0.0000
vt 0.4054 0.5275 0.0000
vt 0.4025 0.5447 0.0000
vt 0.4012 0.5528 0.0000
vt 0.3871 0.5547 0.0000
vt 0.3981 0.9535 0.0000
vt 0.4790 0.9574 0.0000
vt 0.5144 0.5375 0.0000
vt 0.4338 0.5467 0.0000
vt 0.3981 0.9474 0.0000
vt 0.3824 0.9504 0.0000
vt 0.3752 0.9335 0.0000
vt 0.3938 0.9402 0.0000
vt 0.3743 0.9352 0.0000
vt 0.3727 0.9319 0.0000
vt 0.3702 0.9324 0.0000
vt 0.3727 0.9300 0.0000
vt 0.3716 0.9300 0.0000
vt 0.3941 0.9300 0.0000
vt 0.3934 0.9300 0.0000
vt 0.3927 0.9373 0.0000
vt 0.3753 0.9375 0.0000
vt 0.3721 0.9360 0.0000
vt 0.3742 0.9313 0.0000
vt 0.3253 0.9352 0.0000
vt 0.3253 0.9300 0.0000
vt 0.3270 0.9352 0.0000
vt 0.3270 0.9300 0.0000
vt 0.3295 0.9355 0.0000
vt 0.2937 0.9300 0.0000
vt 0.2948 0.9300 0.0000
vt 0.2948 0.9352 0.0000
vt 0.2964 0.9352 0.0000
vt 0.3702 0.9300 0.0000
vt 0.3927 0.9300 0.0000
vt 0.3736 0.9300 0.0000
vt 0.3275 0.9300 0.0000
vt 0.3295 0.9300 0.0000
vt 0.8503 0.5769 0.0000
vt 0.8502 0.5769 0.0000
vt 0.6193 0.9300 0.0000
vt 0.6092 0.9300 0.0000
vt 0.5783 0.9300 0.0000
vt 0.5369 0.9300 0.0000
vt 0.4790 0.9300 0.0000
vt 0.7118 0.7994 0.0000
vt 0.7121 0.8028 0.0000
vt 0.7060 0.8034 0.0000
vt 0.6830 0.7890 0.0000
vt 0.6837 0.7963 0.0000
vt 0.6845 0.8053 0.0000
vt 0.7055 0.7979 0.0000
vt 0.6960 0.8043 0.0000
vt 0.7115 0.7966 0.0000
vt 0.7051 0.7934 0.0000
vt 0.6954 0.7966 0.0000
vt 0.6948 0.7904 0.0000
vt 0.6853 0.9334 0.0000
vt 0.6853 0.9362 0.0000
vt 0.6792 0.9400 0.0000
vt 0.6576 0.9300 0.0000
vt 0.6576 0.9390 0.0000
vt 0.6576 0.9464 0.0000
vt 0.6692 0.9377 0.0000
vt 0.6692 0.9439 0.0000
vt 0.6792 0.9355 0.0000
vt 0.6853 0.9300 0.0000
vt 0.6792 0.9300 0.0000
vt 0.6692 0.9300 0.0000
vt 0.6970 0.5571 0.0000
vt 0.6978 0.5644 0.0000
vt 0.6960 0.5481 0.0000
vt 0.7075 0.5468 0.0000
vt 0.7084 0.5545 0.0000
vt 0.7091 0.5607 0.0000
vt 0.6950 0.5392 0.0000
vt 0.7067 0.5392 0.0000
vt 0.7168 0.5402 0.0000
vt 0.7175 0.5457 0.0000
vt 0.7181 0.5511 0.0000
vt 0.7186 0.5556 0.0000
vt 0.7239 0.5484 0.0000
vt 0.7243 0.5512 0.0000
vt 0.7236 0.5450 0.0000
vt 0.7232 0.5416 0.0000
vt 0.7228 0.5388 0.0000
vt 0.7163 0.5357 0.0000
vt 0.7059 0.5329 0.0000
vt 0.6941 0.5318 0.0000
vt 0.0890 0.8257 0.0000
vt 0.0926 0.8256 0.0000
vt 0.0918 0.8297 0.0000
vt 0.0899 0.8297 0.0000
vt 0.0858 0.8270 0.0000
vt 0.0881 0.8304 0.0000
vt 0.0833 0.8295 0.0000
vt 0.0867 0.8318 0.0000
vt 0.0819 0.8328 0.0000
vt 0.0860 0.8336 0.0000
vt 0.0899 0.8395 0.0000
vt 0.0881 0.8387 0.0000
vt 0.0909 0.8346 0.0000
vt 0.0867 0.8373 0.0000
vt 0.0860 0.8356 0.0000
vt 0.0820 0.8364 0.0000
vt 0.0833 0.8396 0.0000
vt 0.0858 0.8421 0.0000
vt 0.0891 0.8435 0.0000
vt 0.3313 0.5377 0.0000
vt 0.3331 0.5532 0.0000
vt 0.2959 0.9300 0.0000
vt 0.2975 0.9349 0.0000
vt 0.3243 0.9349 0.0000
vt 0.3243 0.9300 0.0000
vt 0.3597 0.5502 0.0000
vt 0.3579 0.5337 0.0000
vt 0.3660 0.5511 0.0000
vt 0.2516 0.5406 0.0000
vt 0.2573 0.5396 0.0000
vt 0.2591 0.5406 0.0000
vt 0.3639 0.5332 0.0000
vt 0.3304 0.9300 0.0000
vt 0.3304 0.9355 0.0000
vt 0.3694 0.9325 0.0000
vt 0.3694 0.9300 0.0000
vt 0.3713 0.9361 0.0000
vt 0.4017 0.5443 0.0000
vt 0.4046 0.5282 0.0000
vt 0.4003 0.5510 0.0000
vt 0.3868 0.5528 0.0000
vt 0.3664 0.5550 0.0000
vt 0.4271 0.5451 0.0000
vt 0.4094 0.5318 0.0000
vt 0.6160 0.1921 0.0000
vt 0.6027 0.1937 0.0000
vt 0.6025 0.1926 0.0000
vt 0.6141 0.1912 0.0000
vt 0.5948 0.1924 0.0000
vt 0.5953 0.1914 0.0000
vt 0.5898 0.1916 0.0000
vt 0.5912 0.1907 0.0000
vt 0.4072 0.5458 0.0000
vt 0.4062 0.5518 0.0000
vt 0.0744 0.9860 0.0000
vt 0.0494 0.9857 0.0000
vt 0.0495 0.9850 0.0000
vt 0.0737 0.9853 0.0000
vt 0.1927 0.5440 0.0000
vt 0.1951 0.5430 0.0000
vt 0.1952 0.5437 0.0000
vt 0.1930 0.5447 0.0000
vt 0.3920 0.9374 0.0000
vt 0.3920 0.9300 0.0000
vt 0.3929 0.9397 0.0000
vt 0.1964 0.5424 0.0000
vt 0.1964 0.5431 0.0000
vt 0.0098 0.9179 0.0000
vt 0.0098 0.9156 0.0000
vt 0.0162 0.9156 0.0000
vt 0.0162 0.9179 0.0000
vt 0.6294 0.8543 0.0000
vt 0.6294 0.8520 0.0000
vt 0.6358 0.8520 0.0000
vt 0.6358 0.8543 0.0000
vt 0.6231 0.8543 0.0000
vt 0.6231 0.8520 0.0000
vt 0.0162 0.9113 0.0000
vt 0.0162 0.9090 0.0000
vt 0.0226 0.9090 0.0000
vt 0.0226 0.9113 0.0000
vt 0.0098 0.9113 0.0000
vt 0.0098 0.9090 0.0000
vt 0.6676 0.8413 0.0000
vt 0.6676 0.8390 0.0000
vt 0.6740 0.8390 0.0000
vt 0.6740 0.8413 0.0000
vt 0.6612 0.8413 0.0000
vt 0.6612 0.8390 0.0000
vt 0.0226 0.9156 0.0000
vt 0.0226 0.9179 0.0000
vt 0.8306 0.1310 0.0000
vt 0.8306 0.1244 0.0000
vt 0.8354 0.1197 0.0000
vt 0.8420 0.1198 0.0000
vt 0.8466 0.1245 0.0000
vt 0.8466 0.1312 0.0000
vt 0.8418 0.1358 0.0000
vt 0.8352 0.1358 0.0000
vt 0.7241 0.6194 0.0000
vt 0.7100 0.6191 0.0000
vt 0.7243 0.6119 0.0000
vt 0.7078 0.6071 0.0000
vt 0.6956 0.6189 0.0000
vt 0.6950 0.6061 0.0000
vt 0.6649 0.6183 0.0000
vt 0.6699 0.6054 0.0000
vt 0.6572 0.6055 0.0000
vt 0.6553 0.6185 0.0000
vt 0.6409 0.6189 0.0000
vt 0.6408 0.6056 0.0000
vt 0.6419 0.6027 0.0000
vt 0.6572 0.6026 0.0000
vt 0.6699 0.6025 0.0000
vt 0.6950 0.6032 0.0000
vt 0.7077 0.6042 0.0000
vt 0.7231 0.6091 0.0000
vt 0.2235 0.5350 0.0000
vt 0.2246 0.5381 0.0000
vt 0.1722 0.5354 0.0000
vt 0.1712 0.5385 0.0000
vt 0.2237 0.5389 0.0000
vt 0.1721 0.5394 0.0000
vt 0.2228 0.5398 0.0000
vt 0.1729 0.5403 0.0000
vt 0.1720 0.5520 0.0000
vt 0.1712 0.5521 0.0000
vt 0.2244 0.5521 0.0000
vt 0.2235 0.5520 0.0000
vt 0.2226 0.5519 0.0000
vt 0.6225 0.4926 0.0000
vt 0.5889 0.4935 0.0000
vt 0.6222 0.4813 0.0000
vt 0.5886 0.4822 0.0000
vt 0.5980 0.4581 0.0000
vt 0.5982 0.4471 0.0000
vt 0.6306 0.4569 0.0000
vt 0.6449 0.4467 0.0000
vt 0.6447 0.4580 0.0000
vt 0.1728 0.5520 0.0000
vt 0.4693 0.1365 0.0000
vt 0.5029 0.1374 0.0000
vt 0.4690 0.1475 0.0000
vt 0.5026 0.1484 0.0000
vt 0.5072 0.6987 0.0000
vt 0.5072 0.6651 0.0000
vt 0.5539 0.6990 0.0000
vt 0.5539 0.6654 0.0000
vt 0.7265 0.2459 0.0000
vt 0.7263 0.2471 0.0000
vt 0.7231 0.2451 0.0000
vt 0.7233 0.2464 0.0000
vt 0.9464 0.5750 0.0000
vt 0.9473 0.5760 0.0000
vt 0.9435 0.5770 0.0000
vt 0.9446 0.5781 0.0000
vt 0.9670 0.5774 0.0000
vt 0.9437 0.5803 0.0000
vt 0.9669 0.5796 0.0000
vt 0.9151 0.9110 0.0000
vt 0.9150 0.8994 0.0000
vt 0.9268 0.9109 0.0000
vt 0.9277 0.8985 0.0000
vt 0.9537 0.9104 0.0000
vt 0.9527 0.8978 0.0000
vt 0.9653 0.8979 0.0000
vt 0.9668 0.9106 0.0000
vt 0.9815 0.8978 0.0000
vt 0.9815 0.9106 0.0000
vt 0.9804 0.8948 0.0000
vt 0.9652 0.8948 0.0000
vt 0.9527 0.8948 0.0000
vt 0.9277 0.8954 0.0000
vt 0.9151 0.8963 0.0000
vt 0.8997 0.9009 0.0000
vt 0.8986 0.9039 0.0000
vt 0.8989 0.9114 0.0000
vt 0.8977 0.9037 0.0000
vt 0.8987 0.9010 0.0000
vt 0.4997 0.8812 0.0000
vt 0.4996 0.8800 0.0000
vt 0.5076 0.8800 0.0000
vt 0.8983 0.9113 0.0000
vt 0.9385 0.6657 0.0000
vt 0.9395 0.6648 0.0000
vt 0.9415 0.6680 0.0000
vt 0.9423 0.6672 0.0000
vt 0.9425 0.5796 0.0000
vt 0.9430 0.5871 0.0000
vt 0.7150 0.2471 0.0000
vt 0.7148 0.2458 0.0000
vt 0.4559 0.2942 0.0000
vt 0.4566 0.3141 0.0000
vt 0.4540 0.2917 0.0000
vt 0.9385 0.6626 0.0000
vt 0.9616 0.6624 0.0000
vt 0.9618 0.6647 0.0000
vt 0.9393 0.6553 0.0000
vt 0.9611 0.6552 0.0000
vt 0.9446 0.5872 0.0000
vt 0.9666 0.5865 0.0000
vt 0.4667 0.0910 0.0000
vt 0.4668 0.0919 0.0000
vt 0.4516 0.0913 0.0000
vt 0.4525 0.0922 0.0000
vt 0.4586 0.0722 0.0000
vt 0.4664 0.0749 0.0000
vt 0.5002 0.0903 0.0000
vt 0.4994 0.0912 0.0000
vt 0.4999 0.1250 0.0000
vt 0.4672 0.1258 0.0000
vt 0.4529 0.1260 0.0000
vt 0.5054 0.0885 0.0000
vt 0.5009 0.0902 0.0000
vt 0.5054 0.0899 0.0000
vt 0.5046 0.1048 0.0000
vt 0.5075 0.0998 0.0000
vt 0.5131 0.1078 0.0000
vt 0.5051 0.1180 0.0000
vt 0.5211 0.1130 0.0000
vt 0.5211 0.1135 0.0000
vt 0.5229 0.1135 0.0000
vt 0.5051 0.1565 0.0000
vt 0.5054 0.1449 0.0000
vt 0.5216 0.1556 0.0000
vt 0.5724 0.1526 0.0000
vt 0.5312 0.1150 0.0000
vt 0.6260 0.1497 0.0000
vt 0.6262 0.1625 0.0000
vt 0.5726 0.1694 0.0000
vt 0.5219 0.1758 0.0000
vt 0.5024 0.1728 0.0000
vt 0.5013 0.1734 0.0000
vt 0.4679 0.1827 0.0000
vt 0.4678 0.1742 0.0000
vt 0.4534 0.1745 0.0000
vt 0.4682 0.2038 0.0000
vt 0.4522 0.1739 0.0000
vt 0.4316 0.1605 0.0000
vt 0.4498 0.1599 0.0000
vt 0.4489 0.1456 0.0000
vt 0.4310 0.1156 0.0000
vt 0.4485 0.1151 0.0000
vt 0.4488 0.1056 0.0000
vt 0.4301 0.0546 0.0000
vt 0.4507 0.0913 0.0000
vt 0.4636 0.2054 0.0000
vt 0.4580 0.2089 0.0000
vt 0.3520 0.8889 0.0000
vt 0.3573 0.8619 0.0000
vt 0.3995 0.8581 0.0000
vt 0.3443 0.8835 0.0000
vt 0.3296 0.8777 0.0000
vt 0.2768 0.8624 0.0000
vt 0.5491 0.1073 0.0000
vt 0.5544 0.0991 0.0000
vt 0.5718 0.1126 0.0000
vt 0.5563 0.0892 0.0000
vt 0.5542 0.0793 0.0000
vt 0.5710 0.0536 0.0000
vt 0.5486 0.0713 0.0000
vt 0.5404 0.0660 0.0000
vt 0.5203 0.0537 0.0000
vt 0.5305 0.0641 0.0000
vt 0.5204 0.0663 0.0000
vt 0.5126 0.0718 0.0000
vt 0.4662 0.0542 0.0000
vt 0.5102 0.0746 0.0000
vt 0.4662 0.0593 0.0000
vt 0.4635 0.0583 0.0000
vt 0.4297 0.0255 0.0000
vt 0.4658 0.0253 0.0000
vt 0.5199 0.0254 0.0000
vt 0.5707 0.0264 0.0000
vt 0.5197 0.0095 0.0000
vt 0.5705 0.0111 0.0000
vt 0.5196 0.0045 0.0000
vt 0.5704 0.0063 0.0000
vt 0.5196 0.0025 0.0000
vt 0.5704 0.0044 0.0000
vt 0.4654 0.0020 0.0000
vt 0.5373 0.5129 0.0000
vt 0.4804 0.5143 0.0000
vt 0.4807 0.5113 0.0000
vt 0.4655 0.0040 0.0000
vt 0.4655 0.0092 0.0000
vt 0.4295 0.0093 0.0000
vt 0.4431 0.5084 0.0000
vt 0.4429 0.5114 0.0000
vt 0.4294 0.0041 0.0000
vt 0.6242 0.0141 0.0000
vt 0.6244 0.0284 0.0000
vt 0.6241 0.0096 0.0000
vt 0.6241 0.0078 0.0000
vt 0.6609 0.0118 0.0000
vt 0.6609 0.0101 0.0000
vt 0.6939 0.0144 0.0000
vt 0.6938 0.0128 0.0000
vt 0.7215 0.0175 0.0000
vt 0.7215 0.0161 0.0000
vt 0.7216 0.0214 0.0000
vt 0.6939 0.0185 0.0000
vt 0.6609 0.0162 0.0000
vt 0.6611 0.0298 0.0000
vt 0.6615 0.0541 0.0000
vt 0.6247 0.0539 0.0000
vt 0.6622 0.1078 0.0000
vt 0.6255 0.1104 0.0000
vt 0.6941 0.0314 0.0000
vt 0.6944 0.0545 0.0000
vt 0.6951 0.1045 0.0000
vt 0.7218 0.0335 0.0000
vt 0.7221 0.0551 0.0000
vt 0.7227 0.1010 0.0000
vt 0.7230 0.1240 0.0000
vt 0.6955 0.1312 0.0000
vt 0.6626 0.1387 0.0000
vt 0.6260 0.1455 0.0000
vt 0.7470 0.0558 0.0000
vt 0.7476 0.0969 0.0000
vt 0.7479 0.1164 0.0000
vt 0.7231 0.1293 0.0000
vt 0.6955 0.1351 0.0000
vt 0.6627 0.1420 0.0000
vt 0.5398 0.1131 0.0000
vt 0.5411 0.1129 0.0000
vt 0.7707 0.1089 0.0000
vt 0.7705 0.0926 0.0000
vt 0.7904 0.1019 0.0000
vt 0.7902 0.0885 0.0000
vt 0.8094 0.0945 0.0000
vt 0.8092 0.0838 0.0000
vt 0.8207 0.0900 0.0000
vt 0.8206 0.0811 0.0000
vt 0.8333 0.0849 0.0000
vt 0.8332 0.0778 0.0000
vt 0.8401 0.0785 0.0000
vt 0.8400 0.0737 0.0000
vt 0.8440 0.0737 0.0000
vt 0.8439 0.0713 0.0000
vt 0.8466 0.0680 0.0000
vt 0.7480 0.1240 0.0000
vt 0.7709 0.1193 0.0000
vt 0.7906 0.1151 0.0000
vt 0.8096 0.1133 0.0000
vt 0.8209 0.1045 0.0000
vt 0.8334 0.0920 0.0000
vt 0.8402 0.0833 0.0000
vt 0.8440 0.0761 0.0000
vt 0.7907 0.1249 0.0000
vt 0.4548 0.3141 0.0000
vt 0.4546 0.1729 0.0000
vt 0.4678 0.1727 0.0000
vt 0.5001 0.1719 0.0000
vt 0.4675 0.1511 0.0000
vt 0.4543 0.1513 0.0000
vt 0.4998 0.1507 0.0000
vt 0.0866 0.1609 0.0000
vt 0.0869 0.2073 0.0000
vt 0.0615 0.1609 0.0000
vt 0.0618 0.2073 0.0000
vt 0.0490 0.1613 0.0000
vt 0.0493 0.2070 0.0000
vt 0.0367 0.2059 0.0000
vt 0.0364 0.1625 0.0000
vt 0.0337 0.2088 0.0000
vt 0.0490 0.2102 0.0000
vt 0.0617 0.2105 0.0000
vt 0.0869 0.2104 0.0000
vt 0.0996 0.2100 0.0000
vt 0.0994 0.2069 0.0000
vt 0.1149 0.2085 0.0000
vt 0.1120 0.2057 0.0000
vt 0.1131 0.2052 0.0000
vt 0.1131 0.2023 0.0000
vt 0.1119 0.2023 0.0000
vt 0.0955 0.2023 0.0000
vt 0.0955 0.1664 0.0000
vt 0.1159 0.2075 0.0000
vt 0.0991 0.1612 0.0000
vt 0.1117 0.1664 0.0000
vt 0.1117 0.1623 0.0000
vt 0.1129 0.1629 0.0000
vt 0.1156 0.1608 0.0000
vt 0.1146 0.1598 0.0000
vt 0.0992 0.1584 0.0000
vt 0.0866 0.1581 0.0000
vt 0.0614 0.1581 0.0000
vt 0.0487 0.1585 0.0000
vt 0.0334 0.1600 0.0000
vt 0.1129 0.1664 0.0000
vt 0.4582 0.2932 0.0000
vt 0.4946 0.2921 0.0000
vt 0.4947 0.2930 0.0000
vt 0.4582 0.2942 0.0000
vt 0.4953 0.3097 0.0000
vt 0.4589 0.3111 0.0000
vt 0.1116 0.8240 0.0000
vt 0.1438 0.8256 0.0000
vt 0.1114 0.8310 0.0000
vt 0.1139 0.8355 0.0000
vt 0.1121 0.8332 0.0000
vt 0.1543 0.8359 0.0000
vt 0.1558 0.8336 0.0000
vt 0.1566 0.8314 0.0000
vt 0.1568 0.8246 0.0000
vt 0.9377 0.6552 0.0000
vt 0.9374 0.6630 0.0000
vt 0.8421 0.1633 0.0000
vt 0.8449 0.1627 0.0000
vt 0.8466 0.1701 0.0000
vt 0.8439 0.1702 0.0000
vt 0.8462 0.1781 0.0000
vt 0.8435 0.1776 0.0000
vt 0.8431 0.1876 0.0000
vt 0.8409 0.1850 0.0000
vt 0.8386 0.1942 0.0000
vt 0.8333 0.1777 0.0000
vt 0.8347 0.1704 0.0000
vt 0.8359 0.1646 0.0000
vt 0.8375 0.1562 0.0000
vt 0.8382 0.1524 0.0000
vt 0.8268 0.1764 0.0000
vt 0.8241 0.1805 0.0000
vt 0.8255 0.1762 0.0000
vt 0.8264 0.1779 0.0000
vt 0.8369 0.1901 0.0000
vt 0.8311 0.2005 0.0000
vt 0.8299 0.1949 0.0000
vt 0.8195 0.2058 0.0000
vt 0.8190 0.1986 0.0000
vt 0.8031 0.2089 0.0000
vt 0.8034 0.2005 0.0000
vt 0.7810 0.2089 0.0000
vt 0.7820 0.1998 0.0000
vt 0.7522 0.2050 0.0000
vt 0.7540 0.1956 0.0000
vt 0.7344 0.1986 0.0000
vt 0.7375 0.1903 0.0000
vt 0.7241 0.1881 0.0000
vt 0.7275 0.1819 0.0000
vt 0.7360 0.1645 0.0000
vt 0.7411 0.1721 0.0000
vt 0.7474 0.1764 0.0000
vt 0.7571 0.1794 0.0000
vt 0.7809 0.1833 0.0000
vt 0.7986 0.1849 0.0000
vt 0.8111 0.1845 0.0000
vt 0.8193 0.1829 0.0000
vt 0.7264 0.1569 0.0000
vt 0.7348 0.1585 0.0000
vt 0.7405 0.1596 0.0000
vt 0.7471 0.1609 0.0000
vt 0.7558 0.1626 0.0000
vt 0.7644 0.1643 0.0000
vt 0.7848 0.1682 0.0000
vt 0.8020 0.1716 0.0000
vt 0.8143 0.1740 0.0000
vt 0.8223 0.1755 0.0000
vt 0.7225 0.1699 0.0000
vt 0.7211 0.1558 0.0000
vt 0.7192 0.1731 0.0000
vt 0.7181 0.1552 0.0000
vt 0.4235 0.1338 0.0000
vt 0.4214 0.1338 0.0000
vt 0.4235 0.1204 0.0000
vt 0.4214 0.1204 0.0000
vt 0.4235 0.1118 0.0000
vt 0.4214 0.1118 0.0000
vt 0.4235 0.1083 0.0000
vt 0.4214 0.1083 0.0000
vt 0.4235 0.1069 0.0000
vt 0.4214 0.1070 0.0000
vt 0.4228 0.0998 0.0000
vt 0.3983 0.9649 0.0000
vt 0.3939 0.9699 0.0000
vt 0.3887 0.9650 0.0000
vt 0.4195 0.2248 0.0000
vt 0.4195 0.2209 0.0000
vt 0.4216 0.2215 0.0000
vt 0.4236 0.2158 0.0000
vt 0.4214 0.2154 0.0000
vt 0.4236 0.2067 0.0000
vt 0.4214 0.2067 0.0000
vt 0.4236 0.2005 0.0000
vt 0.4214 0.2005 0.0000
vt 0.4236 0.1933 0.0000
vt 0.4214 0.1933 0.0000
vt 0.4236 0.1839 0.0000
vt 0.4214 0.1839 0.0000
vt 0.4235 0.1746 0.0000
vt 0.4214 0.1746 0.0000
vt 0.4235 0.1525 0.0000
vt 0.4214 0.1525 0.0000
vt 0.8227 0.1628 0.0000
vt 0.4482 0.9668 0.0000
vt 0.9620 0.6672 0.0000
vt 0.2541 0.4915 0.0000
vt 0.4742 0.6337 0.0000
vt 0.3049 0.5355 0.0000
vt 0.3050 0.5351 0.0000
vt 0.3064 0.5356 0.0000
vt 0.3064 0.5352 0.0000
vt 0.3727 0.2489 0.0000
vt 0.3756 0.2489 0.0000
vt 0.3755 0.2532 0.0000
vt 0.3727 0.2531 0.0000
vt 0.3580 0.2487 0.0000
vt 0.3579 0.2530 0.0000
vt 0.5605 0.2966 0.0000
vt 0.5605 0.2952 0.0000
vt 0.5646 0.2952 0.0000
vt 0.5646 0.2966 0.0000
vt 0.7262 0.7426 0.0000
vt 0.7266 0.7291 0.0000
vt 0.7308 0.7292 0.0000
vt 0.7304 0.7428 0.0000
vt 0.7261 0.7455 0.0000
vt 0.7303 0.7456 0.0000
vt 0.5793 0.9697 0.0000
vt 0.5793 0.9654 0.0000
vt 0.6497 0.1699 0.0000
vt 0.6634 0.1699 0.0000
vt 0.6634 0.1713 0.0000
vt 0.6487 0.1713 0.0000
vt 0.6469 0.1687 0.0000
vt 0.6459 0.1697 0.0000
vt 0.5566 0.2929 0.0000
vt 0.5556 0.2918 0.0000
vt 0.5585 0.2902 0.0000
vt 0.5596 0.2917 0.0000
vt 0.5736 0.2902 0.0000
vt 0.5736 0.2917 0.0000
vt 0.4981 0.3125 0.0000
vt 0.4974 0.2929 0.0000
vt 0.4981 0.2920 0.0000
vt 0.4553 0.2933 0.0000
vt 0.1919 0.2803 0.0000
vt 0.1906 0.2808 0.0000
vt 0.1913 0.2792 0.0000
vt 0.1751 0.2761 0.0000
vt 0.1738 0.2810 0.0000
vt 0.3801 0.2518 0.0000
vt 0.6434 0.1671 0.0000
vt 0.6413 0.1671 0.0000
vt 0.7457 0.8334 0.0000
vt 0.7305 0.8381 0.0000
vt 0.7292 0.8332 0.0000
vt 0.7465 0.8350 0.0000
vt 0.7471 0.8340 0.0000
vt 0.4863 0.9839 0.0000
vt 0.4843 0.9839 0.0000
vt 0.4013 0.5115 0.0000
vt 0.4034 0.5116 0.0000
vt 0.4012 0.5139 0.0000
vt 0.4033 0.5140 0.0000
vt 0.7902 0.8583 0.0000
vt 0.7902 0.8603 0.0000
vt 0.6707 0.2089 0.0000
vt 0.6529 0.2089 0.0000
vt 0.2025 0.8854 0.0000
vt 0.2199 0.8859 0.0000
vt 0.2024 0.8884 0.0000
vt 0.2198 0.8889 0.0000
vt 0.3585 0.4839 0.0000
vt 0.3588 0.4665 0.0000
vt 0.3608 0.4839 0.0000
vt 0.3611 0.4665 0.0000
vt 0.3327 0.5129 0.0000
vt 0.3327 0.5138 0.0000
vt 0.3322 0.5144 0.0000
vt 0.3128 0.5144 0.0000
vt 0.3316 0.5119 0.0000
vt 0.4402 0.2196 0.0000
vt 0.4411 0.2184 0.0000
vt 0.4413 0.2202 0.0000
vt 0.4580 0.2203 0.0000
vt 0.4567 0.2154 0.0000
vt 0.8034 0.4758 0.0000
vt 0.8043 0.4924 0.0000
vt 0.7432 0.4729 0.0000
vt 0.7442 0.4924 0.0000
vt 0.6851 0.4739 0.0000
vt 0.6861 0.4922 0.0000
vt 0.6245 0.4756 0.0000
vt 0.6255 0.4926 0.0000
vt 0.8043 0.4933 0.0000
vt 0.1342 0.7900 0.0000
vt 0.1170 0.7918 0.0000
vt 0.1184 0.7869 0.0000
vt 0.1340 0.7918 0.0000
vt 0.1351 0.7912 0.0000
vt 0.3695 0.9517 0.0000
vt 0.3082 0.9474 0.0000
vt 0.3698 0.9500 0.0000
vt 0.3079 0.9491 0.0000
vt 0.2486 0.9447 0.0000
vt 0.2483 0.9464 0.0000
vt 0.1862 0.9426 0.0000
vt 0.1859 0.9444 0.0000
vt 0.7442 0.4933 0.0000
vt 0.6861 0.4931 0.0000
vt 0.4203 0.9662 0.0000
vt 0.4288 0.9654 0.0000
vt 0.4347 0.9651 0.0000
vt 0.4583 0.2506 0.0000
vt 0.4427 0.2641 0.0000
vt 0.4425 0.2475 0.0000
vt 0.4386 0.2518 0.0000
vt 0.4324 0.2660 0.0000
vt 0.4352 0.2701 0.0000
vt 0.4294 0.2519 0.0000
vt 0.4337 0.2389 0.0000
vt 0.4531 0.2442 0.0000
vt 0.4685 0.2419 0.0000
vt 0.4703 0.2506 0.0000
vt 0.4927 0.2506 0.0000
vt 0.4870 0.2403 0.0000
vt 0.5415 0.2506 0.0000
vt 0.5491 0.2405 0.0000
vt 0.0123 0.8859 0.0000
vt 0.0129 0.8816 0.0000
vt 0.0454 0.8821 0.0000
vt 0.5325 0.2148 0.0000
vt 0.4823 0.2184 0.0000
vt 0.4621 0.2227 0.0000
vt 0.4453 0.2293 0.0000
vt 0.8217 0.7281 0.0000
vt 0.8233 0.7245 0.0000
vt 0.7100 0.8632 0.0000
vt 0.7100 0.8650 0.0000
vt 0.6954 0.8630 0.0000
vt 0.6954 0.8651 0.0000
vt 0.6845 0.8629 0.0000
vt 0.6845 0.8652 0.0000
vt 0.6619 0.8627 0.0000
vt 0.6619 0.8655 0.0000
vt 0.6129 0.8622 0.0000
vt 0.6129 0.8660 0.0000
vt 0.5415 0.2538 0.0000
vt 0.4927 0.2538 0.0000
vt 0.4703 0.2538 0.0000
vt 0.4594 0.2536 0.0000
vt 0.4449 0.2664 0.0000
vt 0.4423 0.2685 0.0000
vt 0.7317 0.7887 0.0000
vt 0.7474 0.8022 0.0000
vt 0.7315 0.8054 0.0000
vt 0.7276 0.8010 0.0000
vt 0.7421 0.8087 0.0000
vt 0.7228 0.8140 0.0000
vt 0.7185 0.8010 0.0000
vt 0.7215 0.7869 0.0000
vt 0.7243 0.7827 0.0000
vt 0.7344 0.8235 0.0000
vt 0.7576 0.8110 0.0000
vt 0.7512 0.8302 0.0000
vt 0.7761 0.8126 0.0000
vt 0.7713 0.8345 0.0000
vt 0.8382 0.8123 0.0000
vt 0.8216 0.8381 0.0000
vt 0.0137 0.8889 0.0000
vt 0.8306 0.8022 0.0000
vt 0.7818 0.8022 0.0000
vt 0.7593 0.8022 0.0000
vt 0.7313 0.7844 0.0000
vt 0.7339 0.7865 0.0000
vt 0.7485 0.7993 0.0000
vt 0.7593 0.7991 0.0000
vt 0.7818 0.7991 0.0000
vt 0.8306 0.7991 0.0000
vt 0.7126 0.8641 0.0000
vt 0.2246 0.5328 0.0000
vt 0.1938 0.5330 0.0000
vt 0.2050 0.5278 0.0000
vt 0.1949 0.5256 0.0000
vt 0.2678 0.2784 0.0000
vt 0.2314 0.2794 0.0000
vt 0.2244 0.2496 0.0000
vt 0.2606 0.2477 0.0000
vt 0.3015 0.2775 0.0000
vt 0.2950 0.2496 0.0000
vt 0.3298 0.2767 0.0000
vt 0.3238 0.2514 0.0000
vt 0.3553 0.2760 0.0000
vt 0.3505 0.2553 0.0000
vt 0.3788 0.2754 0.0000
vt 0.3750 0.2593 0.0000
vt 0.3982 0.2749 0.0000
vt 0.3960 0.2657 0.0000
vt 0.0493 0.2492 0.0000
vt 0.0503 0.2477 0.0000
vt 0.0858 0.2503 0.0000
vt 0.0857 0.2487 0.0000
vt 0.1194 0.2513 0.0000
vt 0.1194 0.2497 0.0000
vt 0.1477 0.2521 0.0000
vt 0.1476 0.2505 0.0000
vt 0.1732 0.2528 0.0000
vt 0.1731 0.2512 0.0000
vt 0.1967 0.2535 0.0000
vt 0.1966 0.2519 0.0000
vt 0.2160 0.2541 0.0000
vt 0.2152 0.2525 0.0000
vt 0.0785 0.2810 0.0000
vt 0.0423 0.2791 0.0000
vt 0.0469 0.2593 0.0000
vt 0.1129 0.2791 0.0000
vt 0.1417 0.2774 0.0000
vt 0.1683 0.2736 0.0000
vt 0.1929 0.2696 0.0000
vt 0.2139 0.2632 0.0000
vt 0.5512 0.2946 0.0000
vt 0.2114 0.4615 0.0000
vt 0.2113 0.4629 0.0000
vt 0.1977 0.4618 0.0000
vt 0.4209 0.6618 0.0000
vt 0.4077 0.6617 0.0000
vt 0.4077 0.6592 0.0000
vt 0.4209 0.6591 0.0000
vt 0.2446 0.6682 0.0000
vt 0.2309 0.6688 0.0000
vt 0.2319 0.6672 0.0000
vt 0.2444 0.6667 0.0000
vt 0.2441 0.6646 0.0000
vt 0.2511 0.6631 0.0000
vt 0.2438 0.6627 0.0000
vt 0.2296 0.6652 0.0000
vt 0.2280 0.6662 0.0000
vt 0.7917 0.1662 0.0000
vt 0.7892 0.1662 0.0000
vt 0.7917 0.1632 0.0000
vt 0.7892 0.1632 0.0000
vt 0.1988 0.4634 0.0000
vt 0.1950 0.4647 0.0000
vt 0.1967 0.4656 0.0000
vt 0.2112 0.4651 0.0000
vt 0.2111 0.4670 0.0000
vt 0.2213 0.4645 0.0000
vt 0.2224 0.4613 0.0000
vt 0.4316 0.6619 0.0000
vt 0.4313 0.6651 0.0000
vt 0.4316 0.6590 0.0000
vt 0.2560 0.6689 0.0000
vt 0.4313 0.6558 0.0000
vt 0.4209 0.6574 0.0000
vt 0.2555 0.6675 0.0000
vt 0.2542 0.6645 0.0000
vt 0.0824 0.9424 0.0000
vt 0.0823 0.9460 0.0000
vt 0.0805 0.9478 0.0000
vt 0.0797 0.9443 0.0000
vt 0.4687 0.6407 0.0000
vt 0.4690 0.6383 0.0000
vt 0.4718 0.6383 0.0000
vt 0.4721 0.6407 0.0000
vt 0.4903 0.4451 0.0000
vt 0.4867 0.4447 0.0000
vt 0.4883 0.4427 0.0000
vt 0.4917 0.4421 0.0000
vt 0.2183 0.4661 0.0000
vt 0.2151 0.4675 0.0000
vt 0.4851 0.4423 0.0000
vt 0.2176 0.4676 0.0000
vt 0.2168 0.4684 0.0000
vt 0.4718 0.6372 0.0000
vt 0.4690 0.6372 0.0000
vt 0.4666 0.6400 0.0000
vt 0.2478 0.6619 0.0000
vt 0.2495 0.6609 0.0000
vt 0.2471 0.6600 0.0000
vt 0.2286 0.6626 0.0000
vt 0.2266 0.6629 0.0000
vt 0.7917 0.1597 0.0000
vt 0.7892 0.1597 0.0000
vt 0.1939 0.4681 0.0000
vt 0.2490 0.6598 0.0000
vt 0.4690 0.6359 0.0000
vt 0.4718 0.6359 0.0000
vt 0.1958 0.4683 0.0000
vt 0.1956 0.4709 0.0000
vt 0.1937 0.4708 0.0000
vt 0.7892 0.1571 0.0000
vt 0.7917 0.1571 0.0000
vt 0.2263 0.6602 0.0000
vt 0.2282 0.6600 0.0000
vt 0.2468 0.6574 0.0000
vt 0.2487 0.6571 0.0000
vt 0.4690 0.6329 0.0000
vt 0.4718 0.6329 0.0000
vt 0.2165 0.4696 0.0000
vt 0.2163 0.4722 0.0000
vt 0.2144 0.4721 0.0000
vt 0.2146 0.4695 0.0000
vt 0.7066 0.5964 0.0000
vt 0.7066 0.5950 0.0000
vt 0.7203 0.5961 0.0000
vt 0.4360 0.6351 0.0000
vt 0.4491 0.6352 0.0000
vt 0.4491 0.6377 0.0000
vt 0.4360 0.6378 0.0000
vt 0.2763 0.6682 0.0000
vt 0.2626 0.6688 0.0000
vt 0.2636 0.6672 0.0000
vt 0.2761 0.6667 0.0000
vt 0.2758 0.6646 0.0000
vt 0.2828 0.6631 0.0000
vt 0.2755 0.6627 0.0000
vt 0.2614 0.6652 0.0000
vt 0.2597 0.6662 0.0000
vt 0.8061 0.1586 0.0000
vt 0.8061 0.1561 0.0000
vt 0.8092 0.1586 0.0000
vt 0.8092 0.1561 0.0000
vt 0.7191 0.5945 0.0000
vt 0.7230 0.5932 0.0000
vt 0.7213 0.5923 0.0000
vt 0.7068 0.5928 0.0000
vt 0.7069 0.5909 0.0000
vt 0.6966 0.5934 0.0000
vt 0.6956 0.5966 0.0000
vt 0.4252 0.6349 0.0000
vt 0.4255 0.6318 0.0000
vt 0.4252 0.6379 0.0000
vt 0.2878 0.6689 0.0000
vt 0.4255 0.6410 0.0000
vt 0.4359 0.6395 0.0000
vt 0.2872 0.6675 0.0000
vt 0.2860 0.6645 0.0000
vt 0.2536 0.9556 0.0000
vt 0.2571 0.9556 0.0000
vt 0.2590 0.9574 0.0000
vt 0.2555 0.9582 0.0000
vt 0.7645 0.0132 0.0000
vt 0.7621 0.0129 0.0000
vt 0.7621 0.0100 0.0000
vt 0.7645 0.0097 0.0000
vt 0.4989 0.4451 0.0000
vt 0.4953 0.4447 0.0000
vt 0.4969 0.4427 0.0000
vt 0.5004 0.4421 0.0000
vt 0.6997 0.5918 0.0000
vt 0.7028 0.5904 0.0000
vt 0.4937 0.4423 0.0000
vt 0.7003 0.5903 0.0000
vt 0.7011 0.5895 0.0000
vt 0.7610 0.0100 0.0000
vt 0.7610 0.0129 0.0000
vt 0.7638 0.0152 0.0000
vt 0.2796 0.6619 0.0000
vt 0.2812 0.6609 0.0000
vt 0.2788 0.6600 0.0000
vt 0.2603 0.6626 0.0000
vt 0.2584 0.6629 0.0000
vt 0.8127 0.1586 0.0000
vt 0.8127 0.1561 0.0000
vt 0.7241 0.5898 0.0000
vt 0.2808 0.6598 0.0000
vt 0.7597 0.0129 0.0000
vt 0.7597 0.0100 0.0000
vt 0.7222 0.5896 0.0000
vt 0.7223 0.5870 0.0000
vt 0.7243 0.5871 0.0000
vt 0.8153 0.1561 0.0000
vt 0.8153 0.1586 0.0000
vt 0.2580 0.6602 0.0000
vt 0.2599 0.6600 0.0000
vt 0.2785 0.6574 0.0000
vt 0.2804 0.6571 0.0000
vt 0.7567 0.0129 0.0000
vt 0.7567 0.0100 0.0000
vt 0.7015 0.5883 0.0000
vt 0.7016 0.5857 0.0000
vt 0.7036 0.5858 0.0000
vt 0.7034 0.5884 0.0000
vt 0.4894 0.5342 0.0000
vt 0.4894 0.5328 0.0000
vt 0.5030 0.5338 0.0000
vt 0.2460 0.5347 0.0000
vt 0.2591 0.5348 0.0000
vt 0.2591 0.5373 0.0000
vt 0.2460 0.5374 0.0000
vt 0.4376 0.8726 0.0000
vt 0.4240 0.8733 0.0000
vt 0.4250 0.8716 0.0000
vt 0.4374 0.8711 0.0000
vt 0.4371 0.8690 0.0000
vt 0.4440 0.8675 0.0000
vt 0.4368 0.8671 0.0000
vt 0.4227 0.8696 0.0000
vt 0.4211 0.8707 0.0000
vt 0.3150 0.9446 0.0000
vt 0.3150 0.9421 0.0000
vt 0.3181 0.9446 0.0000
vt 0.3181 0.9421 0.0000
vt 0.5019 0.5322 0.0000
vt 0.5057 0.5310 0.0000
vt 0.5040 0.5300 0.0000
vt 0.4896 0.5305 0.0000
vt 0.4897 0.5286 0.0000
vt 0.4795 0.5312 0.0000
vt 0.4785 0.5343 0.0000
vt 0.2353 0.5345 0.0000
vt 0.2356 0.5314 0.0000
vt 0.2353 0.5375 0.0000
vt 0.4490 0.8733 0.0000
vt 0.2356 0.5406 0.0000
vt 0.2460 0.5391 0.0000
vt 0.4484 0.8719 0.0000
vt 0.4472 0.8689 0.0000
vt 0.3620 0.5144 0.0000
vt 0.3584 0.5144 0.0000
vt 0.3566 0.5126 0.0000
vt 0.3601 0.5118 0.0000
vt 0.4383 0.4382 0.0000
vt 0.4380 0.4407 0.0000
vt 0.4351 0.4407 0.0000
vt 0.4348 0.4382 0.0000
vt 0.4816 0.4451 0.0000
vt 0.4781 0.4447 0.0000
vt 0.4797 0.4427 0.0000
vt 0.4831 0.4421 0.0000
vt 0.4825 0.5296 0.0000
vt 0.4856 0.5281 0.0000
vt 0.4764 0.4423 0.0000
vt 0.4832 0.5281 0.0000
vt 0.4840 0.5272 0.0000
vt 0.4351 0.4418 0.0000
vt 0.4380 0.4418 0.0000
vt 0.4404 0.4390 0.0000
vt 0.4408 0.8664 0.0000
vt 0.4424 0.8653 0.0000
vt 0.4401 0.8645 0.0000
vt 0.4216 0.8671 0.0000
vt 0.4197 0.8673 0.0000
vt 0.3216 0.9446 0.0000
vt 0.3216 0.9421 0.0000
vt 0.5068 0.5275 0.0000
vt 0.4400 0.4410 0.0000
vt 0.4400 0.4432 0.0000
vt 0.4380 0.4431 0.0000
vt 0.4351 0.4431 0.0000
vt 0.5049 0.5274 0.0000
vt 0.5051 0.5247 0.0000
vt 0.5070 0.5249 0.0000
vt 0.3242 0.9421 0.0000
vt 0.3242 0.9446 0.0000
vt 0.4193 0.8647 0.0000
vt 0.4212 0.8644 0.0000
vt 0.4397 0.8619 0.0000
vt 0.4400 0.4462 0.0000
vt 0.4380 0.4461 0.0000
vt 0.4351 0.4461 0.0000
vt 0.4331 0.4462 0.0000
vt 0.4331 0.4432 0.0000
vt 0.4331 0.4410 0.0000
vt 0.4862 0.5262 0.0000
vt 0.4864 0.5236 0.0000
vt 0.1226 0.8822 0.0000
vt 0.1238 0.8850 0.0000
vt 0.1199 0.8811 0.0000
vt 0.1238 0.8889 0.0000
vt 0.1170 0.8889 0.0000
vt 0.1170 0.8811 0.0000
vt 0.0870 0.8811 0.0000
vt 0.0870 0.8889 0.0000
vt 0.0513 0.8811 0.0000
vt 0.0474 0.8889 0.0000
vt 0.0485 0.8822 0.0000
vt 0.0474 0.8850 0.0000
vt 0.7850 0.4323 0.0000
vt 0.7799 0.4330 0.0000
vt 0.7798 0.4290 0.0000
vt 0.7849 0.4283 0.0000
vt 0.7799 0.4262 0.0000
vt 0.7850 0.4254 0.0000
vt 0.7228 0.8380 0.0000
vt 0.7216 0.8361 0.0000
vt 0.1850 0.9582 0.0000
vt 0.7197 0.9119 0.0000
vt 0.7786 0.8949 0.0000
vt 0.7777 0.9137 0.0000
vt 0.8343 0.8948 0.0000
vt 0.8333 0.9147 0.0000
vt 0.8918 0.8949 0.0000
vt 0.8910 0.9121 0.0000
vt 0.3460 0.9446 0.0000
vt 0.3471 0.9426 0.0000
vt 0.3471 0.9436 0.0000
vt 0.3466 0.9421 0.0000
vt 0.3261 0.9427 0.0000
vt 0.6376 0.8245 0.0000
vt 0.6071 0.8313 0.0000
vt 0.6475 0.8220 0.0000
vt 0.6576 0.8196 0.0000
vt 0.6659 0.8176 0.0000
vt 0.6714 0.8166 0.0000
vt 0.1418 0.5496 0.0000
vt 0.1343 0.5453 0.0000
vt 0.1418 0.5382 0.0000
vt 0.6721 0.8248 0.0000
vt 0.6666 0.8262 0.0000
vt 0.5605 0.8382 0.0000
vt 0.5576 0.8257 0.0000
vt 0.5506 0.8200 0.0000
vt 0.0643 0.7138 0.0000
vt 0.0546 0.7090 0.0000
vt 0.0560 0.6975 0.0000
vt 0.0479 0.6937 0.0000
vt 0.0495 0.6801 0.0000
vt 0.0579 0.6810 0.0000
vt 0.0514 0.6641 0.0000
vt 0.0658 0.7007 0.0000
vt 0.0740 0.7176 0.0000
vt 0.0600 0.6626 0.0000
vt 0.0520 0.6591 0.0000
vt 0.0461 0.6613 0.0000
vt 0.0452 0.6694 0.0000
vt 0.0440 0.6794 0.0000
vt 0.0429 0.6893 0.0000
vt 0.0419 0.6974 0.0000
vt 0.0469 0.7026 0.0000
vt 0.6584 0.8285 0.0000
vt 0.6483 0.8308 0.0000
vt 0.6384 0.8336 0.0000
vt 0.0702 0.6631 0.0000
vt 0.0680 0.6822 0.0000
vt 0.4077 0.0878 0.0000
vt 0.4094 0.0532 0.0000
vt 0.4116 0.0532 0.0000
vt 0.4153 0.0227 0.0000
vt 0.4135 0.0238 0.0000
vt 0.1579 0.7392 0.0000
vt 0.1712 0.7354 0.0000
vt 0.1721 0.7371 0.0000
vt 0.1577 0.7403 0.0000
vt 0.1492 0.7437 0.0000
vt 0.1485 0.7432 0.0000
vt 0.1497 0.7462 0.0000
vt 0.1486 0.7484 0.0000
vt 0.1026 0.7380 0.0000
vt 0.6080 0.8409 0.0000
vt 0.5615 0.8413 0.0000
vt 0.1041 0.7258 0.0000
vt 0.0757 0.7030 0.0000
vt 0.1499 0.7441 0.0000
vt 0.5669 0.8462 0.0000
vt 0.1445 0.7345 0.0000
vt 0.1061 0.7082 0.0000
vt 0.0780 0.6834 0.0000
vt 0.0729 0.6775 0.0000
vt 0.0720 0.6746 0.0000
vt 0.0725 0.6706 0.0000
vt 0.0803 0.6636 0.0000
vt 0.0794 0.6714 0.0000
vt 0.1100 0.6750 0.0000
vt 0.1110 0.6663 0.0000
vt 0.1503 0.6797 0.0000
vt 0.1520 0.6704 0.0000
vt 0.1498 0.6836 0.0000
vt 0.1495 0.6917 0.0000
vt 0.1483 0.6863 0.0000
vt 0.0606 0.6577 0.0000
vt 0.0708 0.6582 0.0000
vt 0.0809 0.6585 0.0000
vt 0.1116 0.6610 0.0000
vt 0.1526 0.6651 0.0000
vt 0.1086 0.6870 0.0000
vt 0.1470 0.7135 0.0000
vt 0.2043 0.7204 0.0000
vt 0.2068 0.6983 0.0000
vt 0.2092 0.6782 0.0000
vt 0.2869 0.7074 0.0000
vt 0.2890 0.6891 0.0000
vt 0.2099 0.6716 0.0000
vt 0.2899 0.6815 0.0000
vt 0.1581 0.7374 0.0000
vt 0.1704 0.7328 0.0000
vt 0.2031 0.7307 0.0000
vt 0.2383 0.7340 0.0000
vt 0.2394 0.7244 0.0000
vt 0.2656 0.7372 0.0000
vt 0.2667 0.7275 0.0000
vt 0.2843 0.7295 0.0000
vt 0.2832 0.7394 0.0000
vt 0.2825 0.7456 0.0000
vt 0.2649 0.7429 0.0000
vt 0.2377 0.7390 0.0000
vt 0.2026 0.7348 0.0000
vt 0.5531 0.8479 0.0000
vt 0.3591 0.6993 0.0000
vt 0.3572 0.7155 0.0000
vt 0.3147 0.7330 0.0000
vt 0.3135 0.7434 0.0000
vt 0.3123 0.7507 0.0000
vt 0.3113 0.7554 0.0000
vt 0.4052 0.1616 0.0000
vt 0.4059 0.1323 0.0000
vt 0.4090 0.1324 0.0000
vt 0.4093 0.1149 0.0000
vt 0.4066 0.1148 0.0000
vt 0.4103 0.0879 0.0000
vt 0.3546 0.7377 0.0000
vt 0.3804 0.7409 0.0000
vt 0.4264 0.7083 0.0000
vt 0.4246 0.7234 0.0000
vt 0.4221 0.7453 0.0000
vt 0.3792 0.7518 0.0000
vt 0.3534 0.7486 0.0000
vt 0.3537 0.7573 0.0000
vt 0.3542 0.7645 0.0000
vt 0.4053 0.2045 0.0000
vt 0.4001 0.2056 0.0000
vt 0.4003 0.2302 0.0000
vt 0.4066 0.2295 0.0000
vt 0.4178 0.2810 0.0000
vt 0.3791 0.7615 0.0000
vt 0.4195 0.7671 0.0000
vt 0.4190 0.7713 0.0000
vt 0.3788 0.7720 0.0000
vt 0.4306 0.7769 0.0000
vt 0.4852 0.7752 0.0000
vt 0.4203 0.7602 0.0000
vt 0.4866 0.7632 0.0000
vt 0.4885 0.7468 0.0000
vt 0.5470 0.7640 0.0000
vt 0.5486 0.7500 0.0000
vt 0.6049 0.7654 0.0000
vt 0.6063 0.7535 0.0000
vt 0.6284 0.7657 0.0000
vt 0.6297 0.7546 0.0000
vt 0.7065 0.7664 0.0000
vt 0.7075 0.7580 0.0000
vt 0.6309 0.7439 0.0000
vt 0.7084 0.7500 0.0000
vt 0.5458 0.7744 0.0000
vt 0.6039 0.7743 0.0000
vt 0.6275 0.7740 0.0000
vt 0.7059 0.7719 0.0000
vt 0.7055 0.7750 0.0000
vt 0.4903 0.7312 0.0000
vt 0.5502 0.7366 0.0000
vt 0.6076 0.7420 0.0000
vt 0.6087 0.7329 0.0000
vt 0.6319 0.7357 0.0000
vt 0.6102 0.7202 0.0000
vt 0.6333 0.7236 0.0000
vt 0.6346 0.7124 0.0000
vt 0.6703 0.7188 0.0000
vt 0.6824 0.7210 0.0000
vt 0.7091 0.7438 0.0000
vt 0.7102 0.7347 0.0000
vt 0.7112 0.7261 0.0000
vt 0.4920 0.7169 0.0000
vt 0.5515 0.7253 0.0000
vt 0.5532 0.7111 0.0000
vt 0.6116 0.7082 0.0000
vt 0.4285 0.6904 0.0000
vt 0.4938 0.7014 0.0000
vt 0.1375 0.9190 0.0000
vt 0.1375 0.9083 0.0000
vt 0.2003 0.9052 0.0000
vt 0.0771 0.9200 0.0000
vt 0.4304 0.6736 0.0000
vt 0.4957 0.6854 0.0000
vt 0.2003 0.9187 0.0000
vt 0.2696 0.9065 0.0000
vt 0.0020 0.9201 0.0000
vt 0.0148 0.9201 0.0000
vt 0.0224 0.9207 0.0000
vt 0.0527 0.9220 0.0000
vt 0.0527 0.9201 0.0000
vt 0.0584 0.9220 0.0000
vt 0.0772 0.9241 0.0000
vt 0.1375 0.9241 0.0000
vt 0.2004 0.9241 0.0000
vt 0.2696 0.9241 0.0000
vt 0.2695 0.9187 0.0000
vt 0.0382 0.9217 0.0000
vt 0.6557 0.9189 0.0000
vt 0.6611 0.9241 0.0000
vt 0.6557 0.9241 0.0000
vt 0.6557 0.9050 0.0000
vt 0.6645 0.9077 0.0000
vt 0.6451 0.9176 0.0000
vt 0.6451 0.9040 0.0000
vt 0.6345 0.9168 0.0000
vt 0.6345 0.9034 0.0000
vt 0.6023 0.9169 0.0000
vt 0.6023 0.9022 0.0000
vt 0.5592 0.9169 0.0000
vt 0.5592 0.9010 0.0000
vt 0.4989 0.9032 0.0000
vt 0.4989 0.9169 0.0000
vt 0.5592 0.8948 0.0000
vt 0.6023 0.8965 0.0000
vt 0.6345 0.8981 0.0000
vt 0.6451 0.8991 0.0000
vt 0.6557 0.8998 0.0000
vt 0.6645 0.9023 0.0000
vt 0.6703 0.9137 0.0000
vt 0.6703 0.9051 0.0000
vt 0.6703 0.9241 0.0000
vt 0.6645 0.9209 0.0000
vt 0.6255 0.4935 0.0000
vt 0.3701 0.9491 0.0000
vt 0.3084 0.9466 0.0000
vt 0.2488 0.9438 0.0000
vt 0.1865 0.9418 0.0000
vt 0.1454 0.6872 0.0000
vt 0.1090 0.6829 0.0000
vt 0.0785 0.6794 0.0000
vt 0.0756 0.6790 0.0000
vt 0.4712 0.8265 0.0000
vt 0.4454 0.8539 0.0000
vt 0.4723 0.8275 0.0000
vt 0.4751 0.8287 0.0000
vt 0.4767 0.8293 0.0000
vt 0.4792 0.8296 0.0000
vt 0.5076 0.8483 0.0000
vt 0.4856 0.8303 0.0000
vt 0.5059 0.8297 0.0000
vt 0.5205 0.8286 0.0000
vt 0.5373 0.8456 0.0000
vt 0.5339 0.8274 0.0000
vt 0.5347 0.8273 0.0000
vt 0.5350 0.8268 0.0000
vt 0.5352 0.8255 0.0000
vt 0.5352 0.8238 0.0000
vt 0.4378 0.5072 0.0000
vt 0.4246 0.5100 0.0000
vt 0.5592 0.8436 0.0000
vt 0.5539 0.8441 0.0000
vt 0.3556 0.8411 0.0000
vt 0.2225 0.8646 0.0000
vt 0.1621 0.8672 0.0000
vt 0.1041 0.8694 0.0000
vt 0.2472 0.8992 0.0000
vt 0.2472 0.9030 0.0000
vt 0.1981 0.8997 0.0000
vt 0.1981 0.9025 0.0000
vt 0.1755 0.8999 0.0000
vt 0.8578 0.7182 0.0000
vt 0.8578 0.7151 0.0000
vt 0.9066 0.7182 0.0000
vt 0.9066 0.7151 0.0000
vt 0.9291 0.7182 0.0000
vt 0.9291 0.7151 0.0000
vt 0.9421 0.7180 0.0000
vt 0.9410 0.7151 0.0000
vt 0.1755 0.9023 0.0000
vt 0.1624 0.9000 0.0000
vt 0.1624 0.9021 0.0000
vt 0.1469 0.9002 0.0000
vt 0.1469 0.9020 0.0000
vt 0.9575 0.7041 0.0000
vt 0.9556 0.7016 0.0000
vt 0.9597 0.7020 0.0000
vt 0.9620 0.6956 0.0000
vt 0.9635 0.5501 0.0000
vt 0.9605 0.5389 0.0000
vt 0.9670 0.5449 0.0000
vt 0.9554 0.5460 0.0000
vt 0.9505 0.5610 0.0000
vt 0.9436 0.5554 0.0000
vt 0.9340 0.5702 0.0000
vt 0.9284 0.5633 0.0000
vt 0.8933 0.5828 0.0000
vt 0.8908 0.5742 0.0000
vt 0.9460 0.5254 0.0000
vt 0.9340 0.5254 0.0000
vt 0.9116 0.5254 0.0000
vt 0.8628 0.5254 0.0000
vt 0.8233 0.7318 0.0000
vt 0.1450 0.5496 0.0000
vt 0.1438 0.5402 0.0000
vt 0.1450 0.5401 0.0000
vt 0.0833 0.5096 0.0000
vt 0.0826 0.5144 0.0000
vt 0.0502 0.5089 0.0000
vt 0.1105 0.5140 0.0000
vt 0.1111 0.5103 0.0000
vt 0.1357 0.5136 0.0000
vt 0.1361 0.5113 0.0000
vt 0.1589 0.5132 0.0000
vt 0.1592 0.5122 0.0000
vt 0.1772 0.5130 0.0000
vt 0.1442 0.5387 0.0000
vt 0.3973 0.2765 0.0000
vt 0.3789 0.2770 0.0000
vt 0.3554 0.2776 0.0000
vt 0.3299 0.2783 0.0000
vt 0.3016 0.2791 0.0000
vt 0.2680 0.2800 0.0000
vt 0.2323 0.2810 0.0000
vt 0.1922 0.5314 0.0000
vt 0.1930 0.5263 0.0000
vt 0.0145 0.5139 0.0000
vt 0.0151 0.5088 0.0000
vt 0.0494 0.5143 0.0000
vt 0.2489 0.5399 0.0000
vt 0.5462 0.9697 0.0000
vt 0.5151 0.9697 0.0000
vt 0.5151 0.9684 0.0000
vt 0.5462 0.9684 0.0000
vt 0.5773 0.9658 0.0000
vt 0.5773 0.9653 0.0000
vt 0.5462 0.9663 0.0000
vt 0.5151 0.9663 0.0000
vt 0.5151 0.9648 0.0000
vt 0.5462 0.9648 0.0000
vt 0.5773 0.9647 0.0000
vt 0.4758 0.6422 0.0000
vt 0.4753 0.6424 0.0000
vt 0.4719 0.6412 0.0000
vt 0.4758 0.6458 0.0000
vt 0.4753 0.6456 0.0000
vt 0.4721 0.6474 0.0000
vt 0.4719 0.6469 0.0000
vt 0.4687 0.6474 0.0000
vt 0.4689 0.6469 0.0000
vt 0.4651 0.6458 0.0000
vt 0.4656 0.6456 0.0000
vt 0.4651 0.6422 0.0000
vt 0.4656 0.6424 0.0000
vt 0.4689 0.6412 0.0000
vt 0.9384 0.3442 0.0000
vt 0.9576 0.3435 0.0000
vt 0.9576 0.3444 0.0000
vt 0.2617 0.9781 0.0000
vt 0.2433 0.9789 0.0000
vt 0.2433 0.9781 0.0000
vt 0.2433 0.9773 0.0000
vt 0.8845 0.0786 0.0000
vt 0.8653 0.0788 0.0000
vt 0.8654 0.0779 0.0000
vt 0.8654 0.0772 0.0000
vt 0.2990 0.9672 0.0000
vt 0.3174 0.9664 0.0000
vt 0.3174 0.9672 0.0000
vt 0.3174 0.9680 0.0000
vt 0.9575 0.3428 0.0000
vt 0.7660 0.0060 0.0000
vt 0.7662 0.0065 0.0000
vt 0.7650 0.0099 0.0000
vt 0.7696 0.0060 0.0000
vt 0.7694 0.0065 0.0000
vt 0.7712 0.0097 0.0000
vt 0.7707 0.0099 0.0000
vt 0.7712 0.0132 0.0000
vt 0.7707 0.0130 0.0000
vt 0.7696 0.0168 0.0000
vt 0.7694 0.0163 0.0000
vt 0.7660 0.0168 0.0000
vt 0.7662 0.0163 0.0000
vt 0.7650 0.0130 0.0000
vt 0.3631 0.4940 0.0000
vt 0.3608 0.5084 0.0000
vt 0.3550 0.4927 0.0000
vt 0.3580 0.5079 0.0000
vt 0.3145 0.4862 0.0000
vt 0.3122 0.5006 0.0000
vt 0.3104 0.5038 0.0000
vt 0.3143 0.4848 0.0000
vt 0.3105 0.4755 0.0000
vt 0.3036 0.4686 0.0000
vt 0.3036 0.5105 0.0000
vt 0.2949 0.4649 0.0000
vt 0.2930 0.4648 0.0000
vt 0.2765 0.4680 0.0000
vt 0.2846 0.4647 0.0000
vt 0.2842 0.5143 0.0000
vt 0.2752 0.5105 0.0000
vt 0.2684 0.5037 0.0000
vt 0.2942 0.5144 0.0000
vt 0.2645 0.4944 0.0000
vt 0.2646 0.4843 0.0000
vt 0.2684 0.4754 0.0000
vt 0.2753 0.4685 0.0000
vt 0.7780 0.0209 0.0000
vt 0.7780 0.0044 0.0000
vt 0.7922 0.0208 0.0000
vt 0.7922 0.0042 0.0000
vt 0.5257 0.2070 0.0000
vt 0.5244 0.1903 0.0000
vt 0.5714 0.2089 0.0000
vt 0.5701 0.1922 0.0000
vt 0.5742 0.2087 0.0000
vt 0.5729 0.1920 0.0000
vt 0.1937 0.4906 0.0000
vt 0.1956 0.4742 0.0000
vt 0.2016 0.4915 0.0000
vt 0.2035 0.4751 0.0000
vt 0.2415 0.4914 0.0000
vt 0.2434 0.4749 0.0000
vt 0.8052 0.6257 0.0000
vt 0.8052 0.6426 0.0000
vt 0.7967 0.6263 0.0000
vt 0.7967 0.6432 0.0000
vt 0.7864 0.6264 0.0000
vt 0.7864 0.6433 0.0000
vt 0.7761 0.6260 0.0000
vt 0.7761 0.6429 0.0000
vt 0.7677 0.6253 0.0000
vt 0.7677 0.6421 0.0000
vt 0.4857 0.2054 0.0000
vt 0.4844 0.1887 0.0000
vt 0.4941 0.2059 0.0000
vt 0.4928 0.1892 0.0000
vt 0.5044 0.2063 0.0000
vt 0.5031 0.1896 0.0000
vt 0.5149 0.2067 0.0000
vt 0.5137 0.1900 0.0000
vt 0.5232 0.2070 0.0000
vt 0.5219 0.1903 0.0000
vt 0.3652 0.4526 0.0000
vt 0.3819 0.4532 0.0000
vt 0.3651 0.4541 0.0000
vt 0.3819 0.4547 0.0000
vt 0.3651 0.4644 0.0000
vt 0.3818 0.4650 0.0000
vt 0.3655 0.4728 0.0000
vt 0.3823 0.4734 0.0000
vt 0.3565 0.4670 0.0000
vt 0.3546 0.4837 0.0000
vt 0.3482 0.4671 0.0000
vt 0.3463 0.4838 0.0000
vt 0.3463 0.4671 0.0000
vt 0.3443 0.4838 0.0000
vt 0.3376 0.4672 0.0000
vt 0.3357 0.4839 0.0000
vt 0.3286 0.4671 0.0000
vt 0.3266 0.4839 0.0000
vt 0.3272 0.4672 0.0000
vt 0.3253 0.4839 0.0000
vt 0.3188 0.4671 0.0000
vt 0.3168 0.4838 0.0000
vt 0.4312 0.4368 0.0000
vt 0.4316 0.4366 0.0000
vt 0.4350 0.4377 0.0000
vt 0.4312 0.4332 0.0000
vt 0.4316 0.4334 0.0000
vt 0.4348 0.4315 0.0000
vt 0.4350 0.4320 0.0000
vt 0.4383 0.4315 0.0000
vt 0.4381 0.4320 0.0000
vt 0.4419 0.4332 0.0000
vt 0.4414 0.4334 0.0000
vt 0.4419 0.4368 0.0000
vt 0.4414 0.4366 0.0000
vt 0.4381 0.4377 0.0000
vt 0.7778 0.4234 0.0000
vt 0.7782 0.4183 0.0000
vt 0.7810 0.4183 0.0000
vt 0.7806 0.4235 0.0000
vt 0.7850 0.4183 0.0000
vt 0.7846 0.4234 0.0000
vt 0.7621 0.2563 0.0000
vt 0.7623 0.2614 0.0000
vt 0.7595 0.2611 0.0000
vt 0.7593 0.2560 0.0000
vt 0.7566 0.2608 0.0000
vt 0.7564 0.2558 0.0000
vt 0.7266 0.2600 0.0000
vt 0.7264 0.2549 0.0000
vt 0.6909 0.2605 0.0000
vt 0.6907 0.2554 0.0000
vt 0.6882 0.2605 0.0000
vt 0.6880 0.2555 0.0000
vt 0.8706 0.8723 0.0000
vt 0.8708 0.8673 0.0000
vt 0.9103 0.8674 0.0000
vt 0.9101 0.8724 0.0000
vt 0.9402 0.8667 0.0000
vt 0.9400 0.8718 0.0000
vt 0.9470 0.8662 0.0000
vt 0.9468 0.8712 0.0000
vt 0.1710 0.9763 0.0000
vt 0.1713 0.9789 0.0000
vt 0.1168 0.9757 0.0000
vt 0.1171 0.9784 0.0000
vt 0.0660 0.9760 0.0000
vt 0.0663 0.9787 0.0000
vt 0.0123 0.9760 0.0000
vt 0.0126 0.9787 0.0000
vt 0.5841 0.4536 0.0000
vt 0.5841 0.4479 0.0000
vt 0.5823 0.4479 0.0000
vt 0.5823 0.4536 0.0000
vt 0.5841 0.4559 0.0000
vt 0.5823 0.4559 0.0000
vt 0.5841 0.4581 0.0000
vt 0.5823 0.4581 0.0000
vt 0.2203 0.4716 0.0000
vt 0.2200 0.4711 0.0000
vt 0.2220 0.4720 0.0000
vt 0.2211 0.4705 0.0000
vt 0.2753 0.4553 0.0000
vt 0.2756 0.4553 0.0000
vt 0.2748 0.4571 0.0000
vt 0.2748 0.4583 0.0000
vt 0.5810 0.4536 0.0000
vt 0.5810 0.4559 0.0000
vt 0.5842 0.4474 0.0000
vt 0.5826 0.4474 0.0000
vt 0.6921 0.5965 0.0000
vt 0.6919 0.5958 0.0000
vt 0.6935 0.5966 0.0000
vt 0.6937 0.5958 0.0000
vt 0.2645 0.4596 0.0000
vt 0.2651 0.4593 0.0000
vt 0.2645 0.4606 0.0000
vt 0.2651 0.4605 0.0000
vt 0.2645 0.4614 0.0000
vt 0.2651 0.4615 0.0000
vt 0.7573 0.0168 0.0000
vt 0.7571 0.0160 0.0000
vt 0.7587 0.0168 0.0000
vt 0.7589 0.0160 0.0000
vt 0.5457 0.8243 0.0000
vt 0.5452 0.8246 0.0000
vt 0.5456 0.8227 0.0000
vt 0.5450 0.8229 0.0000
vt 0.4889 0.9836 0.0000
vt 0.4883 0.9839 0.0000
vt 0.4889 0.9828 0.0000
vt 0.4883 0.9829 0.0000
vt 0.4889 0.9821 0.0000
vt 0.4883 0.9820 0.0000
vt 0.4889 0.9812 0.0000
vt 0.4883 0.9809 0.0000
vt 0.3120 0.5355 0.0000
vt 0.3118 0.5348 0.0000
vt 0.3131 0.5356 0.0000
vt 0.5169 0.2902 0.0000
vt 0.5170 0.2896 0.0000
vt 0.5183 0.2902 0.0000
vt 0.5186 0.2896 0.0000
vt 0.3083 0.5276 0.0000
vt 0.3081 0.5268 0.0000
vt 0.3095 0.5276 0.0000
vt 0.3096 0.5268 0.0000
vt 0.4000 0.1610 0.0000
vt 0.4012 0.1322 0.0000
vt 0.4025 0.1146 0.0000
vt 0.4043 0.0876 0.0000
vt 0.4072 0.0532 0.0000
vt 0.4109 0.0247 0.0000
vt 0.4175 0.0102 0.0000
vt 0.4164 0.0101 0.0000
vt 0.4236 0.0032 0.0000
vt 0.4495 0.4994 0.0000
vt 0.4436 0.5034 0.0000
vt 0.4420 0.5031 0.0000
vt 0.4396 0.5050 0.0000
vt 0.4415 0.5027 0.0000
vt 0.4342 0.7869 0.0000
vt 0.5169 0.2993 0.0000
vt 0.5183 0.2993 0.0000
vt 0.5191 0.2993 0.0000
vt 0.5191 0.2902 0.0000
vt 0.4982 0.9836 0.0000
vt 0.4982 0.9828 0.0000
vt 0.4982 0.9821 0.0000
vt 0.5093 0.9824 0.0000
vt 0.4982 0.9812 0.0000
vt 0.4251 0.7848 0.0000
vt 0.4342 0.7848 0.0000
vt 0.4251 0.7856 0.0000
vt 0.4342 0.7856 0.0000
vt 0.4251 0.7869 0.0000
vt 0.5373 0.8236 0.0000
vt 0.5354 0.8255 0.0000
vt 0.5395 0.8234 0.0000
vt 0.5397 0.8251 0.0000
vt 0.5398 0.8264 0.0000
vt 0.5453 0.8259 0.0000
vt 0.2705 0.4615 0.0000
vt 0.2651 0.4628 0.0000
vt 0.2705 0.4605 0.0000
vt 0.2727 0.4605 0.0000
vt 0.2727 0.4598 0.0000
vt 0.2727 0.4586 0.0000
vt 0.2705 0.4593 0.0000
vt 0.5810 0.4479 0.0000
vt 0.2705 0.4628 0.0000
vt 0.2727 0.4615 0.0000
vt 0.2748 0.4605 0.0000
vt 0.2748 0.4592 0.0000
vt 0.2764 0.4592 0.0000
vt 0.2764 0.4554 0.0000
vt 0.2896 0.4562 0.0000
vt 0.2896 0.4590 0.0000
vt 0.3040 0.4578 0.0000
vt 0.3040 0.4590 0.0000
vt 0.3239 0.4568 0.0000
vt 0.3040 0.4601 0.0000
vt 0.3239 0.4581 0.0000
vt 0.3040 0.4613 0.0000
vt 0.2764 0.4605 0.0000
vt 0.3039 0.4570 0.0000
vt 0.2896 0.4625 0.0000
vt 0.5205 0.8281 0.0000
vt 0.5058 0.8292 0.0000
vt 0.5204 0.8269 0.0000
vt 0.5057 0.8280 0.0000
vt 0.5338 0.8257 0.0000
vt 0.3239 0.4594 0.0000
vt 0.3325 0.4574 0.0000
vt 0.4855 0.8299 0.0000
vt 0.4854 0.8289 0.0000
vt 0.4766 0.8291 0.0000
vt 0.3325 0.4586 0.0000
vt 0.3239 0.4606 0.0000
vt 0.3339 0.4567 0.0000
vt 0.3366 0.4566 0.0000
vt 0.3300 0.4567 0.0000
vt 0.3325 0.4567 0.0000
vt 0.5375 0.8253 0.0000
vt 0.5376 0.8266 0.0000
vt 0.2727 0.4628 0.0000
vt 0.2748 0.4615 0.0000
vt 0.2764 0.4615 0.0000
vt 0.2896 0.4602 0.0000
vt 0.2896 0.4612 0.0000
vt 0.2764 0.4628 0.0000
vt 0.5339 0.8269 0.0000
vt 0.5355 0.8268 0.0000
vt 0.2748 0.4628 0.0000
vt 0.5336 0.8239 0.0000
vt 0.5202 0.8251 0.0000
vt 0.5056 0.8263 0.0000
vt 0.4853 0.8274 0.0000
vt 0.4766 0.8283 0.0000
vt 0.4765 0.8272 0.0000
vt 0.3809 0.1316 0.0000
vt 0.3799 0.1584 0.0000
vt 0.3257 0.1534 0.0000
vt 0.2733 0.1894 0.0000
vt 0.2199 0.1780 0.0000
vt 0.2214 0.1406 0.0000
vt 0.2749 0.1491 0.0000
vt 0.3241 0.1959 0.0000
vt 0.3781 0.2035 0.0000
vt 0.3826 0.2052 0.0000
vt 0.3882 0.2089 0.0000
vt 0.3938 0.2162 0.0000
vt 0.3816 0.1134 0.0000
vt 0.3274 0.1110 0.0000
vt 0.2765 0.1087 0.0000
vt 0.2227 0.1053 0.0000
vt 0.1860 0.1018 0.0000
vt 0.1848 0.1329 0.0000
vt 0.1531 0.0977 0.0000
vt 0.1520 0.1246 0.0000
vt 0.1255 0.0935 0.0000
vt 0.1246 0.1167 0.0000
vt 0.1244 0.1222 0.0000
vt 0.0995 0.1162 0.0000
vt 0.1846 0.1364 0.0000
vt 0.2212 0.1451 0.0000
vt 0.1519 0.1287 0.0000
vt 0.0767 0.1109 0.0000
vt 0.0998 0.1085 0.0000
vt 0.1006 0.0888 0.0000
vt 0.1013 0.0710 0.0000
vt 0.1263 0.0728 0.0000
vt 0.1540 0.0746 0.0000
vt 0.1870 0.0766 0.0000
vt 0.2238 0.0786 0.0000
vt 0.2775 0.0816 0.0000
vt 0.3284 0.0842 0.0000
vt 0.3827 0.0867 0.0000
vt 0.2788 0.0496 0.0000
vt 0.3297 0.0509 0.0000
vt 0.3840 0.0527 0.0000
vt 0.0570 0.1062 0.0000
vt 0.0771 0.1003 0.0000
vt 0.0777 0.0840 0.0000
vt 0.0783 0.0692 0.0000
vt 0.0791 0.0479 0.0000
vt 0.1022 0.0476 0.0000
vt 0.1273 0.0474 0.0000
vt 0.1551 0.0474 0.0000
vt 0.1881 0.0479 0.0000
vt 0.2250 0.0486 0.0000
vt 0.0575 0.0928 0.0000
vt 0.0581 0.0793 0.0000
vt 0.0585 0.0676 0.0000
vt 0.0593 0.0484 0.0000
vt 0.0599 0.0321 0.0000
vt 0.0799 0.0298 0.0000
vt 0.1030 0.0277 0.0000
vt 0.1282 0.0258 0.0000
vt 0.1560 0.0244 0.0000
vt 0.1891 0.0236 0.0000
vt 0.1896 0.0101 0.0000
vt 0.2265 0.0089 0.0000
vt 0.2260 0.0231 0.0000
vt 0.1565 0.0116 0.0000
vt 0.1286 0.0138 0.0000
vt 0.1034 0.0167 0.0000
vt 0.0802 0.0197 0.0000
vt 0.0603 0.0231 0.0000
vt 0.0409 0.0279 0.0000
vt 0.0406 0.0356 0.0000
vt 0.0294 0.0322 0.0000
vt 0.0291 0.0387 0.0000
vt 0.0163 0.0398 0.0000
vt 0.0162 0.0443 0.0000
vt 0.3315 0.0070 0.0000
vt 0.2805 0.0073 0.0000
vt 0.2807 0.0025 0.0000
vt 0.2267 0.0045 0.0000
vt 0.1898 0.0058 0.0000
vt 0.1566 0.0075 0.0000
vt 0.1288 0.0100 0.0000
vt 0.1036 0.0132 0.0000
vt 0.0804 0.0165 0.0000
vt 0.0604 0.0202 0.0000
vt 0.0410 0.0254 0.0000
vt 0.0294 0.0302 0.0000
vt 0.0604 0.0191 0.0000
vt 0.0804 0.0153 0.0000
vt 0.8000 0.5040 0.0000
vt 0.8002 0.5022 0.0000
vt 0.8209 0.5019 0.0000
vt 0.7759 0.5047 0.0000
vt 0.7761 0.5025 0.0000
vt 0.7496 0.5054 0.0000
vt 0.7498 0.5028 0.0000
vt 0.7206 0.5061 0.0000
vt 0.7208 0.5031 0.0000
vt 0.6859 0.5069 0.0000
vt 0.6862 0.5036 0.0000
vt 0.6473 0.5078 0.0000
vt 0.6476 0.5041 0.0000
vt 0.5909 0.5090 0.0000
vt 0.5912 0.5048 0.0000
vt 0.5375 0.5101 0.0000
vt 0.5379 0.5055 0.0000
vt 0.4811 0.5064 0.0000
vt 0.3317 0.0020 0.0000
vt 0.3860 0.0029 0.0000
vt 0.3858 0.0080 0.0000
vt 0.3851 0.0239 0.0000
vt 0.3309 0.0226 0.0000
vt 0.2799 0.0224 0.0000
vt 0.4220 0.0039 0.0000
vt 0.9108 0.7258 0.0000
vt 0.8899 0.7271 0.0000
vt 0.8899 0.7244 0.0000
vt 0.8884 0.6577 0.0000
vt 0.8858 0.6662 0.0000
vt 0.9235 0.6772 0.0000
vt 0.9290 0.6703 0.0000
vt 0.9387 0.6851 0.0000
vt 0.9456 0.6794 0.0000
vt 0.9504 0.6944 0.0000
vt 0.9585 0.6903 0.0000
vt 0.8628 0.5223 0.0000
vt 0.9116 0.5223 0.0000
vt 0.9340 0.5223 0.0000
vt 0.9471 0.5225 0.0000
vt 0.9625 0.5364 0.0000
vt 0.9647 0.5385 0.0000
vt 0.1447 0.9011 0.0000
vt 0.0150 0.0748 0.0000
vt 0.0083 0.0682 0.0000
vt 0.0085 0.0633 0.0000
vt 0.0046 0.0608 0.0000
vt 0.0047 0.0591 0.0000
vt 0.0020 0.0575 0.0000
vt 0.0046 0.0632 0.0000
vt 0.0045 0.0657 0.0000
vt 0.0081 0.0731 0.0000
vt 0.0147 0.0819 0.0000
vt 0.0269 0.0948 0.0000
vt 0.0092 0.0456 0.0000
vt 0.0091 0.0486 0.0000
vt 0.0050 0.0518 0.0000
vt 0.0049 0.0533 0.0000
vt 0.0048 0.0559 0.0000
vt 0.0086 0.0605 0.0000
vt 0.0152 0.0677 0.0000
vt 0.0275 0.0802 0.0000
vt 0.0380 0.1039 0.0000
vt 0.0387 0.0850 0.0000
vt 0.0566 0.1160 0.0000
vt 0.0395 0.0657 0.0000
vt 0.0391 0.0742 0.0000
vt 0.0278 0.0712 0.0000
vt 0.0155 0.0620 0.0000
vt 0.0089 0.0541 0.0000
vt 0.0158 0.0525 0.0000
vt 0.0286 0.0504 0.0000
vt 0.0401 0.0494 0.0000
vt 0.0281 0.0642 0.0000
vt 0.2330 0.4615 0.0000
vt 0.2332 0.4619 0.0000
vt 0.2330 0.4624 0.0000
vt 0.7033 0.8463 0.0000
vt 0.7029 0.8455 0.0000
vt 0.7126 0.8459 0.0000
vt 0.7029 0.8467 0.0000
vt 0.2961 0.2405 0.0000
vt 0.2699 0.2399 0.0000
vt 0.2959 0.2389 0.0000
vt 0.3247 0.2381 0.0000
vt 0.3250 0.2404 0.0000
vt 0.3594 0.2398 0.0000
vt 0.1846 0.1380 0.0000
vt 0.2211 0.1470 0.0000
vt 0.3978 0.2397 0.0000
vt 0.3591 0.2375 0.0000
vt 0.3974 0.2368 0.0000
vt 0.2703 0.2432 0.0000
vt 0.2463 0.2433 0.0000
vt 0.2701 0.2415 0.0000
vt 0.2462 0.2419 0.0000
vt 0.2257 0.2432 0.0000
vt 0.2256 0.2427 0.0000
vt 0.2256 0.2423 0.0000
vt 0.2461 0.2410 0.0000
vt 0.2965 0.2437 0.0000
vt 0.3254 0.2436 0.0000
vt 0.3598 0.2435 0.0000
vt 0.3982 0.2432 0.0000
vt 0.8892 0.3701 0.0000
vt 0.9291 0.3701 0.0000
vt 0.9291 0.3733 0.0000
vt 0.8892 0.3733 0.0000
vt 0.9495 0.8503 0.0000
vt 0.9097 0.8503 0.0000
vt 0.9097 0.8471 0.0000
vt 0.9495 0.8471 0.0000
vt 0.9097 0.8439 0.0000
vt 0.9495 0.8439 0.0000
vt 0.9566 0.7304 0.0000
vt 0.9167 0.7304 0.0000
vt 0.9167 0.7272 0.0000
vt 0.9566 0.7272 0.0000
vt 0.9167 0.7241 0.0000
vt 0.9566 0.7241 0.0000
vt 0.1930 0.9848 0.0000
vt 0.2328 0.9848 0.0000
vt 0.2328 0.9880 0.0000
vt 0.1930 0.9880 0.0000
vt 0.2328 0.9912 0.0000
vt 0.1930 0.9912 0.0000
vt 0.8892 0.3670 0.0000
vt 0.9291 0.3670 0.0000
vt 0.8479 0.3701 0.0000
vt 0.8479 0.3715 0.0000
vt 0.9908 0.8485 0.0000
vt 0.9908 0.8471 0.0000
vt 0.9908 0.8457 0.0000
vt 0.9979 0.7287 0.0000
vt 0.9979 0.7272 0.0000
vt 0.9979 0.7258 0.0000
vt 0.1517 0.9866 0.0000
vt 0.1517 0.9880 0.0000
vt 0.1517 0.9894 0.0000
vt 0.8479 0.3687 0.0000
vt 0.7616 0.1590 0.0000
vt 0.7609 0.1593 0.0000
vt 0.7609 0.1579 0.0000
vt 0.7616 0.1582 0.0000
vt 0.7619 0.1569 0.0000
vt 0.7622 0.1576 0.0000
vt 0.7634 0.1569 0.0000
vt 0.7631 0.1576 0.0000
vt 0.7644 0.1579 0.0000
vt 0.7637 0.1582 0.0000
vt 0.7644 0.1594 0.0000
vt 0.7637 0.1591 0.0000
vt 0.7634 0.1604 0.0000
vt 0.7631 0.1597 0.0000
vt 0.7619 0.1604 0.0000
vt 0.7622 0.1597 0.0000
vt 0.4430 0.4153 0.0000
vt 0.4604 0.4153 0.0000
vt 0.4604 0.4184 0.0000
vt 0.8110 0.1648 0.0000
vt 0.8128 0.1606 0.0000
vt 0.8153 0.1631 0.0000
vt 0.4430 0.4121 0.0000
vt 0.4604 0.4121 0.0000
vt 0.5856 0.2974 0.0000
vt 0.5856 0.2943 0.0000
vt 0.6030 0.2974 0.0000
vt 0.6030 0.2943 0.0000
vt 0.5856 0.2911 0.0000
vt 0.6030 0.2911 0.0000
vt 0.6225 0.4730 0.0000
vt 0.6225 0.4762 0.0000
vt 0.6051 0.4730 0.0000
vt 0.6051 0.4762 0.0000
vt 0.6225 0.4794 0.0000
vt 0.6051 0.4794 0.0000
vt 0.7126 0.8350 0.0000
vt 0.7126 0.8382 0.0000
vt 0.6953 0.8350 0.0000
vt 0.6953 0.8382 0.0000
vt 0.7126 0.8413 0.0000
vt 0.6953 0.8413 0.0000
vt 0.4430 0.4184 0.0000
vt 0.8153 0.1667 0.0000
vt 0.8093 0.1605 0.0000
vt 0.8127 0.1692 0.0000
vt 0.8067 0.1630 0.0000
vt 0.8092 0.1691 0.0000
vt 0.8067 0.1666 0.0000
vt 0.7140 0.6555 0.0000
vt 0.7147 0.6623 0.0000
vt 0.7109 0.6641 0.0000
vt 0.7082 0.6548 0.0000
vt 0.7030 0.6716 0.0000
vt 0.6986 0.6537 0.0000
vt 0.6933 0.6577 0.0000
vt 0.6946 0.6533 0.0000
vt 0.6917 0.6554 0.0000
vt 0.6815 0.6732 0.0000
vt 0.6793 0.6714 0.0000
vt 0.6701 0.6925 0.0000
vt 0.6677 0.6912 0.0000
vt 0.6646 0.7010 0.0000
vt 0.6623 0.6988 0.0000
vt 0.6944 0.6840 0.0000
vt 0.6849 0.7006 0.0000
vt 0.6770 0.7127 0.0000
vt 0.7193 0.6561 0.0000
vt 0.7186 0.6621 0.0000
vt 0.7185 0.6633 0.0000
vt 0.7181 0.6664 0.0000
vt 0.7171 0.6748 0.0000
vt 0.7156 0.6877 0.0000
vt 0.7136 0.7055 0.0000
vt 0.6632 0.7174 0.0000
vt 0.6574 0.7076 0.0000
vt 0.6348 0.7111 0.0000
vt 0.6347 0.7118 0.0000
vt 0.6294 0.7108 0.0000
vt 0.6477 0.7114 0.0000
vt 0.6483 0.7144 0.0000
vt 0.6556 0.7046 0.0000
vt 0.6479 0.7082 0.0000
vt 0.0480 0.9241 0.0000
vt 0.0394 0.9241 0.0000
vt 0.3560 0.2304 0.0000
vt 0.3560 0.2282 0.0000
vt 0.3626 0.2304 0.0000
vt 0.3626 0.2282 0.0000
vt 0.3713 0.2304 0.0000
vt 0.3713 0.2282 0.0000
vt 0.3804 0.2304 0.0000
vt 0.3800 0.2282 0.0000
vt 0.3863 0.2284 0.0000
vt 0.3853 0.2264 0.0000
vt 0.3856 0.2262 0.0000
vt 0.2611 0.2297 0.0000
vt 0.2611 0.2277 0.0000
vt 0.2675 0.2304 0.0000
vt 0.2677 0.2282 0.0000
vt 0.2689 0.2304 0.0000
vt 0.2689 0.2282 0.0000
vt 0.2723 0.2304 0.0000
vt 0.2723 0.2282 0.0000
vt 0.2814 0.2304 0.0000
vt 0.2814 0.2282 0.0000
vt 0.2953 0.2304 0.0000
vt 0.2953 0.2282 0.0000
vt 0.3145 0.2304 0.0000
vt 0.3145 0.2282 0.0000
vt 0.3368 0.2304 0.0000
vt 0.3368 0.2282 0.0000
vt 0.3461 0.2304 0.0000
vt 0.3461 0.2282 0.0000
vt 0.8398 0.0550 0.0000
vt 0.8438 0.0616 0.0000
vt 0.8438 0.0622 0.0000
vt 0.8398 0.0560 0.0000
vt 0.8328 0.0486 0.0000
vt 0.8328 0.0500 0.0000
vt 0.8200 0.0401 0.0000
vt 0.8200 0.0422 0.0000
vt 0.8086 0.0351 0.0000
vt 0.8086 0.0376 0.0000
vt 0.7894 0.0294 0.0000
vt 0.7895 0.0323 0.0000
vt 0.7696 0.0252 0.0000
vt 0.7696 0.0284 0.0000
vt 0.7466 0.0213 0.0000
vt 0.7466 0.0249 0.0000
vt 0.7698 0.0386 0.0000
vt 0.7468 0.0360 0.0000
vt 0.7896 0.0414 0.0000
vt 0.8087 0.0453 0.0000
vt 0.8201 0.0487 0.0000
vt 0.8329 0.0546 0.0000
vt 0.8398 0.0590 0.0000
vt 0.8438 0.0637 0.0000
vt 0.8398 0.0546 0.0000
vt 0.8328 0.0480 0.0000
vt 0.8399 0.0645 0.0000
vt 0.8330 0.0627 0.0000
vt 0.8203 0.0604 0.0000
vt 0.8089 0.0591 0.0000
vt 0.7898 0.0577 0.0000
vt 0.7700 0.0567 0.0000
vt 0.8439 0.0664 0.0000
vt 0.8200 0.0393 0.0000
vt 0.8086 0.0342 0.0000
vt 0.7894 0.0283 0.0000
vt 0.7696 0.0239 0.0000
vt 0.7466 0.0199 0.0000
vt 0.0164 0.0384 0.0000
vt 0.0092 0.0446 0.0000
vt 0.0050 0.0513 0.0000
vt 0.5316 0.6627 0.0000
vt 0.5316 0.6625 0.0000
vt 0.5390 0.6632 0.0000
vt 0.5226 0.6627 0.0000
vt 0.4491 0.6406 0.0000
vt 0.4487 0.6410 0.0000
vt 0.4409 0.6408 0.0000
vt 0.4636 0.5258 0.0000
vt 0.4635 0.5262 0.0000
vt 0.4548 0.5263 0.0000
vt 0.4549 0.5256 0.0000
vt 0.0164 0.0379 0.0000
vt 0.0295 0.0294 0.0000
vt 0.0411 0.0246 0.0000
vt 0.8513 0.3458 0.0000
vt 0.8565 0.3459 0.0000
vt 0.8622 0.3462 0.0000
vt 0.8716 0.3469 0.0000
vt 0.7906 0.1155 0.0000
vt 0.2464 0.2442 0.0000
vt 0.2705 0.2447 0.0000
vt 0.2967 0.2452 0.0000
vt 0.3256 0.2457 0.0000
vt 0.3600 0.2456 0.0000
vt 0.6955 0.1363 0.0000
vt 0.6627 0.1435 0.0000
vt 0.6261 0.1516 0.0000
vt 0.4682 0.7903 0.0000
vt 0.4790 0.7916 0.0000
vt 0.4663 0.7927 0.0000
vt 0.4682 0.7870 0.0000
vt 0.4790 0.7889 0.0000
vt 0.4663 0.7842 0.0000
vt 0.4989 0.7897 0.0000
vt 0.2168 0.7767 0.0000
vt 0.2734 0.7560 0.0000
vt 0.2709 0.7769 0.0000
vt 0.2193 0.7551 0.0000
vt 0.1660 0.7766 0.0000
vt 0.1686 0.7538 0.0000
vt 0.1122 0.7765 0.0000
vt 0.1145 0.7567 0.0000
vt 0.5810 0.4581 0.0000
vt 0.2185 0.4720 0.0000
vt 0.4344 0.5052 0.0000
vt 0.4357 0.4999 0.0000
vt 0.4386 0.4997 0.0000
vt 0.4330 0.4999 0.0000
vt 0.4302 0.4997 0.0000
vt 0.4366 0.4378 0.0000
vt 0.2645 0.4625 0.0000
vt 0.7383 0.5705 0.0000
vt 0.7396 0.5652 0.0000
vt 0.7425 0.5650 0.0000
vt 0.7370 0.5652 0.0000
vt 0.7341 0.5650 0.0000
vt 0.7649 0.0114 0.0000
vt 0.9578 0.6774 0.0000
vt 0.9591 0.6721 0.0000
vt 0.9620 0.6719 0.0000
vt 0.9565 0.6721 0.0000
vt 0.9536 0.6719 0.0000
vt 0.4704 0.6411 0.0000
vt 0.3133 0.5348 0.0000
vt 0.4347 0.7853 0.0000
vt 0.4347 0.7869 0.0000
vt 0.8232 0.1715 0.0000
vt 0.4421 0.9650 0.0000
vt 0.2555 0.4914 0.0000
vt 0.4738 0.6337 0.0000
vt 0.6913 0.5874 0.0000
vt 0.6913 0.5878 0.0000
vt 0.6645 0.9241 0.0000
vt 0.0806 0.8702 0.0000
vt 0.8494 0.3476 0.0000
vt 0.3209 0.6851 0.0000
vt 0.3366 0.6869 0.0000
vt 0.3602 0.6897 0.0000
vt 0.3929 0.6861 0.0000
vt 0.3950 0.6683 0.0000
vt 0.3611 0.6824 0.0000
vt 0.4131 0.9103 0.0000
vt 0.4105 0.9170 0.0000
vt 0.3934 0.6681 0.0000
vt 0.3914 0.6845 0.0000
vt 0.3629 0.6812 0.0000
vt 0.3649 0.6638 0.0000
vt 0.3632 0.6635 0.0000
vt 0.3581 0.6872 0.0000
vt 0.3586 0.6820 0.0000
vt 0.3608 0.6630 0.0000
vt 0.2950 0.6749 0.0000
vt 0.2920 0.6755 0.0000
vt 0.3152 0.6598 0.0000
vt 0.4101 0.9099 0.0000
vt 0.3983 0.9029 0.0000
vt 0.3977 0.9038 0.0000
vt 0.3060 0.6786 0.0000
vt 0.3066 0.6773 0.0000
vt 0.3135 0.6815 0.0000
vt 0.3896 0.9023 0.0000
vt 0.3901 0.9013 0.0000
vt 0.3141 0.6803 0.0000
vt 0.3844 0.9013 0.0000
vt 0.3820 0.8998 0.0000
vt 0.3189 0.6826 0.0000
vt 0.3193 0.6755 0.0000
vt 0.3177 0.6756 0.0000
vt 0.3164 0.6581 0.0000
vt 0.3187 0.6578 0.0000
vt 0.3216 0.6749 0.0000
vt 0.3229 0.6829 0.0000
vt 0.3369 0.6848 0.0000
vt 0.4146 0.8997 0.0000
vt 0.4989 0.8956 0.0000
vt 0.4146 0.9060 0.0000
vt 0.3908 0.9205 0.0000
vt 0.3899 0.9187 0.0000
vt 0.4102 0.9135 0.0000
vt 0.3882 0.9222 0.0000
vt 0.3856 0.9216 0.0000
vt 0.3882 0.9241 0.0000
vt 0.3871 0.9241 0.0000
vt 0.4105 0.9241 0.0000
vt 0.4098 0.9241 0.0000
vt 0.4090 0.9165 0.0000
vt 0.3909 0.9163 0.0000
vt 0.3876 0.9179 0.0000
vt 0.3897 0.9228 0.0000
vt 0.3388 0.9187 0.0000
vt 0.3406 0.9187 0.0000
vt 0.3388 0.9241 0.0000
vt 0.3406 0.9241 0.0000
vt 0.3431 0.9184 0.0000
vt 0.3070 0.9241 0.0000
vt 0.3059 0.9241 0.0000
vt 0.3070 0.9187 0.0000
vt 0.3087 0.9187 0.0000
vt 0.3856 0.9241 0.0000
vt 0.4090 0.9241 0.0000
vt 0.3891 0.9241 0.0000
vt 0.3432 0.9241 0.0000
vt 0.3411 0.9241 0.0000
vt 0.3848 0.9065 0.0000
vt 0.8492 0.5818 0.0000
vt 0.8492 0.5819 0.0000
vt 0.6451 0.9241 0.0000
vt 0.6345 0.9241 0.0000
vt 0.6023 0.9241 0.0000
vt 0.5592 0.9241 0.0000
vt 0.4989 0.9241 0.0000
vt 0.7124 0.8062 0.0000
vt 0.6860 0.8216 0.0000
vt 0.6853 0.8143 0.0000
vt 0.7065 0.8088 0.0000
vt 0.7126 0.8090 0.0000
vt 0.7069 0.8133 0.0000
vt 0.6967 0.8119 0.0000
vt 0.6973 0.8181 0.0000
vt 0.7138 0.9206 0.0000
vt 0.7075 0.9138 0.0000
vt 0.7138 0.9177 0.0000
vt 0.6850 0.9241 0.0000
vt 0.6850 0.9148 0.0000
vt 0.6850 0.9071 0.0000
vt 0.6971 0.9162 0.0000
vt 0.6971 0.9096 0.0000
vt 0.7075 0.9184 0.0000
vt 0.7138 0.9241 0.0000
vt 0.7075 0.9241 0.0000
vt 0.6971 0.9241 0.0000
vt 0.0282 0.6939 0.0000
vt 0.0291 0.6866 0.0000
vt 0.0301 0.6777 0.0000
vt 0.0186 0.6764 0.0000
vt 0.0177 0.6840 0.0000
vt 0.0170 0.6902 0.0000
vt 0.0311 0.6688 0.0000
vt 0.0195 0.6688 0.0000
vt 0.0094 0.6698 0.0000
vt 0.0088 0.6752 0.0000
vt 0.0081 0.6807 0.0000
vt 0.0076 0.6851 0.0000
vt 0.0023 0.6779 0.0000
vt 0.0020 0.6807 0.0000
vt 0.0027 0.6745 0.0000
vt 0.0031 0.6711 0.0000
vt 0.0034 0.6684 0.0000
vt 0.0099 0.6654 0.0000
vt 0.0202 0.6626 0.0000
vt 0.0320 0.6615 0.0000
vt 0.0960 0.8270 0.0000
vt 0.0937 0.8304 0.0000
vt 0.0984 0.8295 0.0000
vt 0.0950 0.8318 0.0000
vt 0.0998 0.8327 0.0000
vt 0.0958 0.8335 0.0000
vt 0.0998 0.8363 0.0000
vt 0.0958 0.8355 0.0000
vt 0.0919 0.8394 0.0000
vt 0.0937 0.8387 0.0000
vt 0.0950 0.8373 0.0000
vt 0.0984 0.8396 0.0000
vt 0.0960 0.8421 0.0000
vt 0.0927 0.8435 0.0000
vt 0.3905 0.6835 0.0000
vt 0.3923 0.6680 0.0000
vt 0.3098 0.9190 0.0000
vt 0.3082 0.9241 0.0000
vt 0.3377 0.9241 0.0000
vt 0.3377 0.9190 0.0000
vt 0.3659 0.6640 0.0000
vt 0.3640 0.6804 0.0000
vt 0.2591 0.5317 0.0000
vt 0.2573 0.5327 0.0000
vt 0.2516 0.5317 0.0000
vt 0.3578 0.6813 0.0000
vt 0.3599 0.6635 0.0000
vt 0.3441 0.9184 0.0000
vt 0.3441 0.9241 0.0000
vt 0.3848 0.9241 0.0000
vt 0.3848 0.9216 0.0000
vt 0.3867 0.9178 0.0000
vt 0.3817 0.9066 0.0000
vt 0.3223 0.6745 0.0000
vt 0.3237 0.6811 0.0000
vt 0.3371 0.6829 0.0000
vt 0.3574 0.6852 0.0000
vt 0.3147 0.6620 0.0000
vt 0.2971 0.6752 0.0000
vt 0.4079 0.9102 0.0000
vt 0.3971 0.9048 0.0000
vt 0.3897 0.9034 0.0000
vt 0.3855 0.9027 0.0000
vt 0.3179 0.6819 0.0000
vt 0.3169 0.6759 0.0000
vt 0.9603 0.0945 0.0000
vt 0.9611 0.0937 0.0000
vt 0.9855 0.0934 0.0000
vt 0.9856 0.0941 0.0000
vt 0.2001 0.5440 0.0000
vt 0.1998 0.5447 0.0000
vt 0.1976 0.5437 0.0000
vt 0.1978 0.5430 0.0000
vt 0.4083 0.9241 0.0000
vt 0.4083 0.9164 0.0000
vt 0.4092 0.9140 0.0000
vt 0.0098 0.9133 0.0000
vt 0.0162 0.9133 0.0000
vt 0.6294 0.8497 0.0000
vt 0.6358 0.8497 0.0000
vt 0.6231 0.8497 0.0000
vt 0.0162 0.9067 0.0000
vt 0.0226 0.9067 0.0000
vt 0.0098 0.9067 0.0000
vt 0.6676 0.8367 0.0000
vt 0.6740 0.8367 0.0000
vt 0.6612 0.8367 0.0000
vt 0.0226 0.9133 0.0000
vt 0.4598 0.6714 0.0000
vt 0.4532 0.6713 0.0000
vt 0.4485 0.6666 0.0000
vt 0.4486 0.6599 0.0000
vt 0.4533 0.6553 0.0000
vt 0.4600 0.6554 0.0000
vt 0.4646 0.6601 0.0000
vt 0.4645 0.6667 0.0000
vt 0.8525 0.0918 0.0000
vt 0.8525 0.0868 0.0000
vt 0.8591 0.0896 0.0000
vt 0.8591 0.0933 0.0000
vt 0.8126 0.5935 0.0000
vt 0.8466 0.5952 0.0000
vt 0.8471 0.5985 0.0000
vt 0.8121 0.5973 0.0000
vt 0.8531 0.0718 0.0000
vt 0.8525 0.0673 0.0000
vt 0.8843 0.0662 0.0000
vt 0.8875 0.0747 0.0000
vt 0.8526 0.0641 0.0000
vt 0.8839 0.0629 0.0000
vt 0.8110 0.6017 0.0000
vt 0.8430 0.6065 0.0000
vt 0.8761 0.5931 0.0000
vt 0.8730 0.5974 0.0000
vt 0.9081 0.0643 0.0000
vt 0.9135 0.0788 0.0000
vt 0.9103 0.0603 0.0000
vt 0.8661 0.6110 0.0000
vt 0.9223 0.6027 0.0000
vt 0.8990 0.6036 0.0000
vt 0.9351 0.0654 0.0000
vt 0.1602 0.8889 0.0000
vt 0.1602 0.8818 0.0000
vt 0.1956 0.8801 0.0000
vt 0.9574 0.0618 0.0000
vt 0.8870 0.0945 0.0000
vt 0.8871 0.0874 0.0000
vt 0.9225 0.0878 0.0000
vt 0.4345 0.4170 0.0000
vt 0.4409 0.4124 0.0000
vt 0.4411 0.4184 0.0000
vt 0.9191 0.6098 0.0000
vt 0.1323 0.8872 0.0000
vt 0.1323 0.8835 0.0000
vt 0.9637 0.0644 0.0000
vt 0.9581 0.0673 0.0000
vt 0.1258 0.8864 0.0000
vt 0.1257 0.8814 0.0000
vt 0.2708 0.8824 0.0000
vt 0.2271 0.8822 0.0000
vt 0.2279 0.8802 0.0000
vt 0.2708 0.8816 0.0000
vt 0.9980 0.0911 0.0000
vt 0.9541 0.0890 0.0000
vt 0.9549 0.0870 0.0000
vt 0.9980 0.0904 0.0000
vt 0.1927 0.8773 0.0000
vt 0.9197 0.0854 0.0000
vt 0.1319 0.8770 0.0000
vt 0.8588 0.0847 0.0000
vt 0.6617 0.9669 0.0000
vt 0.6619 0.9719 0.0000
vt 0.6305 0.9697 0.0000
vt 0.6551 0.9657 0.0000
vt 0.5884 0.1992 0.0000
vt 0.6183 0.1958 0.0000
vt 0.6187 0.1991 0.0000
vt 0.5886 0.2033 0.0000
vt 0.1830 0.9515 0.0000
vt 0.1828 0.9553 0.0000
vt 0.1444 0.9548 0.0000
vt 0.1450 0.9470 0.0000
vt 0.1828 0.9579 0.0000
vt 0.1450 0.9575 0.0000
vt 0.5894 0.2080 0.0000
vt 0.6227 0.2079 0.0000
vt 0.6412 0.1891 0.0000
vt 0.6397 0.1941 0.0000
vt 0.1168 0.9551 0.0000
vt 0.1178 0.9419 0.0000
vt 0.1142 0.9582 0.0000
vt 0.6465 0.2089 0.0000
vt 0.6875 0.1918 0.0000
vt 0.6663 0.1964 0.0000
vt 0.0859 0.9527 0.0000
vt 0.8253 0.7968 0.0000
vt 0.8256 0.7896 0.0000
vt 0.8616 0.7893 0.0000
vt 0.0598 0.9545 0.0000
vt 0.4488 0.8753 0.0000
vt 0.4490 0.8889 0.0000
vt 0.4185 0.8867 0.0000
vt 0.6256 0.9641 0.0000
vt 0.6259 0.9712 0.0000
vt 0.5905 0.9721 0.0000
vt 0.6957 0.1971 0.0000
vt 0.6899 0.1996 0.0000
vt 0.7955 0.7955 0.0000
vt 0.1472 0.9448 0.0000
vt 0.1694 0.9428 0.0000
vt 0.1762 0.9451 0.0000
vt 0.0546 0.9517 0.0000
vt 0.0604 0.9498 0.0000
vt 0.9248 0.0945 0.0000
vt 0.9529 0.0936 0.0000
vt 0.9584 0.0943 0.0000
vt 0.8207 0.7922 0.0000
vt 0.7888 0.7945 0.0000
vt 0.7890 0.7894 0.0000
vt 0.9380 0.7946 0.0000
vt 0.8936 0.7927 0.0000
vt 0.8945 0.7907 0.0000
vt 0.9381 0.7938 0.0000
vt 0.5151 0.9718 0.0000
vt 0.5589 0.9722 0.0000
vt 0.5582 0.9742 0.0000
vt 0.5151 0.9725 0.0000
vt 0.8588 0.7864 0.0000
vt 0.5934 0.9744 0.0000
vt 0.7955 0.7851 0.0000
vt 0.6557 0.9743 0.0000
vt 0.1456 0.9891 0.0000
vt 0.1458 0.9941 0.0000
vt 0.1392 0.9916 0.0000
vt 0.1391 0.9880 0.0000
vt 0.6886 0.2159 0.0000
vt 0.7278 0.2170 0.0000
vt 0.7283 0.2199 0.0000
vt 0.6883 0.2193 0.0000
vt 0.9570 0.3495 0.0000
vt 0.9576 0.3540 0.0000
vt 0.9256 0.3551 0.0000
vt 0.9224 0.3465 0.0000
vt 0.9575 0.3572 0.0000
vt 0.9261 0.3585 0.0000
vt 0.6880 0.2231 0.0000
vt 0.7276 0.2269 0.0000
vt 0.7602 0.2148 0.0000
vt 0.7573 0.2187 0.0000
vt 0.9016 0.3570 0.0000
vt 0.8962 0.3424 0.0000
vt 0.8994 0.3611 0.0000
vt 0.7561 0.2305 0.0000
vt 0.8150 0.2224 0.0000
vt 0.7892 0.2237 0.0000
vt 0.8745 0.3560 0.0000
vt 0.8004 0.2367 0.0000
vt 0.8001 0.2438 0.0000
vt 0.7642 0.2442 0.0000
vt 0.8543 0.3596 0.0000
vt 0.1114 0.9848 0.0000
vt 0.1116 0.9918 0.0000
vt 0.0766 0.9927 0.0000
vt 0.8201 0.2271 0.0000
vt 0.8140 0.2286 0.0000
vt 0.8286 0.2364 0.0000
vt 0.8285 0.2401 0.0000
vt 0.8479 0.3570 0.0000
vt 0.8536 0.3540 0.0000
vt 0.8352 0.2374 0.0000
vt 0.8350 0.2425 0.0000
vt 0.6880 0.2389 0.0000
vt 0.7323 0.2408 0.0000
vt 0.7314 0.2428 0.0000
vt 0.6880 0.2397 0.0000
vt 0.0020 0.9925 0.0000
vt 0.0454 0.9928 0.0000
vt 0.0447 0.9948 0.0000
vt 0.0020 0.9931 0.0000
vt 0.7670 0.2471 0.0000
vt 0.0795 0.9950 0.0000
vt 0.8286 0.2467 0.0000
vt 0.1397 0.9964 0.0000
vt 0.8465 0.1430 0.0000
vt 0.8466 0.1480 0.0000
vt 0.8400 0.1455 0.0000
vt 0.8399 0.1419 0.0000
vt 0.5093 0.9738 0.0000
vt 0.4794 0.9773 0.0000
vt 0.4789 0.9739 0.0000
vt 0.5091 0.9697 0.0000
vt 0.9108 0.7334 0.0000
vt 0.9100 0.7379 0.0000
vt 0.8759 0.7377 0.0000
vt 0.8798 0.7291 0.0000
vt 0.9100 0.7412 0.0000
vt 0.8765 0.7411 0.0000
vt 0.5083 0.9651 0.0000
vt 0.4749 0.9652 0.0000
vt 0.4564 0.9839 0.0000
vt 0.4579 0.9790 0.0000
vt 0.8524 0.7387 0.0000
vt 0.8591 0.7241 0.0000
vt 0.8501 0.7428 0.0000
vt 0.4511 0.9641 0.0000
vt 0.4124 0.9811 0.0000
vt 0.4313 0.9767 0.0000
vt 0.8262 0.7366 0.0000
vt 0.8299 0.8662 0.0000
vt 0.8296 0.8733 0.0000
vt 0.7940 0.8736 0.0000
vt 0.8061 0.7395 0.0000
vt 0.6655 0.1713 0.0000
vt 0.6653 0.1577 0.0000
vt 0.6957 0.1599 0.0000
vt 0.8137 0.1402 0.0000
vt 0.8139 0.1472 0.0000
vt 0.7787 0.1482 0.0000
vt 0.4042 0.9758 0.0000
vt 0.4100 0.9734 0.0000
vt 0.8562 0.8674 0.0000
vt 0.8561 0.8711 0.0000
vt 0.7055 0.1414 0.0000
vt 0.7116 0.1415 0.0000
vt 0.7072 0.1458 0.0000
vt 0.8077 0.7339 0.0000
vt 0.8628 0.8684 0.0000
vt 0.8626 0.8735 0.0000
vt 0.7185 0.8684 0.0000
vt 0.7624 0.8703 0.0000
vt 0.7616 0.8723 0.0000
vt 0.7185 0.8692 0.0000
vt 0.7038 0.1479 0.0000
vt 0.7473 0.1482 0.0000
vt 0.7466 0.1503 0.0000
vt 0.7038 0.1485 0.0000
vt 0.7968 0.8765 0.0000
vt 0.7816 0.1504 0.0000
vt 0.8563 0.8777 0.0000
vt 0.8406 0.1503 0.0000
vt 0.0020 0.8670 0.0000
vt 0.8504 0.5795 0.0000
vt 0.8499 0.5804 0.0000
vt 0.8500 0.5795 0.0000
vt 0.8493 0.5818 0.0000
vt 0.8499 0.5827 0.0000
vt 0.8500 0.5827 0.0000
vt 0.8500 0.5794 0.0000
vt 0.8500 0.5803 0.0000
vt 0.8495 0.5759 0.0000
vt 0.8495 0.5760 0.0000
vt 0.8492 0.5821 0.0000
vt 0.8493 0.5819 0.0000
vt 0.8506 0.5796 0.0000
vt 0.8492 0.5820 0.0000
vt 0.8502 0.5796 0.0000
vt 0.8497 0.5804 0.0000
vt 0.8498 0.5804 0.0000
vt 0.8501 0.5795 0.0000
vt 0.8502 0.5795 0.0000
vt 0.8498 0.5803 0.0000
vt 0.8501 0.5794 0.0000
vt 0.8493 0.5821 0.0000
vt 0.8493 0.5820 0.0000
vt 0.8499 0.5803 0.0000
vt 0.8494 0.5821 0.0000
vt 0.8504 0.5796 0.0000
vt 0.8494 0.5820 0.0000
vt 0.8491 0.5819 0.0000
vt 0.8496 0.5804 0.0000
vt 0.8498 0.5806 0.0000
vt 0.8496 0.5806 0.0000
vt 0.4088 0.9649 0.0000
vt 0.4125 0.9649 0.0000
vt 0.4145 0.9680 0.0000
vt 0.4127 0.9713 0.0000
vt 0.4090 0.9713 0.0000
vt 0.4070 0.9681 0.0000
vt 0.7949 0.8599 0.0000
vt 0.7949 0.8584 0.0000
vt 0.7977 0.8602 0.0000
vt 0.7977 0.8587 0.0000
vt 0.2219 0.8889 0.0000
vt 0.2219 0.8874 0.0000
vt 0.2627 0.8889 0.0000
vt 0.2627 0.8873 0.0000
vt 0.2708 0.8880 0.0000
vt 0.2708 0.8865 0.0000
vt 0.4964 0.8797 0.0000
vt 0.4964 0.8812 0.0000
vt 0.4819 0.8796 0.0000
vt 0.4819 0.8811 0.0000
vt 0.8439 0.8603 0.0000
vt 0.8439 0.8588 0.0000
vt 0.8408 0.6092 0.0000
vt 0.8407 0.6109 0.0000
vt 0.8403 0.6092 0.0000
vt 0.8402 0.6109 0.0000
vt 0.8304 0.6092 0.0000
vt 0.8304 0.6108 0.0000
vt 0.8229 0.6093 0.0000
vt 0.8229 0.6110 0.0000
vt 0.2454 0.4901 0.0000
vt 0.2470 0.4901 0.0000
vt 0.2454 0.4915 0.0000
vt 0.2470 0.4914 0.0000
vt 0.5034 0.2598 0.0000
vt 0.5034 0.2582 0.0000
vt 0.5071 0.2598 0.0000
vt 0.5071 0.2583 0.0000
vt 0.5160 0.2596 0.0000
vt 0.5161 0.2581 0.0000
vt 0.4765 0.2598 0.0000
vt 0.4766 0.2582 0.0000
vt 0.4847 0.2595 0.0000
vt 0.4847 0.2579 0.0000
vt 0.4949 0.2594 0.0000
vt 0.4949 0.2578 0.0000
vt 0.5014 0.2595 0.0000
vt 0.5014 0.2579 0.0000
vt 0.8382 0.8445 0.0000
vt 0.8383 0.8460 0.0000
vt 0.8362 0.8445 0.0000
vt 0.8363 0.8460 0.0000
vt 0.8282 0.8448 0.0000
vt 0.8283 0.8463 0.0000
vt 0.8203 0.8449 0.0000
vt 0.8203 0.8464 0.0000
vt 0.8124 0.8450 0.0000
vt 0.8124 0.8465 0.0000
vt 0.8046 0.8451 0.0000
vt 0.8046 0.8466 0.0000
vt 0.7973 0.8450 0.0000
vt 0.7973 0.8465 0.0000
vt 0.7883 0.8449 0.0000
vt 0.7883 0.8464 0.0000
vt 0.2468 0.3071 0.0000
vt 0.2091 0.3073 0.0000
vt 0.2091 0.3051 0.0000
vt 0.2468 0.3049 0.0000
vt 0.5155 0.6279 0.0000
vt 0.4781 0.6283 0.0000
vt 0.4781 0.6260 0.0000
vt 0.5155 0.6256 0.0000
vt 0.1754 0.1556 0.0000
vt 0.2132 0.1555 0.0000
vt 0.2132 0.1577 0.0000
vt 0.1754 0.1578 0.0000
vt 0.7185 0.8752 0.0000
vt 0.7561 0.8754 0.0000
vt 0.7561 0.8777 0.0000
vt 0.7185 0.8774 0.0000
vt 0.0838 0.8761 0.0000
vt 0.1213 0.8766 0.0000
vt 0.1213 0.8789 0.0000
vt 0.0837 0.8784 0.0000
vt 0.3052 0.4524 0.0000
vt 0.2674 0.4523 0.0000
vt 0.2674 0.4500 0.0000
vt 0.3052 0.4502 0.0000
vt 0.2490 0.3079 0.0000
vt 0.2490 0.3042 0.0000
vt 0.5179 0.6286 0.0000
vt 0.5179 0.6249 0.0000
vt 0.1732 0.1548 0.0000
vt 0.1732 0.1586 0.0000
vt 0.8833 0.7270 0.0000
vt 0.8840 0.7250 0.0000
vt 0.8868 0.7250 0.0000
vt 0.8880 0.7271 0.0000
vt 0.0818 0.8754 0.0000
vt 0.0817 0.8791 0.0000
vt 0.3074 0.4532 0.0000
vt 0.3074 0.4495 0.0000
vt 0.2928 0.3077 0.0000
vt 0.2927 0.3039 0.0000
vt 0.5612 0.6282 0.0000
vt 0.5612 0.6245 0.0000
vt 0.1295 0.1549 0.0000
vt 0.1295 0.1586 0.0000
vt 0.1751 0.5481 0.0000
vt 0.2186 0.5484 0.0000
vt 0.2186 0.5521 0.0000
vt 0.1750 0.5518 0.0000
vt 0.0383 0.8748 0.0000
vt 0.0383 0.8786 0.0000
vt 0.3511 0.4534 0.0000
vt 0.3511 0.4496 0.0000
vt 0.2645 0.4512 0.0000
vt 0.1238 0.8778 0.0000
vt 0.0991 0.7571 0.0000
vt 0.0966 0.7549 0.0000
vt 0.0991 0.7540 0.0000
vt 0.2160 0.1566 0.0000
vt 0.4749 0.6272 0.0000
vt 0.2062 0.3062 0.0000
vt 0.6291 0.7016 0.0000
vt 0.6402 0.6890 0.0000
vt 0.6371 0.7033 0.0000
vt 0.6374 0.6884 0.0000
vt 0.5890 0.6929 0.0000
vt 0.5921 0.6786 0.0000
vt 0.5915 0.6750 0.0000
vt 0.5883 0.6941 0.0000
vt 0.5813 0.7014 0.0000
vt 0.5724 0.7053 0.0000
vt 0.5877 0.6663 0.0000
vt 0.5720 0.7053 0.0000
vt 0.5688 0.6963 0.0000
vt 0.5668 0.6891 0.0000
vt 0.5654 0.6813 0.0000
vt 0.5804 0.6592 0.0000
vt 0.5645 0.6735 0.0000
vt 0.5643 0.6656 0.0000
vt 0.5647 0.6577 0.0000
vt 0.5710 0.6556 0.0000
vt 0.5649 0.6558 0.0000
vt 0.7931 0.7241 0.0000
vt 0.7992 0.7241 0.0000
vt 0.7995 0.7260 0.0000
vt 0.7839 0.7280 0.0000
vt 0.8002 0.7339 0.0000
vt 0.8002 0.7418 0.0000
vt 0.7997 0.7496 0.0000
vt 0.7768 0.7354 0.0000
vt 0.7985 0.7574 0.0000
vt 0.7968 0.7647 0.0000
vt 0.7939 0.7738 0.0000
vt 0.7935 0.7738 0.0000
vt 0.7733 0.7443 0.0000
vt 0.7845 0.7702 0.0000
vt 0.7773 0.7632 0.0000
vt 0.7765 0.7620 0.0000
vt 0.7729 0.7479 0.0000
vt 0.7280 0.7594 0.0000
vt 0.7368 0.7722 0.0000
vt 0.7252 0.7601 0.0000
vt 0.7288 0.7743 0.0000
vt 0.0248 0.8197 0.0000
vt 0.0248 0.8142 0.0000
vt 0.0373 0.8142 0.0000
vt 0.0359 0.8197 0.0000
vt 0.0464 0.8142 0.0000
vt 0.0440 0.8197 0.0000
vt 0.4520 0.3128 0.0000
vt 0.4468 0.3141 0.0000
vt 0.4468 0.3022 0.0000
vt 0.4520 0.3022 0.0000
vt 0.4468 0.2903 0.0000
vt 0.4520 0.2916 0.0000
vt 0.8187 0.4166 0.0000
vt 0.8211 0.4221 0.0000
vt 0.8119 0.4221 0.0000
vt 0.8106 0.4166 0.0000
vt 0.7994 0.4221 0.0000
vt 0.7994 0.4166 0.0000
vt 0.7869 0.4221 0.0000
vt 0.7883 0.4166 0.0000
vt 0.6378 0.6595 0.0000
vt 0.6402 0.6651 0.0000
vt 0.6308 0.6651 0.0000
vt 0.6294 0.6595 0.0000
vt 0.6180 0.6651 0.0000
vt 0.6180 0.6595 0.0000
vt 0.6052 0.6651 0.0000
vt 0.6066 0.6595 0.0000
vt 0.5958 0.6651 0.0000
vt 0.5982 0.6595 0.0000
vt 0.0136 0.8197 0.0000
vt 0.0123 0.8142 0.0000
vt 0.0248 0.8087 0.0000
vt 0.0373 0.8087 0.0000
vt 0.0464 0.8087 0.0000
vt 0.4415 0.3141 0.0000
vt 0.4415 0.3022 0.0000
vt 0.4415 0.2903 0.0000
vt 0.8211 0.4275 0.0000
vt 0.8119 0.4275 0.0000
vt 0.7994 0.4275 0.0000
vt 0.7869 0.4275 0.0000
vt 0.6402 0.6707 0.0000
vt 0.6308 0.6707 0.0000
vt 0.6180 0.6707 0.0000
vt 0.6052 0.6707 0.0000
vt 0.5958 0.6707 0.0000
vt 0.0123 0.8087 0.0000
vt 0.0248 0.8032 0.0000
vt 0.0359 0.8032 0.0000
vt 0.0440 0.8032 0.0000
vt 0.4363 0.3128 0.0000
vt 0.4363 0.3022 0.0000
vt 0.4363 0.2916 0.0000
vt 0.8187 0.4330 0.0000
vt 0.8106 0.4330 0.0000
vt 0.7994 0.4330 0.0000
vt 0.7883 0.4330 0.0000
vt 0.6378 0.6764 0.0000
vt 0.6294 0.6764 0.0000
vt 0.6180 0.6764 0.0000
vt 0.6066 0.6764 0.0000
vt 0.5982 0.6764 0.0000
vt 0.0136 0.8032 0.0000
vt 0.4755 0.8783 0.0000
vt 0.4755 0.8827 0.0000
vt 0.4733 0.8866 0.0000
vt 0.4694 0.8889 0.0000
vt 0.4650 0.8889 0.0000
vt 0.4611 0.8867 0.0000
vt 0.4588 0.8828 0.0000
vt 0.4588 0.8784 0.0000
vt 0.4610 0.8745 0.0000
vt 0.4649 0.8722 0.0000
vt 0.4693 0.8722 0.0000
vt 0.4732 0.8744 0.0000
vt 0.3825 0.3308 0.0000
vt 0.3734 0.3256 0.0000
vt 0.3681 0.3166 0.0000
vt 0.3681 0.3062 0.0000
vt 0.3732 0.2971 0.0000
vt 0.3823 0.2918 0.0000
vt 0.3927 0.2918 0.0000
vt 0.4018 0.2970 0.0000
vt 0.4070 0.3060 0.0000
vt 0.4071 0.3164 0.0000
vt 0.4019 0.3255 0.0000
vt 0.3929 0.3308 0.0000
vt 0.1347 0.5635 0.0000
vt 0.1370 0.5550 0.0000
vt 0.1428 0.5549 0.0000
vt 0.1452 0.5635 0.0000
vt 0.1479 0.5520 0.0000
vt 0.1542 0.5582 0.0000
vt 0.1508 0.5469 0.0000
vt 0.1594 0.5491 0.0000
vt 0.1508 0.5410 0.0000
vt 0.1593 0.5387 0.0000
vt 0.1478 0.5359 0.0000
vt 0.1540 0.5296 0.0000
vt 0.1427 0.5330 0.0000
vt 0.1450 0.5245 0.0000
vt 0.1369 0.5330 0.0000
vt 0.1345 0.5245 0.0000
vt 0.1318 0.5360 0.0000
vt 0.1255 0.5298 0.0000
vt 0.1289 0.5411 0.0000
vt 0.1203 0.5389 0.0000
vt 0.1289 0.5470 0.0000
vt 0.1204 0.5493 0.0000
vt 0.1319 0.5521 0.0000
vt 0.1257 0.5583 0.0000
vt 0.0185 0.8791 0.0000
vt 0.0201 0.8739 0.0000
vt 0.0250 0.8739 0.0000
vt 0.0250 0.8791 0.0000
vt 0.0300 0.8739 0.0000
vt 0.0315 0.8791 0.0000
vt 0.0336 0.8739 0.0000
vt 0.0363 0.8791 0.0000
vt 0.5274 0.7843 0.0000
vt 0.5258 0.7894 0.0000
vt 0.5209 0.7894 0.0000
vt 0.5209 0.7843 0.0000
vt 0.5159 0.7894 0.0000
vt 0.5143 0.7843 0.0000
vt 0.5123 0.7894 0.0000
vt 0.5096 0.7843 0.0000
vt 0.3821 0.2532 0.0000
vt 0.3836 0.2482 0.0000
vt 0.3883 0.2482 0.0000
vt 0.3883 0.2532 0.0000
vt 0.3930 0.2482 0.0000
vt 0.3945 0.2532 0.0000
vt 0.6957 0.2036 0.0000
vt 0.6930 0.2089 0.0000
vt 0.6893 0.2089 0.0000
vt 0.6909 0.2036 0.0000
vt 0.6842 0.2089 0.0000
vt 0.6842 0.2036 0.0000
vt 0.6791 0.2089 0.0000
vt 0.6775 0.2036 0.0000
vt 0.6754 0.2089 0.0000
vt 0.6726 0.2036 0.0000
vt 0.7318 0.2034 0.0000
vt 0.7253 0.2035 0.0000
vt 0.7285 0.2016 0.0000
vt 0.7253 0.2071 0.0000
vt 0.7286 0.2089 0.0000
vt 0.7318 0.2071 0.0000
vt 0.8548 0.8547 0.0000
vt 0.8576 0.8544 0.0000
vt 0.8548 0.8562 0.0000
vt 0.8577 0.8559 0.0000
vt 0.0255 0.9880 0.0000
vt 0.0663 0.9881 0.0000
vt 0.0254 0.9895 0.0000
vt 0.0663 0.9896 0.0000
vt 0.0744 0.9890 0.0000
vt 0.0744 0.9905 0.0000
vt 0.1895 0.5445 0.0000
vt 0.1750 0.5447 0.0000
vt 0.1896 0.5430 0.0000
vt 0.1751 0.5432 0.0000
vt 0.9038 0.8543 0.0000
vt 0.9038 0.8558 0.0000
vt 0.0235 0.9904 0.0000
vt 0.0230 0.9904 0.0000
vt 0.0234 0.9887 0.0000
vt 0.0229 0.9887 0.0000
vt 0.0131 0.9905 0.0000
vt 0.0131 0.9888 0.0000
vt 0.0056 0.9903 0.0000
vt 0.0056 0.9886 0.0000
vt 0.2380 0.4720 0.0000
vt 0.2366 0.4720 0.0000
vt 0.2381 0.4704 0.0000
vt 0.2367 0.4704 0.0000
vt 0.5239 0.8812 0.0000
vt 0.5202 0.8812 0.0000
vt 0.5238 0.8796 0.0000
vt 0.5201 0.8797 0.0000
vt 0.5112 0.8810 0.0000
vt 0.5112 0.8795 0.0000
vt 0.7128 0.2471 0.0000
vt 0.7047 0.2468 0.0000
vt 0.7128 0.2455 0.0000
vt 0.7046 0.2452 0.0000
vt 0.6945 0.2467 0.0000
vt 0.6944 0.2451 0.0000
vt 0.6880 0.2468 0.0000
vt 0.6880 0.2452 0.0000
vt 0.8539 0.8582 0.0000
vt 0.8558 0.8582 0.0000
vt 0.8538 0.8597 0.0000
vt 0.8558 0.8597 0.0000
vt 0.8639 0.8585 0.0000
vt 0.8638 0.8600 0.0000
vt 0.8718 0.8587 0.0000
vt 0.8718 0.8602 0.0000
vt 0.8797 0.8588 0.0000
vt 0.8797 0.8603 0.0000
vt 0.8875 0.8588 0.0000
vt 0.8875 0.8603 0.0000
vt 0.8948 0.8588 0.0000
vt 0.8948 0.8603 0.0000
vt 0.9038 0.8587 0.0000
vt 0.9038 0.8602 0.0000
vt 0.0968 0.8998 0.0000
vt 0.0590 0.9018 0.0000
vt 0.0591 0.8996 0.0000
vt 0.0968 0.9021 0.0000
vt 0.3295 0.9575 0.0000
vt 0.3669 0.9557 0.0000
vt 0.3669 0.9579 0.0000
vt 0.3295 0.9552 0.0000
vt 0.2301 0.2909 0.0000
vt 0.1923 0.2930 0.0000
vt 0.1924 0.2908 0.0000
vt 0.2301 0.2932 0.0000
vt 0.9353 0.7862 0.0000
vt 0.8977 0.7886 0.0000
vt 0.8977 0.7864 0.0000
vt 0.9353 0.7885 0.0000
vt 0.1475 0.2929 0.0000
vt 0.1850 0.2902 0.0000
vt 0.1851 0.2925 0.0000
vt 0.1475 0.2906 0.0000
vt 0.4754 0.2790 0.0000
vt 0.5131 0.2767 0.0000
vt 0.5131 0.2789 0.0000
vt 0.4754 0.2767 0.0000
vt 0.0990 0.8991 0.0000
vt 0.0990 0.9028 0.0000
vt 0.3271 0.9582 0.0000
vt 0.3271 0.9545 0.0000
vt 0.2323 0.2902 0.0000
vt 0.2323 0.2939 0.0000
vt 0.0916 0.7563 0.0000
vt 0.0881 0.7543 0.0000
vt 0.0909 0.7542 0.0000
vt 0.0869 0.7563 0.0000
vt 0.1455 0.2937 0.0000
vt 0.1455 0.2899 0.0000
vt 0.4732 0.2797 0.0000
vt 0.4732 0.2760 0.0000
vt 0.1428 0.8994 0.0000
vt 0.1427 0.9031 0.0000
vt 0.2838 0.9577 0.0000
vt 0.2838 0.9540 0.0000
vt 0.2761 0.2904 0.0000
vt 0.2760 0.2941 0.0000
vt 0.5254 0.8850 0.0000
vt 0.4819 0.8889 0.0000
vt 0.4819 0.8852 0.0000
vt 0.5255 0.8887 0.0000
vt 0.1020 0.2941 0.0000
vt 0.1020 0.2903 0.0000
vt 0.4295 0.2798 0.0000
vt 0.4294 0.2761 0.0000
vt 0.5160 0.2778 0.0000
vt 0.1875 0.2913 0.0000
vt 0.1812 0.9450 0.0000
vt 0.1781 0.9451 0.0000
vt 0.1790 0.9425 0.0000
vt 0.1895 0.2919 0.0000
vt 0.3701 0.9568 0.0000
vt 0.0562 0.9007 0.0000
vt 0.7936 0.5951 0.0000
vt 0.8015 0.5931 0.0000
vt 0.8052 0.6072 0.0000
vt 0.8024 0.6080 0.0000
vt 0.7539 0.6053 0.0000
vt 0.7575 0.6195 0.0000
vt 0.7571 0.6231 0.0000
vt 0.7531 0.6041 0.0000
vt 0.7459 0.5971 0.0000
vt 0.7369 0.5935 0.0000
vt 0.7536 0.6319 0.0000
vt 0.7364 0.5935 0.0000
vt 0.7335 0.6026 0.0000
vt 0.7318 0.6100 0.0000
vt 0.7307 0.6177 0.0000
vt 0.7465 0.6393 0.0000
vt 0.7301 0.6256 0.0000
vt 0.7302 0.6335 0.0000
vt 0.7309 0.6413 0.0000
vt 0.7372 0.6432 0.0000
vt 0.7312 0.6433 0.0000
vt 0.8546 0.2869 0.0000
vt 0.8483 0.2890 0.0000
vt 0.8485 0.2871 0.0000
vt 0.8640 0.2904 0.0000
vt 0.8479 0.2969 0.0000
vt 0.8482 0.3048 0.0000
vt 0.8490 0.3126 0.0000
vt 0.8713 0.2976 0.0000
vt 0.8504 0.3203 0.0000
vt 0.8524 0.3276 0.0000
vt 0.8556 0.3366 0.0000
vt 0.8561 0.3365 0.0000
vt 0.8752 0.3063 0.0000
vt 0.8650 0.3326 0.0000
vt 0.8719 0.3254 0.0000
vt 0.8726 0.3241 0.0000
vt 0.8757 0.3099 0.0000
vt 0.9210 0.3197 0.0000
vt 0.9127 0.3328 0.0000
vt 0.9238 0.3203 0.0000
vt 0.9207 0.3346 0.0000
vt 0.0402 0.9582 0.0000
vt 0.0291 0.9582 0.0000
vt 0.0277 0.9527 0.0000
vt 0.0402 0.9527 0.0000
vt 0.0209 0.9582 0.0000
vt 0.0185 0.9527 0.0000
vt 0.0095 0.8465 0.0000
vt 0.0095 0.8359 0.0000
vt 0.0147 0.8359 0.0000
vt 0.0147 0.8478 0.0000
vt 0.0095 0.8253 0.0000
vt 0.0147 0.8240 0.0000
vt 0.0440 0.8013 0.0000
vt 0.0359 0.8013 0.0000
vt 0.0373 0.7958 0.0000
vt 0.0464 0.7958 0.0000
vt 0.0248 0.8013 0.0000
vt 0.0248 0.7958 0.0000
vt 0.0136 0.8013 0.0000
vt 0.0123 0.7958 0.0000
vt 0.9214 0.3076 0.0000
vt 0.9130 0.3076 0.0000
vt 0.9144 0.3020 0.0000
vt 0.9238 0.3020 0.0000
vt 0.9016 0.3076 0.0000
vt 0.9016 0.3020 0.0000
vt 0.8902 0.3076 0.0000
vt 0.8888 0.3020 0.0000
vt 0.8819 0.3076 0.0000
vt 0.8794 0.3020 0.0000
vt 0.0513 0.9582 0.0000
vt 0.0527 0.9527 0.0000
vt 0.0277 0.9472 0.0000
vt 0.0402 0.9472 0.0000
vt 0.0185 0.9472 0.0000
vt 0.0200 0.8359 0.0000
vt 0.0200 0.8478 0.0000
vt 0.0200 0.8240 0.0000
vt 0.0373 0.7903 0.0000
vt 0.0464 0.7903 0.0000
vt 0.0248 0.7903 0.0000
vt 0.0123 0.7903 0.0000
vt 0.9144 0.2964 0.0000
vt 0.9238 0.2964 0.0000
vt 0.9016 0.2964 0.0000
vt 0.8888 0.2964 0.0000
vt 0.8794 0.2964 0.0000
vt 0.0527 0.9472 0.0000
vt 0.0291 0.9417 0.0000
vt 0.0402 0.9417 0.0000
vt 0.0209 0.9417 0.0000
vt 0.0252 0.8359 0.0000
vt 0.0252 0.8465 0.0000
vt 0.0252 0.8253 0.0000
vt 0.0359 0.7848 0.0000
vt 0.0440 0.7848 0.0000
vt 0.0248 0.7848 0.0000
vt 0.0136 0.7848 0.0000
vt 0.9130 0.2907 0.0000
vt 0.9214 0.2907 0.0000
vt 0.9016 0.2907 0.0000
vt 0.8902 0.2907 0.0000
vt 0.8819 0.2907 0.0000
vt 0.0513 0.9417 0.0000
vt 0.5420 0.2913 0.0000
vt 0.5443 0.2952 0.0000
vt 0.5443 0.2996 0.0000
vt 0.5421 0.3035 0.0000
vt 0.5382 0.3058 0.0000
vt 0.5338 0.3058 0.0000
vt 0.5299 0.3036 0.0000
vt 0.5276 0.2997 0.0000
vt 0.5276 0.2953 0.0000
vt 0.5298 0.2914 0.0000
vt 0.5337 0.2891 0.0000
vt 0.5381 0.2891 0.0000
vt 0.3415 0.3308 0.0000
vt 0.3324 0.3256 0.0000
vt 0.3271 0.3166 0.0000
vt 0.3271 0.3062 0.0000
vt 0.3322 0.2971 0.0000
vt 0.3413 0.2918 0.0000
vt 0.3517 0.2918 0.0000
vt 0.3608 0.2970 0.0000
vt 0.3660 0.3060 0.0000
vt 0.3661 0.3164 0.0000
vt 0.3609 0.3255 0.0000
vt 0.3519 0.3308 0.0000
vt 0.3989 0.5091 0.0000
vt 0.3899 0.5144 0.0000
vt 0.3876 0.5059 0.0000
vt 0.3927 0.5029 0.0000
vt 0.3795 0.5144 0.0000
vt 0.3817 0.5059 0.0000
vt 0.3704 0.5093 0.0000
vt 0.3766 0.5030 0.0000
vt 0.3651 0.5002 0.0000
vt 0.3737 0.4979 0.0000
vt 0.3651 0.4898 0.0000
vt 0.3736 0.4920 0.0000
vt 0.3703 0.4807 0.0000
vt 0.3765 0.4869 0.0000
vt 0.3793 0.4754 0.0000
vt 0.3816 0.4840 0.0000
vt 0.3897 0.4754 0.0000
vt 0.3875 0.4839 0.0000
vt 0.3988 0.4806 0.0000
vt 0.3926 0.4868 0.0000
vt 0.4041 0.4896 0.0000
vt 0.3955 0.4919 0.0000
vt 0.4041 0.5000 0.0000
vt 0.3956 0.4978 0.0000
vt 0.5599 0.2203 0.0000
vt 0.5599 0.2268 0.0000
vt 0.5547 0.2268 0.0000
vt 0.5547 0.2218 0.0000
vt 0.5599 0.2333 0.0000
vt 0.5547 0.2317 0.0000
vt 0.5599 0.2381 0.0000
vt 0.5547 0.2354 0.0000
vt 0.4291 0.3141 0.0000
vt 0.4291 0.3076 0.0000
vt 0.4343 0.3076 0.0000
vt 0.4343 0.3126 0.0000
vt 0.4291 0.3011 0.0000
vt 0.4343 0.3027 0.0000
vt 0.4291 0.2963 0.0000
vt 0.4343 0.2990 0.0000
vt 0.5598 0.4886 0.0000
vt 0.5660 0.4886 0.0000
vt 0.5660 0.4935 0.0000
vt 0.5613 0.4935 0.0000
vt 0.5722 0.4886 0.0000
vt 0.5707 0.4935 0.0000
vt 0.0546 0.9425 0.0000
vt 0.0595 0.9425 0.0000
vt 0.0611 0.9478 0.0000
vt 0.0574 0.9478 0.0000
vt 0.0662 0.9425 0.0000
vt 0.0662 0.9478 0.0000
vt 0.0729 0.9425 0.0000
vt 0.0713 0.9478 0.0000
vt 0.0778 0.9425 0.0000
vt 0.0750 0.9478 0.0000
# 5442 texture coords

o Object001
g Object001
usemtl wire_174193163
s off
f 1/1/1 2/2/2 3/3/3 
f 3/3/3 2/2/2 4/4/4 
f 3/3/3 4/4/4 5/5/5 
f 6/6/6 5/5/5 4/4/4 
f 5/5/5 6/6/6 7/7/7 
f 8/8/8 7/7/7 6/6/6 
f 7/7/7 8/8/8 9/9/9 
f 10/10/10 7/7/7 9/9/9 
f 11/11/11 10/10/10 12/12/12 
f 9/9/9 12/12/12 10/10/10 
f 12/12/12 9/9/9 13/13/13 
f 14/14/14 13/13/13 9/9/9 
f 9/9/9 8/8/8 14/14/14 
f 15/15/15 14/14/14 8/8/8 
f 8/8/8 6/6/6 15/15/15 
f 16/16/16 15/15/15 6/6/6 
f 6/6/6 4/4/4 16/16/16 
f 17/17/17 16/16/16 4/4/4 
f 4/4/4 2/2/2 17/17/17 
f 18/18/18 17/17/17 2/2/2 
f 13/19/13 19/20/19 12/21/12 
f 20/22/20 12/21/12 19/20/19 
f 12/21/12 20/22/20 21/23/21 
f 22/24/22 21/23/21 20/22/20 
f 21/23/23 22/24/24 23/25/25 
f 24/26/26 23/25/25 22/24/24 
f 25/27/27 22/24/22 26/28/28 
f 20/22/20 26/28/28 22/24/22 
f 11/29/11 12/21/12 27/30/29 
f 21/23/21 27/30/29 12/21/12 
f 27/30/30 21/23/31 28/31/32 
f 23/25/33 28/31/32 21/23/31 
f 28/32/32 23/33/33 29/34/34 
f 30/35/34 29/34/34 23/33/33 
f 31/36/35 32/37/36 33/38/37 
f 32/37/36 30/39/38 33/38/37 
f 29/40/39 30/39/38 32/37/36 
f 22/24/40 25/27/41 24/26/42 
f 34/41/43 24/26/42 25/27/41 
f 24/42/42 34/43/43 33/44/44 
f 31/45/44 33/44/44 34/43/43 
f 23/46/25 24/47/26 30/48/45 
f 33/49/45 30/48/45 24/47/26 
f 18/50/18 2/51/2 35/52/46 
f 36/53/47 35/52/46 2/51/2 
f 37/54/48 35/55/49 38/56/50 
f 39/57/51 38/56/50 35/55/49 
f 39/57/51 40/58/52 41/59/53 
f 42/60/54 41/59/53 40/58/52 
f 43/61/55 44/62/56 45/63/57 
f 44/62/56 46/64/58 45/63/57 
f 44/62/56 47/65/59 46/64/58 
f 48/66/60 46/64/58 47/65/59 
f 47/65/59 49/67/61 48/66/60 
f 50/68/62 49/67/61 47/65/59 
f 49/67/61 50/68/62 20/69/20 
f 26/70/28 20/69/20 50/68/62 
f 19/71/19 51/72/63 20/69/20 
f 49/67/61 20/69/20 51/72/63 
f 51/72/63 52/73/64 49/67/61 
f 48/66/60 49/67/61 52/73/64 
f 52/73/64 53/74/65 48/66/60 
f 46/64/58 48/66/60 53/74/65 
f 53/74/65 54/75/66 46/64/58 
f 45/63/57 46/64/58 54/75/66 
f 54/75/66 55/76/67 45/63/57 
f 56/77/68 45/63/57 55/76/67 
f 45/63/57 56/77/68 43/61/55 
f 57/78/69 43/61/55 56/77/68 
f 56/77/68 55/76/67 58/79/70 
f 59/80/71 58/79/70 55/76/67 
f 57/81/69 56/82/68 60/83/72 
f 58/79/70 60/84/72 56/77/68 
f 59/85/73 61/86/74 62/87/75 
f 63/88/76 62/87/75 61/86/74 
f 35/55/49 36/89/77 39/57/51 
f 40/58/52 39/57/51 36/89/77 
f 36/89/77 64/90/78 40/58/52 
f 64/91/79 36/53/47 1/92/1 
f 2/51/2 1/92/1 36/53/47 
f 38/93/50 39/94/51 65/95/80 
f 66/96/81 62/87/82 67/97/83 
f 68/98/84 67/97/83 62/87/82 
f 69/99/85 66/96/81 70/100/86 
f 67/97/83 70/100/86 66/96/81 
f 40/58/52 71/101/87 42/60/54 
f 72/102/88 42/60/54 71/101/87 
f 73/103/89 27/104/90 74/105/91 
f 28/106/92 74/105/91 27/104/90 
f 27/104/90 75/107/93 76/108/94 
f 75/107/93 27/104/90 73/103/89 
f 75/107/93 73/103/89 25/109/95 
f 25/109/95 73/103/89 34/110/96 
f 74/105/91 34/110/96 73/103/89 
f 34/110/96 74/105/91 31/111/97 
f 32/112/98 31/111/97 74/105/91 
f 74/105/91 28/106/92 32/112/98 
f 29/113/99 32/112/98 28/106/92 
f 25/109/95 77/114/100 75/107/93 
f 77/114/100 25/109/95 26/115/101 
f 77/114/100 26/115/101 78/116/102 
f 26/115/101 50/117/103 78/116/102 
f 50/117/103 79/118/104 78/116/102 
f 50/117/103 80/119/105 79/118/104 
f 47/120/106 80/119/105 50/117/103 
f 80/119/105 47/120/106 81/121/107 
f 81/121/107 47/120/106 82/122/108 
f 83/123/109 81/121/107 82/122/108 
f 43/124/110 84/125/111 44/126/112 
f 44/126/112 84/125/111 47/120/106 
f 82/122/108 47/120/106 84/125/111 
f 85/127/113 82/122/108 84/125/111 
f 82/122/108 85/127/113 83/123/109 
f 85/127/113 86/128/114 83/123/109 
f 85/127/113 87/129/115 88/130/116 
f 87/129/115 85/127/113 89/131/117 
f 84/125/111 89/131/117 85/127/113 
f 89/131/117 84/125/111 90/132/118 
f 90/132/118 84/125/111 43/124/110 
f 57/133/119 90/132/118 43/124/110 
f 60/134/120 90/132/118 57/133/119 
f 91/135/121 90/132/118 60/134/120 
f 92/136/122 91/135/121 60/134/120 
f 92/136/122 64/137/123 91/135/121 
f 91/135/121 64/137/123 93/138/124 
f 64/137/123 1/139/125 93/138/124 
f 1/139/125 94/140/126 93/138/124 
f 3/141/127 94/140/126 1/139/125 
f 3/141/127 5/142/128 94/140/126 
f 94/140/126 5/142/128 95/143/129 
f 95/143/129 5/142/128 7/144/130 
f 7/144/130 10/145/131 95/143/129 
f 95/143/129 10/145/131 96/146/132 
f 10/145/131 11/147/133 96/146/132 
f 93/138/124 94/140/126 97/148/134 
f 97/148/134 94/140/126 98/149/135 
f 98/150/135 94/151/126 99/152/136 
f 100/153/137 98/150/135 99/152/136 
f 101/154/138 100/153/137 99/152/136 
f 101/154/138 99/152/136 102/155/139 
f 103/156/140 104/157/141 105/158/142 
f 106/159/143 105/158/142 104/157/141 
f 106/159/143 104/157/141 107/160/144 
f 107/160/144 104/157/141 108/161/145 
f 107/160/144 108/161/145 109/162/144 
f 109/162/144 108/161/145 110/163/144 
f 108/161/145 111/164/146 110/163/144 
f 112/165/147 110/163/144 111/164/146 
f 111/164/146 113/166/148 112/165/147 
f 114/167/100 113/166/148 111/164/146 
f 114/167/100 111/164/146 115/168/149 
f 115/168/149 116/169/150 114/167/100 
f 115/168/149 117/170/151 116/169/150 
f 115/168/149 118/171/152 117/170/151 
f 115/168/149 96/146/132 118/171/152 
f 118/171/152 96/146/132 76/108/94 
f 96/146/132 11/147/133 76/108/94 
f 76/108/94 11/147/133 27/104/90 
f 115/168/149 119/172/153 96/146/132 
f 119/172/153 115/168/149 120/173/154 
f 111/164/146 120/173/154 115/168/149 
f 120/173/154 111/164/146 121/174/155 
f 108/161/145 121/174/155 111/164/146 
f 121/174/155 108/161/145 122/175/156 
f 122/175/156 123/176/157 121/174/155 
f 123/176/157 122/175/156 124/177/158 
f 124/177/158 125/178/159 123/176/157 
f 125/178/159 124/177/158 126/179/160 
f 126/179/160 127/180/161 125/178/159 
f 127/180/161 126/179/160 128/181/162 
f 129/182/163 125/178/159 127/180/161 
f 125/183/159 129/184/163 130/185/164 
f 130/186/164 123/176/157 125/178/159 
f 123/176/157 130/186/164 131/187/165 
f 131/187/165 121/174/155 123/176/157 
f 121/174/155 131/187/165 120/173/154 
f 132/188/166 120/173/154 131/187/165 
f 120/173/154 132/188/166 119/172/153 
f 133/189/167 130/185/164 129/184/163 
f 130/185/164 133/189/167 134/190/168 
f 134/191/168 131/187/165 130/186/164 
f 131/187/165 134/191/168 132/188/166 
f 124/177/158 135/192/169 136/193/170 
f 136/193/170 126/179/160 124/177/158 
f 126/179/160 136/193/170 137/194/171 
f 137/194/171 128/181/162 126/179/160 
f 128/181/162 137/194/171 138/195/172 
f 139/196/173 138/195/172 137/194/171 
f 138/195/172 139/196/173 140/197/174 
f 141/198/175 140/197/174 139/196/173 
f 140/197/174 141/198/175 142/199/176 
f 143/200/177 142/199/176 141/198/175 
f 142/199/176 143/200/177 144/201/178 
f 141/198/175 145/202/179 143/200/177 
f 145/202/179 141/198/175 146/203/180 
f 139/196/173 146/203/180 141/198/175 
f 146/203/180 139/196/173 147/204/181 
f 137/194/171 147/204/181 139/196/173 
f 147/204/181 137/194/171 136/193/170 
f 136/193/170 148/205/182 147/204/181 
f 148/205/182 136/193/170 135/192/169 
f 135/192/169 149/206/183 148/205/182 
f 149/206/183 135/192/169 150/207/184 
f 150/207/184 151/208/185 149/206/183 
f 151/208/185 150/207/184 152/209/186 
f 147/204/181 153/210/187 146/203/180 
f 153/210/187 147/204/181 148/205/182 
f 148/205/182 154/211/188 153/210/187 
f 154/211/188 148/205/182 149/206/183 
f 149/206/183 155/212/189 154/211/188 
f 155/212/189 149/206/183 151/208/185 
f 146/203/180 156/213/190 145/202/179 
f 156/213/190 146/203/180 153/210/187 
f 153/210/187 157/214/191 156/213/190 
f 157/214/191 153/210/187 154/211/188 
f 154/211/188 158/215/192 157/214/191 
f 158/215/192 154/211/188 155/212/189 
f 155/212/189 159/216/193 158/215/192 
f 159/216/193 155/212/189 160/217/194 
f 151/208/185 160/217/194 155/212/189 
f 160/217/194 151/208/185 161/218/195 
f 152/209/186 161/218/195 151/208/185 
f 161/218/195 152/209/186 162/219/196 
f 104/157/141 162/219/196 152/209/186 
f 152/209/186 108/161/145 104/157/141 
f 108/161/145 152/209/186 150/207/184 
f 150/207/184 122/175/156 108/161/145 
f 122/175/156 150/207/184 135/192/169 
f 135/192/169 124/177/158 122/175/156 
f 163/220/197 156/213/190 157/214/191 
f 157/214/191 164/221/198 163/220/197 
f 164/221/198 157/214/191 158/215/192 
f 158/215/192 165/222/199 164/221/198 
f 165/222/199 158/215/192 159/216/193 
f 159/216/193 166/223/200 165/222/199 
f 167/224/201 166/223/200 159/216/193 
f 160/217/194 167/224/201 159/216/193 
f 168/225/202 167/224/201 160/217/194 
f 161/218/195 168/225/202 160/217/194 
f 88/130/116 168/225/202 161/218/195 
f 161/218/195 162/219/196 88/130/116 
f 85/127/113 88/130/116 162/219/196 
f 162/219/196 104/157/141 85/127/113 
f 86/128/114 85/127/113 104/157/141 
f 169/226/203 86/128/114 104/157/141 
f 170/227/140 169/226/203 104/157/141 
f 170/227/140 104/157/141 103/156/140 
f 171/228/204 164/221/198 165/222/199 
f 164/221/198 171/228/204 172/229/205 
f 173/230/206 172/229/205 171/228/204 
f 172/229/205 173/230/206 174/231/207 
f 175/232/208 174/231/207 173/230/206 
f 174/231/207 175/232/208 176/233/209 
f 177/234/210 176/233/209 175/232/208 
f 176/233/209 177/234/210 178/235/211 
f 179/236/212 178/235/211 177/234/210 
f 178/235/211 179/236/212 180/237/213 
f 181/238/214 180/237/213 179/236/212 
f 180/237/213 181/238/214 182/239/215 
f 183/240/216 182/239/215 181/238/214 
f 182/239/215 183/240/216 184/241/217 
f 185/242/218 184/241/217 183/240/216 
f 166/223/200 186/243/219 165/222/199 
f 165/222/199 186/243/219 171/228/204 
f 186/243/219 187/244/220 171/228/204 
f 171/228/204 187/244/220 173/230/206 
f 187/244/220 188/245/221 173/230/206 
f 189/246/222 173/230/206 188/245/221 
f 173/230/206 189/246/222 175/232/208 
f 190/247/223 175/232/208 189/246/222 
f 175/232/208 190/247/223 177/234/210 
f 191/248/224 177/234/210 190/247/223 
f 177/234/210 191/248/224 179/236/212 
f 192/249/225 179/236/212 191/248/224 
f 179/236/212 192/249/225 181/238/214 
f 193/250/226 181/238/214 192/249/225 
f 181/238/214 193/250/226 183/240/216 
f 185/242/218 183/240/216 193/250/226 
f 189/246/222 188/245/221 194/251/227 
f 41/252/53 65/95/80 39/94/51 
f 64/137/123 92/136/122 71/253/228 
f 195/254/229 71/253/228 92/136/122 
f 92/136/122 60/134/120 195/254/229 
f 69/255/230 195/254/229 60/134/120 
f 195/254/229 69/255/230 196/256/231 
f 196/256/231 72/257/232 195/254/229 
f 71/253/228 195/254/229 72/257/232 
f 70/258/233 196/256/231 69/255/230 
f 197/259/234 198/260/235 199/261/236 
f 199/261/236 198/260/235 200/262/237 
f 198/260/235 201/263/238 200/262/237 
f 200/262/237 201/263/238 202/264/239 
f 201/263/238 203/265/240 202/264/239 
f 204/266/241 203/265/240 201/263/238 
f 203/265/240 204/266/241 13/267/13 
f 13/267/13 14/268/14 203/265/240 
f 202/264/239 203/265/240 14/268/14 
f 14/268/14 15/269/15 202/264/239 
f 200/262/237 202/264/239 15/269/15 
f 15/269/15 16/270/16 200/262/237 
f 199/261/236 200/262/237 16/270/16 
f 16/270/16 17/271/17 199/261/236 
f 205/272/242 199/261/236 17/271/17 
f 17/271/17 18/273/18 205/272/242 
f 206/274/243 205/272/242 18/273/18 
f 206/274/243 18/273/18 37/275/244 
f 37/275/244 207/276/245 206/274/243 
f 207/276/245 208/277/246 206/274/243 
f 208/277/246 205/272/242 206/274/243 
f 208/277/246 209/278/247 205/272/242 
f 205/272/242 209/278/247 199/261/236 
f 210/279/248 199/261/236 209/278/247 
f 35/280/46 37/275/244 18/273/18 
f 210/279/248 197/259/234 199/261/236 
f 211/281/249 197/259/234 210/279/248 
f 211/281/249 210/279/248 212/282/250 
f 213/283/251 211/281/249 212/282/250 
f 213/283/251 212/282/250 61/284/252 
f 61/284/252 59/285/71 213/283/251 
f 55/286/67 213/283/251 59/285/71 
f 55/286/67 54/287/66 213/283/251 
f 211/281/249 213/283/251 54/287/66 
f 54/287/66 53/288/65 211/281/249 
f 197/259/234 211/281/249 53/288/65 
f 53/288/65 52/289/64 197/259/234 
f 198/260/235 197/259/234 52/289/64 
f 52/289/64 51/290/63 198/260/235 
f 201/263/238 198/260/235 51/290/63 
f 51/290/63 19/291/19 201/263/238 
f 204/266/241 201/263/238 19/291/19 
f 19/291/19 13/267/13 204/266/241 
f 212/282/250 214/292/253 61/284/252 
f 215/293/254 216/294/255 217/295/256 
f 216/294/255 215/293/254 218/296/257 
f 216/294/255 218/296/257 219/297/258 
f 218/296/257 220/298/259 219/297/258 
f 70/299/260 67/300/261 196/301/262 
f 221/302/263 65/303/264 68/304/265 
f 41/305/266 68/304/265 65/303/264 
f 68/304/265 41/305/266 67/300/261 
f 42/306/267 67/300/261 41/305/266 
f 196/301/262 67/300/261 42/306/267 
f 72/307/268 196/301/262 42/306/267 
f 60/308/269 58/309/270 69/99/271 
f 222/310/272 223/311/273 224/312/274 
f 223/311/273 222/310/272 225/313/275 
f 225/313/275 226/314/276 223/311/273 
f 226/314/276 225/313/275 227/315/277 
f 227/315/277 228/316/278 226/314/276 
f 229/317/279 230/318/280 228/316/278 
f 228/316/278 227/315/277 229/317/279 
f 231/319/281 229/317/279 227/315/277 
f 231/319/281 227/315/277 225/313/275 
f 232/320/282 231/319/281 225/313/275 
f 232/320/282 225/313/275 222/310/272 
f 233/321/283 232/320/282 222/310/272 
f 233/321/283 222/310/272 234/322/284 
f 224/312/274 234/322/284 222/310/272 
f 234/322/284 224/312/274 235/323/285 
f 236/324/286 229/317/279 231/319/281 
f 237/325/287 236/324/286 238/326/288 
f 236/324/286 237/325/287 239/327/289 
f 229/317/279 236/324/286 239/327/289 
f 239/327/289 240/328/290 229/317/279 
f 230/318/280 229/317/279 240/328/290 
f 240/328/290 241/329/291 230/318/280 
f 241/329/291 240/328/290 242/330/292 
f 242/330/292 243/331/293 241/329/291 
f 243/331/293 242/330/292 244/332/294 
f 244/332/294 245/333/295 243/331/293 
f 245/333/295 244/332/294 246/334/296 
f 246/334/296 247/335/297 245/333/295 
f 247/335/297 246/334/296 248/336/298 
f 248/336/298 249/337/299 247/335/297 
f 249/337/299 248/336/298 250/338/300 
f 250/338/300 251/339/301 249/337/299 
f 251/339/301 250/338/300 252/340/302 
f 252/340/302 253/341/303 251/339/301 
f 254/342/304 255/343/305 256/344/306 
f 254/342/304 257/345/307 255/343/305 
f 257/345/307 254/342/304 252/340/302 
f 252/340/302 258/346/308 257/345/307 
f 258/346/308 252/340/302 250/338/300 
f 250/338/300 259/347/309 258/346/308 
f 259/347/309 250/338/300 248/336/298 
f 248/336/298 260/348/310 259/347/309 
f 260/348/310 248/336/298 246/334/296 
f 246/334/296 261/349/311 260/348/310 
f 261/349/311 246/334/296 244/332/294 
f 244/332/294 262/350/312 261/349/311 
f 262/350/312 244/332/294 242/330/292 
f 242/330/292 237/325/287 262/350/312 
f 237/325/287 242/330/292 240/328/290 
f 240/328/290 239/327/289 237/325/287 
f 263/351/313 256/344/306 264/352/314 
f 256/344/306 265/353/315 264/352/314 
f 265/353/315 256/344/306 255/343/305 
f 266/354/316 265/353/315 255/343/305 
f 267/355/317 266/354/316 255/343/305 
f 257/345/307 267/355/317 255/343/305 
f 267/355/317 257/345/307 268/356/318 
f 268/356/318 257/345/307 258/346/308 
f 258/346/308 269/357/319 268/356/318 
f 269/357/319 258/346/308 259/347/309 
f 259/347/309 270/358/319 269/357/319 
f 270/358/319 259/347/309 260/348/310 
f 260/348/310 271/359/319 270/358/319 
f 271/359/319 260/348/310 261/349/311 
f 261/349/311 272/360/319 271/359/319 
f 272/360/319 261/349/311 262/350/312 
f 262/350/312 238/326/288 272/360/319 
f 238/326/288 262/350/312 237/325/287 
f 253/341/303 252/340/302 254/342/304 
f 253/341/303 254/342/304 273/361/320 
f 256/344/306 273/361/320 254/342/304 
f 256/344/306 263/351/313 273/361/320 
f 274/362/321 273/361/320 263/351/313 
f 275/363/322 273/361/320 274/362/321 
f 274/362/321 276/364/323 275/363/322 
f 273/361/320 275/363/322 253/341/303 
f 270/358/319 271/359/319 277/365/324 
f 278/366/324 277/365/324 271/359/319 
f 271/359/319 272/360/319 278/366/324 
f 279/367/324 278/366/324 272/360/319 
f 272/360/319 238/326/288 279/367/324 
f 280/368/325 279/367/324 238/326/288 
f 238/326/288 236/324/286 280/368/325 
f 281/369/326 280/368/325 236/324/286 
f 236/324/286 231/319/281 281/369/326 
f 282/370/327 281/371/327 231/372/327 
f 276/364/323 274/362/321 283/373/328 
f 284/374/329 283/373/328 274/362/321 
f 274/362/321 263/351/313 284/374/329 
f 285/375/330 284/374/329 263/351/313 
f 263/351/313 264/352/314 285/375/330 
f 286/376/324 285/375/330 264/352/314 
f 264/352/314 265/353/315 286/376/324 
f 287/377/331 286/376/324 265/353/315 
f 265/353/315 266/354/316 287/377/331 
f 288/378/332 287/377/331 266/354/316 
f 266/354/316 267/355/317 288/378/332 
f 289/379/333 288/378/332 267/355/317 
f 267/355/317 268/356/318 289/379/333 
f 290/380/334 289/379/333 268/356/318 
f 268/356/318 269/357/319 290/380/334 
f 291/381/324 290/380/334 269/357/319 
f 269/357/319 270/358/319 291/381/324 
f 277/365/324 291/381/324 270/358/319 
f 292/382/335 293/383/336 285/384/330 
f 294/385/335 295/386/335 286/387/324 
f 296/388/335 297/389/335 287/390/331 
f 298/391/335 299/392/335 288/393/332 
f 300/394/335 301/395/335 289/396/333 
f 302/397/335 303/398/335 290/399/334 
f 304/400/335 305/401/335 291/402/324 
f 306/403/335 307/404/335 277/405/324 
f 308/406/335 309/407/335 278/408/324 
f 310/409/335 311/410/335 279/411/324 
f 312/412/337 313/413/335 280/414/325 
f 314/415/338 315/416/339 281/417/326 
f 316/418/340 317/419/340 282/420/340 
f 316/421/341 282/422/341 318/423/341 
f 66/96/342 69/99/271 58/309/270 
f 58/309/270 59/85/73 66/96/342 
f 62/87/75 66/96/342 59/85/73 
f 71/101/87 40/58/52 64/90/78 
f 62/87/82 63/88/343 68/98/84 
f 221/424/344 68/98/84 63/88/343 
f 319/425/345 320/426/346 321/427/347 
f 322/428/348 323/429/349 319/430/348 
f 323/431/350 324/432/350 320/433/350 
f 325/434/350 320/433/350 324/432/350 
f 326/435/351 327/436/352 328/437/353 
f 329/438/351 327/436/352 326/435/351 
f 330/439/354 329/438/351 326/435/351 
f 331/440/354 329/438/351 330/439/354 
f 332/441/355 331/442/356 330/443/355 
f 333/444/356 331/442/356 332/441/355 
f 334/445/357 333/446/358 332/447/358 
f 335/448/357 333/446/358 334/445/357 
f 336/449/359 335/448/357 334/445/357 
f 337/450/359 335/448/357 336/449/359 
f 338/451/356 337/452/359 336/453/359 
f 339/454/356 337/452/359 338/451/356 
f 335/455/360 331/456/360 333/457/360 
f 335/455/360 329/458/360 331/456/360 
f 337/459/360 329/458/360 335/455/360 
f 337/459/360 327/460/361 329/458/360 
f 337/459/360 340/461/362 327/460/361 
f 339/462/360 340/461/362 337/459/360 
f 336/463/363 341/464/363 338/465/363 
f 328/466/363 341/464/363 336/463/363 
f 326/467/363 328/466/363 336/463/363 
f 334/468/363 326/467/363 336/463/363 
f 330/469/363 326/467/363 334/468/363 
f 332/470/363 330/469/363 334/468/363 
f 220/298/259 342/296/364 38/93/365 
f 65/95/366 220/298/259 38/93/365 
f 65/95/366 221/471/367 220/298/259 
f 219/297/258 220/298/259 221/471/367 
f 343/294/368 219/297/258 221/471/367 
f 63/472/368 343/294/368 221/471/367 
f 214/295/256 343/294/369 63/472/256 
f 61/473/256 214/295/256 63/472/256 
f 342/296/254 207/293/254 37/474/254 
f 38/93/370 342/296/254 37/474/254 
f 210/279/248 209/278/247 344/277/371 
f 345/282/372 210/279/248 344/277/371 
f 344/277/371 217/292/373 345/282/372 
f 217/292/373 344/277/371 215/276/245 
f 207/475/354 342/476/354 208/477/354 
f 342/476/354 220/478/354 208/477/354 
f 209/479/354 208/477/354 220/478/354 
f 328/437/353 327/436/352 346/480/374 
f 347/481/375 346/482/376 327/460/361 
f 327/460/361 340/461/362 347/481/375 
f 348/483/377 347/481/375 340/461/362 
f 212/484/358 210/485/358 219/486/358 
f 219/486/358 343/487/358 212/484/358 
f 343/487/358 214/488/378 212/484/358 
f 347/489/379 348/490/379 349/491/379 
f 350/492/379 349/491/379 348/490/379 
f 346/493/380 347/494/380 351/495/380 
f 349/496/380 351/495/380 347/494/380 
f 352/497/381 346/498/382 353/499/383 
f 351/500/383 353/499/383 346/498/382 
f 354/501/384 355/502/385 356/503/386 
f 357/504/387 356/503/386 355/502/385 
f 358/505/388 359/506/389 360/507/390 
f 361/508/391 360/507/390 359/506/389 
f 359/509/392 354/510/392 361/511/392 
f 356/512/392 361/511/392 354/510/392 
f 362/513/393 363/514/393 364/515/393 
f 362/513/393 365/516/393 363/514/393 
f 366/517/393 365/516/393 362/513/393 
f 217/518/354 216/519/394 345/520/394 
f 216/519/394 219/521/354 345/520/394 
f 210/522/354 345/520/394 219/521/354 
f 365/523/395 367/524/396 363/525/397 
f 368/526/398 363/525/397 367/524/396 
f 367/524/396 369/527/399 368/526/398 
f 370/528/400 368/526/398 369/527/399 
f 369/527/399 371/529/401 370/528/400 
f 372/530/402 370/528/400 371/529/401 
f 364/531/403 363/525/397 368/526/398 
f 344/532/358 209/533/358 220/534/378 
f 220/534/378 218/535/358 344/532/358 
f 218/535/358 215/536/358 344/532/358 
f 366/537/404 362/538/404 373/539/405 
f 373/539/405 374/540/406 366/537/404 
f 374/540/406 373/539/405 375/541/407 
f 375/541/407 376/542/408 374/540/406 
f 376/542/408 375/541/407 377/543/409 
f 377/543/409 378/544/410 376/542/408 
f 368/526/398 379/545/411 364/531/403 
f 379/545/411 368/526/398 370/528/400 
f 370/528/400 380/546/412 379/545/411 
f 380/546/412 370/528/400 372/530/402 
f 381/547/413 382/548/413 234/549/413 
f 383/550/413 384/551/413 233/552/413 
f 385/553/413 386/554/413 232/555/413 
f 387/556/414 388/557/415 389/558/416 
f 390/559/417 389/558/416 388/557/415 
f 391/560/418 392/561/419 389/558/416 
f 389/558/416 390/559/417 391/560/418 
f 393/562/420 391/560/418 390/559/417 
f 390/559/417 388/557/415 393/562/420 
f 394/563/421 393/562/420 388/557/415 
f 388/557/415 395/564/422 394/563/421 
f 388/557/415 387/556/414 395/564/422 
f 395/564/422 387/556/414 396/565/423 
f 387/556/414 397/566/424 396/565/423 
f 398/567/424 396/565/423 397/566/424 
f 396/565/423 398/567/424 399/568/425 
f 400/569/424 399/568/425 398/567/424 
f 399/568/425 400/569/424 401/570/426 
f 402/571/427 401/570/426 400/569/424 
f 401/570/426 402/571/427 403/572/413 
f 404/573/428 405/574/428 401/575/429 
f 405/576/430 406/577/431 401/570/426 
f 399/568/425 401/570/426 406/577/431 
f 406/577/431 407/578/432 399/568/425 
f 396/565/423 399/568/425 407/578/432 
f 407/578/432 408/579/433 396/565/423 
f 395/564/422 396/565/423 408/579/433 
f 408/579/433 394/563/421 395/564/422 
f 409/580/434 404/581/435 403/582/434 
f 401/583/436 403/582/434 404/581/435 
f 410/584/437 411/585/438 412/586/437 
f 413/587/438 412/586/437 411/585/438 
f 411/585/438 414/588/439 413/587/438 
f 415/589/439 413/587/438 414/588/439 
f 414/588/439 416/590/440 415/589/439 
f 417/591/440 415/589/439 416/590/440 
f 416/590/440 418/592/440 417/591/440 
f 419/593/440 417/591/440 418/592/440 
f 418/592/440 420/594/440 419/593/440 
f 421/595/440 419/593/440 420/594/440 
f 402/571/427 400/569/424 421/596/441 
f 419/597/442 421/596/441 400/569/424 
f 400/569/424 398/567/424 419/597/442 
f 417/598/442 419/597/442 398/567/424 
f 398/567/424 397/566/424 417/598/442 
f 415/599/443 417/598/442 397/566/424 
f 397/566/424 387/556/414 415/599/443 
f 413/600/444 415/599/443 387/556/414 
f 387/556/414 389/558/416 413/600/444 
f 412/601/445 413/600/444 389/558/416 
f 389/558/416 392/561/419 412/601/445 
f 422/602/446 412/601/445 392/561/419 
f 423/603/447 424/604/448 425/605/449 
f 424/604/448 423/603/447 426/606/450 
f 427/607/451 425/605/449 424/604/448 
f 394/608/452 427/607/451 424/604/448 
f 424/604/448 393/609/453 394/608/452 
f 393/609/453 424/604/448 426/606/450 
f 426/606/450 391/610/454 393/609/453 
f 391/610/454 426/606/450 423/603/447 
f 423/603/447 392/611/455 391/610/454 
f 427/607/451 394/608/452 408/612/456 
f 408/612/456 428/613/457 427/607/451 
f 428/613/457 408/612/456 407/614/458 
f 407/614/458 429/615/459 428/613/457 
f 429/615/459 407/614/458 406/616/460 
f 406/616/460 430/617/461 429/615/459 
f 430/617/461 406/616/460 405/618/462 
f 430/619/463 405/574/428 404/573/428 
f 431/620/464 432/621/465 430/617/461 
f 433/622/466 430/617/461 432/621/465 
f 430/617/461 433/622/466 429/615/459 
f 434/623/466 429/615/459 433/622/466 
f 429/615/459 434/623/466 428/613/457 
f 435/624/467 428/613/457 434/623/466 
f 428/613/457 435/624/467 425/605/449 
f 428/613/457 425/605/449 427/607/451 
f 392/611/455 423/603/447 422/625/468 
f 410/626/469 422/625/468 423/603/447 
f 423/603/447 425/605/449 410/626/469 
f 411/627/470 410/626/469 425/605/449 
f 425/605/449 435/624/467 411/627/470 
f 414/628/471 411/627/470 435/624/467 
f 435/624/467 434/623/466 414/628/471 
f 416/629/472 414/628/471 434/623/466 
f 434/623/466 433/622/466 416/629/472 
f 418/630/472 416/629/472 433/622/466 
f 433/622/466 432/621/465 418/630/472 
f 420/631/473 418/630/472 432/621/465 
f 422/632/474 410/584/437 412/586/437 
f 436/633/358 437/634/358 438/635/475 
f 439/636/476 438/635/475 437/634/358 
f 440/637/477 436/638/478 438/639/479 
f 436/638/478 440/637/477 441/640/480 
f 442/641/481 441/640/480 440/637/477 
f 441/640/480 442/641/481 443/642/482 
f 444/643/483 443/642/482 442/641/481 
f 443/642/482 444/643/483 445/644/484 
f 446/645/485 445/644/484 444/643/483 
f 445/644/484 446/645/485 447/646/486 
f 448/647/487 447/646/486 446/645/485 
f 447/646/486 448/647/487 449/648/488 
f 450/649/489 449/648/488 448/647/487 
f 449/648/488 450/649/489 451/650/490 
f 439/651/491 452/652/492 453/653/493 
f 454/654/494 453/653/493 452/652/492 
f 452/652/492 455/655/495 454/654/494 
f 456/656/496 454/654/494 455/655/495 
f 455/655/495 457/657/497 456/656/496 
f 458/658/498 456/656/496 457/657/497 
f 457/657/497 459/659/499 458/658/498 
f 460/660/500 458/658/498 459/659/499 
f 459/659/499 461/661/501 460/660/500 
f 462/662/502 460/660/500 461/661/501 
f 461/661/501 463/663/503 462/662/502 
f 464/664/504 462/662/502 463/663/503 
f 441/665/505 437/666/506 436/667/507 
f 437/666/506 441/665/505 452/652/492 
f 443/668/508 452/652/492 441/665/505 
f 452/652/492 443/668/508 455/655/495 
f 445/669/509 455/655/495 443/668/508 
f 455/655/495 445/669/509 457/657/497 
f 447/670/510 457/657/497 445/669/509 
f 457/657/497 447/670/510 459/659/499 
f 449/671/511 459/659/499 447/670/510 
f 459/659/499 449/671/511 461/661/501 
f 451/672/512 461/661/501 449/671/511 
f 461/661/501 451/672/512 463/663/503 
f 437/666/506 452/652/492 439/651/491 
f 341/464/513 328/466/514 352/673/381 
f 346/674/382 352/673/381 328/466/514 
f 465/675/515 466/676/516 467/677/517 
f 465/678/515 468/679/518 466/680/516 
f 469/681/519 468/679/518 465/678/515 
f 469/682/519 470/683/520 468/684/518 
f 471/685/521 470/683/520 469/682/519 
f 471/685/521 472/686/522 470/683/520 
f 471/685/521 473/687/523 472/686/522 
f 472/686/522 473/687/523 474/688/524 
f 472/686/522 474/688/524 475/689/525 
f 470/683/520 472/686/522 475/689/525 
f 470/683/520 475/689/525 468/684/518 
f 468/684/518 475/689/525 476/690/526 
f 468/691/518 476/692/526 466/693/516 
f 466/693/516 476/692/526 477/694/527 
f 466/676/516 477/695/527 478/696/528 
f 478/696/528 477/695/527 479/697/529 
f 478/696/528 479/697/529 480/698/530 
f 480/698/530 479/697/529 481/699/531 
f 467/677/517 466/676/516 478/696/528 
f 467/677/517 478/696/528 480/698/530 
f 482/700/532 467/677/517 480/698/530 
f 483/701/533 467/677/517 482/700/532 
f 483/701/533 465/675/515 467/677/517 
f 484/702/534 465/678/515 483/703/533 
f 484/702/534 469/681/519 465/678/515 
f 485/704/535 469/681/519 484/702/534 
f 485/705/535 471/685/521 469/682/519 
f 486/706/536 471/707/521 485/704/535 
f 486/708/536 473/687/523 471/685/521 
f 487/709/537 473/687/523 486/708/536 
f 487/710/537 488/711/538 473/712/523 
f 489/713/539 488/711/538 487/710/537 
f 489/714/539 490/715/540 488/716/538 
f 491/717/541 490/715/540 489/714/539 
f 491/718/541 492/719/542 490/720/540 
f 482/721/532 492/719/542 491/718/541 
f 482/700/532 480/698/530 492/722/542 
f 492/722/542 480/698/530 481/699/531 
f 492/722/542 481/699/531 493/723/543 
f 492/719/542 493/724/543 490/720/540 
f 490/725/540 493/723/543 494/726/544 
f 490/715/540 494/727/544 488/716/538 
f 488/716/538 494/727/544 495/728/545 
f 488/716/538 495/728/545 473/729/523 
f 473/687/523 495/730/545 496/731/546 
f 473/687/523 496/731/546 474/688/524 
f 496/731/546 497/732/547 474/688/524 
f 474/688/524 497/732/547 475/689/525 
f 475/689/525 497/732/547 498/733/548 
f 475/689/525 498/733/548 476/690/526 
f 476/690/526 498/733/548 499/734/549 
f 476/692/526 499/735/549 477/694/527 
f 477/694/527 499/735/549 500/736/550 
f 477/695/527 500/737/550 479/697/529 
f 496/731/546 501/738/551 497/732/547 
f 495/730/545 501/738/551 496/731/546 
f 495/728/545 502/739/552 501/740/551 
f 494/727/544 502/739/552 495/728/545 
f 503/741/553 504/742/554 505/743/555 
f 500/737/550 504/742/554 503/741/553 
f 500/736/550 506/744/556 504/745/554 
f 499/735/549 506/744/556 500/736/550 
f 499/734/549 507/746/557 506/747/556 
f 498/733/548 507/746/557 499/734/549 
f 498/733/548 508/748/558 507/746/557 
f 497/732/547 508/748/558 498/733/548 
f 497/732/547 509/749/559 508/748/558 
f 501/738/551 509/749/559 497/732/547 
f 501/740/551 510/750/560 509/751/559 
f 502/739/552 510/750/560 501/740/551 
f 502/752/552 511/753/561 510/754/560 
f 512/755/562 511/753/561 502/752/552 
f 494/726/544 512/755/562 502/752/552 
f 493/723/543 512/755/562 494/726/544 
f 479/697/529 500/737/550 503/741/553 
f 479/697/529 503/741/553 481/699/531 
f 481/699/531 503/741/553 493/723/543 
f 493/723/543 503/741/553 512/755/562 
f 503/741/553 505/743/555 512/755/562 
f 512/755/562 505/743/555 511/753/561 
f 513/756/515 514/757/516 515/758/517 
f 513/759/515 516/760/518 514/761/516 
f 517/762/519 516/760/518 513/759/515 
f 517/763/519 518/764/520 516/765/518 
f 519/766/521 518/764/520 517/763/519 
f 519/766/521 520/767/522 518/764/520 
f 519/766/521 521/768/523 520/767/522 
f 520/767/522 521/768/523 522/769/524 
f 520/767/522 522/769/524 523/770/525 
f 518/764/520 520/767/522 523/770/525 
f 518/764/520 523/770/525 516/765/518 
f 516/765/518 523/770/525 524/771/526 
f 516/772/518 524/773/526 514/774/516 
f 514/774/516 524/773/526 525/775/527 
f 514/757/516 525/776/527 526/777/528 
f 526/777/528 525/776/527 527/778/529 
f 526/777/528 527/778/529 528/779/530 
f 528/779/530 527/778/529 529/780/531 
f 515/758/517 514/757/516 526/777/528 
f 515/758/517 526/777/528 528/779/530 
f 530/781/563 515/758/517 528/779/530 
f 531/782/533 515/758/517 530/781/563 
f 531/782/533 513/756/515 515/758/517 
f 532/783/534 513/759/515 531/784/533 
f 532/783/534 517/762/519 513/759/515 
f 533/785/564 517/762/519 532/783/534 
f 533/786/564 519/766/521 517/763/519 
f 534/787/536 519/788/521 533/785/564 
f 534/789/536 521/768/523 519/766/521 
f 535/790/537 521/768/523 534/789/536 
f 535/791/537 536/792/538 521/793/523 
f 537/794/565 536/792/538 535/791/537 
f 537/795/565 538/796/540 536/797/538 
f 539/798/541 538/796/540 537/795/565 
f 539/799/541 540/800/542 538/801/540 
f 530/802/563 540/800/542 539/799/541 
f 530/781/563 528/779/530 540/803/542 
f 540/803/542 528/779/530 529/780/531 
f 540/803/542 529/780/531 541/804/543 
f 540/800/542 541/805/543 538/801/540 
f 538/806/540 541/804/543 542/807/544 
f 538/796/540 542/808/544 536/797/538 
f 536/797/538 542/808/544 543/809/545 
f 536/797/538 543/809/545 521/810/523 
f 521/768/523 543/811/545 544/812/546 
f 521/768/523 544/812/546 522/769/524 
f 544/812/546 545/813/547 522/769/524 
f 522/769/524 545/813/547 523/770/525 
f 523/770/525 545/813/547 546/814/566 
f 523/770/525 546/814/566 524/771/526 
f 524/771/526 546/814/566 547/815/567 
f 524/773/526 547/816/567 525/775/527 
f 525/775/527 547/816/567 548/817/550 
f 525/776/527 548/818/550 527/778/529 
f 544/812/546 549/819/568 545/813/547 
f 543/811/545 549/819/568 544/812/546 
f 543/809/545 550/820/552 549/821/568 
f 542/808/544 550/820/552 543/809/545 
f 551/822/553 552/823/554 553/824/555 
f 548/818/550 552/823/554 551/822/553 
f 548/817/550 554/825/556 552/826/554 
f 547/816/567 554/825/556 548/817/550 
f 547/815/567 555/827/557 554/828/556 
f 546/814/566 555/827/557 547/815/567 
f 546/814/566 556/829/558 555/827/557 
f 545/813/547 556/829/558 546/814/566 
f 545/813/547 557/830/559 556/829/558 
f 549/819/568 557/830/559 545/813/547 
f 549/821/568 558/831/560 557/832/559 
f 550/820/552 558/831/560 549/821/568 
f 550/833/552 559/834/561 558/835/560 
f 560/836/562 559/834/561 550/833/552 
f 542/807/544 560/836/562 550/833/552 
f 541/804/543 560/836/562 542/807/544 
f 527/778/529 548/818/550 551/822/553 
f 527/778/529 551/822/553 529/780/531 
f 529/780/531 551/822/553 541/804/543 
f 541/804/543 551/822/553 560/836/562 
f 551/822/553 553/824/555 560/836/562 
f 560/836/562 553/824/555 559/834/561 
f 561/837/515 562/838/516 563/839/517 
f 561/840/515 564/841/518 562/842/516 
f 565/843/519 564/841/518 561/840/515 
f 565/844/519 566/845/520 564/846/518 
f 567/847/521 566/845/520 565/844/519 
f 567/847/521 568/848/522 566/845/520 
f 567/847/521 569/849/523 568/848/522 
f 568/848/522 569/849/523 570/850/524 
f 568/848/522 570/850/524 571/851/525 
f 566/845/520 568/848/522 571/851/525 
f 566/845/520 571/851/525 564/846/518 
f 564/846/518 571/851/525 572/852/526 
f 564/853/518 572/854/526 562/855/516 
f 562/855/516 572/854/526 573/856/527 
f 562/838/516 573/857/527 574/858/528 
f 574/858/528 573/857/527 575/859/529 
f 574/858/528 575/859/529 576/860/530 
f 576/860/530 575/859/529 577/861/531 
f 563/839/517 562/838/516 574/858/528 
f 563/839/517 574/858/528 576/860/530 
f 578/862/532 563/839/517 576/860/530 
f 579/863/533 563/839/517 578/862/532 
f 579/863/533 561/837/515 563/839/517 
f 580/864/534 561/840/515 579/865/533 
f 580/864/534 565/843/519 561/840/515 
f 581/866/535 565/843/519 580/864/534 
f 581/867/535 567/847/521 565/844/519 
f 582/868/536 567/869/521 581/866/535 
f 582/870/536 569/849/523 567/847/521 
f 583/871/537 569/849/523 582/870/536 
f 583/872/537 584/873/538 569/874/523 
f 585/875/539 584/873/538 583/872/537 
f 585/876/539 586/877/540 584/878/538 
f 587/879/541 586/877/540 585/876/539 
f 587/880/541 588/881/542 586/882/540 
f 578/883/532 588/881/542 587/880/541 
f 578/862/532 576/860/530 588/884/542 
f 588/884/542 576/860/530 577/861/531 
f 588/884/542 577/861/531 589/885/543 
f 588/881/542 589/886/543 586/882/540 
f 586/887/540 589/885/543 590/888/544 
f 586/877/540 590/889/544 584/878/538 
f 584/878/538 590/889/544 591/890/545 
f 584/878/538 591/890/545 569/891/523 
f 569/849/523 591/892/545 592/893/546 
f 569/849/523 592/893/546 570/850/524 
f 592/893/546 593/894/547 570/850/524 
f 570/850/524 593/894/547 571/851/525 
f 571/851/525 593/894/547 594/895/548 
f 571/851/525 594/895/548 572/852/526 
f 572/852/526 594/895/548 595/896/567 
f 572/854/526 595/897/567 573/856/527 
f 573/856/527 595/897/567 596/898/550 
f 573/857/527 596/899/550 575/859/529 
f 592/893/546 597/900/568 593/894/547 
f 591/892/545 597/900/568 592/893/546 
f 591/890/545 598/901/552 597/902/568 
f 590/889/544 598/901/552 591/890/545 
f 599/903/553 600/904/554 601/905/555 
f 596/899/550 600/904/554 599/903/553 
f 596/898/550 602/906/556 600/907/554 
f 595/897/567 602/906/556 596/898/550 
f 595/896/567 603/908/557 602/909/556 
f 594/895/548 603/908/557 595/896/567 
f 594/895/548 604/910/558 603/908/557 
f 593/894/547 604/910/558 594/895/548 
f 593/894/547 605/911/559 604/910/558 
f 597/900/568 605/911/559 593/894/547 
f 597/902/568 606/912/560 605/913/559 
f 598/901/552 606/912/560 597/902/568 
f 598/914/552 607/915/561 606/916/560 
f 608/917/562 607/915/561 598/914/552 
f 590/888/544 608/917/562 598/914/552 
f 589/885/543 608/917/562 590/888/544 
f 575/859/529 596/899/550 599/903/553 
f 575/859/529 599/903/553 577/861/531 
f 577/861/531 599/903/553 589/885/543 
f 589/885/543 599/903/553 608/917/562 
f 599/903/553 601/905/555 608/917/562 
f 608/917/562 601/905/555 607/915/561 
f 609/918/569 610/919/570 611/920/569 
f 612/921/571 611/920/569 610/919/570 
f 610/919/570 613/922/572 612/921/571 
f 613/922/572 610/919/570 614/923/573 
f 613/922/572 614/923/573 615/924/574 
f 615/924/574 616/925/575 613/922/572 
f 616/925/575 615/924/574 617/926/576 
f 617/926/576 618/927/577 616/925/575 
f 618/927/577 617/926/576 619/928/578 
f 618/927/577 619/928/578 620/929/578 
f 621/930/434 611/931/579 612/932/434 
f 611/931/579 621/930/434 622/933/580 
f 622/933/580 609/934/581 611/931/579 
f 609/934/581 622/933/580 623/935/582 
f 359/936/583 358/937/584 624/938/585 
f 354/939/586 359/936/583 624/938/585 
f 355/940/587 354/939/586 624/938/585 
f 378/544/588 371/941/589 376/542/590 
f 371/942/589 369/943/591 376/944/590 
f 374/945/592 376/944/590 369/943/591 
f 367/946/593 374/945/592 369/943/591 
f 366/947/594 374/945/592 367/946/593 
f 365/948/595 366/947/594 367/946/593 
f 378/949/596 377/950/596 625/951/596 
f 372/952/596 378/949/596 625/951/596 
f 371/953/596 378/949/596 372/952/596 
f 626/954/597 627/955/598 628/956/599 
f 627/955/598 626/954/597 629/957/600 
f 630/958/601 629/957/600 626/954/597 
f 629/957/600 630/958/601 631/959/602 
f 632/960/603 631/959/602 630/958/601 
f 631/959/602 632/960/603 633/961/604 
f 634/962/605 633/961/604 632/960/603 
f 633/961/604 634/962/605 635/963/606 
f 635/963/606 634/962/605 636/964/607 
f 637/965/608 636/964/607 634/962/605 
f 634/966/605 638/967/609 637/968/608 
f 639/969/610 637/965/608 638/970/609 
f 632/960/603 638/970/609 634/962/605 
f 628/956/599 640/971/611 641/972/612 
f 627/955/598 640/971/611 628/956/599 
f 627/955/598 642/973/613 640/971/611 
f 643/974/614 642/973/613 627/955/598 
f 644/975/615 642/973/613 643/974/614 
f 645/976/616 646/977/617 647/978/618 
f 648/979/619 647/978/618 646/977/617 
f 649/980/620 648/979/619 646/977/617 
f 650/981/621 651/982/622 649/980/620 
f 646/977/617 650/981/621 649/980/620 
f 652/983/623 650/981/621 646/977/617 
f 646/977/617 645/976/616 652/983/623 
f 653/984/624 652/983/623 645/976/616 
f 654/985/625 655/986/626 651/982/622 
f 656/987/627 651/982/622 655/986/626 
f 651/982/622 656/987/627 657/988/628 
f 657/988/628 649/980/620 651/982/622 
f 649/980/620 657/988/628 658/989/629 
f 658/989/629 659/990/630 649/980/620 
f 648/979/619 649/980/620 659/990/630 
f 659/990/630 639/991/610 648/979/619 
f 638/992/609 648/979/619 639/991/610 
f 647/978/618 648/979/619 638/992/609 
f 638/970/609 632/960/603 647/993/618 
f 630/958/601 647/993/618 632/960/603 
f 647/993/618 630/958/601 645/994/616 
f 626/954/597 645/994/616 630/958/601 
f 645/994/616 626/954/597 653/995/624 
f 628/956/599 653/995/624 626/954/597 
f 654/985/625 660/996/631 661/997/632 
f 662/998/633 663/999/634 664/1000/635 
f 665/1001/636 664/1000/635 663/999/634 
f 664/1000/635 665/1001/636 666/1002/637 
f 667/1003/638 666/1002/637 665/1001/636 
f 666/1002/637 667/1003/638 668/1004/639 
f 669/1005/640 668/1004/639 667/1003/638 
f 667/1003/638 670/1006/641 669/1005/640 
f 670/1006/641 671/1007/642 669/1005/640 
f 671/1007/642 670/1006/641 641/1008/612 
f 670/1006/641 628/1009/599 641/1008/612 
f 672/1010/643 628/956/599 670/1011/641 
f 653/995/624 628/956/599 672/1010/643 
f 672/1012/643 673/1013/644 653/984/624 
f 652/983/623 653/984/624 673/1013/644 
f 673/1013/644 660/996/631 652/983/623 
f 650/981/621 652/983/623 660/996/631 
f 660/996/631 654/985/625 650/981/621 
f 651/982/622 650/981/621 654/985/625 
f 668/1004/639 669/1005/640 674/1014/645 
f 672/1010/643 670/1011/641 675/1015/646 
f 675/1016/646 676/1017/647 672/1012/643 
f 673/1013/644 672/1012/643 676/1017/647 
f 676/1017/647 677/1018/648 673/1013/644 
f 660/996/631 673/1013/644 677/1018/648 
f 623/1019/569 660/996/631 677/1018/648 
f 622/1020/569 660/996/631 623/1019/569 
f 622/1020/569 661/997/632 660/996/631 
f 621/1021/649 661/997/632 622/1020/569 
f 678/1022/650 661/997/632 621/1021/649 
f 621/1021/649 679/1023/651 678/1022/650 
f 679/1023/651 680/1024/652 678/1022/650 
f 681/1025/653 678/1022/650 680/1024/652 
f 680/1024/652 682/1026/654 681/1025/653 
f 683/1027/655 681/1025/653 682/1026/654 
f 684/1028/578 683/1027/655 682/1026/654 
f 684/1028/578 685/1029/656 683/1027/655 
f 686/1030/578 685/1029/656 684/1028/578 
f 655/986/626 654/985/625 687/1031/657 
f 661/997/632 687/1031/657 654/985/625 
f 687/1031/657 661/997/632 688/1032/658 
f 678/1022/650 688/1032/658 661/997/632 
f 688/1032/658 678/1022/650 689/1033/659 
f 681/1025/653 689/1033/659 678/1022/650 
f 689/1033/659 681/1025/653 690/1034/660 
f 683/1027/655 690/1034/660 681/1025/653 
f 690/1034/660 683/1027/655 691/1035/661 
f 692/1036/662 693/1037/663 685/1029/656 
f 694/1038/664 685/1029/656 693/1037/663 
f 685/1029/656 694/1038/664 695/1039/665 
f 695/1039/665 683/1027/655 685/1029/656 
f 683/1027/655 695/1039/665 696/1040/666 
f 697/1041/667 696/1040/666 695/1039/665 
f 696/1040/666 697/1041/667 698/1042/668 
f 698/1042/668 699/1043/669 696/1040/666 
f 699/1043/669 698/1042/668 700/1044/670 
f 677/1018/648 676/1017/647 692/1036/662 
f 693/1037/663 692/1036/662 676/1017/647 
f 693/1037/663 676/1017/647 675/1016/646 
f 675/1016/646 701/1045/671 693/1037/663 
f 702/1046/672 693/1037/663 701/1045/671 
f 694/1038/664 693/1037/663 702/1046/672 
f 694/1038/664 702/1046/672 703/1047/673 
f 703/1047/673 704/1048/674 694/1038/664 
f 704/1048/674 705/1049/675 694/1038/664 
f 704/1048/674 706/1050/676 705/1049/675 
f 706/1050/676 707/1051/677 705/1049/675 
f 705/1049/675 695/1039/665 694/1038/664 
f 695/1039/665 705/1049/675 697/1041/667 
f 707/1051/677 697/1041/667 705/1049/675 
f 708/1052/678 697/1041/667 707/1051/677 
f 706/1050/676 708/1052/678 707/1051/677 
f 706/1050/676 709/1053/679 708/1052/678 
f 706/1050/676 710/1054/680 709/1053/679 
f 710/1054/680 706/1050/676 711/1055/681 
f 704/1048/674 711/1055/681 706/1050/676 
f 711/1055/681 704/1048/674 712/1056/682 
f 703/1047/673 712/1056/682 704/1048/674 
f 712/1056/682 703/1047/673 663/999/634 
f 702/1046/672 663/999/634 703/1047/673 
f 663/999/634 702/1046/672 665/1001/636 
f 701/1045/671 665/1001/636 702/1046/672 
f 665/1001/636 701/1045/671 667/1003/638 
f 670/1006/641 667/1003/638 701/1045/671 
f 675/1015/646 670/1011/641 701/1057/671 
f 698/1042/668 713/1058/683 714/1059/684 
f 713/1058/683 698/1042/668 697/1041/667 
f 697/1041/667 715/1060/685 713/1058/683 
f 715/1060/685 697/1041/667 708/1052/678 
f 708/1052/678 716/1061/686 715/1060/685 
f 708/1052/678 709/1053/679 716/1061/686 
f 709/1053/679 717/1062/687 716/1061/686 
f 717/1062/687 709/1053/679 710/1054/680 
f 710/1054/680 718/1063/688 717/1062/687 
f 718/1063/688 710/1054/680 719/1064/689 
f 711/1055/681 719/1064/689 710/1054/680 
f 719/1064/689 711/1055/681 720/1065/690 
f 712/1056/682 720/1065/690 711/1055/681 
f 720/1065/690 712/1056/682 662/998/633 
f 663/999/634 662/998/633 712/1056/682 
f 715/1060/685 716/1061/686 721/1066/691 
f 721/1066/691 713/1058/683 715/1060/685 
f 722/1067/692 713/1058/683 721/1066/691 
f 714/1059/684 723/1068/693 724/1069/694 
f 723/1068/693 714/1059/684 713/1058/683 
f 713/1058/683 725/1070/695 723/1068/693 
f 725/1070/695 713/1058/683 722/1067/692 
f 722/1067/692 726/1071/696 725/1070/695 
f 721/1066/691 726/1071/696 722/1067/692 
f 721/1066/691 727/1072/697 726/1071/696 
f 721/1066/691 716/1061/686 727/1072/697 
f 716/1061/686 728/1073/698 727/1072/697 
f 728/1073/698 716/1061/686 717/1062/687 
f 717/1062/687 729/1074/699 728/1073/698 
f 729/1074/699 717/1062/687 718/1063/688 
f 718/1063/688 730/1075/700 729/1074/699 
f 101/1076/138 729/1074/699 730/1075/700 
f 729/1074/699 101/1076/138 731/1077/701 
f 101/1076/138 102/1078/139 731/1077/701 
f 732/1079/702 727/1072/697 728/1073/698 
f 727/1072/697 732/1079/702 726/1071/696 
f 733/1080/703 726/1071/696 732/1079/702 
f 732/1079/702 734/1081/704 733/1080/703 
f 734/1081/704 732/1079/702 731/1077/701 
f 728/1073/698 731/1077/701 732/1079/702 
f 731/1077/701 728/1073/698 729/1074/699 
f 734/1081/704 731/1077/701 102/1078/139 
f 102/1078/139 735/1082/705 734/1081/704 
f 735/1082/705 733/1080/703 734/1081/704 
f 735/1082/705 736/1083/706 733/1080/703 
f 726/1071/696 733/1080/703 736/1083/706 
f 726/1071/696 736/1083/706 725/1070/695 
f 737/1084/707 725/1070/695 736/1083/706 
f 725/1070/695 737/1084/707 738/1085/708 
f 739/1086/709 738/1085/708 737/1084/707 
f 738/1085/708 739/1086/709 740/1087/710 
f 741/1088/711 740/1087/710 739/1086/709 
f 740/1087/710 741/1088/711 742/1089/712 
f 743/1090/713 742/1089/712 741/1088/711 
f 742/1089/712 743/1090/713 744/1091/714 
f 745/1092/715 744/1091/714 743/1090/713 
f 744/1091/714 745/1092/715 746/1093/716 
f 746/1093/716 747/1094/717 744/1091/714 
f 747/1094/717 746/1093/716 748/1095/718 
f 736/1083/706 735/1082/705 737/1084/707 
f 749/1096/719 737/1084/707 735/1082/705 
f 737/1084/707 749/1096/719 739/1086/709 
f 750/1097/720 739/1086/709 749/1096/719 
f 739/1086/709 750/1097/720 741/1088/711 
f 751/1098/721 741/1088/711 750/1097/720 
f 741/1088/711 751/1098/721 743/1090/713 
f 752/1099/722 743/1090/713 751/1098/721 
f 743/1090/713 752/1099/722 745/1092/715 
f 751/1098/721 753/1100/723 752/1099/722 
f 738/1085/708 723/1068/693 725/1070/695 
f 723/1068/693 738/1085/708 754/1101/724 
f 740/1087/710 754/1101/724 738/1085/708 
f 754/1101/724 740/1087/710 755/1102/725 
f 742/1089/712 755/1102/725 740/1087/710 
f 755/1102/725 742/1089/712 756/1103/726 
f 744/1091/714 756/1103/726 742/1089/712 
f 756/1103/726 744/1091/714 747/1094/717 
f 747/1094/717 757/1104/727 756/1103/726 
f 757/1104/727 747/1094/717 758/1105/728 
f 758/1105/728 759/1106/729 757/1104/727 
f 759/1106/729 758/1105/728 760/1107/730 
f 761/1108/731 759/1106/729 760/1107/730 
f 760/1107/730 762/1109/732 761/1108/731 
f 760/1107/730 763/1110/733 762/1109/732 
f 748/1095/718 758/1105/728 747/1094/717 
f 758/1105/728 748/1095/718 764/1111/734 
f 764/1111/734 760/1107/730 758/1105/728 
f 760/1107/730 764/1111/734 765/1112/735 
f 760/1107/730 765/1112/735 763/1110/733 
f 766/1113/736 763/1110/733 765/1112/735 
f 754/1101/724 724/1069/694 723/1068/693 
f 724/1069/694 754/1101/724 767/1114/737 
f 755/1102/725 767/1114/737 754/1101/724 
f 767/1114/737 755/1102/725 768/1115/738 
f 756/1103/726 768/1115/738 755/1102/725 
f 768/1115/738 756/1103/726 757/1104/727 
f 757/1104/727 769/1116/739 768/1115/738 
f 769/1116/739 757/1104/727 759/1106/729 
f 770/1117/740 769/1116/739 759/1106/729 
f 759/1106/729 761/1108/731 770/1117/740 
f 767/1114/737 771/1118/741 724/1069/694 
f 771/1118/741 767/1114/737 772/1119/742 
f 768/1115/738 772/1119/742 767/1114/737 
f 772/1119/742 768/1115/738 769/1116/739 
f 773/1120/743 772/1119/742 769/1116/739 
f 769/1116/739 770/1117/740 773/1120/743 
f 771/1118/741 774/1121/744 775/1122/745 
f 774/1121/744 771/1118/741 772/1119/742 
f 772/1119/742 773/1120/743 774/1121/744 
f 763/1123/733 776/1124/746 762/1125/732 
f 776/1124/746 777/1126/747 762/1125/732 
f 762/1125/732 777/1126/747 761/1127/731 
f 778/1128/748 761/1127/731 777/1126/747 
f 761/1127/731 778/1128/748 770/1129/740 
f 779/1130/749 770/1129/740 778/1128/748 
f 780/1131/750 770/1129/740 779/1130/749 
f 770/1129/740 780/1131/750 773/1132/743 
f 781/1133/751 773/1132/743 780/1131/750 
f 773/1132/743 781/1133/751 774/1134/744 
f 782/1135/752 774/1134/744 781/1133/751 
f 774/1134/744 782/1135/752 775/1136/745 
f 776/1124/746 783/1137/753 777/1126/747 
f 784/1138/754 785/1139/755 786/1140/756 
f 784/1138/754 787/1141/757 788/1142/758 
f 788/1142/758 789/1143/759 784/1138/754 
f 789/1143/759 788/1142/758 790/1144/760 
f 789/1143/759 790/1144/760 791/1145/761 
f 791/1145/761 790/1144/760 792/1146/762 
f 792/1146/762 793/1147/763 791/1145/761 
f 793/1147/763 792/1146/762 794/1148/764 
f 794/1148/764 795/1149/765 793/1147/763 
f 795/1149/765 794/1148/764 796/1150/766 
f 797/1151/767 795/1149/765 796/1150/766 
f 795/1149/765 797/1151/767 798/1152/768 
f 794/1148/764 691/1153/661 796/1150/766 
f 691/1153/661 794/1148/764 690/1154/660 
f 792/1146/762 690/1154/660 794/1148/764 
f 690/1154/660 792/1146/762 689/1155/659 
f 790/1144/760 689/1155/659 792/1146/762 
f 689/1155/659 790/1144/760 688/1156/658 
f 788/1142/758 688/1156/658 790/1144/760 
f 688/1156/658 788/1142/758 687/1157/657 
f 787/1141/757 687/1157/657 788/1142/758 
f 687/1157/657 787/1141/757 655/1158/626 
f 799/1159/769 655/1158/626 787/1141/757 
f 655/1158/626 799/1159/769 656/1160/627 
f 800/1161/770 799/1159/769 801/1162/771 
f 801/1162/771 799/1159/769 787/1141/757 
f 787/1141/757 784/1138/754 801/1162/771 
f 372/530/402 625/1163/772 380/546/412 
f 362/538/773 364/1164/773 373/539/773 
f 379/1165/773 373/539/773 364/1164/773 
f 379/1165/773 380/1166/773 373/539/773 
f 375/541/773 373/539/773 380/1166/773 
f 380/1166/773 625/1167/773 375/541/773 
f 377/543/773 375/541/773 625/1167/773 
f 802/1168/774 685/1029/656 686/1030/578 
f 802/1168/774 803/1169/775 685/1029/656 
f 692/1036/662 685/1029/656 803/1169/775 
f 803/1169/775 804/1170/776 692/1036/662 
f 677/1018/648 692/1036/662 804/1170/776 
f 804/1170/776 805/1171/777 677/1018/648 
f 677/1018/648 805/1171/777 623/1019/569 
f 806/1172/778 807/1173/779 808/1174/780 
f 806/1172/778 95/1175/129 807/1173/779 
f 95/1175/129 809/1176/781 807/1173/779 
f 810/1177/782 809/1176/781 95/1175/129 
f 95/1175/129 811/1178/783 810/1177/782 
f 95/1175/129 812/1179/784 811/1178/783 
f 95/1175/129 96/1180/132 812/1179/784 
f 96/1180/132 813/1181/785 812/1179/784 
f 814/1182/786 813/1181/785 96/1180/132 
f 814/1182/786 96/1180/132 815/1183/787 
f 96/1180/132 119/1184/153 815/1183/787 
f 815/1183/787 119/1184/153 816/1185/788 
f 816/1185/788 119/1184/153 817/1186/789 
f 817/1186/789 119/1184/153 818/1187/790 
f 818/1187/790 119/1184/153 819/1188/791 
f 819/1188/791 119/1184/153 820/1189/792 
f 119/1184/153 821/1190/793 820/1189/792 
f 821/1190/793 119/1184/153 644/975/615 
f 641/1191/612 134/190/168 133/189/167 
f 134/190/168 641/1191/612 640/1192/611 
f 640/971/611 132/1193/166 134/1194/168 
f 132/1193/166 640/971/611 642/973/613 
f 642/973/613 119/1184/153 132/1193/166 
f 644/975/615 119/1184/153 642/973/613 
f 822/1195/794 823/1196/795 824/1197/796 
f 823/1196/795 825/1198/797 102/155/139 
f 823/1196/795 102/155/139 824/1197/796 
f 824/1197/796 102/155/139 99/152/136 
f 99/152/136 822/1195/794 824/1197/796 
f 822/1195/794 99/152/136 94/151/126 
f 94/151/126 806/1172/778 822/1195/794 
f 806/1172/778 94/151/126 95/1175/129 
f 826/1199/798 102/155/139 825/1198/797 
f 735/1200/705 102/155/139 826/1199/798 
f 827/1201/799 735/1200/705 826/1199/798 
f 735/1200/705 827/1201/799 749/1202/719 
f 828/1203/800 749/1202/719 827/1201/799 
f 749/1202/719 828/1203/800 750/1204/720 
f 829/1205/434 830/1206/434 831/1207/434 
f 832/1208/434 831/1207/434 830/1206/434 
f 830/1206/434 833/1209/434 832/1208/434 
f 834/1210/434 832/1208/434 833/1209/434 
f 833/1209/434 835/1211/801 834/1210/434 
f 831/1212/802 832/1213/803 836/1214/804 
f 837/1215/805 836/1214/804 832/1213/803 
f 832/1213/803 834/1216/803 837/1215/805 
f 838/1217/805 837/1215/805 834/1216/803 
f 834/1216/803 839/1218/806 838/1217/805 
f 840/1219/807 838/1217/805 839/1218/806 
f 839/1218/806 841/1220/808 840/1219/807 
f 842/1221/809 840/1219/807 841/1220/808 
f 839/1222/801 834/1210/434 835/1211/801 
f 835/1211/801 843/1223/810 839/1222/801 
f 841/1224/810 839/1222/801 843/1223/810 
f 843/1223/810 844/1225/811 841/1224/810 
f 845/1226/811 841/1224/810 844/1225/811 
f 841/1220/808 845/1227/812 842/1221/809 
f 846/1228/813 842/1221/809 845/1227/812 
f 845/1227/812 847/1229/814 846/1228/813 
f 848/1230/815 846/1228/813 847/1229/814 
f 849/1231/816 848/1232/817 850/1233/818 
f 850/1233/818 851/1234/819 849/1231/816 
f 851/1234/819 852/1235/820 849/1231/816 
f 852/1235/820 851/1234/819 853/1236/821 
f 853/1236/821 854/1237/822 852/1235/820 
f 854/1237/822 853/1236/821 855/1238/823 
f 855/1238/823 856/1239/824 854/1237/822 
f 856/1239/824 855/1238/823 857/1240/825 
f 857/1240/825 858/1241/826 856/1239/824 
f 858/1241/826 857/1240/825 859/1242/827 
f 860/1243/828 859/1242/827 857/1240/825 
f 851/1234/819 850/1233/818 861/1244/829 
f 861/1244/829 853/1236/821 851/1234/819 
f 862/1245/830 853/1236/821 861/1244/829 
f 862/1245/830 855/1238/823 853/1236/821 
f 855/1238/823 862/1245/830 863/1246/830 
f 863/1246/830 857/1240/825 855/1238/823 
f 857/1240/825 863/1246/830 864/1247/830 
f 857/1240/825 864/1247/830 860/1243/828 
f 404/581/435 431/1248/434 430/1249/435 
f 431/1248/434 404/581/435 409/580/434 
f 451/1250/831 450/1251/832 463/1252/833 
f 865/1253/834 866/1254/834 456/1255/834 
f 456/1255/834 458/1256/834 865/1253/834 
f 867/1257/834 865/1253/834 458/1256/834 
f 458/1256/834 460/1258/834 867/1257/834 
f 868/1259/834 867/1257/834 460/1258/834 
f 460/1258/834 462/1260/835 868/1259/834 
f 869/1261/835 868/1259/834 462/1260/835 
f 462/1260/835 464/1262/835 869/1261/835 
f 463/1252/833 450/1251/832 464/1263/836 
f 450/649/489 448/647/487 464/1264/837 
f 869/1265/838 464/1264/837 448/647/487 
f 448/647/487 446/645/485 869/1265/838 
f 868/1266/839 869/1265/838 446/645/485 
f 446/645/485 444/643/483 868/1266/839 
f 867/1267/840 868/1266/839 444/643/483 
f 444/643/483 442/641/481 867/1267/840 
f 865/1268/841 867/1267/840 442/641/481 
f 442/641/481 440/637/477 865/1268/841 
f 866/1269/842 865/1268/841 440/637/477 
f 440/637/477 438/639/479 866/1269/842 
f 870/1270/843 866/1269/842 438/639/479 
f 438/635/475 439/636/476 870/1271/844 
f 453/1272/844 870/1271/844 439/636/476 
f 453/1273/834 454/1274/834 870/1275/834 
f 866/1254/834 870/1275/834 454/1274/834 
f 454/1274/834 456/1255/834 866/1254/834 
f 871/1276/464 872/1277/464 873/1278/464 
f 874/1279/845 875/1280/846 876/1281/847 
f 877/1282/848 875/1280/846 874/1279/845 
f 873/1283/849 877/1282/848 874/1279/845 
f 872/1284/850 877/1282/848 873/1283/849 
f 877/1282/848 872/1284/850 878/1285/851 
f 877/1282/848 878/1285/851 879/1286/852 
f 879/1286/852 878/1285/851 880/1287/853 
f 880/1287/853 878/1285/851 881/1288/854 
f 878/1285/851 872/1284/850 881/1288/854 
f 881/1288/854 872/1284/850 871/1289/855 
f 877/1282/848 879/1286/852 875/1280/846 
f 482/1290/532 882/1291/856 883/1292/857 
f 883/1292/857 483/1293/533 482/1290/532 
f 483/1293/533 883/1292/857 884/1294/858 
f 884/1294/858 484/1295/534 483/1293/533 
f 484/1295/534 884/1294/858 885/1296/859 
f 885/1296/859 485/1297/535 484/1295/534 
f 485/1297/535 885/1296/859 886/1298/860 
f 886/1298/860 486/1299/536 485/1297/535 
f 486/1299/536 886/1298/860 887/1300/861 
f 887/1300/861 487/1301/537 486/1299/536 
f 487/1301/537 887/1300/861 888/1302/862 
f 888/1302/862 489/714/539 487/1301/537 
f 489/714/539 888/1302/862 889/1303/863 
f 889/1303/863 491/717/541 489/714/539 
f 491/717/541 889/1303/863 882/1291/856 
f 882/1291/856 482/1290/532 491/717/541 
f 890/1304/864 891/1305/865 892/1306/866 
f 890/1307/864 893/1308/867 891/1309/865 
f 890/1307/864 894/1310/868 893/1308/867 
f 890/1311/864 895/1312/869 894/1313/868 
f 890/1311/864 896/1314/870 895/1312/869 
f 890/1315/864 897/1316/871 896/1317/870 
f 890/1315/864 898/1318/872 897/1316/871 
f 890/1304/864 892/1306/866 898/1319/872 
f 530/1320/563 899/1321/873 900/1322/874 
f 900/1322/874 531/1323/533 530/1320/563 
f 531/1323/533 900/1322/874 901/1324/858 
f 901/1324/858 532/1325/534 531/1323/533 
f 532/1325/534 901/1324/858 902/1326/875 
f 902/1326/875 533/1327/564 532/1325/534 
f 533/1327/564 902/1326/875 903/1328/860 
f 903/1328/860 534/1329/536 533/1327/564 
f 534/1329/536 903/1328/860 904/1330/861 
f 904/1330/861 535/1331/537 534/1329/536 
f 535/1331/537 904/1330/861 905/1332/862 
f 905/1332/862 537/795/565 535/1331/537 
f 537/795/565 905/1332/862 906/1333/876 
f 906/1333/876 539/798/541 537/795/565 
f 539/798/541 906/1333/876 899/1321/873 
f 899/1321/873 530/1320/563 539/798/541 
f 907/1334/152 908/1335/877 909/1336/152 
f 910/1337/878 909/1336/152 908/1335/877 
f 908/1335/877 911/1338/879 910/1337/878 
f 912/1339/880 910/1337/878 911/1338/879 
f 913/1340/881 912/1339/880 911/1338/879 
f 914/1341/880 913/1340/881 911/1338/879 
f 913/1340/881 914/1341/880 915/1342/882 
f 913/1340/881 915/1342/882 916/1343/883 
f 916/1343/883 917/1344/884 913/1340/881 
f 917/1344/884 916/1343/883 918/1345/885 
f 917/1344/884 918/1345/885 919/1346/886 
f 919/1346/886 920/1347/887 917/1344/884 
f 919/1346/886 921/1348/114 920/1347/887 
f 922/1349/144 923/1350/144 924/1351/144 
f 923/1350/144 922/1349/144 925/1352/888 
f 925/1352/888 926/1353/889 923/1350/144 
f 925/1352/888 927/1354/890 926/1353/889 
f 925/1352/888 928/1355/140 927/1354/890 
f 925/1352/888 929/1356/140 928/1355/140 
f 925/1352/888 917/1344/884 929/1356/140 
f 920/1347/887 929/1356/140 917/1344/884 
f 118/1357/891 76/1358/891 909/1359/891 
f 907/1360/892 909/1359/891 76/1358/891 
f 116/1361/893 117/1362/893 912/1363/893 
f 910/1364/893 912/1363/893 117/1362/893 
f 117/1362/893 118/1365/893 910/1364/893 
f 909/1366/893 910/1364/893 118/1365/893 
f 76/1367/894 75/1368/895 907/1369/895 
f 908/1370/895 907/1369/895 75/1368/895 
f 75/1368/895 77/1371/895 908/1370/895 
f 911/1372/895 908/1370/895 77/1371/895 
f 103/1373/896 105/1374/897 928/1375/898 
f 927/1376/899 928/1375/898 105/1374/897 
f 105/1374/897 106/1377/900 927/1376/899 
f 926/1378/901 927/1376/899 106/1377/900 
f 106/1377/900 107/1379/902 926/1378/901 
f 923/1380/903 926/1378/901 107/1379/902 
f 107/1379/902 109/1381/904 923/1380/903 
f 924/1382/905 923/1380/903 109/1381/904 
f 109/1383/904 110/1384/906 924/1385/905 
f 922/1386/907 924/1385/905 110/1384/906 
f 110/1384/906 112/1387/908 922/1386/907 
f 925/1388/909 922/1386/907 112/1387/908 
f 112/1387/908 113/1389/910 925/1388/909 
f 917/1390/911 925/1388/909 113/1389/910 
f 113/1389/910 114/1391/912 917/1390/911 
f 913/1392/913 917/1390/911 114/1391/912 
f 114/1391/912 116/1361/914 913/1392/913 
f 912/1363/914 913/1392/913 116/1361/914 
f 77/1393/915 78/1394/916 911/1395/915 
f 914/1396/917 911/1395/915 78/1394/916 
f 78/1394/916 79/1397/918 914/1396/917 
f 915/1398/919 914/1396/917 79/1397/918 
f 79/1397/918 80/1399/920 915/1398/919 
f 916/1400/921 915/1398/919 80/1399/920 
f 80/1401/920 81/1402/922 916/1403/921 
f 918/1404/923 916/1403/921 81/1402/922 
f 81/1402/922 83/1405/924 918/1404/923 
f 919/1406/925 918/1404/923 83/1405/924 
f 83/1405/924 86/1407/926 919/1406/925 
f 921/1408/927 919/1406/925 86/1407/926 
f 86/1407/926 169/1409/928 921/1408/927 
f 920/1410/928 921/1408/927 169/1409/928 
f 169/1409/928 170/1411/929 920/1410/928 
f 929/1412/930 920/1410/928 170/1411/929 
f 170/1411/929 103/1413/896 929/1412/930 
f 928/1414/898 929/1412/930 103/1413/896 
f 578/1415/532 930/1416/873 931/1417/857 
f 931/1417/857 579/1418/533 578/1415/532 
f 579/1418/533 931/1417/857 932/1419/858 
f 932/1419/858 580/1420/534 579/1418/533 
f 580/1420/534 932/1419/858 933/1421/931 
f 933/1421/931 581/1422/535 580/1420/534 
f 581/1422/535 933/1421/931 934/1423/860 
f 934/1423/860 582/1424/536 581/1422/535 
f 582/1424/536 934/1423/860 935/1425/861 
f 935/1425/861 583/1426/537 582/1424/536 
f 583/1426/537 935/1425/861 936/1427/862 
f 936/1427/862 585/876/539 583/1426/537 
f 585/876/539 936/1427/862 937/1428/863 
f 937/1428/863 587/879/541 585/876/539 
f 587/879/541 937/1428/863 930/1416/873 
f 930/1416/873 578/1415/532 587/879/541 
f 686/1429/932 620/1430/933 619/1431/934 
f 620/1430/933 686/1429/932 684/1432/935 
f 684/1432/935 618/1433/440 620/1430/933 
f 618/1433/440 684/1432/935 682/1434/440 
f 623/1435/582 610/1436/936 609/1437/581 
f 610/1436/936 623/1435/582 805/1438/937 
f 805/1438/937 614/1439/464 610/1436/936 
f 614/1439/464 805/1438/937 804/1440/464 
f 804/1440/464 615/1441/464 614/1439/464 
f 615/1441/464 804/1440/464 803/1442/464 
f 803/1442/464 617/1443/938 615/1441/464 
f 617/1443/938 803/1442/464 802/1444/939 
f 802/1444/939 619/1445/934 617/1443/938 
f 619/1445/934 802/1444/939 686/1446/932 
f 682/1447/413 616/1448/413 618/1449/413 
f 616/1448/413 682/1447/413 680/1450/413 
f 680/1450/413 613/1451/413 616/1448/413 
f 613/1451/413 680/1450/413 679/1452/413 
f 679/1452/413 612/1453/413 613/1451/413 
f 612/1453/413 679/1452/413 621/1454/413 
f 938/1455/940 939/1456/940 91/1457/940 
f 90/1458/940 91/1457/940 939/1456/940 
f 939/1456/940 940/1459/940 90/1458/940 
f 89/1460/940 90/1458/940 940/1459/940 
f 940/1459/940 941/1461/940 89/1460/940 
f 87/1462/940 89/1460/940 941/1461/940 
f 942/1463/941 943/1464/942 944/1465/943 
f 945/1466/944 946/1467/945 947/1468/464 
f 946/1467/945 948/1469/946 943/1464/942 
f 949/1470/947 943/1464/942 948/1469/946 
f 943/1464/942 949/1470/947 950/1471/948 
f 951/1472/949 950/1471/948 949/1470/947 
f 950/1471/948 951/1472/949 820/1473/792 
f 820/1473/792 821/1474/793 950/1471/948 
f 952/1475/950 820/1473/792 951/1472/949 
f 952/1476/950 953/1477/951 819/1478/791 
f 818/1479/790 819/1478/791 953/1477/951 
f 818/1480/790 953/1481/951 817/1482/789 
f 954/1483/952 817/1482/789 953/1481/951 
f 949/1484/947 955/1485/953 951/1486/949 
f 956/1487/954 951/1486/949 955/1485/953 
f 951/1486/949 956/1487/954 952/1488/950 
f 957/1489/955 958/1490/956 959/1491/955 
f 958/1490/956 960/1492/957 946/1467/945 
f 948/1469/946 946/1467/945 960/1492/957 
f 960/1493/957 961/1494/958 948/1495/946 
f 962/1496/959 948/1495/946 961/1494/958 
f 961/1497/958 963/1498/960 962/1499/959 
f 964/1500/961 962/1499/959 963/1498/960 
f 963/1498/960 965/1501/962 964/1500/961 
f 966/1502/963 964/1500/961 965/1501/962 
f 967/1503/964 968/1504/965 969/1505/966 
f 970/1506/967 969/1505/966 968/1504/965 
f 968/1507/965 971/1508/968 970/1509/967 
f 972/1510/969 970/1509/967 971/1508/968 
f 973/1511/970 974/1512/971 961/1513/970 
f 963/1514/971 961/1513/970 974/1512/971 
f 974/1512/971 975/1515/972 963/1514/971 
f 965/1516/972 963/1514/971 975/1515/972 
f 975/1515/972 976/1517/973 965/1516/972 
f 967/1518/973 965/1516/972 976/1517/973 
f 976/1519/973 977/1520/974 967/1521/973 
f 978/1522/975 979/1523/976 980/1524/975 
f 979/1523/976 981/1525/977 958/1526/976 
f 960/1527/978 958/1526/976 981/1525/977 
f 981/1528/977 973/1529/970 960/1530/978 
f 961/1531/970 960/1530/978 973/1529/970 
f 730/1532/700 718/1533/688 982/1534/979 
f 719/1535/689 982/1534/979 718/1533/688 
f 982/1534/979 719/1535/689 983/1536/980 
f 720/1537/690 983/1536/980 719/1535/689 
f 983/1536/980 720/1537/690 984/1538/981 
f 662/1539/633 984/1538/981 720/1537/690 
f 984/1538/981 662/1539/633 985/1540/982 
f 664/1541/635 985/1540/982 662/1539/633 
f 985/1540/982 664/1541/635 986/1542/983 
f 666/1543/637 986/1542/983 664/1541/635 
f 986/1542/983 666/1543/637 987/1544/984 
f 668/1545/639 987/1544/984 666/1543/637 
f 987/1544/984 668/1545/639 988/1546/985 
f 674/1547/645 988/1546/985 668/1545/639 
f 988/1548/985 674/1549/645 989/1550/986 
f 671/1551/642 989/1550/986 674/1549/645 
f 669/1552/640 671/1551/642 674/1549/645 
f 990/1553/464 991/1554/987 992/1555/464 
f 993/1556/988 994/1557/989 995/1558/413 
f 994/1557/989 996/1559/990 979/1523/991 
f 981/1525/992 979/1523/991 996/1559/990 
f 996/1560/990 997/1561/993 981/1562/992 
f 973/1511/994 981/1562/992 997/1561/993 
f 997/1561/993 998/1563/995 973/1511/994 
f 974/1512/996 973/1511/994 998/1563/995 
f 998/1563/995 999/1564/997 974/1512/996 
f 975/1515/998 974/1512/996 999/1564/997 
f 996/1559/990 994/1557/989 1000/1565/440 
f 997/1561/993 996/1560/990 1000/1566/440 
f 998/1563/995 997/1561/993 1000/1566/440 
f 999/1564/997 998/1563/995 1000/1566/440 
f 999/1564/997 1001/1567/999 975/1515/998 
f 976/1517/1000 975/1515/998 1001/1567/999 
f 1001/1567/999 1002/1568/1001 976/1517/1000 
f 977/1569/1002 976/1517/1000 1002/1568/1001 
f 1002/1570/1001 1003/1571/1003 977/1572/1002 
f 991/1554/987 977/1572/1002 1003/1571/1003 
f 1001/1567/999 999/1564/997 1000/1566/440 
f 1002/1568/1001 1001/1567/999 1000/1566/440 
f 1003/1571/1003 1002/1570/1001 1000/1573/440 
f 1004/1189/1004 1005/1574/1005 1006/1575/1004 
f 1007/1576/413 1006/1575/1004 1008/1577/413 
f 1009/1578/413 1010/1579/1004 1011/1580/413 
f 1010/1579/1004 1012/1581/1005 972/1510/969 
f 970/1509/967 972/1510/969 1012/1581/1005 
f 1012/1582/1005 1013/1583/1006 970/1584/967 
f 969/1585/966 970/1584/967 1013/1583/1006 
f 966/1502/963 969/1585/966 1014/1586/1007 
f 964/1500/961 966/1502/963 1015/1587/1008 
f 1014/1586/1007 1015/1587/1008 966/1502/963 
f 1016/1588/354 1015/1587/1008 1014/1586/1007 
f 1015/1587/1008 1016/1588/354 1017/1589/1009 
f 1017/1589/1009 956/1487/954 1015/1587/1008 
f 955/1485/953 1015/1587/1008 956/1487/954 
f 1015/1587/1008 955/1485/953 964/1500/961 
f 962/1499/959 964/1500/961 955/1485/953 
f 955/1485/953 949/1484/947 962/1499/959 
f 948/1590/946 962/1499/959 949/1484/947 
f 954/1483/952 953/1481/951 1017/1589/1009 
f 956/1487/954 1017/1589/1009 953/1481/951 
f 1013/1583/1006 1014/1586/1007 969/1585/966 
f 1014/1586/1007 1013/1583/1006 1018/1591/1007 
f 1018/1591/1007 1016/1588/354 1014/1586/1007 
f 1019/1592/354 1016/1588/354 1018/1591/1007 
f 1019/1592/354 1017/1589/1009 1016/1588/354 
f 1020/1593/354 1017/1589/1009 1019/1592/354 
f 1017/1589/1009 1020/1593/354 954/1483/952 
f 1021/1594/354 954/1483/952 1020/1593/354 
f 817/1482/789 954/1483/952 1021/1594/354 
f 816/1595/788 817/1482/789 1021/1594/354 
f 816/1595/788 1021/1594/354 815/1596/787 
f 1021/1594/354 1022/1597/1010 815/1596/787 
f 1022/1597/1010 1023/1598/1011 815/1596/787 
f 1023/1598/1011 1022/1597/1010 1024/1599/1012 
f 1023/1598/1011 1024/1599/1012 813/1600/785 
f 1024/1599/1012 1025/1601/1013 813/1600/785 
f 1026/1602/1014 813/1600/785 1025/1601/1013 
f 1025/1601/1013 1027/1603/1015 1026/1602/1014 
f 1028/1604/354 1020/1593/354 1019/1592/354 
f 1021/1594/354 1020/1593/354 1028/1604/354 
f 1028/1604/354 1022/1597/1010 1021/1594/354 
f 1023/1598/1011 814/1605/786 815/1596/787 
f 814/1605/786 1023/1598/1011 813/1600/785 
f 1027/1603/1015 1025/1601/1013 1029/1606/1016 
f 1029/1606/1016 1030/1607/1017 1027/1603/1015 
f 1031/1608/1018 1027/1603/1015 1030/1607/1017 
f 1030/1607/1017 1029/1606/1016 1032/1609/1019 
f 1033/1610/1020 1034/1611/1021 1026/1602/1014 
f 1033/1610/1020 1026/1602/1014 1027/1603/1015 
f 1027/1603/1015 1031/1608/1018 1033/1610/1020 
f 1035/1612/1022 1033/1610/1020 1031/1608/1018 
f 1033/1610/1020 1035/1612/1022 1034/1611/1021 
f 1036/1613/1023 1034/1611/1021 1035/1612/1022 
f 1034/1611/1021 1036/1613/1023 810/1614/782 
f 809/1615/781 810/1614/782 1036/1613/1023 
f 1026/1602/1014 812/1616/784 813/1600/785 
f 1026/1602/1014 811/1617/783 812/1616/784 
f 1034/1611/1021 811/1617/783 1026/1602/1014 
f 1034/1611/1021 810/1614/782 811/1617/783 
f 1012/1581/1005 1010/1579/1004 1037/1618/1005 
f 1037/1619/1005 1038/1620/1006 1012/1582/1005 
f 1013/1583/1006 1012/1582/1005 1038/1620/1006 
f 1038/1620/1006 1018/1591/1007 1013/1583/1006 
f 1018/1591/1007 1038/1620/1006 1039/1621/1007 
f 1039/1621/1007 1019/1592/354 1018/1591/1007 
f 1040/1622/1024 1019/1592/354 1039/1621/1007 
f 1028/1604/354 1019/1592/354 1040/1622/1024 
f 1041/1623/1010 1028/1604/354 1040/1622/1024 
f 1022/1597/1010 1028/1604/354 1041/1623/1010 
f 1041/1623/1010 1024/1599/1012 1022/1597/1010 
f 1024/1599/1012 1041/1623/1010 1025/1601/1013 
f 1042/1624/1025 1025/1601/1013 1041/1623/1010 
f 1042/1624/1025 1029/1606/1016 1025/1601/1013 
f 1029/1606/1016 1042/1624/1025 1043/1625/1026 
f 1043/1625/1026 1032/1609/1019 1029/1606/1016 
f 1032/1609/1019 1043/1625/1026 1005/1626/1005 
f 1005/1574/1005 1004/1189/1004 1032/1627/1019 
f 1038/1620/1006 1037/1619/1005 1044/1628/1006 
f 1044/1628/1006 1039/1621/1007 1038/1620/1006 
f 1039/1621/1007 1044/1628/1006 1040/1622/1024 
f 1006/1575/1004 1037/1618/1005 1010/1579/1004 
f 1037/1618/1005 1006/1575/1004 1005/1574/1005 
f 1005/1626/1005 1044/1628/1006 1037/1619/1005 
f 1044/1628/1006 1005/1626/1005 1043/1625/1026 
f 1043/1625/1026 1040/1622/1024 1044/1628/1006 
f 1040/1622/1024 1043/1625/1026 1042/1624/1025 
f 1042/1624/1025 1041/1623/1010 1040/1622/1024 
f 1045/1629/413 1004/1189/1004 1046/1630/413 
f 1047/1631/1027 1032/1627/1019 1004/1189/1004 
f 1032/1627/1019 1047/1631/1027 1030/1632/1017 
f 1048/1633/1028 1030/1632/1017 1047/1631/1027 
f 1030/1632/1017 1048/1633/1028 1031/1634/1018 
f 1049/1635/1029 1031/1634/1018 1048/1633/1028 
f 1031/1634/1018 1049/1635/1029 1035/1636/1022 
f 1050/1637/1030 1035/1636/1022 1049/1635/1029 
f 1035/1636/1022 1050/1637/1030 1036/1638/1023 
f 1051/1639/1031 1036/1638/1023 1050/1637/1030 
f 1036/1638/1023 1051/1639/1031 809/1176/781 
f 807/1173/779 809/1176/781 1051/1639/1031 
f 807/1173/779 1051/1639/1031 808/1174/780 
f 1052/1640/1032 1047/1631/1027 1053/1641/413 
f 1054/1642/1033 1048/1633/1028 1055/1643/1034 
f 1056/1644/1035 1049/1635/1029 1057/1645/1036 
f 1058/1646/1037 1050/1637/1030 1059/1647/1038 
f 1060/1648/1039 1051/1639/1031 1061/1649/1040 
f 1062/1650/1041 1063/1651/1042 983/1536/980 
f 1064/1652/1043 1063/1651/1042 1062/1650/1041 
f 1065/1653/1044 1066/1654/1045 1067/1655/1046 
f 1066/1654/1045 1065/1653/1044 1068/1656/1047 
f 1069/1657/1048 1068/1656/1047 1065/1653/1044 
f 1068/1656/1047 1069/1657/1048 1064/1652/1043 
f 93/1658/124 1064/1652/1043 1069/1657/1048 
f 1064/1652/1043 93/1658/124 1063/1651/1042 
f 97/1659/134 1063/1651/1042 93/1658/124 
f 98/1660/135 1063/1651/1042 97/1659/134 
f 1063/1651/1042 98/1660/135 982/1534/979 
f 983/1536/980 1063/1651/1042 982/1534/979 
f 100/1661/137 101/1662/138 730/1532/700 
f 100/1661/137 730/1532/700 98/1660/135 
f 982/1534/979 98/1660/135 730/1532/700 
f 1070/1663/1049 983/1536/980 984/1538/981 
f 1070/1663/1049 1062/1650/1041 983/1536/980 
f 1071/1664/1050 1062/1650/1041 1070/1663/1049 
f 1062/1650/1041 1071/1664/1050 1064/1652/1043 
f 1072/1665/1051 1064/1652/1043 1071/1664/1050 
f 1068/1656/1047 1064/1652/1043 1072/1665/1051 
f 1073/1666/1052 1068/1656/1047 1072/1665/1051 
f 1068/1656/1047 1073/1666/1052 1066/1654/1045 
f 1074/1667/1053 1066/1654/1045 1073/1666/1052 
f 1066/1654/1045 1074/1667/1053 1075/1668/1054 
f 1076/1669/1055 1075/1668/1054 1074/1667/1053 
f 1075/1668/1054 1076/1669/1055 1077/1670/1056 
f 1078/1671/1057 1077/1670/1056 1076/1669/1055 
f 1077/1670/1056 1078/1671/1057 1079/1672/1058 
f 1079/1672/1058 1080/1673/1059 1077/1670/1056 
f 1081/1674/1060 1080/1673/1059 1079/1672/1058 
f 1082/1675/1061 1083/1676/1062 1066/1654/1045 
f 1075/1668/1054 1082/1675/1061 1066/1654/1045 
f 1084/1677/1063 1082/1675/1061 1075/1668/1054 
f 1077/1670/1056 1084/1677/1063 1075/1668/1054 
f 1080/1673/1059 1084/1677/1063 1077/1670/1056 
f 1085/1678/1064 1081/1674/1060 1086/1679/1065 
f 1086/1679/1065 1081/1674/1060 1079/1672/1058 
f 1079/1672/1058 1087/1680/1066 1086/1679/1065 
f 1087/1680/1066 1079/1672/1058 1078/1671/1057 
f 1078/1671/1057 1088/1681/1067 1087/1680/1066 
f 1088/1681/1067 1078/1671/1057 1089/1682/1068 
f 1076/1669/1055 1089/1682/1068 1078/1671/1057 
f 1089/1682/1068 1076/1669/1055 1090/1683/1069 
f 1074/1667/1053 1090/1683/1069 1076/1669/1055 
f 1090/1683/1069 1074/1667/1053 1091/1684/1070 
f 1073/1666/1052 1091/1684/1070 1074/1667/1053 
f 1091/1684/1070 1073/1666/1052 1092/1685/1071 
f 1072/1665/1051 1092/1685/1071 1073/1666/1052 
f 1092/1685/1071 1072/1665/1051 1093/1686/1072 
f 1071/1664/1050 1093/1686/1072 1072/1665/1051 
f 1093/1686/1072 1071/1664/1050 1094/1687/1073 
f 1070/1663/1049 1094/1687/1073 1071/1664/1050 
f 1094/1687/1073 1070/1663/1049 1095/1688/1074 
f 984/1538/981 1095/1688/1074 1070/1663/1049 
f 1095/1688/1074 984/1538/981 985/1540/982 
f 1094/1687/1073 1096/1689/1075 1093/1686/1072 
f 1096/1689/1075 1094/1687/1073 1097/1690/1076 
f 1095/1688/1074 1097/1690/1076 1094/1687/1073 
f 1097/1690/1076 1095/1688/1074 1098/1691/1077 
f 985/1540/982 1098/1691/1077 1095/1688/1074 
f 1098/1691/1077 985/1540/982 986/1542/983 
f 1099/1692/1078 1085/1678/1064 1100/1693/1079 
f 1100/1693/1079 1085/1678/1064 1086/1679/1065 
f 1086/1679/1065 1101/1694/1080 1100/1693/1079 
f 1101/1694/1080 1086/1679/1065 1087/1680/1066 
f 1087/1680/1066 1102/1695/1081 1101/1694/1080 
f 1102/1695/1081 1087/1680/1066 1088/1681/1067 
f 1088/1681/1067 1103/1696/1082 1102/1695/1081 
f 1103/1696/1082 1088/1681/1067 1104/1697/1083 
f 1089/1682/1068 1104/1697/1083 1088/1681/1067 
f 1104/1697/1083 1089/1682/1068 1105/1698/1084 
f 1090/1683/1069 1105/1698/1084 1089/1682/1068 
f 1105/1698/1084 1090/1683/1069 1106/1699/1085 
f 1091/1684/1070 1106/1699/1085 1090/1683/1069 
f 1106/1699/1085 1091/1684/1070 1107/1700/1086 
f 1092/1685/1071 1107/1700/1086 1091/1684/1070 
f 1107/1700/1086 1092/1685/1071 1108/1701/1087 
f 1093/1686/1072 1108/1701/1087 1092/1685/1071 
f 1096/1689/1075 1108/1701/1087 1093/1686/1072 
f 1109/1702/1088 1099/1692/1078 1100/1693/1079 
f 1100/1693/1079 1110/1703/1089 1109/1702/1088 
f 1110/1703/1089 1100/1693/1079 1101/1694/1080 
f 1101/1694/1080 1111/1704/1090 1110/1703/1089 
f 1111/1704/1090 1101/1694/1080 1102/1695/1081 
f 1102/1695/1081 1112/1705/1091 1111/1704/1090 
f 1112/1705/1091 1102/1695/1081 1103/1696/1082 
f 1103/1696/1082 1113/1706/1092 1112/1705/1091 
f 1113/1706/1092 1103/1696/1082 1114/1707/1093 
f 1104/1697/1083 1114/1707/1093 1103/1696/1082 
f 1114/1707/1093 1104/1697/1083 1115/1708/1094 
f 1105/1698/1084 1115/1708/1094 1104/1697/1083 
f 1115/1708/1094 1105/1698/1084 1116/1709/1095 
f 1106/1699/1085 1116/1709/1095 1105/1698/1084 
f 1116/1709/1095 1106/1699/1085 1117/1710/1096 
f 1107/1700/1086 1117/1710/1096 1106/1699/1085 
f 1117/1710/1096 1107/1700/1086 1118/1711/1097 
f 1108/1701/1087 1118/1711/1097 1107/1700/1086 
f 1119/1712/1098 1120/1713/1099 1121/1714/1100 
f 1120/1713/1099 1119/1712/1098 1118/1711/1097 
f 1122/1715/1101 1118/1711/1097 1119/1712/1098 
f 1118/1711/1097 1122/1715/1101 1117/1710/1096 
f 1123/1716/1102 1117/1710/1096 1122/1715/1101 
f 1117/1710/1096 1123/1716/1102 1116/1709/1095 
f 1124/1717/1103 1116/1709/1095 1123/1716/1102 
f 1116/1709/1095 1124/1717/1103 1115/1708/1094 
f 1125/1718/1104 1115/1708/1094 1124/1717/1103 
f 1115/1708/1094 1125/1718/1104 1114/1707/1093 
f 1126/1719/1105 1114/1707/1093 1125/1718/1104 
f 1114/1707/1093 1126/1719/1105 1113/1706/1092 
f 1127/1720/1106 1113/1706/1092 1126/1719/1105 
f 1113/1706/1092 1127/1720/1106 1128/1721/1107 
f 1129/1722/1108 1128/1721/1107 1127/1720/1106 
f 1128/1721/1107 1129/1722/1108 1130/1723/1109 
f 1131/1724/1110 1130/1723/1109 1129/1722/1108 
f 1130/1723/1109 1131/1724/1110 1132/1725/1111 
f 1133/1726/1112 1134/1727/1113 1135/1728/1114 
f 1136/1729/1115 1135/1728/1114 1134/1727/1113 
f 1135/1728/1114 1136/1729/1115 1121/1714/1100 
f 1137/1730/1116 1121/1714/1100 1136/1729/1115 
f 1121/1714/1100 1137/1730/1116 1119/1712/1098 
f 1138/1731/1117 1119/1712/1098 1137/1730/1116 
f 1119/1712/1098 1138/1731/1117 1122/1715/1101 
f 1139/1732/1118 1122/1715/1101 1138/1731/1117 
f 1122/1715/1101 1139/1732/1118 1123/1716/1102 
f 1140/1733/1119 1123/1716/1102 1139/1732/1118 
f 1123/1716/1102 1140/1733/1119 1124/1717/1103 
f 1141/1734/1120 1124/1717/1103 1140/1733/1119 
f 1124/1717/1103 1141/1734/1120 1125/1718/1104 
f 1142/1735/1121 1125/1718/1104 1141/1734/1120 
f 1125/1718/1104 1142/1735/1121 1126/1719/1105 
f 1143/1736/1122 1126/1719/1105 1142/1735/1121 
f 1126/1719/1105 1143/1736/1122 1127/1720/1106 
f 1144/1737/1123 1127/1720/1106 1143/1736/1122 
f 1145/1738/1124 1143/1736/1122 1142/1735/1121 
f 1142/1735/1121 1146/1739/1125 1145/1738/1124 
f 1146/1740/1125 1142/1741/1121 1141/1742/1120 
f 1141/1742/1120 1147/1743/1126 1146/1740/1125 
f 1147/1743/1126 1141/1742/1120 1140/1744/1119 
f 1140/1744/1119 144/1745/178 1147/1743/1126 
f 144/1745/178 1140/1744/1119 1139/1746/1118 
f 1139/1746/1118 142/1747/176 144/1745/178 
f 142/1747/176 1139/1746/1118 1138/1748/1117 
f 1138/1748/1117 140/1749/174 142/1747/176 
f 140/1749/174 1138/1748/1117 1137/1750/1116 
f 1137/1750/1116 138/1751/172 140/1749/174 
f 138/1751/172 1137/1750/1116 1136/1752/1115 
f 1136/1752/1115 128/1753/162 138/1751/172 
f 128/1753/162 1136/1752/1115 1134/1754/1113 
f 1134/1754/1113 127/1755/161 128/1753/162 
f 127/1755/161 1134/1754/1113 1148/1756/1127 
f 1148/1756/1127 129/184/163 127/1755/161 
f 129/184/163 1148/1756/1127 1149/1757/1128 
f 1149/1757/1128 133/189/167 129/184/163 
f 1134/1727/1113 1133/1726/1112 1148/1758/1127 
f 1148/1758/1127 1150/1759/1129 1149/1760/1128 
f 1150/1759/1129 1148/1758/1127 1133/1726/1112 
f 1133/1726/1112 1151/1761/1130 1150/1759/1129 
f 1151/1761/1130 1133/1726/1112 1152/1762/1131 
f 1135/1728/1114 1152/1762/1131 1133/1726/1112 
f 1152/1762/1131 1135/1728/1114 1153/1763/1132 
f 1121/1714/1100 1153/1763/1132 1135/1728/1114 
f 1153/1763/1132 1121/1714/1100 1120/1713/1099 
f 1118/1711/1097 1108/1701/1087 1120/1713/1099 
f 1096/1689/1075 1120/1713/1099 1108/1701/1087 
f 1120/1713/1099 1096/1689/1075 1153/1763/1132 
f 1097/1690/1076 1153/1763/1132 1096/1689/1075 
f 1153/1763/1132 1097/1690/1076 1152/1762/1131 
f 1098/1691/1077 1152/1762/1131 1097/1690/1076 
f 1152/1762/1131 1098/1691/1077 1151/1761/1130 
f 986/1542/983 1151/1761/1130 1098/1691/1077 
f 1151/1761/1130 986/1542/983 987/1544/984 
f 987/1544/984 1150/1759/1129 1151/1761/1130 
f 1150/1759/1129 987/1544/984 988/1546/985 
f 988/1546/985 1149/1760/1128 1150/1759/1129 
f 1149/1760/1128 988/1546/985 989/1764/986 
f 133/189/167 1149/1757/1128 989/1550/986 
f 133/189/167 989/1550/986 671/1551/642 
f 133/189/167 671/1551/642 641/1191/612 
f 93/1765/354 938/1766/354 91/1767/354 
f 856/1768/1133 858/1769/1134 1154/1770/1135 
f 1154/1770/1135 1155/1771/1136 856/1768/1133 
f 854/1772/1137 856/1768/1133 1155/1771/1136 
f 1155/1771/1136 1156/1773/1138 854/1772/1137 
f 852/1774/1139 854/1772/1137 1156/1773/1138 
f 1156/1773/1138 1157/1775/1140 852/1774/1139 
f 849/1776/1141 852/1774/1139 1157/1775/1140 
f 846/1228/813 848/1230/815 849/1776/1141 
f 849/1776/1141 1157/1775/1140 846/1228/813 
f 842/1221/809 846/1228/813 1157/1775/1140 
f 1157/1775/1140 1156/1773/1138 842/1221/809 
f 842/1221/809 1156/1773/1138 840/1219/807 
f 1156/1773/1138 1155/1771/1136 840/1219/807 
f 838/1217/805 840/1219/807 1155/1771/1136 
f 1155/1771/1136 1154/1770/1135 838/1217/805 
f 837/1215/805 838/1217/805 1154/1770/1135 
f 836/1214/804 837/1215/805 1154/1770/1135 
f 1154/1770/1135 1158/1777/1142 836/1214/804 
f 1158/1777/1142 1154/1770/1135 858/1769/1134 
f 860/1243/828 864/1247/830 829/1778/1143 
f 830/1779/1144 829/1778/1143 864/1247/830 
f 864/1247/830 863/1246/830 830/1779/1144 
f 833/1780/1144 830/1779/1144 863/1246/830 
f 863/1246/830 862/1245/830 833/1780/1144 
f 835/1781/1145 833/1780/1144 862/1245/830 
f 862/1245/830 861/1244/829 835/1781/1145 
f 843/1782/1146 835/1781/1145 861/1244/829 
f 861/1244/829 850/1233/818 843/1782/1146 
f 844/1783/1147 843/1782/1146 850/1233/818 
f 850/1233/818 848/1232/817 844/1783/1147 
f 847/1784/1148 844/1783/1147 848/1232/817 
f 847/1785/1149 845/1226/811 844/1225/811 
f 1159/1786/1150 1160/1787/1151 1161/1788/1152 
f 1162/1789/1153 1161/1788/1152 1160/1787/1151 
f 1160/1787/1151 1163/1790/1154 1162/1789/1153 
f 185/1791/218 1162/1789/1153 1163/1790/1154 
f 185/1791/218 1164/1792/1155 1162/1789/1153 
f 185/1791/218 193/1793/226 1164/1792/1155 
f 192/1794/225 1164/1792/1155 193/1793/226 
f 1164/1792/1155 192/1794/225 1161/1788/1152 
f 191/1795/224 1161/1788/1152 192/1794/225 
f 1161/1788/1152 191/1795/224 1159/1786/1150 
f 190/1796/223 1159/1786/1150 191/1795/224 
f 1161/1788/1152 1162/1789/1153 1164/1792/1155 
f 1165/1797/1156 1132/1725/1111 1131/1724/1110 
f 1132/1725/1111 1165/1797/1156 1166/1798/1157 
f 1167/1799/1158 1166/1798/1157 1165/1797/1156 
f 1166/1798/1157 1167/1799/1158 1168/1800/1159 
f 185/1791/218 1168/1800/1159 1167/1799/1158 
f 185/1791/218 1169/1801/1160 1168/1800/1159 
f 185/1791/218 1163/1790/1154 1169/1801/1160 
f 1170/1802/1161 1169/1801/1160 1163/1790/1154 
f 1163/1790/1154 1160/1787/1151 1170/1802/1161 
f 1171/1803/1162 1170/1802/1161 1160/1787/1151 
f 1160/1787/1151 1159/1786/1150 1171/1803/1162 
f 1172/1804/1163 1171/1803/1162 1159/1786/1150 
f 1159/1786/1150 190/1796/223 1172/1804/1163 
f 189/1805/222 1172/1804/1163 190/1796/223 
f 1172/1804/1163 189/1805/222 1173/1806/1164 
f 194/1807/227 1173/1806/1164 189/1805/222 
f 1173/1806/1164 194/1807/227 1099/1692/1078 
f 1173/1806/1164 1099/1692/1078 1109/1702/1088 
f 1174/1808/1165 1110/1703/1089 1111/1704/1090 
f 1110/1703/1089 1174/1808/1165 1175/1809/1166 
f 1175/1809/1166 1109/1702/1088 1110/1703/1089 
f 1109/1702/1088 1175/1809/1166 1173/1806/1164 
f 1176/1810/1167 1173/1806/1164 1175/1809/1166 
f 1173/1806/1164 1176/1810/1167 1172/1804/1163 
f 1171/1803/1162 1172/1804/1163 1176/1810/1167 
f 1176/1810/1167 1177/1811/1168 1171/1803/1162 
f 1170/1802/1161 1171/1803/1162 1177/1811/1168 
f 1177/1811/1168 1178/1812/1169 1170/1802/1161 
f 1169/1801/1160 1170/1802/1161 1178/1812/1169 
f 1178/1812/1169 1168/1800/1159 1169/1801/1160 
f 1168/1800/1159 1178/1812/1169 1166/1798/1157 
f 1179/1813/1170 1166/1798/1157 1178/1812/1169 
f 1166/1798/1157 1179/1813/1170 1132/1725/1111 
f 1180/1814/1171 1132/1725/1111 1179/1813/1170 
f 1132/1725/1111 1180/1814/1171 1130/1723/1109 
f 1181/1815/1172 1130/1723/1109 1180/1814/1171 
f 1130/1723/1109 1181/1815/1172 1128/1721/1107 
f 1112/1705/1091 1128/1721/1107 1181/1815/1172 
f 1128/1721/1107 1112/1705/1091 1113/1706/1092 
f 1181/1815/1172 1111/1704/1090 1112/1705/1091 
f 1111/1704/1090 1181/1815/1172 1174/1808/1165 
f 1180/1814/1171 1174/1808/1165 1181/1815/1172 
f 1174/1808/1165 1180/1814/1171 1182/1816/1173 
f 1182/1816/1173 1175/1809/1166 1174/1808/1165 
f 1175/1809/1166 1182/1816/1173 1176/1810/1167 
f 1177/1811/1168 1176/1810/1167 1182/1816/1173 
f 1182/1816/1173 1179/1813/1170 1177/1811/1168 
f 1178/1812/1169 1177/1811/1168 1179/1813/1170 
f 1179/1813/1170 1182/1816/1173 1180/1814/1171 
f 1183/1817/354 188/1818/354 1184/1819/354 
f 1183/1820/358 194/1821/358 188/1822/358 
f 1099/1823/358 194/1821/358 1183/1820/358 
f 1185/1824/1174 1080/1825/1059 1081/1826/1060 
f 1080/1825/1059 1185/1824/1174 1084/1827/1063 
f 1084/1827/1063 1185/1824/1174 1186/1828/1175 
f 1084/1827/1063 1186/1828/1175 1187/1829/1176 
f 1187/1830/1176 1082/1675/1061 1084/1677/1063 
f 1082/1675/1061 1187/1830/1176 1188/1831/1177 
f 1188/1832/1177 1083/1833/1062 1082/1834/1061 
f 1189/1835/1178 1190/1836/1179 1191/1837/1180 
f 1192/1838/1181 1191/1837/1180 1190/1836/1179 
f 1184/1839/1182 1191/1837/1180 1192/1838/1181 
f 1192/1838/1181 1183/1840/1183 1184/1839/1182 
f 1099/1841/1078 1183/1840/1183 1192/1838/1181 
f 1192/1838/1181 1085/1842/1064 1099/1841/1078 
f 1085/1842/1064 1192/1838/1181 1081/1826/1060 
f 1081/1826/1060 1192/1838/1181 1190/1836/1179 
f 1081/1826/1060 1190/1836/1179 1185/1824/1174 
f 1185/1824/1174 1190/1836/1179 1189/1835/1178 
f 1189/1835/1178 1193/1843/1184 1185/1824/1174 
f 1185/1824/1174 1193/1843/1184 1186/1828/1175 
f 1194/1844/1185 1186/1828/1175 1193/1843/1184 
f 1187/1829/1176 1186/1828/1175 1194/1844/1185 
f 1194/1844/1185 1195/1845/1186 1187/1829/1176 
f 1188/1832/1177 1187/1829/1176 1195/1845/1186 
f 1195/1845/1186 1196/1846/1187 1188/1832/1177 
f 1197/1847/1188 1198/1848/1189 1199/1849/358 
f 1200/1850/1190 1198/1848/1189 1197/1847/1188 
f 1200/1851/1190 1201/1852/464 1198/1853/1189 
f 1202/1854/1191 1201/1852/464 1200/1851/1190 
f 1202/1854/1191 1203/1855/1192 1201/1852/464 
f 1204/1856/1193 1203/1855/1192 1202/1854/1191 
f 1204/1857/1193 1205/1858/354 1203/1859/1192 
f 1206/1860/1194 1205/1858/354 1204/1857/1193 
f 1206/1860/1194 1207/1861/1195 1205/1858/354 
f 1208/1862/1196 1207/1861/1195 1206/1860/1194 
f 1208/1863/1196 1209/1864/413 1207/1865/1195 
f 1210/1866/1197 1209/1864/413 1208/1863/1196 
f 1210/1866/1197 1211/1867/1198 1209/1864/413 
f 1212/1868/1199 1211/1867/1198 1210/1866/1197 
f 1212/1869/1199 1199/1849/358 1211/1870/1198 
f 1197/1847/1188 1199/1849/358 1212/1869/1199 
f 1213/1871/1200 1200/1850/1190 1197/1847/1188 
f 1214/1872/1201 1200/1850/1190 1213/1871/1200 
f 1214/1873/1201 1202/1854/1191 1200/1851/1190 
f 1215/1874/1202 1202/1854/1191 1214/1873/1201 
f 1215/1874/1202 1204/1856/1193 1202/1854/1191 
f 1216/1875/1203 1204/1856/1193 1215/1874/1202 
f 1216/1876/1203 1206/1860/1194 1204/1857/1193 
f 1217/1877/1204 1206/1860/1194 1216/1876/1203 
f 1217/1877/1204 1208/1862/1196 1206/1860/1194 
f 1218/1878/1205 1208/1862/1196 1217/1877/1204 
f 1218/1879/1205 1210/1866/1197 1208/1863/1196 
f 1219/1880/1206 1210/1866/1197 1218/1879/1205 
f 1219/1880/1206 1212/1868/1199 1210/1866/1197 
f 1220/1881/1207 1212/1868/1199 1219/1880/1206 
f 1220/1882/1207 1197/1847/1188 1212/1869/1199 
f 1213/1871/1200 1197/1847/1188 1220/1882/1207 
f 892/1883/1208 1214/1884/1209 1213/1885/1208 
f 891/1886/1209 1214/1884/1209 892/1883/1208 
f 891/1886/1209 1215/1887/1210 1214/1884/1209 
f 893/1888/1210 1215/1887/1210 891/1886/1209 
f 893/1888/1210 1216/1889/1211 1215/1887/1210 
f 894/1890/1211 1216/1889/1211 893/1888/1210 
f 894/1890/1211 1217/1891/1212 1216/1889/1211 
f 895/1892/1212 1217/1891/1212 894/1890/1211 
f 895/1892/1212 1218/1893/1213 1217/1891/1212 
f 896/1894/1213 1218/1893/1213 895/1892/1212 
f 896/1894/1213 1219/1895/1214 1218/1893/1213 
f 897/1896/1214 1219/1895/1214 896/1894/1213 
f 897/1896/1214 1220/1897/1215 1219/1895/1214 
f 898/1898/1215 1220/1897/1215 897/1896/1214 
f 898/1898/1215 1213/1885/1208 1220/1897/1215 
f 892/1883/1208 1213/1885/1208 898/1898/1215 
f 1221/1899/1216 1222/1900/1189 1223/1901/1216 
f 1224/1902/440 1221/1903/1217 1225/1904/1218 
f 1221/1899/1219 1223/1901/1219 1225/1905/1198 
f 1225/1905/1198 1223/1901/1219 1226/1906/1198 
f 1225/1907/1198 1226/1908/1198 1227/1909/1220 
f 1227/1909/1220 1226/1908/1198 1228/1910/1220 
f 1227/1909/1221 1228/1910/1221 1229/1911/1195 
f 1229/1911/1195 1228/1910/1221 1230/1912/1195 
f 1229/1913/1195 1230/1914/1195 1231/1915/1222 
f 1231/1915/1222 1230/1914/1195 1232/1916/1222 
f 1231/1915/1223 1232/1916/1223 1233/1917/1192 
f 1233/1917/1192 1232/1916/1223 1234/1918/1192 
f 1233/1919/1192 1234/1920/1192 1235/1921/1224 
f 1235/1921/1224 1234/1920/1192 1236/1922/1224 
f 1235/1921/1225 1236/1922/1225 1237/1923/1189 
f 1237/1923/1189 1236/1922/1225 1222/1924/1189 
f 1237/1925/1189 1222/1900/1189 1221/1899/1216 
f 1224/1902/440 1237/1926/1226 1221/1903/1217 
f 1224/1902/440 1225/1904/1218 1227/1927/1227 
f 1224/1902/440 1235/1928/1228 1237/1926/1226 
f 1224/1902/440 1227/1927/1227 1229/1929/1229 
f 1224/1902/440 1233/1930/1230 1235/1928/1228 
f 1224/1902/440 1229/1929/1229 1231/1931/1231 
f 1224/1902/440 1231/1931/1231 1233/1930/1230 
f 1238/1932/1232 1239/1933/1233 1240/1934/1234 
f 1239/1933/1233 1238/1932/1232 1241/1935/1235 
f 1241/1935/1235 1242/1936/1236 1239/1933/1233 
f 1242/1936/1236 1241/1935/1235 1243/1937/1237 
f 1242/1936/1236 1243/1937/1237 1244/1938/1238 
f 1244/1938/1238 1243/1937/1237 1245/1939/1239 
f 1244/1938/1238 1245/1939/1239 1246/1940/1240 
f 1246/1940/1240 1247/1941/1241 1244/1938/1238 
f 1247/1941/1241 1246/1940/1240 1248/1942/1242 
f 1248/1942/1242 1249/1943/1243 1247/1941/1241 
f 1249/1943/1243 1248/1942/1242 1250/1944/1244 
f 1250/1944/1244 1251/1945/1245 1249/1943/1243 
f 1251/1945/1245 1250/1944/1244 1252/1946/1246 
f 1244/1938/1238 1253/1947/1247 1242/1936/1236 
f 1253/1947/1247 1244/1938/1238 1247/1941/1241 
f 1247/1941/1241 1254/1948/1248 1253/1947/1247 
f 1254/1948/1248 1247/1941/1241 1249/1943/1243 
f 1249/1943/1243 1255/1949/1249 1254/1948/1248 
f 1255/1949/1249 1249/1943/1243 1251/1945/1245 
f 1240/1934/1234 1256/1950/1250 1238/1932/1232 
f 1256/1950/1250 1240/1934/1234 1257/1951/1251 
f 1258/1952/1252 1257/1951/1251 1240/1934/1234 
f 1258/1952/1252 1240/1934/1234 1239/1933/1233 
f 1259/1953/1253 1258/1952/1252 1239/1933/1233 
f 1259/1953/1253 1239/1933/1233 1242/1936/1236 
f 1260/1954/1253 1259/1953/1253 1242/1936/1236 
f 1260/1954/1253 1242/1936/1236 1253/1947/1247 
f 1261/1955/1253 1260/1954/1253 1253/1947/1247 
f 1261/1955/1253 1253/1947/1247 1254/1948/1248 
f 1262/1956/1254 1261/1955/1253 1254/1948/1248 
f 1262/1956/1254 1254/1948/1248 766/1113/736 
f 766/1113/736 1254/1948/1248 1255/1949/1249 
f 1255/1949/1249 763/1110/733 766/1113/736 
f 776/1957/746 763/1110/733 1255/1949/1249 
f 1251/1945/1245 776/1957/746 1255/1949/1249 
f 776/1957/746 1251/1945/1245 1263/1958/1255 
f 1252/1946/1246 1263/1958/1255 1251/1945/1245 
f 1264/1959/1256 778/1960/748 777/1961/747 
f 777/1961/747 1265/1962/1257 1264/1959/1256 
f 1265/1962/1257 777/1961/747 783/1963/753 
f 783/1963/753 1263/1958/1255 1265/1962/1257 
f 1263/1958/1255 783/1963/753 776/1957/746 
f 1263/1958/1255 1252/1946/1246 1266/1964/1258 
f 1266/1964/1258 1265/1962/1257 1263/1958/1255 
f 1265/1962/1257 1266/1964/1258 1267/1965/1259 
f 1267/1965/1259 1264/1959/1256 1265/1962/1257 
f 1264/1959/1256 1267/1965/1259 1268/1966/1260 
f 1268/1966/1260 778/1960/748 1264/1959/1256 
f 778/1960/748 1268/1966/1260 779/1967/749 
f 764/1968/734 748/1969/718 1269/1970/1261 
f 1270/1971/1261 1269/1970/1261 748/1969/718 
f 748/1969/718 746/1972/716 1270/1971/1261 
f 1271/1973/1262 1270/1971/1261 746/1972/716 
f 746/1972/716 745/1974/715 1271/1973/1262 
f 1272/1975/1263 1271/1973/1262 745/1974/715 
f 745/1974/715 752/1976/722 1272/1975/1263 
f 1273/1977/1264 1272/1975/1263 752/1976/722 
f 752/1976/722 753/1978/723 1273/1977/1264 
f 1274/1979/1265 1273/1980/1264 753/1100/723 
f 1256/1981/1250 1257/1982/1251 1275/1983/1266 
f 1276/1984/1267 1275/1983/1266 1257/1982/1251 
f 1257/1982/1251 1258/1985/1252 1276/1984/1267 
f 1277/1986/1268 1276/1984/1267 1258/1985/1252 
f 1258/1985/1252 1259/1987/1253 1277/1986/1268 
f 1278/1988/1261 1277/1986/1268 1259/1987/1253 
f 1259/1987/1253 1260/1989/1253 1278/1988/1261 
f 1279/1990/1261 1278/1988/1261 1260/1989/1253 
f 1260/1989/1253 1261/1991/1253 1279/1990/1261 
f 1280/1992/1261 1279/1990/1261 1261/1991/1253 
f 1261/1991/1253 1262/1993/1254 1280/1992/1261 
f 1281/1994/1261 1280/1992/1261 1262/1993/1254 
f 1262/1993/1254 766/1995/736 1281/1994/1261 
f 1282/1996/1269 1281/1994/1261 766/1995/736 
f 766/1995/736 765/1997/735 1282/1996/1269 
f 1283/1998/1270 1282/1996/1269 765/1997/735 
f 765/1997/735 764/1968/734 1283/1998/1270 
f 1269/1970/1261 1283/1998/1270 764/1968/734 
f 1284/1999/1271 1285/2000/1272 1286/2001/1273 
f 1285/2000/1272 1284/1999/1271 1287/2002/1274 
f 1288/2003/1275 1287/2002/1274 1284/1999/1271 
f 1287/2002/1274 1288/2003/1275 1289/2004/1276 
f 1290/2005/1277 1289/2004/1276 1288/2003/1275 
f 1289/2004/1276 1290/2005/1277 1291/2006/1278 
f 1292/2007/1279 1291/2006/1278 1290/2005/1277 
f 1291/2006/1278 1292/2007/1279 1293/2008/1280 
f 1294/2009/1281 1293/2008/1280 1292/2007/1279 
f 1293/2008/1280 1294/2009/1281 1295/2010/1282 
f 1296/2011/1283 1295/2010/1282 1294/2009/1281 
f 1295/2010/1282 1296/2011/1283 1297/2012/1284 
f 1298/2013/1285 1297/2012/1284 1296/2011/1283 
f 1297/2012/1284 1298/2013/1285 1299/2014/1286 
f 1299/2014/1286 1300/2015/1287 1297/2012/1284 
f 1300/2015/1287 1299/2014/1286 1301/2016/1288 
f 1302/2017/1289 1297/2012/1284 1300/2015/1287 
f 1297/2012/1284 1302/2017/1289 1295/2010/1282 
f 1303/2018/1290 1295/2010/1282 1302/2017/1289 
f 1295/2010/1282 1303/2018/1290 1293/2008/1280 
f 1304/2019/1291 1293/2008/1280 1303/2018/1290 
f 1293/2008/1280 1304/2019/1291 1291/2006/1278 
f 1305/2020/1292 1291/2006/1278 1304/2019/1291 
f 1291/2006/1278 1305/2020/1292 1289/2004/1276 
f 1306/2021/1293 1289/2004/1276 1305/2020/1292 
f 1289/2004/1276 1306/2021/1293 1287/2002/1274 
f 1307/2022/1294 1287/2002/1274 1306/2021/1293 
f 1287/2002/1274 1307/2022/1294 1285/2000/1272 
f 185/242/218 1285/2000/1272 1307/2022/1294 
f 185/242/218 1286/2001/1273 1285/2000/1272 
f 1286/2001/1273 1308/2023/1295 1284/1999/1271 
f 1309/2024/1296 1284/1999/1271 1308/2023/1295 
f 1305/2020/1292 1310/2025/1297 1306/2021/1293 
f 1310/2025/1297 1305/2020/1292 1311/2026/1298 
f 1304/2019/1291 1311/2026/1298 1305/2020/1292 
f 1311/2026/1298 1304/2019/1291 1312/2027/1299 
f 1303/2018/1290 1312/2027/1299 1304/2019/1291 
f 1312/2027/1299 1303/2018/1290 1313/2028/1300 
f 1302/2017/1289 1313/2028/1300 1303/2018/1290 
f 1313/2028/1300 1302/2017/1289 1314/2029/1301 
f 1300/2015/1287 1314/2029/1301 1302/2017/1289 
f 1314/2029/1301 1300/2015/1287 1315/2030/1302 
f 1301/2016/1288 1315/2030/1302 1300/2015/1287 
f 1315/2030/1302 1301/2016/1288 163/220/197 
f 172/229/205 163/220/197 164/221/198 
f 163/220/197 172/229/205 1315/2030/1302 
f 174/231/207 1315/2030/1302 172/229/205 
f 1315/2030/1302 174/231/207 1314/2029/1301 
f 176/233/209 1314/2029/1301 174/231/207 
f 1314/2029/1301 176/233/209 1313/2028/1300 
f 178/235/211 1313/2028/1300 176/233/209 
f 1313/2028/1300 178/235/211 1312/2027/1299 
f 180/237/213 1312/2027/1299 178/235/211 
f 1312/2027/1299 180/237/213 1311/2026/1298 
f 182/239/215 1311/2026/1298 180/237/213 
f 1311/2026/1298 182/239/215 1310/2025/1297 
f 184/241/217 1310/2025/1297 182/239/215 
f 1310/2025/1297 184/241/217 1316/2031/1303 
f 185/242/218 1316/2031/1303 184/241/217 
f 185/242/218 1307/2022/1294 1316/2031/1303 
f 1306/2021/1293 1316/2031/1303 1307/2022/1294 
f 1316/2031/1303 1306/2021/1293 1310/2025/1297 
f 1284/1999/1271 1309/2024/1296 1288/2003/1275 
f 1317/2032/1304 1288/2003/1275 1309/2024/1296 
f 1288/2003/1275 1317/2032/1304 1290/2005/1277 
f 1318/2033/1305 1290/2005/1277 1317/2032/1304 
f 1290/2005/1277 1318/2033/1305 1292/2007/1279 
f 1145/2034/1124 1292/2007/1279 1318/2033/1305 
f 1292/2007/1279 1145/2034/1124 1294/2009/1281 
f 1146/2035/1125 1294/2009/1281 1145/2034/1124 
f 1294/2009/1281 1146/2035/1125 1296/2011/1283 
f 1147/2036/1126 1296/2011/1283 1146/2035/1125 
f 1296/2011/1283 1147/2036/1126 1298/2013/1285 
f 144/201/178 1298/2013/1285 1147/2036/1126 
f 1298/2013/1285 144/201/178 143/200/177 
f 143/200/177 1299/2014/1286 1298/2013/1285 
f 1299/2014/1286 143/200/177 145/202/179 
f 145/202/179 1301/2016/1288 1299/2014/1286 
f 1301/2016/1288 145/202/179 156/213/190 
f 156/213/190 163/220/197 1301/2016/1288 
f 1319/2037/434 1320/2038/434 1281/1994/1261 
f 1321/2039/434 1322/2040/434 1282/1996/1269 
f 1323/2041/434 1324/2042/434 1283/1998/1270 
f 1325/2043/434 1326/2044/434 1269/1970/1261 
f 1327/2045/434 1328/2046/434 1270/1971/1261 
f 1329/2047/434 1330/2048/434 1271/1973/1262 
f 1331/2049/434 1332/2050/434 1272/1975/1263 
f 1333/2051/434 1334/2052/434 1280/1992/1261 
f 1335/2053/434 1336/2054/434 1279/1990/1261 
f 1337/2055/434 1338/2056/434 1278/1988/1261 
f 1339/2057/434 1340/2058/1306 1277/1986/1268 
f 1341/2059/1307 1342/2060/1306 1276/1984/1267 
f 1343/2061/434 1344/2062/434 1275/1983/1266 
f 1127/1720/1106 1144/1737/1123 1129/1722/1108 
f 1345/2063/1308 1129/1722/1108 1144/1737/1123 
f 1129/1722/1108 1345/2063/1308 1131/1724/1110 
f 1346/2064/1309 1131/1724/1110 1345/2063/1308 
f 1131/1724/1110 1346/2064/1309 1165/1797/1156 
f 1347/2065/1310 1165/1797/1156 1346/2064/1309 
f 1165/1797/1156 1347/2065/1310 1167/1799/1158 
f 185/1791/218 1167/1799/1158 1347/2065/1310 
f 1286/2066/1273 185/2067/218 1347/2068/1310 
f 1347/2068/1310 1308/2069/1295 1286/2066/1273 
f 1308/2070/1295 1347/2071/1310 1346/2072/1309 
f 1346/2073/1309 1309/2074/1296 1308/2075/1295 
f 1309/2074/1296 1346/2073/1309 1345/2076/1308 
f 1345/2063/1308 1317/2077/1304 1309/2078/1296 
f 1317/2077/1304 1345/2063/1308 1144/1737/1123 
f 1144/1737/1123 1318/2079/1305 1317/2077/1304 
f 1318/2079/1305 1144/1737/1123 1143/1736/1122 
f 1143/1736/1122 1145/1738/1124 1318/2079/1305 
f 1348/2080/1311 1256/2081/1312 1349/2082/1313 
f 1350/2083/464 1351/2084/464 1238/2085/464 
f 1352/2086/464 1353/2087/464 1241/2088/464 
f 1354/2089/464 1355/2090/464 1243/2091/464 
f 1184/2092/1182 188/245/221 187/244/220 
f 187/2093/220 1191/1837/1180 1184/1839/1182 
f 187/2093/220 1189/1835/1178 1191/1837/1180 
f 186/2094/219 1189/1835/1178 187/2093/220 
f 1189/1835/1178 186/2094/219 166/2095/200 
f 166/2095/200 1193/1843/1184 1189/1835/1178 
f 166/2095/200 1194/1844/1185 1193/1843/1184 
f 167/2096/201 1194/1844/1185 166/2095/200 
f 1194/1844/1185 167/2096/201 168/2097/202 
f 168/225/202 1195/2098/1186 1194/2099/1185 
f 1195/2098/1186 168/225/202 88/130/116 
f 88/130/116 1196/2100/1187 1195/2098/1186 
f 1196/2101/354 88/2102/354 87/2103/354 
f 1188/2104/354 1196/2101/354 87/2103/354 
f 87/2103/354 941/2105/354 1188/2104/354 
f 1188/2104/354 941/2105/354 1083/2106/354 
f 941/2105/354 1067/2107/354 1083/2106/354 
f 939/2108/1314 938/2109/1315 93/2110/1316 
f 93/2110/1316 1069/2111/1317 939/2108/1314 
f 940/2112/1318 939/2108/1314 1069/2111/1317 
f 1069/2111/1317 1065/2113/1319 940/2112/1318 
f 941/2114/1320 940/2112/1318 1065/2113/1319 
f 1065/2113/1319 1067/2115/1321 941/2114/1320 
f 953/1481/951 952/1488/950 956/1487/954 
f 952/1476/950 819/1478/791 820/2116/792 
f 1356/2117/1322 972/1510/969 1357/2118/1323 
f 1358/2119/1324 931/2120/1325 930/2121/1326 
f 1358/2119/1324 930/2121/1326 937/2122/1327 
f 1358/2119/1324 937/2122/1327 936/2123/1328 
f 1358/2124/1329 936/1427/1329 935/1425/1329 
f 1358/2124/1330 935/1425/861 934/1423/860 
f 1358/2124/1330 934/1423/860 933/1421/931 
f 1358/2124/1330 933/1421/931 932/1419/858 
f 1358/2124/1331 932/1419/1331 931/1417/1331 
f 965/1501/962 967/2125/964 966/1502/963 
f 1359/2126/1324 900/2127/1325 899/2128/1326 
f 1359/2126/1324 899/2128/1326 906/2129/1327 
f 1359/2126/1324 906/2129/1327 905/2130/1328 
f 1359/2131/1329 905/1332/1329 904/1330/1329 
f 1359/2131/1330 904/1330/861 903/1328/860 
f 1359/2131/1330 903/1328/860 902/1326/875 
f 1359/2131/1330 902/1326/875 901/1324/858 
f 1359/2131/1331 901/1324/1331 900/1322/1331 
f 969/1585/966 966/1502/963 967/2125/964 
f 1360/2132/1324 883/2133/1325 882/2134/1326 
f 1360/2132/1324 882/2134/1326 889/2135/1327 
f 1360/2132/1324 889/2135/1327 888/2136/1328 
f 1360/2137/1329 888/1302/1329 887/1300/1329 
f 1360/2137/1330 887/1300/861 886/1298/860 
f 1360/2137/1330 886/1298/860 885/1296/859 
f 1360/2137/1330 885/1296/859 884/1294/858 
f 1360/2137/1331 884/1294/1331 883/1292/1331 
f 968/2138/1332 967/1521/973 977/1520/974 
f 977/1572/974 991/1554/1333 968/2139/1332 
f 971/2140/1333 968/2139/1332 991/1554/1333 
f 1361/2141/1334 971/2140/1333 1362/2142/1334 
f 284/2143/329 285/384/330 293/383/336 
f 285/384/330 286/387/324 295/386/335 
f 295/386/335 292/382/335 285/384/330 
f 286/387/324 287/390/331 297/389/335 
f 297/389/335 294/385/335 286/387/324 
f 287/390/331 288/393/332 299/392/335 
f 299/392/335 296/388/335 287/390/331 
f 288/393/332 289/396/333 301/395/335 
f 301/395/335 298/391/335 288/393/332 
f 289/396/333 290/399/334 303/398/335 
f 303/398/335 300/394/335 289/396/333 
f 290/399/334 291/402/324 305/401/335 
f 305/401/335 302/397/335 290/399/334 
f 291/402/324 277/405/324 307/404/335 
f 307/404/335 304/400/335 291/402/324 
f 277/405/324 278/408/324 309/407/335 
f 309/407/335 306/403/335 277/405/324 
f 278/408/324 279/411/324 311/410/335 
f 311/410/335 308/406/335 278/408/324 
f 279/411/324 280/414/325 313/413/335 
f 313/413/335 310/409/335 279/411/324 
f 280/414/325 281/417/326 315/416/339 
f 315/416/339 312/412/337 280/414/325 
f 281/2144/340 282/420/340 317/419/340 
f 317/419/340 314/2145/340 281/2144/340 
f 282/422/341 231/2146/1335 1363/2147/1336 
f 1363/2147/1336 318/423/341 282/422/341 
f 320/426/346 325/2148/1337 1364/2149/1338 
f 1364/2149/1338 321/427/347 320/426/346 
f 320/2150/1339 319/430/348 323/429/349 
f 325/2151/1340 324/2152/1340 1365/2153/1341 
f 1365/2153/1341 1364/2154/1341 325/2151/1340 
f 234/549/413 235/2155/413 381/547/413 
f 233/552/413 234/549/413 382/548/413 
f 382/548/413 383/550/413 233/552/413 
f 232/555/413 233/552/413 384/551/413 
f 384/551/413 385/553/413 232/555/413 
f 231/2146/1335 232/555/413 386/554/413 
f 386/554/413 1363/2147/1336 231/2146/1335 
f 801/1162/771 784/1138/754 786/1140/756 
f 786/1140/756 1366/2156/1342 801/1162/771 
f 750/1204/720 828/1203/800 1367/2157/1343 
f 1367/2157/1343 1368/2158/1344 750/1204/720 
f 750/1204/720 1368/2158/1344 751/2159/721 
f 943/1464/942 950/1471/948 1369/2160/1345 
f 1369/2160/1345 944/1465/943 943/1464/942 
f 821/1474/793 1369/2160/1345 950/1471/948 
f 946/1467/945 943/1464/942 942/1463/941 
f 942/1463/941 947/1468/464 946/1467/945 
f 958/1490/956 946/1467/945 945/1466/944 
f 945/1466/944 959/1491/955 958/1490/956 
f 972/1510/969 971/1508/968 1361/2161/1323 
f 1361/2161/1323 1357/2118/1323 972/1510/969 
f 979/1523/976 958/1526/976 957/2162/1346 
f 957/2162/1346 980/1524/975 979/1523/976 
f 991/1554/987 1003/1571/1003 1370/2163/1347 
f 1370/2163/1347 992/1555/464 991/1554/987 
f 1370/2163/1347 1003/1571/1003 1000/1573/440 
f 994/1557/989 979/1523/991 978/1522/413 
f 978/1522/413 995/1558/413 994/1557/989 
f 1004/1189/1004 1006/1575/1004 1007/1576/413 
f 1007/1576/413 1046/1630/413 1004/1189/1004 
f 1010/1579/1004 972/1510/969 1356/2117/1322 
f 1356/2117/1322 1011/1580/413 1010/1579/1004 
f 1006/1575/1004 1010/1579/1004 1009/1578/413 
f 1009/1578/413 1008/1577/413 1006/1575/1004 
f 1047/1631/1027 1004/1189/1004 1045/1629/413 
f 1045/1629/413 1053/1641/413 1047/1631/1027 
f 1048/1633/1028 1047/1631/1027 1052/1640/1032 
f 1052/1640/1032 1055/1643/1034 1048/1633/1028 
f 1049/1635/1029 1048/1633/1028 1054/1642/1033 
f 1054/1642/1033 1057/1645/1036 1049/1635/1029 
f 1050/1637/1030 1049/1635/1029 1056/1644/1035 
f 1056/1644/1035 1059/1647/1038 1050/1637/1030 
f 1051/1639/1031 1050/1637/1030 1058/1646/1037 
f 1058/1646/1037 1061/1649/1040 1051/1639/1031 
f 1281/1994/1261 1282/1996/1269 1322/2040/434 
f 1322/2040/434 1319/2037/434 1281/1994/1261 
f 1282/1996/1269 1283/1998/1270 1324/2042/434 
f 1324/2042/434 1321/2039/434 1282/1996/1269 
f 1283/1998/1270 1269/1970/1261 1326/2044/434 
f 1326/2044/434 1323/2041/434 1283/1998/1270 
f 1269/1970/1261 1270/1971/1261 1328/2046/434 
f 1328/2046/434 1325/2043/434 1269/1970/1261 
f 1270/1971/1261 1271/1973/1262 1330/2048/434 
f 1330/2048/434 1327/2045/434 1270/1971/1261 
f 1271/1973/1262 1272/1975/1263 1332/2050/434 
f 1332/2050/434 1329/2047/434 1271/1973/1262 
f 1331/2049/434 1272/1975/1263 1273/1977/1264 
f 1280/1992/1261 1281/1994/1261 1320/2038/434 
f 1320/2038/434 1333/2051/434 1280/1992/1261 
f 1279/1990/1261 1280/1992/1261 1334/2052/434 
f 1334/2052/434 1335/2053/434 1279/1990/1261 
f 1278/1988/1261 1279/1990/1261 1336/2054/434 
f 1336/2054/434 1337/2055/434 1278/1988/1261 
f 1277/1986/1268 1278/1988/1261 1338/2056/434 
f 1338/2056/434 1339/2057/434 1277/1986/1268 
f 1276/1984/1267 1277/1986/1268 1340/2058/1306 
f 1340/2058/1306 1341/2059/1307 1276/1984/1267 
f 1275/1983/1266 1276/1984/1267 1342/2060/1306 
f 1342/2060/1306 1343/2061/434 1275/1983/1266 
f 1256/2081/1312 1275/2164/1313 1344/2165/1313 
f 1344/2165/1313 1349/2082/1313 1256/2081/1312 
f 1238/2085/464 1256/2081/1312 1348/2080/1311 
f 1348/2080/1311 1350/2083/464 1238/2085/464 
f 1241/2088/464 1238/2085/464 1351/2084/464 
f 1351/2084/464 1352/2086/464 1241/2088/464 
f 1243/2091/464 1241/2088/464 1353/2087/464 
f 1353/2087/464 1354/2089/464 1243/2091/464 
f 971/2140/1333 991/1554/1333 990/1553/1334 
f 990/1553/1334 1362/2142/1334 971/2140/1333 
f 1371/2166/1348 700/1044/670 698/1042/668 
f 1372/2167/1349 714/1059/684 1373/2168/1350 
f 714/1059/684 1372/2167/1349 1371/2166/1348 
f 698/1042/668 714/1059/684 1371/2166/1348 
f 724/1069/694 771/1118/741 1373/2168/1350 
f 724/1069/694 1373/2168/1350 714/1059/684 
f 775/1122/745 1374/2169/1351 1375/2170/1352 
f 775/1122/745 1375/2170/1352 771/1118/741 
f 1376/2171/1353 1373/2168/1350 771/1118/741 
f 1377/2172/1354 798/1152/768 797/1151/767 
f 798/1152/768 1377/2172/1354 1378/2173/1355 
f 1379/2174/1356 1380/2175/1357 1374/2169/1351 
f 1375/2170/1352 1374/2169/1351 1380/2175/1357 
f 1380/2175/1357 1381/2176/1358 1375/2170/1352 
f 1376/2171/1353 1375/2170/1352 1381/2176/1358 
f 1381/2176/1358 1382/2177/1359 1376/2171/1353 
f 1383/2178/1360 1376/2171/1353 1382/2177/1359 
f 1373/2168/1350 1376/2171/1353 1384/2179/1361 
f 1385/2180/1362 1384/2179/1361 1376/2171/1353 
f 1376/2171/1353 1383/2178/1360 1385/2180/1362 
f 1386/2181/1363 1385/2180/1362 1383/2178/1360 
f 1387/2182/1364 1388/2183/1365 1377/2184/1354 
f 1377/2184/1354 1389/2185/1366 1387/2182/1364 
f 1390/2186/1367 1387/2182/1364 1389/2185/1366 
f 1389/2185/1366 1391/2187/1368 1390/2186/1367 
f 1392/2188/1369 1390/2186/1367 1391/2187/1368 
f 1391/2187/1368 1371/2166/1348 1392/2188/1369 
f 1393/2189/1370 1392/2188/1369 1371/2166/1348 
f 1371/2166/1348 1394/2190/1371 1393/2189/1370 
f 1395/2191/1372 1393/2189/1370 1394/2190/1371 
f 1396/2192/1373 1394/2190/1371 1397/2193/1374 
f 1398/2194/1375 1397/2193/1374 1394/2190/1371 
f 1394/2190/1371 1371/2166/1348 1398/2194/1375 
f 1399/2195/1376 1398/2194/1375 1371/2166/1348 
f 1371/2166/1348 1372/2167/1349 1399/2195/1376 
f 1400/2196/1377 1399/2195/1376 1372/2167/1349 
f 1372/2167/1349 1373/2168/1350 1400/2196/1377 
f 1384/2179/1361 1400/2196/1377 1373/2168/1350 
f 700/2197/670 797/1151/767 699/2198/669 
f 797/2199/767 700/1044/670 1401/2200/1378 
f 797/1151/767 1401/2201/1378 1377/2172/1354 
f 1389/2202/1366 1377/2172/1354 1401/2201/1378 
f 1401/2200/1378 700/1044/670 1389/2185/1366 
f 1389/2185/1366 700/1044/670 1391/2187/1368 
f 1391/2187/1368 700/1044/670 1371/2166/1348 
f 1402/2203/1379 1403/2204/1380 1396/2205/1373 
f 1396/2205/1373 1404/2206/1381 1402/2203/1379 
f 1404/2206/1381 1396/2205/1373 1405/2207/1382 
f 1406/2208/1383 1404/2206/1381 1407/2209/1384 
f 1408/2210/1385 1378/2173/1355 1409/2211/1386 
f 1378/2173/1355 1377/2172/1354 1410/2212/1387 
f 1403/2204/1380 1410/2212/1387 1377/2172/1354 
f 1377/2172/1354 1396/2205/1373 1403/2204/1380 
f 1396/2205/1373 1377/2172/1354 1388/2213/1365 
f 1397/2214/1374 1405/2207/1382 1396/2205/1373 
f 1411/2215/1388 1402/2203/1379 1404/2206/1381 
f 1382/2216/1359 1412/2217/1389 1383/2218/1360 
f 1413/2219/1390 1383/2218/1360 1412/2217/1389 
f 1383/2218/1360 1413/2219/1390 1386/2220/1363 
f 775/1136/745 782/1135/752 1414/2221/1391 
f 1414/2221/1391 1415/2222/1392 775/1136/745 
f 775/1136/745 1415/2222/1392 1374/2223/1351 
f 1374/2223/1351 1415/2222/1392 1379/2224/1356 
f 1404/2206/1381 1405/2207/1382 1416/2225/1393 
f 1416/2225/1393 1407/2209/1384 1404/2206/1381 
f 1378/2173/1355 1410/2212/1387 1417/2226/1386 
f 1417/2226/1386 1409/2211/1386 1378/2173/1355 
f 1411/2215/1388 1404/2206/1381 1406/2208/1383 
f 1406/2208/1383 1418/2227/1394 1411/2215/1388 
f 1386/2220/1363 1413/2219/1390 1419/2228/1395 
f 1419/2228/1395 1420/2229/1396 1386/2220/1363 
f 1394/2190/1371 1396/2192/1373 1388/2183/1365 
f 1388/2183/1365 1395/2191/1372 1394/2190/1371 
f 1421/2230/1397 1422/2231/1397 1423/2230/1397 
f 796/1150/766 691/1153/661 699/2198/669 
f 699/2198/669 797/1151/767 796/1150/766 
f 683/1027/655 696/1040/666 699/1043/669 
f 699/1043/669 691/1035/661 683/1027/655 
f 784/1138/754 789/1143/759 1424/2232/1398 
f 1424/2232/1398 785/1139/755 784/1138/754 
f 789/1143/759 791/1145/761 1425/2233/1399 
f 1425/2233/1399 1424/2232/1398 789/1143/759 
f 791/1145/761 793/1147/763 1426/2234/1400 
f 1426/2234/1400 1425/2233/1399 791/1145/761 
f 793/1147/763 795/1149/765 1427/2235/1401 
f 1427/2235/1401 1426/2234/1400 793/1147/763 
f 795/1149/765 798/1152/768 1428/2236/1402 
f 1428/2236/1402 1427/2235/1401 795/1149/765 
f 1408/2210/1385 1428/2236/1402 798/1152/768 
f 798/1152/768 1378/2173/1355 1408/2210/1385 
f 1429/2237/1403 1430/2238/1404 1431/2239/1405 
f 637/965/608 639/969/610 1432/2240/1406 
f 637/965/608 1432/2240/1406 1433/2241/1407 
f 636/964/607 637/965/608 1433/2241/1407 
f 636/964/607 1433/2241/1407 1434/2242/1408 
f 1435/2243/1409 1431/2239/1405 1436/2244/1410 
f 1431/2239/1405 1435/2243/1409 1429/2237/1403 
f 1437/2245/1411 1429/2237/1403 1435/2243/1409 
f 1435/2243/1409 1438/2246/1412 1437/2245/1411 
f 1438/2246/1412 1435/2243/1409 1439/2247/1413 
f 1436/2244/1410 1439/2247/1413 1435/2243/1409 
f 1439/2247/1413 1436/2244/1410 1434/2242/1408 
f 1439/2247/1413 1440/2248/1414 1438/2246/1412 
f 1440/2248/1414 1439/2247/1413 1433/2241/1407 
f 1434/2242/1408 1433/2241/1407 1439/2247/1413 
f 1433/2241/1407 1432/2240/1406 1440/2248/1414 
f 1441/2249/1415 1442/2250/1416 1443/2251/1417 
f 799/1159/769 800/1161/770 1444/2252/1418 
f 799/1159/769 1444/2252/1418 1445/2253/1419 
f 656/1160/627 799/1159/769 1445/2253/1419 
f 656/1160/627 1445/2253/1419 1446/2254/1420 
f 1446/2254/1420 1445/2253/1419 1447/2255/1421 
f 1447/2255/1421 1448/2256/1422 1446/2254/1420 
f 1448/2256/1422 1447/2255/1421 1449/2257/1423 
f 1449/2257/1423 1443/2251/1417 1448/2256/1422 
f 1443/2251/1417 1449/2257/1423 1441/2249/1415 
f 1450/2258/1424 1441/2249/1415 1449/2257/1423 
f 1449/2257/1423 1451/2259/1425 1450/2258/1424 
f 1451/2259/1425 1449/2257/1423 1447/2255/1421 
f 1447/2255/1421 1452/2260/1426 1451/2259/1425 
f 1452/2260/1426 1447/2255/1421 1445/2253/1419 
f 1445/2253/1419 1444/2252/1418 1452/2260/1426 
f 639/991/610 1453/2261/1427 1432/2262/1406 
f 639/991/610 659/990/630 1453/2261/1427 
f 659/990/630 658/989/629 1454/2263/1428 
f 659/990/630 1454/2263/1428 1453/2261/1427 
f 1453/2261/1427 1454/2263/1428 1455/2264/1429 
f 1455/2264/1429 1456/2265/1430 1453/2261/1427 
f 1432/2262/1406 1453/2261/1427 1456/2265/1430 
f 1456/2265/1430 1440/2266/1414 1432/2262/1406 
f 658/989/629 657/988/628 1457/2267/1431 
f 658/989/629 1457/2267/1431 1454/2263/1428 
f 1454/2263/1428 1457/2267/1431 1458/2268/1432 
f 1458/2268/1432 1455/2264/1429 1454/2263/1428 
f 1455/2264/1429 1458/2268/1432 1459/2269/1433 
f 1459/2269/1433 1460/2270/1434 1455/2264/1429 
f 1456/2265/1430 1455/2264/1429 1460/2270/1434 
f 1460/2270/1434 1461/2271/1435 1456/2265/1430 
f 1440/2266/1414 1456/2265/1430 1461/2271/1435 
f 1461/2271/1435 1438/2272/1412 1440/2266/1414 
f 1462/2273/1436 1437/2274/1411 1438/2272/1412 
f 1438/2272/1412 1461/2271/1435 1462/2273/1436 
f 1463/2275/1437 1462/2273/1436 1461/2271/1435 
f 1461/2271/1435 1460/2270/1434 1463/2275/1437 
f 1464/2276/1438 1463/2275/1437 1460/2270/1434 
f 1460/2270/1434 1459/2269/1433 1464/2276/1438 
f 1442/2277/1416 1464/2276/1438 1459/2269/1433 
f 1459/2269/1433 1443/2278/1417 1442/2277/1416 
f 1443/2278/1417 1459/2269/1433 1458/2268/1432 
f 1458/2268/1432 1448/2279/1422 1443/2278/1417 
f 1448/2279/1422 1458/2268/1432 1457/2267/1431 
f 1457/2267/1431 1446/2280/1420 1448/2279/1422 
f 657/988/628 1446/2280/1420 1457/2267/1431 
f 657/988/628 656/987/627 1446/2280/1420 
f 1441/2281/1415 1450/2282/1424 1465/2283/1439 
f 1465/2283/1439 1466/2284/1440 1441/2281/1415 
f 1442/2285/1416 1441/2281/1415 1466/2284/1440 
f 1466/2284/1440 1467/2286/1441 1442/2285/1416 
f 1464/2287/1438 1442/2285/1416 1467/2286/1441 
f 1467/2286/1441 1468/2288/1442 1464/2287/1438 
f 1463/2289/1437 1464/2287/1438 1468/2288/1442 
f 1468/2288/1442 1469/2290/1443 1463/2289/1437 
f 1470/2291/1444 1471/2292/1445 1472/2293/440 
f 1471/2292/1445 1473/2294/1446 1472/2293/440 
f 1473/2294/1446 1474/2295/1447 1472/2293/440 
f 1474/2295/1447 1469/2290/1443 1472/2293/440 
f 1469/2290/1443 1468/2288/1442 1472/2293/440 
f 1468/2288/1442 1467/2286/1441 1472/2293/440 
f 1467/2286/1441 1466/2284/1440 1472/2293/440 
f 1466/2284/1440 1465/2283/1439 1472/2293/440 
f 1462/2296/1436 1463/2289/1437 1469/2290/1443 
f 1469/2290/1443 1474/2295/1447 1462/2296/1436 
f 1437/2297/1411 1462/2296/1436 1474/2295/1447 
f 1474/2295/1447 1473/2294/1446 1437/2297/1411 
f 1429/2298/1403 1437/2297/1411 1473/2294/1446 
f 1473/2294/1446 1471/2292/1445 1429/2298/1403 
f 1430/2299/1404 1429/2298/1403 1471/2292/1445 
f 1471/2292/1445 1470/2291/1444 1430/2299/1404 
f 801/1162/771 1366/2156/1342 800/1161/770 
f 1380/2175/1357 1379/2174/1356 1475/2300/1448 
f 1475/2300/1448 1476/2301/1449 1380/2175/1357 
f 1379/2224/1356 1415/2222/1392 1477/2302/1450 
f 1477/2302/1450 1475/2303/1448 1379/2224/1356 
f 1412/2217/1389 1382/2216/1359 1478/2304/1451 
f 1478/2304/1451 1479/2305/1452 1412/2217/1389 
f 1382/2177/1359 1381/2176/1358 1480/2306/1453 
f 1480/2306/1453 1478/2307/1451 1382/2177/1359 
f 1381/2176/1358 1380/2175/1357 1476/2301/1449 
f 1476/2301/1449 1480/2306/1453 1381/2176/1358 
f 1384/2179/1361 1385/2180/1362 1481/2308/1454 
f 1481/2309/1454 1482/2310/1455 1384/2311/1361 
f 1385/2180/1362 1386/2181/1363 1483/2312/1456 
f 1483/2312/1456 1481/2308/1454 1385/2180/1362 
f 1386/2220/1363 1420/2229/1396 1484/2313/1457 
f 1484/2313/1457 1483/2314/1456 1386/2220/1363 
f 1416/2225/1393 1405/2207/1382 1485/2315/1458 
f 1485/2315/1458 1486/2316/1459 1416/2225/1393 
f 1405/2207/1382 1397/2214/1374 1487/2317/1460 
f 1487/2317/1460 1485/2315/1458 1405/2207/1382 
f 1397/2193/1374 1398/2194/1375 1488/2318/1461 
f 1488/2318/1461 1487/2319/1460 1397/2193/1374 
f 1398/2194/1375 1399/2195/1376 1489/2320/1462 
f 1489/2320/1462 1488/2318/1461 1398/2194/1375 
f 1399/2195/1376 1400/2196/1377 1490/2321/1463 
f 1490/2321/1463 1489/2320/1462 1399/2195/1376 
f 1400/2196/1377 1384/2179/1361 1482/2322/1455 
f 1482/2322/1455 1490/2321/1463 1400/2196/1377 
f 1388/2183/1365 1387/2182/1364 1491/2323/1464 
f 1491/2323/1464 1492/2324/1465 1388/2183/1365 
f 1387/2325/1364 1390/2326/1367 1493/2327/1466 
f 1493/2327/1466 1491/2328/1464 1387/2325/1364 
f 1390/2326/1367 1392/2329/1369 1494/2330/1467 
f 1494/2330/1467 1493/2327/1466 1390/2326/1367 
f 1392/2329/1369 1393/2331/1370 1495/2332/1468 
f 1495/2332/1468 1494/2330/1467 1392/2329/1369 
f 1393/2189/1370 1395/2191/1372 1496/2333/1469 
f 1496/2333/1469 1495/2334/1468 1393/2189/1370 
f 1395/2191/1372 1388/2183/1365 1492/2324/1465 
f 1492/2324/1465 1496/2333/1469 1395/2191/1372 
f 1403/2335/1470 1402/2336/1471 1497/2337/1472 
f 1497/2337/1472 1498/2338/1470 1403/2335/1470 
f 1402/2339/1471 1411/2340/1473 1499/2341/1474 
f 1499/2341/1474 1497/2342/1472 1402/2339/1471 
f 1417/2226/1475 1410/2212/1476 1500/2343/1477 
f 1500/2343/1477 1501/2344/1475 1417/2226/1475 
f 1410/2212/1476 1403/2204/1478 1498/2345/1479 
f 1498/2345/1479 1500/2343/1477 1410/2212/1476 
f 1411/2340/1473 1418/2346/1480 1502/2347/1481 
f 1502/2347/1481 1499/2341/1474 1411/2340/1473 
f 1503/2348/955 1504/2349/955 1505/2350/1482 
f 1505/2350/1482 1506/2351/1483 1503/2348/955 
f 1507/2352/944 1508/2353/944 1504/2354/955 
f 1504/2354/955 1503/2355/955 1507/2352/944 
f 1509/2356/1484 1510/2357/1484 1508/2353/1485 
f 1508/2353/1485 1507/2352/1485 1509/2356/1484 
f 1511/2358/1486 1512/2359/1486 1510/2360/1484 
f 1510/2360/1484 1509/2361/1484 1511/2358/1486 
f 1513/2362/1487 1514/2363/1487 1512/2359/1488 
f 1512/2359/1488 1511/2358/1489 1513/2362/1487 
f 1515/2364/1490 1516/2365/1490 1514/2366/1487 
f 1514/2366/1487 1513/2367/1487 1515/2364/1490 
f 1517/2368/1323 1518/2369/1323 1516/2365/1322 
f 1516/2365/1322 1515/2364/1322 1517/2368/1323 
f 1506/2351/1491 1505/2350/1491 1518/2370/1323 
f 1518/2370/1323 1517/2371/1323 1506/2351/1491 
f 1515/2372/354 1513/2373/354 1511/2374/354 
f 1511/2374/354 1509/2375/354 1507/2376/354 
f 1507/2376/354 1503/2377/354 1506/2378/354 
f 1511/2374/354 1507/2376/354 1506/2378/354 
f 1515/2372/354 1511/2374/354 1506/2378/354 
f 1517/2379/354 1515/2372/354 1506/2378/354 
f 1519/2380/1492 1520/2381/1493 1521/2382/1494 
f 1520/2381/1493 1522/2383/1495 1521/2382/1494 
f 1520/2381/1493 1523/2384/1496 1522/2383/1495 
f 1524/2385/1497 1522/2383/1495 1523/2384/1496 
f 1523/2384/1496 1525/2386/1498 1524/2385/1497 
f 1526/2387/1499 1524/2385/1497 1525/2386/1498 
f 1525/2386/1498 1527/2388/1500 1526/2387/1499 
f 1528/2389/1501 1527/2388/1500 1525/2386/1498 
f 1529/2390/1502 1530/2391/1503 1528/2389/1501 
f 1527/2388/1500 1528/2389/1501 1530/2391/1503 
f 1530/2391/1503 1531/2392/1504 1527/2388/1500 
f 1532/2393/1505 1527/2388/1500 1531/2392/1504 
f 1527/2388/1500 1532/2393/1505 1526/2387/1499 
f 1533/2394/1506 1526/2387/1499 1532/2393/1505 
f 1526/2387/1499 1533/2394/1506 1524/2385/1497 
f 1534/2395/1507 1524/2385/1497 1533/2394/1506 
f 1524/2385/1497 1534/2395/1507 1522/2383/1495 
f 1535/2396/1508 1522/2383/1495 1534/2395/1507 
f 1522/2383/1495 1535/2396/1508 1521/2382/1494 
f 1536/2397/1509 1521/2382/1494 1535/2396/1508 
f 1531/2398/1504 1530/2399/1503 1537/2400/1510 
f 1538/2401/1511 1537/2400/1510 1530/2399/1503 
f 1530/2399/1503 1539/2402/1512 1538/2401/1511 
f 1540/2403/1513 1538/2401/1511 1539/2402/1512 
f 1539/2402/1514 1541/2404/1515 1540/2403/1516 
f 1542/2405/1517 1540/2403/1516 1541/2404/1515 
f 1543/2406/1518 1544/2407/1519 1540/2403/1513 
f 1538/2401/1511 1540/2403/1513 1544/2407/1519 
f 1529/2408/1502 1545/2409/1520 1530/2399/1503 
f 1539/2402/1512 1530/2399/1503 1545/2409/1520 
f 1545/2409/1521 1546/2410/1522 1539/2402/1523 
f 1541/2404/1524 1539/2402/1523 1546/2410/1522 
f 1546/2411/1522 1547/2412/1525 1541/2413/1524 
f 1548/2414/1525 1541/2413/1524 1547/2412/1525 
f 1549/2415/1526 1550/2416/1527 1551/2417/1528 
f 1551/2417/1528 1550/2416/1527 1548/2418/1529 
f 1547/2419/1530 1551/2417/1528 1548/2418/1529 
f 1540/2403/1531 1542/2405/1532 1543/2406/1533 
f 1552/2420/1534 1543/2406/1533 1542/2405/1532 
f 1542/2421/1532 1550/2422/1535 1552/2423/1534 
f 1549/2424/1535 1552/2423/1534 1550/2422/1535 
f 1541/2425/1515 1548/2426/1536 1542/2427/1517 
f 1550/2428/1536 1542/2427/1517 1548/2426/1536 
f 1536/2429/1509 1553/2430/1537 1521/2431/1494 
f 1554/2432/1538 1521/2431/1494 1553/2430/1537 
f 1555/2433/1539 1556/2434/1540 1553/2435/1541 
f 1557/2436/1542 1553/2435/1541 1556/2434/1540 
f 1557/2436/1542 1558/2437/1543 1559/2438/1544 
f 1560/2439/1545 1559/2438/1544 1558/2437/1543 
f 1561/2440/1546 1562/2441/1547 1563/2442/1548 
f 1563/2442/1548 1562/2441/1547 1564/2443/1549 
f 1563/2442/1548 1564/2443/1549 1565/2444/1550 
f 1566/2445/1551 1565/2444/1550 1564/2443/1549 
f 1565/2444/1550 1566/2445/1551 1567/2446/1552 
f 1568/2447/1553 1565/2444/1550 1567/2446/1552 
f 1567/2446/1552 1538/2448/1511 1568/2447/1553 
f 1544/2449/1519 1568/2447/1553 1538/2448/1511 
f 1537/2450/1510 1538/2448/1511 1569/2451/1554 
f 1567/2446/1552 1569/2451/1554 1538/2448/1511 
f 1569/2451/1554 1567/2446/1552 1570/2452/1555 
f 1566/2445/1551 1570/2452/1555 1567/2446/1552 
f 1570/2452/1555 1566/2445/1551 1571/2453/1556 
f 1564/2443/1549 1571/2453/1556 1566/2445/1551 
f 1571/2453/1556 1564/2443/1549 1572/2454/1557 
f 1562/2441/1547 1572/2454/1557 1564/2443/1549 
f 1572/2454/1557 1562/2441/1547 1573/2455/1558 
f 1574/2456/1559 1573/2455/1558 1562/2441/1547 
f 1562/2441/1547 1561/2440/1546 1574/2456/1559 
f 1575/2457/1560 1574/2456/1559 1561/2440/1546 
f 1574/2456/1559 1576/2458/1561 1573/2455/1558 
f 1577/2459/1562 1573/2455/1558 1576/2458/1561 
f 1575/2460/1560 1578/2461/1563 1574/2462/1559 
f 1576/2458/1561 1574/2456/1559 1578/2463/1563 
f 1577/2464/1564 1579/2465/1565 1580/2466/1566 
f 1581/2467/1567 1580/2466/1566 1579/2465/1565 
f 1553/2435/1541 1557/2436/1542 1554/2468/1568 
f 1559/2438/1544 1554/2468/1568 1557/2436/1542 
f 1554/2468/1568 1559/2438/1544 1582/2469/1569 
f 1582/2470/1570 1519/2471/1492 1554/2432/1538 
f 1521/2431/1494 1554/2432/1538 1519/2471/1492 
f 1556/2472/1540 1583/2473/1571 1557/2474/1542 
f 1584/2475/1572 1585/2476/1573 1579/2465/1574 
f 1586/2477/1575 1579/2465/1574 1585/2476/1573 
f 1587/2478/1576 1588/2479/1577 1584/2475/1572 
f 1585/2476/1573 1584/2475/1572 1588/2479/1577 
f 1559/2438/1544 1560/2439/1545 1589/2480/1578 
f 1590/2481/1579 1589/2480/1578 1560/2439/1545 
f 1591/2482/1580 1592/2483/1581 1545/2484/1582 
f 1546/2485/1583 1545/2484/1582 1592/2483/1581 
f 1545/2484/1582 1593/2486/1584 1594/2487/1585 
f 1594/2487/1585 1591/2482/1580 1545/2484/1582 
f 1594/2487/1585 1543/2488/1586 1591/2482/1580 
f 1543/2488/1586 1552/2489/1587 1591/2482/1580 
f 1592/2483/1581 1591/2482/1580 1552/2489/1587 
f 1552/2489/1587 1549/2490/1588 1592/2483/1581 
f 1551/2491/1589 1592/2483/1581 1549/2490/1588 
f 1592/2483/1581 1551/2491/1589 1546/2485/1583 
f 1547/2492/1590 1546/2485/1583 1551/2491/1589 
f 1543/2488/1586 1594/2487/1585 1595/2493/1591 
f 1595/2493/1591 1544/2494/1592 1543/2488/1586 
f 1595/2493/1591 1596/2495/1593 1544/2494/1592 
f 1544/2494/1592 1596/2495/1593 1568/2496/1594 
f 1568/2496/1594 1596/2495/1593 1597/2497/1595 
f 1568/2496/1594 1597/2497/1595 1598/2498/1596 
f 1565/2499/1597 1568/2496/1594 1598/2498/1596 
f 1598/2498/1596 1599/2500/1598 1565/2499/1597 
f 1599/2500/1598 1600/2501/1599 1565/2499/1597 
f 1601/2502/1600 1600/2501/1599 1599/2500/1598 
f 1561/2503/1601 1563/2504/1602 1602/2505/1603 
f 1563/2504/1602 1565/2499/1597 1602/2505/1603 
f 1600/2501/1599 1602/2505/1603 1565/2499/1597 
f 1603/2506/1604 1602/2505/1603 1600/2501/1599 
f 1600/2501/1599 1601/2502/1600 1603/2506/1604 
f 1603/2506/1604 1601/2502/1600 1604/2507/1605 
f 1603/2506/1604 1605/2508/1606 1606/2509/1607 
f 1606/2509/1607 1607/2510/1608 1603/2506/1604 
f 1602/2505/1603 1603/2506/1604 1607/2510/1608 
f 1607/2510/1608 1608/2511/1609 1602/2505/1603 
f 1608/2511/1609 1561/2503/1601 1602/2505/1603 
f 1575/2512/1610 1561/2503/1601 1608/2511/1609 
f 1578/2513/1611 1575/2512/1610 1608/2511/1609 
f 1609/2514/1612 1578/2513/1611 1608/2511/1609 
f 1610/2515/1613 1578/2513/1611 1609/2514/1612 
f 1610/2515/1613 1609/2514/1612 1582/2516/1614 
f 1609/2514/1612 1611/2517/1615 1582/2516/1614 
f 1582/2516/1614 1611/2517/1615 1519/2518/1616 
f 1519/2518/1616 1611/2517/1615 1612/2519/1617 
f 1520/2520/1618 1519/2518/1616 1612/2519/1617 
f 1520/2520/1618 1612/2519/1617 1523/2521/1619 
f 1612/2519/1617 1613/2522/1620 1523/2521/1619 
f 1613/2522/1620 1525/2523/1621 1523/2521/1619 
f 1525/2523/1621 1613/2522/1620 1528/2524/1622 
f 1613/2522/1620 1614/2525/1623 1528/2524/1622 
f 1528/2524/1622 1614/2525/1623 1529/2526/1624 
f 1611/2517/1615 1615/2527/1625 1612/2519/1617 
f 1615/2527/1625 1616/2528/1626 1612/2519/1617 
f 1616/2529/1626 1617/2530/1627 1612/2531/1617 
f 1618/2532/1628 1617/2530/1627 1616/2529/1626 
f 1619/2533/1629 1617/2530/1627 1618/2532/1628 
f 1619/2533/1629 1620/2534/1630 1617/2530/1627 
f 1621/2535/1631 1622/2536/1632 1623/2537/1633 
f 1624/2538/1634 1623/2537/1633 1622/2536/1632 
f 1624/2538/1634 1625/2539/1635 1623/2537/1633 
f 1625/2539/1635 1626/2540/1636 1623/2537/1633 
f 1625/2539/1635 1627/2541/1635 1626/2540/1636 
f 1627/2541/1635 1628/2542/1635 1626/2540/1636 
f 1626/2540/1636 1628/2542/1635 1629/2543/1637 
f 1630/2544/1638 1629/2543/1637 1628/2542/1635 
f 1629/2543/1637 1630/2544/1638 1631/2545/1639 
f 1632/2546/1591 1629/2543/1637 1631/2545/1639 
f 1632/2546/1591 1633/2547/1640 1629/2543/1637 
f 1633/2547/1640 1632/2546/1591 1634/2548/1641 
f 1633/2547/1640 1634/2548/1641 1635/2549/1642 
f 1633/2547/1640 1635/2549/1642 1636/2550/1643 
f 1633/2547/1640 1636/2550/1643 1614/2525/1623 
f 1636/2550/1643 1593/2486/1584 1614/2525/1623 
f 1614/2525/1623 1593/2486/1584 1529/2526/1624 
f 1593/2486/1584 1545/2484/1582 1529/2526/1624 
f 1633/2547/1640 1614/2525/1623 1637/2551/1644 
f 1637/2551/1644 1638/2552/1645 1633/2547/1640 
f 1629/2543/1637 1633/2547/1640 1638/2552/1645 
f 1638/2552/1645 1639/2553/1646 1629/2543/1637 
f 1626/2540/1636 1629/2543/1637 1639/2553/1646 
f 1639/2553/1646 1640/2554/1647 1626/2540/1636 
f 1640/2554/1647 1639/2553/1646 1641/2555/1648 
f 1641/2555/1648 1642/2556/1649 1640/2554/1647 
f 1642/2556/1649 1641/2555/1648 1643/2557/1650 
f 1643/2557/1650 1644/2558/1651 1642/2556/1649 
f 1644/2558/1651 1643/2557/1650 1645/2559/1652 
f 1645/2559/1652 1646/2560/1653 1644/2558/1651 
f 1647/2561/1654 1645/2559/1652 1643/2557/1650 
f 1643/2562/1650 1648/2563/1655 1647/2564/1654 
f 1648/2565/1655 1643/2557/1650 1641/2555/1648 
f 1641/2555/1648 1649/2566/1656 1648/2565/1655 
f 1649/2566/1656 1641/2555/1648 1639/2553/1646 
f 1639/2553/1646 1638/2552/1645 1649/2566/1656 
f 1650/2567/1657 1649/2566/1656 1638/2552/1645 
f 1638/2552/1645 1637/2551/1644 1650/2567/1657 
f 1651/2568/1658 1647/2564/1654 1648/2563/1655 
f 1648/2563/1655 1652/2569/1659 1651/2568/1658 
f 1652/2570/1659 1648/2565/1655 1649/2566/1656 
f 1649/2566/1656 1650/2567/1657 1652/2570/1659 
f 1642/2556/1649 1653/2571/1660 1654/2572/1661 
f 1653/2571/1660 1642/2556/1649 1644/2558/1651 
f 1644/2558/1651 1655/2573/1662 1653/2571/1660 
f 1655/2573/1662 1644/2558/1651 1646/2560/1653 
f 1646/2560/1653 1656/2574/1663 1655/2573/1662 
f 1657/2575/1664 1655/2573/1662 1656/2574/1663 
f 1656/2574/1663 1658/2576/1665 1657/2575/1664 
f 1659/2577/1666 1657/2575/1664 1658/2576/1665 
f 1658/2576/1665 1660/2578/1667 1659/2577/1666 
f 1661/2579/1668 1659/2577/1666 1660/2578/1667 
f 1660/2578/1667 1662/2580/1669 1661/2579/1668 
f 1659/2577/1666 1661/2579/1668 1663/2581/1670 
f 1663/2581/1670 1664/2582/1671 1659/2577/1666 
f 1657/2575/1664 1659/2577/1666 1664/2582/1671 
f 1664/2582/1671 1665/2583/1672 1657/2575/1664 
f 1655/2573/1662 1657/2575/1664 1665/2583/1672 
f 1665/2583/1672 1653/2571/1660 1655/2573/1662 
f 1653/2571/1660 1665/2583/1672 1666/2584/1673 
f 1666/2584/1673 1654/2572/1661 1653/2571/1660 
f 1654/2572/1661 1666/2584/1673 1667/2585/1674 
f 1667/2585/1674 1668/2586/1675 1654/2572/1661 
f 1668/2586/1675 1667/2585/1674 1669/2587/1676 
f 1669/2587/1676 1670/2588/1677 1668/2586/1675 
f 1665/2583/1672 1664/2582/1671 1671/2589/1678 
f 1671/2589/1678 1666/2584/1673 1665/2583/1672 
f 1666/2584/1673 1671/2589/1678 1672/2590/1679 
f 1672/2590/1679 1667/2585/1674 1666/2584/1673 
f 1667/2585/1674 1672/2590/1679 1673/2591/1680 
f 1673/2591/1680 1669/2587/1676 1667/2585/1674 
f 1664/2582/1671 1663/2581/1670 1674/2592/1681 
f 1674/2592/1681 1671/2589/1678 1664/2582/1671 
f 1671/2589/1678 1674/2592/1681 1675/2593/1682 
f 1675/2593/1682 1672/2590/1679 1671/2589/1678 
f 1672/2590/1679 1675/2593/1682 1676/2594/1683 
f 1676/2594/1683 1673/2591/1680 1672/2590/1679 
f 1673/2591/1680 1676/2594/1683 1677/2595/1684 
f 1677/2595/1684 1678/2596/1685 1673/2591/1680 
f 1669/2587/1676 1673/2591/1680 1678/2596/1685 
f 1678/2596/1685 1679/2597/1686 1669/2587/1676 
f 1670/2588/1677 1669/2587/1676 1679/2597/1686 
f 1679/2597/1686 1680/2598/1687 1670/2588/1677 
f 1623/2537/1633 1670/2588/1677 1680/2598/1687 
f 1670/2588/1677 1623/2537/1633 1626/2540/1636 
f 1626/2540/1636 1668/2586/1675 1670/2588/1677 
f 1668/2586/1675 1626/2540/1636 1640/2554/1647 
f 1640/2554/1647 1654/2572/1661 1668/2586/1675 
f 1654/2572/1661 1640/2554/1647 1642/2556/1649 
f 1681/2599/1688 1675/2593/1682 1674/2592/1681 
f 1675/2593/1682 1681/2599/1688 1682/2600/1689 
f 1682/2600/1689 1676/2594/1683 1675/2593/1682 
f 1676/2594/1683 1682/2600/1689 1683/2601/1690 
f 1683/2601/1690 1677/2595/1684 1676/2594/1683 
f 1677/2595/1684 1683/2601/1690 1684/2602/1691 
f 1685/2603/1692 1677/2595/1684 1684/2602/1691 
f 1678/2596/1685 1677/2595/1684 1685/2603/1692 
f 1686/2604/1693 1678/2596/1685 1685/2603/1692 
f 1679/2597/1686 1678/2596/1685 1686/2604/1693 
f 1605/2508/1606 1679/2597/1686 1686/2604/1693 
f 1679/2597/1686 1605/2508/1606 1680/2598/1687 
f 1603/2506/1604 1680/2598/1687 1605/2508/1606 
f 1680/2598/1687 1603/2506/1604 1623/2537/1633 
f 1604/2507/1605 1623/2537/1633 1603/2506/1604 
f 1687/2605/1694 1623/2537/1633 1604/2507/1605 
f 1688/2606/1631 1623/2537/1633 1687/2605/1694 
f 1688/2606/1631 1621/2535/1631 1623/2537/1633 
f 1689/2607/1695 1683/2601/1690 1682/2600/1689 
f 1682/2600/1689 1690/2608/1696 1689/2607/1695 
f 1691/2609/1697 1689/2607/1695 1690/2608/1696 
f 1690/2608/1696 1692/2610/1698 1691/2609/1697 
f 1693/2611/1699 1691/2609/1697 1692/2610/1698 
f 1692/2610/1698 1694/2612/1700 1693/2611/1699 
f 1695/2613/1701 1693/2611/1699 1694/2612/1700 
f 1694/2612/1700 1696/2614/1702 1695/2613/1701 
f 1697/2615/1703 1695/2613/1701 1696/2614/1702 
f 1696/2614/1702 1698/2616/1704 1697/2615/1703 
f 1699/2617/1705 1697/2615/1703 1698/2616/1704 
f 1698/2616/1704 1700/2618/1706 1699/2617/1705 
f 1701/2619/1707 1699/2617/1705 1700/2618/1706 
f 1700/2618/1706 1702/2620/1708 1701/2619/1707 
f 1703/2621/1709 1701/2619/1707 1702/2620/1708 
f 1684/2602/1691 1683/2601/1690 1704/2622/1710 
f 1683/2601/1690 1689/2607/1695 1704/2622/1710 
f 1704/2622/1710 1689/2607/1695 1705/2623/1711 
f 1689/2607/1695 1691/2609/1697 1705/2623/1711 
f 1705/2623/1711 1691/2609/1697 1706/2624/1712 
f 1707/2625/1713 1706/2624/1712 1691/2609/1697 
f 1691/2609/1697 1693/2611/1699 1707/2625/1713 
f 1708/2626/1714 1707/2625/1713 1693/2611/1699 
f 1693/2611/1699 1695/2613/1701 1708/2626/1714 
f 1709/2627/1715 1708/2626/1714 1695/2613/1701 
f 1695/2613/1701 1697/2615/1703 1709/2627/1715 
f 1710/2628/1716 1709/2627/1715 1697/2615/1703 
f 1697/2615/1703 1699/2617/1705 1710/2628/1716 
f 1711/2629/1717 1710/2628/1716 1699/2617/1705 
f 1699/2617/1705 1701/2619/1707 1711/2629/1717 
f 1703/2621/1709 1711/2629/1717 1701/2619/1707 
f 1707/2625/1713 1712/2630/1718 1706/2624/1712 
f 1558/2631/1543 1557/2474/1542 1583/2473/1571 
f 1582/2516/1614 1589/2632/1719 1610/2515/1613 
f 1713/2633/1720 1610/2515/1613 1589/2632/1719 
f 1610/2515/1613 1713/2633/1720 1578/2513/1611 
f 1587/2634/1721 1578/2513/1611 1713/2633/1720 
f 1713/2633/1720 1714/2635/1722 1587/2634/1721 
f 1714/2635/1722 1713/2633/1720 1590/2636/1723 
f 1589/2632/1719 1590/2636/1723 1713/2633/1720 
f 1588/2637/1724 1587/2634/1721 1714/2635/1722 
f 1715/2638/1725 1716/2639/1726 1717/2640/1727 
f 1716/2639/1726 1718/2641/1728 1717/2640/1727 
f 1717/2640/1727 1718/2641/1728 1719/2642/1729 
f 1718/2641/1728 1720/2643/1730 1719/2642/1729 
f 1719/2642/1729 1720/2643/1730 1721/2644/1731 
f 1722/2645/1732 1719/2642/1729 1721/2644/1731 
f 1721/2644/1731 1531/2646/1504 1722/2645/1732 
f 1531/2646/1504 1721/2644/1731 1532/2647/1505 
f 1720/2643/1730 1532/2647/1505 1721/2644/1731 
f 1532/2647/1505 1720/2643/1730 1533/2648/1506 
f 1718/2641/1728 1533/2648/1506 1720/2643/1730 
f 1533/2648/1506 1718/2641/1728 1534/2649/1507 
f 1716/2639/1726 1534/2649/1507 1718/2641/1728 
f 1534/2649/1507 1716/2639/1726 1535/2650/1508 
f 1723/2651/1733 1535/2650/1508 1716/2639/1726 
f 1535/2650/1508 1723/2651/1733 1536/2652/1509 
f 1724/2653/1734 1536/2652/1509 1723/2651/1733 
f 1724/2653/1734 1555/2654/1735 1536/2652/1509 
f 1555/2654/1735 1724/2653/1734 1725/2655/1736 
f 1725/2655/1736 1724/2653/1734 1726/2656/1737 
f 1726/2656/1737 1724/2653/1734 1723/2651/1733 
f 1726/2656/1737 1723/2651/1733 1727/2657/1738 
f 1723/2651/1733 1716/2639/1726 1727/2657/1738 
f 1728/2658/1739 1727/2657/1738 1716/2639/1726 
f 1553/2659/1537 1536/2652/1509 1555/2654/1735 
f 1728/2658/1739 1716/2639/1726 1715/2638/1725 
f 1729/2660/1740 1728/2658/1739 1715/2638/1725 
f 1729/2660/1740 1730/2661/1741 1728/2658/1739 
f 1731/2662/1742 1730/2661/1741 1729/2660/1740 
f 1731/2662/1742 1580/2663/1743 1730/2661/1741 
f 1580/2663/1743 1731/2662/1742 1577/2664/1562 
f 1573/2665/1558 1577/2664/1562 1731/2662/1742 
f 1573/2665/1558 1731/2662/1742 1572/2666/1557 
f 1729/2660/1740 1572/2666/1557 1731/2662/1742 
f 1572/2666/1557 1729/2660/1740 1571/2667/1556 
f 1715/2638/1725 1571/2667/1556 1729/2660/1740 
f 1571/2667/1556 1715/2638/1725 1570/2668/1555 
f 1717/2640/1727 1570/2668/1555 1715/2638/1725 
f 1570/2668/1555 1717/2640/1727 1569/2669/1554 
f 1719/2642/1729 1569/2669/1554 1717/2640/1727 
f 1569/2669/1554 1719/2642/1729 1537/2670/1510 
f 1722/2645/1732 1537/2670/1510 1719/2642/1729 
f 1537/2670/1510 1722/2645/1732 1531/2646/1504 
f 1730/2661/1741 1580/2663/1743 1732/2671/1744 
f 1733/2672/1745 1734/2673/1746 1735/2674/1747 
f 1735/2674/1747 1736/2675/1748 1733/2672/1745 
f 1735/2674/1747 1737/2676/1749 1736/2675/1748 
f 1736/2675/1748 1737/2676/1749 1738/2677/1750 
f 1588/2678/268 1714/2679/1751 1585/2680/1752 
f 1739/2681/1753 1586/2682/1754 1583/2683/1755 
f 1558/2684/1756 1583/2683/1755 1586/2682/1754 
f 1586/2682/1754 1585/2680/1752 1558/2684/1756 
f 1560/2685/1752 1558/2684/1756 1585/2680/1752 
f 1714/2679/1751 1560/2685/1752 1585/2680/1752 
f 1590/2686/268 1560/2685/1752 1714/2679/1751 
f 1578/2687/1757 1587/2478/1758 1576/2688/1759 
f 1740/2689/1760 224/2690/274 223/2691/273 
f 223/2691/273 1741/2692/1761 1740/2689/1760 
f 1741/2692/1761 223/2691/273 226/2693/276 
f 226/2693/276 1742/2694/1762 1741/2692/1761 
f 1742/2694/1762 226/2693/276 228/2695/278 
f 1743/2696/1763 228/2695/278 230/2697/280 
f 228/2695/278 1743/2696/1763 1742/2694/1762 
f 1744/2698/1764 1742/2694/1762 1743/2696/1763 
f 1744/2698/1764 1741/2692/1761 1742/2694/1762 
f 1745/2699/1765 1741/2692/1761 1744/2698/1764 
f 1745/2699/1765 1740/2689/1760 1741/2692/1761 
f 1746/2700/1766 1740/2689/1760 1745/2699/1765 
f 1746/2700/1766 1747/2701/1767 1740/2689/1760 
f 224/2690/274 1740/2689/1760 1747/2701/1767 
f 1747/2701/1767 235/2702/285 224/2690/274 
f 1748/2703/1768 1744/2698/1764 1743/2696/1763 
f 1749/2704/1769 1750/2705/1770 1748/2703/1768 
f 1748/2703/1768 1751/2706/1771 1749/2704/1769 
f 1743/2696/1763 1751/2706/1771 1748/2703/1768 
f 1751/2706/1771 1743/2696/1763 1752/2707/1772 
f 230/2697/280 1752/2707/1772 1743/2696/1763 
f 1752/2707/1772 230/2697/280 241/2708/291 
f 241/2708/291 1753/2709/1773 1752/2707/1772 
f 1753/2709/1773 241/2708/291 243/2710/293 
f 243/2710/293 1754/2711/1774 1753/2709/1773 
f 1754/2711/1774 243/2710/293 245/2712/295 
f 245/2712/295 1755/2713/1775 1754/2711/1774 
f 1755/2713/1775 245/2712/295 247/2714/297 
f 247/2714/297 1756/2715/1776 1755/2713/1775 
f 1756/2715/1776 247/2714/297 249/2716/299 
f 249/2716/299 1757/2717/1777 1756/2715/1776 
f 1757/2717/1777 249/2716/299 251/2718/301 
f 251/2718/301 1758/2719/1778 1757/2717/1777 
f 1758/2719/1778 251/2718/301 253/2720/303 
f 1759/2721/1779 1760/2722/1780 1761/2723/1781 
f 1759/2721/1779 1761/2723/1781 1762/2724/1782 
f 1762/2724/1782 1758/2719/1778 1759/2721/1779 
f 1758/2719/1778 1762/2724/1782 1763/2725/1783 
f 1763/2725/1783 1757/2717/1777 1758/2719/1778 
f 1757/2717/1777 1763/2725/1783 1764/2726/1784 
f 1764/2726/1784 1756/2715/1776 1757/2717/1777 
f 1756/2715/1776 1764/2726/1784 1765/2727/1785 
f 1765/2727/1785 1755/2713/1775 1756/2715/1776 
f 1755/2713/1775 1765/2727/1785 1766/2728/1786 
f 1766/2728/1786 1754/2711/1774 1755/2713/1775 
f 1754/2711/1774 1766/2728/1786 1767/2729/1787 
f 1767/2729/1787 1753/2709/1773 1754/2711/1774 
f 1753/2709/1773 1767/2729/1787 1749/2704/1769 
f 1749/2704/1769 1752/2707/1772 1753/2709/1773 
f 1752/2707/1772 1749/2704/1769 1751/2706/1771 
f 1768/2730/1788 1769/2731/1789 1760/2722/1780 
f 1760/2722/1780 1769/2731/1789 1770/2732/1790 
f 1770/2732/1790 1761/2723/1781 1760/2722/1780 
f 1771/2733/1791 1761/2723/1781 1770/2732/1790 
f 1772/2734/1792 1761/2723/1781 1771/2733/1791 
f 1762/2724/1782 1761/2723/1781 1772/2734/1792 
f 1772/2734/1792 1773/2735/1793 1762/2724/1782 
f 1773/2735/1793 1763/2725/1783 1762/2724/1782 
f 1763/2725/1783 1773/2735/1793 1774/2736/1794 
f 1774/2736/1794 1764/2726/1784 1763/2725/1783 
f 1764/2726/1784 1774/2736/1794 1775/2737/1794 
f 1775/2737/1794 1765/2727/1785 1764/2726/1784 
f 1765/2727/1785 1775/2737/1794 1776/2738/1794 
f 1776/2738/1794 1766/2728/1786 1765/2727/1785 
f 1766/2728/1786 1776/2738/1794 1777/2739/1794 
f 1777/2739/1794 1767/2729/1787 1766/2728/1786 
f 1767/2729/1787 1777/2739/1794 1750/2705/1770 
f 1750/2705/1770 1749/2704/1769 1767/2729/1787 
f 253/2720/303 1759/2721/1779 1758/2719/1778 
f 253/2720/303 1778/2740/1795 1759/2721/1779 
f 1760/2722/1780 1759/2721/1779 1778/2740/1795 
f 1760/2722/1780 1778/2740/1795 1768/2730/1788 
f 1779/2741/1796 1768/2730/1788 1778/2740/1795 
f 275/2742/322 1779/2741/1796 1778/2740/1795 
f 1779/2741/1796 275/2742/322 276/2743/323 
f 1778/2740/1795 253/2720/303 275/2742/322 
f 1775/2744/1794 1780/2745/1797 1776/2746/1794 
f 1781/2747/1797 1776/2746/1794 1780/2745/1797 
f 1776/2746/1794 1781/2747/1797 1777/2748/1794 
f 1782/2749/1797 1777/2748/1794 1781/2747/1797 
f 1777/2748/1794 1782/2749/1797 1750/2750/1770 
f 1783/2751/1798 1750/2750/1770 1782/2749/1797 
f 1750/2750/1770 1783/2751/1798 1748/2752/1768 
f 1784/2753/1799 1748/2752/1768 1783/2751/1798 
f 1748/2752/1768 1784/2753/1799 1744/2754/1764 
f 1785/2755/1800 1744/2756/1800 1784/2757/1800 
f 276/2758/323 283/2759/328 1779/2760/1796 
f 284/2143/329 1779/2760/1796 283/2759/328 
f 1779/2760/1796 284/2143/329 1768/2761/1788 
f 1786/2762/1801 1768/2761/1788 284/2143/329 
f 1768/2761/1788 1786/2762/1801 1769/2763/1789 
f 1787/2764/1797 1769/2763/1789 1786/2762/1801 
f 1769/2763/1789 1787/2764/1797 1770/2765/1790 
f 1788/2766/1797 1770/2765/1790 1787/2764/1797 
f 1770/2765/1790 1788/2766/1797 1771/2767/1791 
f 1789/2768/1797 1771/2767/1791 1788/2766/1797 
f 1771/2767/1791 1789/2768/1797 1772/2769/1792 
f 1790/2770/1802 1772/2769/1792 1789/2768/1797 
f 1772/2769/1792 1790/2770/1802 1773/2771/1793 
f 1791/2772/1803 1773/2771/1793 1790/2770/1802 
f 1773/2771/1793 1791/2772/1803 1774/2773/1794 
f 1792/2774/1797 1774/2773/1794 1791/2772/1803 
f 1774/2773/1794 1792/2774/1797 1775/2744/1794 
f 1780/2745/1797 1775/2744/1794 1792/2774/1797 
f 292/382/335 1786/2762/1801 293/383/336 
f 294/385/335 1787/2764/1797 295/386/335 
f 296/388/335 1788/2766/1797 297/389/335 
f 298/391/335 1789/2768/1797 299/392/335 
f 300/394/335 1790/2770/1802 301/395/335 
f 302/397/335 1791/2772/1803 303/398/335 
f 304/400/335 1792/2774/1797 305/401/335 
f 306/403/335 1780/2745/1797 307/404/335 
f 308/406/335 1781/2747/1797 309/407/335 
f 310/409/335 1782/2749/1797 311/410/335 
f 312/412/337 1783/2751/1798 313/413/335 
f 314/415/338 1784/2753/1799 315/416/339 
f 316/418/340 1785/2775/340 317/419/340 
f 316/421/341 318/423/341 1785/2776/341 
f 1584/2475/1804 1576/2688/1759 1587/2478/1758 
f 1576/2688/1759 1584/2475/1804 1577/2464/1564 
f 1579/2465/1565 1577/2464/1564 1584/2475/1804 
f 1589/2480/1578 1582/2469/1569 1559/2438/1544 
f 1579/2465/1574 1586/2477/1575 1581/2467/1805 
f 1739/2777/1806 1581/2467/1805 1586/2477/1575 
f 319/425/345 321/427/347 1793/2778/1807 
f 322/428/348 319/430/348 1794/2779/1808 
f 1794/2780/1809 1793/2781/1809 1795/2782/1809 
f 1796/2783/1809 1795/2782/1809 1793/2781/1809 
f 1797/2784/1810 1798/2785/1811 1799/2786/1812 
f 1800/2787/1810 1797/2784/1810 1799/2786/1812 
f 1801/2788/358 1797/2784/1810 1800/2787/1810 
f 1802/2789/358 1801/2788/358 1800/2787/1810 
f 1803/2790/1813 1801/2791/1813 1802/2792/356 
f 1804/2793/356 1803/2790/1813 1802/2792/356 
f 1805/2794/1814 1803/2795/354 1804/2796/354 
f 1806/2797/1814 1805/2794/1814 1804/2796/354 
f 1807/2798/1815 1805/2794/1814 1806/2797/1814 
f 1808/2799/1815 1807/2798/1815 1806/2797/1814 
f 338/451/356 1807/2800/1815 1808/2801/1815 
f 339/454/356 338/451/356 1808/2801/1815 
f 1806/2802/360 1804/2803/360 1802/2804/360 
f 1806/2802/360 1802/2804/360 1800/2805/360 
f 1808/2806/360 1806/2802/360 1800/2805/360 
f 1808/2806/360 1800/2805/360 1799/2807/1816 
f 1808/2806/360 1799/2807/1816 340/461/362 
f 339/462/360 1808/2806/360 340/461/362 
f 1807/2808/363 338/465/363 341/464/363 
f 1798/2809/363 1807/2808/363 341/464/363 
f 1797/2810/363 1807/2808/363 1798/2809/363 
f 1805/2811/363 1807/2808/363 1797/2810/363 
f 1801/2812/363 1805/2811/363 1797/2810/363 
f 1803/2813/363 1805/2811/363 1801/2812/363 
f 1738/2677/1750 1556/2472/1817 1809/2675/1818 
f 1583/2473/1819 1556/2472/1817 1738/2677/1750 
f 1583/2473/1819 1738/2677/1750 1739/2814/1820 
f 1737/2676/1749 1739/2814/1820 1738/2677/1750 
f 1810/2674/1821 1739/2814/1820 1737/2676/1749 
f 1581/2815/1821 1739/2814/1820 1810/2674/1821 
f 1732/2673/1746 1581/2815/1746 1810/2674/1746 
f 1580/2816/1746 1581/2815/1746 1732/2673/1746 
f 1809/2675/1745 1555/2817/1745 1725/2672/1745 
f 1556/2472/1745 1555/2817/1745 1809/2675/1745 
f 1728/2658/1739 1811/2656/1822 1727/2657/1738 
f 1812/2661/1823 1811/2656/1822 1728/2658/1739 
f 1811/2656/1822 1812/2661/1823 1734/2671/1744 
f 1734/2671/1744 1733/2655/1824 1811/2656/1822 
f 1725/2818/1825 1726/2819/1825 1809/2820/1825 
f 1809/2820/1825 1726/2819/1825 1738/2821/358 
f 1727/2822/358 1738/2821/358 1726/2819/1825 
f 1798/2785/1811 1813/2823/1826 1799/2786/1812 
f 1814/2824/1827 1799/2807/1816 1813/2825/1828 
f 1799/2807/1816 1814/2824/1827 340/461/362 
f 348/483/377 340/461/362 1814/2824/1827 
f 1730/2826/354 1737/2827/354 1728/2828/354 
f 1737/2827/354 1730/2826/354 1810/2829/354 
f 1810/2829/354 1730/2826/354 1732/2830/354 
f 1814/2831/379 1815/2832/379 348/490/379 
f 350/492/379 348/490/379 1815/2832/379 
f 1813/2833/1829 1816/2834/1829 1814/2835/1829 
f 1815/2836/1829 1814/2835/1829 1816/2834/1829 
f 352/497/381 353/499/383 1813/2837/1830 
f 1816/2838/383 1813/2837/1830 353/499/383 
f 1817/2839/1831 1818/2840/1832 355/502/1833 
f 357/504/1834 355/502/1833 1818/2840/1832 
f 358/2841/1835 360/2842/1836 1819/2843/1837 
f 1820/2844/1838 1819/2843/1837 360/2842/1836 
f 1819/2845/1839 1820/2846/1839 1817/2847/1839 
f 1818/2848/1839 1817/2847/1839 1820/2846/1839 
f 1821/2849/1840 1822/2850/1840 1823/2851/1840 
f 1821/2849/1840 1823/2851/1840 1824/2852/1840 
f 1825/2853/1840 1821/2849/1840 1824/2852/1840 
f 1734/2854/358 1812/2855/358 1735/2856/358 
f 1735/2856/358 1812/2855/358 1737/2857/358 
f 1728/2858/358 1737/2857/358 1812/2855/358 
f 1824/2859/1841 1823/2860/1842 1826/2861/1843 
f 1827/2862/1844 1826/2861/1843 1823/2860/1842 
f 1826/2861/1843 1827/2862/1844 1828/2863/1845 
f 1829/2864/1846 1828/2863/1845 1827/2862/1844 
f 1828/2863/1845 1829/2864/1846 1830/2865/1847 
f 1831/2866/1848 1830/2865/1847 1829/2864/1846 
f 1822/2867/1849 1827/2862/1844 1823/2860/1842 
f 1811/2868/1850 1738/2869/354 1727/2870/354 
f 1738/2869/354 1811/2868/1850 1736/2871/1850 
f 1736/2871/1850 1811/2868/1850 1733/2872/1850 
f 1825/2873/1851 1832/2874/1852 1821/2875/1851 
f 1832/2874/1852 1825/2873/1851 1833/2876/1853 
f 1833/2876/1853 1834/2877/1854 1832/2874/1852 
f 1834/2877/1854 1833/2876/1853 1835/2878/1855 
f 1835/2878/1855 1836/2879/1856 1834/2877/1854 
f 1836/2879/1856 1835/2878/1855 1837/2880/1857 
f 1827/2862/1844 1822/2867/1849 1838/2881/1858 
f 1838/2881/1858 1829/2864/1846 1827/2862/1844 
f 1829/2864/1846 1838/2881/1858 1839/2882/1859 
f 1839/2882/1859 1831/2866/1848 1829/2864/1846 
f 381/547/413 1747/2883/413 382/548/413 
f 383/550/413 1746/2884/413 384/551/413 
f 385/553/413 1745/2885/413 386/554/413 
f 1840/2886/1860 1841/2887/1861 1842/2888/1862 
f 1843/2889/1863 1842/2888/1862 1841/2887/1861 
f 1844/2890/1864 1841/2887/1861 1845/2891/1865 
f 1841/2887/1861 1844/2890/1864 1843/2889/1863 
f 1846/2892/1866 1843/2889/1863 1844/2890/1864 
f 1843/2889/1863 1846/2892/1866 1842/2888/1862 
f 1847/2893/1867 1842/2888/1862 1846/2892/1866 
f 1842/2888/1862 1847/2893/1867 1848/2894/1868 
f 1842/2888/1862 1848/2894/1868 1840/2886/1860 
f 1848/2894/1868 1849/2895/1869 1840/2886/1860 
f 1840/2886/1860 1849/2895/1869 1850/2896/1870 
f 1851/2897/1870 1850/2896/1870 1849/2895/1869 
f 1849/2895/1869 1852/2898/1871 1851/2897/1870 
f 1853/2899/1870 1851/2897/1870 1852/2898/1871 
f 1852/2898/1871 1854/2900/1872 1853/2899/1870 
f 402/571/427 1853/2899/1870 1854/2900/1872 
f 1854/2900/1872 403/572/413 402/571/427 
f 1855/2901/1873 1854/2902/1874 1856/2903/1873 
f 1856/2904/1875 1854/2900/1872 1857/2905/1876 
f 1852/2898/1871 1857/2905/1876 1854/2900/1872 
f 1857/2905/1876 1852/2898/1871 1858/2906/1877 
f 1849/2895/1869 1858/2906/1877 1852/2898/1871 
f 1858/2906/1877 1849/2895/1869 1859/2907/1878 
f 1848/2894/1868 1859/2907/1878 1849/2895/1869 
f 1859/2907/1878 1848/2894/1868 1847/2893/1867 
f 409/580/434 403/582/434 1855/2908/1879 
f 1854/2909/1879 1855/2908/1879 403/582/434 
f 1860/2910/1880 1861/2911/1880 1862/2912/1881 
f 1863/2913/1881 1862/2912/1881 1861/2911/1880 
f 1862/2912/1881 1863/2913/1881 1864/2914/1882 
f 1865/2915/1882 1864/2914/1882 1863/2913/1881 
f 1864/2914/1882 1865/2915/1882 1866/2916/440 
f 1867/2917/440 1866/2916/440 1865/2915/1882 
f 1866/2916/440 1867/2917/440 1868/2918/440 
f 1869/2919/440 1868/2918/440 1867/2917/440 
f 1868/2918/440 1869/2919/440 420/594/440 
f 421/595/440 420/594/440 1869/2919/440 
f 402/571/427 421/596/441 1853/2899/1870 
f 1869/2920/1883 1853/2899/1870 421/596/441 
f 1853/2899/1870 1869/2920/1883 1851/2897/1870 
f 1867/2921/1883 1851/2897/1870 1869/2920/1883 
f 1851/2897/1870 1867/2921/1883 1850/2896/1870 
f 1865/2922/1884 1850/2896/1870 1867/2921/1883 
f 1850/2896/1870 1865/2922/1884 1840/2886/1860 
f 1863/2923/1885 1840/2886/1860 1865/2922/1884 
f 1840/2886/1860 1863/2923/1885 1841/2887/1861 
f 1861/2924/1886 1841/2887/1861 1863/2923/1885 
f 1841/2887/1861 1861/2924/1886 1845/2891/1865 
f 1870/2925/1887 1845/2891/1865 1861/2924/1886 
f 1871/2926/1888 1872/2927/1889 1873/2928/1890 
f 1873/2928/1890 1874/2929/1891 1871/2926/1888 
f 1875/2930/1892 1873/2928/1890 1872/2927/1889 
f 1847/2931/1893 1873/2928/1890 1875/2930/1892 
f 1873/2928/1890 1847/2931/1893 1846/2932/1894 
f 1846/2932/1894 1874/2929/1891 1873/2928/1890 
f 1874/2929/1891 1846/2932/1894 1844/2933/1895 
f 1844/2933/1895 1871/2926/1888 1874/2929/1891 
f 1871/2926/1888 1844/2933/1895 1845/2934/1896 
f 1875/2930/1892 1859/2935/1897 1847/2931/1893 
f 1859/2935/1897 1875/2930/1892 1876/2936/1898 
f 1876/2936/1898 1858/2937/1899 1859/2935/1897 
f 1858/2937/1899 1876/2936/1898 1877/2938/1900 
f 1877/2938/1900 1857/2939/1901 1858/2937/1899 
f 1857/2939/1901 1877/2938/1900 1878/2940/1902 
f 1878/2940/1902 1856/2941/1903 1857/2939/1901 
f 1878/2942/1904 1855/2901/1873 1856/2903/1873 
f 431/620/464 1878/2940/1902 432/621/465 
f 1879/2943/1905 432/621/465 1878/2940/1902 
f 1878/2940/1902 1877/2938/1900 1879/2943/1905 
f 1880/2944/1905 1879/2943/1905 1877/2938/1900 
f 1877/2938/1900 1876/2936/1898 1880/2944/1905 
f 1881/2945/1906 1880/2944/1905 1876/2936/1898 
f 1876/2936/1898 1872/2927/1889 1881/2945/1906 
f 1876/2936/1898 1875/2930/1892 1872/2927/1889 
f 1845/2934/1896 1870/2946/1907 1871/2926/1888 
f 1860/2947/1908 1871/2926/1888 1870/2946/1907 
f 1871/2926/1888 1860/2947/1908 1872/2927/1889 
f 1862/2948/1909 1872/2927/1889 1860/2947/1908 
f 1872/2927/1889 1862/2948/1909 1881/2945/1906 
f 1864/2949/1910 1881/2945/1906 1862/2948/1909 
f 1881/2945/1906 1864/2949/1910 1880/2944/1905 
f 1866/2950/1911 1880/2944/1905 1864/2949/1910 
f 1880/2944/1905 1866/2950/1911 1879/2943/1905 
f 1868/2951/1911 1879/2943/1905 1866/2950/1911 
f 1879/2943/1905 1868/2951/1911 432/621/465 
f 420/631/473 432/621/465 1868/2951/1911 
f 1870/2952/1912 1861/2911/1880 1860/2910/1880 
f 1882/2953/354 1883/2954/1913 1884/2955/354 
f 1885/2956/1914 1884/2955/354 1883/2954/1913 
f 1886/2957/1915 1883/2958/1916 1882/2959/1917 
f 1882/2959/1917 1887/2960/1918 1886/2957/1915 
f 1888/2961/1919 1886/2957/1915 1887/2960/1918 
f 1887/2960/1918 1889/2962/1920 1888/2961/1919 
f 1890/2963/1921 1888/2961/1919 1889/2962/1920 
f 1889/2962/1920 1891/2964/1922 1890/2963/1921 
f 1892/2965/1923 1890/2963/1921 1891/2964/1922 
f 1891/2964/1922 1893/2966/1924 1892/2965/1923 
f 1894/2967/1925 1892/2965/1923 1893/2966/1924 
f 1893/2966/1924 1895/2968/1926 1894/2967/1925 
f 1896/2969/1927 1894/2967/1925 1895/2968/1926 
f 1895/2968/1926 1897/2970/1928 1896/2969/1927 
f 1885/2971/1929 1898/2972/1930 1899/2973/1931 
f 1900/2974/1932 1899/2973/1931 1898/2972/1930 
f 1899/2973/1931 1900/2974/1932 1901/2975/1933 
f 1902/2976/1934 1901/2975/1933 1900/2974/1932 
f 1901/2975/1933 1902/2976/1934 1903/2977/1935 
f 1904/2978/1936 1903/2977/1935 1902/2976/1934 
f 1903/2977/1935 1904/2978/1936 1905/2979/1937 
f 1906/2980/1938 1905/2979/1937 1904/2978/1936 
f 1905/2979/1937 1906/2980/1938 1907/2981/1939 
f 1908/2982/1940 1907/2981/1939 1906/2980/1938 
f 1907/2981/1939 1908/2982/1940 1909/2983/1941 
f 1910/2984/1942 1909/2983/1941 1908/2982/1940 
f 1887/2985/1943 1882/2986/1944 1884/2987/1945 
f 1884/2987/1945 1899/2973/1931 1887/2985/1943 
f 1889/2988/1946 1887/2985/1943 1899/2973/1931 
f 1899/2973/1931 1901/2975/1933 1889/2988/1946 
f 1891/2989/1947 1889/2988/1946 1901/2975/1933 
f 1901/2975/1933 1903/2977/1935 1891/2989/1947 
f 1893/2990/1948 1891/2989/1947 1903/2977/1935 
f 1903/2977/1935 1905/2979/1937 1893/2990/1948 
f 1895/2991/1949 1893/2990/1948 1905/2979/1937 
f 1905/2979/1937 1907/2981/1939 1895/2991/1949 
f 1897/2992/1950 1895/2991/1949 1907/2981/1939 
f 1907/2981/1939 1909/2983/1941 1897/2992/1950 
f 1884/2987/1945 1885/2971/1929 1899/2973/1931 
f 341/464/513 352/673/381 1798/2809/1951 
f 1813/2993/1830 1798/2809/1951 352/673/381 
f 1911/2994/1952 1912/2995/1953 1913/2996/1954 
f 1911/2997/1952 1913/2998/1954 1914/2999/1955 
f 1915/3000/1956 1911/2997/1952 1914/2999/1955 
f 1915/3001/1956 1914/3002/1955 1916/3003/1957 
f 1917/3004/1958 1915/3001/1956 1916/3003/1957 
f 1917/3004/1958 1916/3003/1957 1918/3005/1959 
f 1917/3004/1958 1918/3005/1959 1919/3006/1960 
f 1918/3005/1959 1920/3007/1961 1919/3006/1960 
f 1918/3005/1959 1921/3008/1962 1920/3007/1961 
f 1916/3003/1957 1921/3008/1962 1918/3005/1959 
f 1916/3003/1957 1914/3002/1955 1921/3008/1962 
f 1914/3002/1955 1922/3009/1963 1921/3008/1962 
f 1914/3010/1955 1913/3011/1954 1922/3012/1963 
f 1913/3011/1954 1923/3013/1964 1922/3012/1963 
f 1913/2996/1954 1924/3014/1965 1923/3015/1964 
f 1924/3014/1965 1925/3016/1966 1923/3015/1964 
f 1924/3014/1965 1926/3017/1967 1925/3016/1966 
f 1926/3017/1967 1927/3018/1968 1925/3016/1966 
f 1912/2995/1953 1924/3014/1965 1913/2996/1954 
f 1912/2995/1953 1926/3017/1967 1924/3014/1965 
f 1928/3019/1969 1926/3017/1967 1912/2995/1953 
f 1929/3020/1970 1928/3019/1969 1912/2995/1953 
f 1929/3020/1970 1912/2995/1953 1911/2994/1952 
f 1930/3021/1971 1929/3022/1970 1911/2997/1952 
f 1930/3021/1971 1911/2997/1952 1915/3000/1956 
f 1931/3023/1972 1930/3021/1971 1915/3000/1956 
f 1931/3024/1972 1915/3001/1956 1917/3004/1958 
f 1932/3025/1973 1931/3023/1972 1917/3026/1958 
f 1932/3027/1973 1917/3004/1958 1919/3006/1960 
f 1933/3028/1974 1932/3027/1973 1919/3006/1960 
f 1933/3029/1974 1919/3030/1960 1934/3031/1975 
f 1935/3032/1976 1933/3029/1974 1934/3031/1975 
f 1935/3033/1976 1934/3034/1975 1936/3035/1977 
f 1937/3036/1978 1935/3033/1976 1936/3035/1977 
f 1937/3037/1978 1936/3038/1977 1938/3039/1979 
f 1928/3040/1969 1937/3037/1978 1938/3039/1979 
f 1928/3019/1969 1938/3041/1979 1926/3017/1967 
f 1938/3041/1979 1927/3018/1968 1926/3017/1967 
f 1938/3041/1979 1939/3042/1980 1927/3018/1968 
f 1938/3039/1979 1936/3038/1977 1939/3043/1980 
f 1936/3044/1977 1940/3045/1981 1939/3042/1980 
f 1936/3035/1977 1934/3034/1975 1940/3046/1981 
f 1934/3034/1975 1941/3047/1982 1940/3046/1981 
f 1934/3034/1975 1919/3048/1960 1941/3047/1982 
f 1919/3006/1960 1942/3049/1983 1941/3050/1982 
f 1919/3006/1960 1920/3007/1961 1942/3049/1983 
f 1942/3049/1983 1920/3007/1961 1943/3051/1984 
f 1920/3007/1961 1921/3008/1962 1943/3051/1984 
f 1921/3008/1962 1944/3052/1985 1943/3051/1984 
f 1921/3008/1962 1922/3009/1963 1944/3052/1985 
f 1922/3009/1963 1945/3053/1986 1944/3052/1985 
f 1922/3012/1963 1923/3013/1964 1945/3054/1986 
f 1923/3013/1964 1946/3055/1987 1945/3054/1986 
f 1923/3015/1964 1925/3016/1966 1946/3056/1987 
f 1942/3049/1983 1943/3051/1984 1947/3057/1988 
f 1941/3050/1982 1942/3049/1983 1947/3057/1988 
f 1941/3047/1982 1947/3058/1988 1948/3059/1989 
f 1940/3046/1981 1941/3047/1982 1948/3059/1989 
f 1949/3060/1990 1950/3061/1991 1951/3062/1992 
f 1946/3056/1987 1949/3060/1990 1951/3062/1992 
f 1946/3055/1987 1951/3063/1992 1952/3064/1993 
f 1945/3054/1986 1946/3055/1987 1952/3064/1993 
f 1945/3053/1986 1952/3065/1993 1953/3066/1994 
f 1944/3052/1985 1945/3053/1986 1953/3066/1994 
f 1944/3052/1985 1953/3066/1994 1954/3067/1995 
f 1943/3051/1984 1944/3052/1985 1954/3067/1995 
f 1943/3051/1984 1954/3067/1995 1955/3068/1996 
f 1947/3057/1988 1943/3051/1984 1955/3068/1996 
f 1947/3058/1988 1955/3069/1996 1956/3070/1997 
f 1948/3059/1989 1947/3058/1988 1956/3070/1997 
f 1948/3071/1989 1956/3072/1997 1957/3073/1998 
f 1958/3074/1999 1948/3071/1989 1957/3073/1998 
f 1940/3045/1981 1948/3071/1989 1958/3074/1999 
f 1939/3042/1980 1940/3045/1981 1958/3074/1999 
f 1925/3016/1966 1949/3060/1990 1946/3056/1987 
f 1925/3016/1966 1927/3018/1968 1949/3060/1990 
f 1927/3018/1968 1939/3042/1980 1949/3060/1990 
f 1939/3042/1980 1958/3074/1999 1949/3060/1990 
f 1949/3060/1990 1958/3074/1999 1950/3061/1991 
f 1958/3074/1999 1957/3073/1998 1950/3061/1991 
f 1959/3075/1952 1960/3076/1953 1961/3077/1954 
f 1959/3078/1952 1961/3079/1954 1962/3080/1955 
f 1963/3081/1956 1959/3078/1952 1962/3080/1955 
f 1963/3082/1956 1962/3083/1955 1964/3084/1957 
f 1965/3085/1958 1963/3082/1956 1964/3084/1957 
f 1965/3085/1958 1964/3084/1957 1966/3086/1959 
f 1965/3085/1958 1966/3086/1959 1967/3087/1960 
f 1966/3086/1959 1968/3088/1961 1967/3087/1960 
f 1966/3086/1959 1969/3089/1962 1968/3088/1961 
f 1964/3084/1957 1969/3089/1962 1966/3086/1959 
f 1964/3084/1957 1962/3083/1955 1969/3089/1962 
f 1962/3083/1955 1970/3090/1963 1969/3089/1962 
f 1962/3091/1955 1961/3092/1954 1970/3093/1963 
f 1961/3092/1954 1971/3094/1964 1970/3093/1963 
f 1961/3077/1954 1972/3095/1965 1971/3096/1964 
f 1972/3095/1965 1973/3097/1966 1971/3096/1964 
f 1972/3095/1965 1974/3098/1967 1973/3097/1966 
f 1974/3098/1967 1975/3099/1968 1973/3097/1966 
f 1960/3076/1953 1972/3095/1965 1961/3077/1954 
f 1960/3076/1953 1974/3098/1967 1972/3095/1965 
f 1976/3100/1969 1974/3098/1967 1960/3076/1953 
f 1977/3101/1970 1976/3100/1969 1960/3076/1953 
f 1977/3101/1970 1960/3076/1953 1959/3075/1952 
f 1978/3102/1971 1977/3103/1970 1959/3078/1952 
f 1978/3102/1971 1959/3078/1952 1963/3081/1956 
f 1979/3104/1972 1978/3102/1971 1963/3081/1956 
f 1979/3105/1972 1963/3082/1956 1965/3085/1958 
f 1980/3106/1973 1979/3104/1972 1965/3107/1958 
f 1980/3108/1973 1965/3085/1958 1967/3087/1960 
f 1981/3109/2000 1980/3108/1973 1967/3087/1960 
f 1981/3110/2000 1967/3111/1960 1982/3112/1975 
f 1983/3113/1976 1981/3110/2000 1982/3112/1975 
f 1983/3114/1976 1982/3115/1975 1984/3116/1977 
f 1985/3117/1978 1983/3114/1976 1984/3116/1977 
f 1985/3118/1978 1984/3119/1977 1986/3120/1979 
f 1976/3121/1969 1985/3118/1978 1986/3120/1979 
f 1976/3100/1969 1986/3122/1979 1974/3098/1967 
f 1986/3122/1979 1975/3099/1968 1974/3098/1967 
f 1986/3122/1979 1987/3123/1980 1975/3099/1968 
f 1986/3120/1979 1984/3119/1977 1987/3124/1980 
f 1984/3125/1977 1988/3126/1981 1987/3123/1980 
f 1984/3116/1977 1982/3115/1975 1988/3127/1981 
f 1982/3115/1975 1989/3128/1982 1988/3127/1981 
f 1982/3115/1975 1967/3129/1960 1989/3128/1982 
f 1967/3087/1960 1990/3130/1983 1989/3131/1982 
f 1967/3087/1960 1968/3088/1961 1990/3130/1983 
f 1990/3130/1983 1968/3088/1961 1991/3132/1984 
f 1968/3088/1961 1969/3089/1962 1991/3132/1984 
f 1969/3089/1962 1992/3133/1985 1991/3132/1984 
f 1969/3089/1962 1970/3090/1963 1992/3133/1985 
f 1970/3090/1963 1993/3134/1986 1992/3133/1985 
f 1970/3093/1963 1971/3094/1964 1993/3135/1986 
f 1971/3094/1964 1994/3136/1987 1993/3135/1986 
f 1971/3096/1964 1973/3097/1966 1994/3137/1987 
f 1990/3130/1983 1991/3132/1984 1995/3138/1988 
f 1989/3131/1982 1990/3130/1983 1995/3138/1988 
f 1989/3128/1982 1995/3139/1988 1996/3140/1989 
f 1988/3127/1981 1989/3128/1982 1996/3140/1989 
f 1997/3141/1990 1998/3142/1991 1999/3143/1992 
f 1994/3137/1987 1997/3141/1990 1999/3143/1992 
f 1994/3136/1987 1999/3144/1992 2000/3145/1993 
f 1993/3135/1986 1994/3136/1987 2000/3145/1993 
f 1993/3134/1986 2000/3146/1993 2001/3147/1994 
f 1992/3133/1985 1993/3134/1986 2001/3147/1994 
f 1992/3133/1985 2001/3147/1994 2002/3148/1995 
f 1991/3132/1984 1992/3133/1985 2002/3148/1995 
f 1991/3132/1984 2002/3148/1995 2003/3149/1996 
f 1995/3138/1988 1991/3132/1984 2003/3149/1996 
f 1995/3139/1988 2003/3150/1996 2004/3151/1997 
f 1996/3140/1989 1995/3139/1988 2004/3151/1997 
f 1996/3152/1989 2004/3153/1997 2005/3154/1998 
f 2006/3155/1999 1996/3152/1989 2005/3154/1998 
f 1988/3126/1981 1996/3152/1989 2006/3155/1999 
f 1987/3123/1980 1988/3126/1981 2006/3155/1999 
f 1973/3097/1966 1997/3141/1990 1994/3137/1987 
f 1973/3097/1966 1975/3099/1968 1997/3141/1990 
f 1975/3099/1968 1987/3123/1980 1997/3141/1990 
f 1987/3123/1980 2006/3155/1999 1997/3141/1990 
f 1997/3141/1990 2006/3155/1999 1998/3142/1991 
f 2006/3155/1999 2005/3154/1998 1998/3142/1991 
f 2007/3156/1952 2008/3157/1953 2009/3158/1954 
f 2007/3159/1952 2009/3160/1954 2010/3161/1955 
f 2011/3162/1956 2007/3159/1952 2010/3161/1955 
f 2011/3163/1956 2010/3164/1955 2012/3165/1957 
f 2013/3166/1958 2011/3163/1956 2012/3165/1957 
f 2013/3166/1958 2012/3165/1957 2014/3167/1959 
f 2013/3166/1958 2014/3167/1959 2015/3168/1960 
f 2014/3167/1959 2016/3169/1961 2015/3168/1960 
f 2014/3167/1959 2017/3170/1962 2016/3169/1961 
f 2012/3165/1957 2017/3170/1962 2014/3167/1959 
f 2012/3165/1957 2010/3164/1955 2017/3170/1962 
f 2010/3164/1955 2018/3171/1963 2017/3170/1962 
f 2010/3172/1955 2009/3173/1954 2018/3174/1963 
f 2009/3173/1954 2019/3175/1964 2018/3174/1963 
f 2009/3158/1954 2020/3176/1965 2019/3177/1964 
f 2020/3176/1965 2021/3178/1966 2019/3177/1964 
f 2020/3176/1965 2022/3179/1967 2021/3178/1966 
f 2022/3179/1967 2023/3180/1968 2021/3178/1966 
f 2008/3157/1953 2020/3176/1965 2009/3158/1954 
f 2008/3157/1953 2022/3179/1967 2020/3176/1965 
f 2024/3181/1969 2022/3179/1967 2008/3157/1953 
f 2025/3182/1970 2024/3181/1969 2008/3157/1953 
f 2025/3182/1970 2008/3157/1953 2007/3156/1952 
f 2026/3183/2001 2025/3184/1970 2007/3159/1952 
f 2026/3183/2001 2007/3159/1952 2011/3162/1956 
f 2027/3185/1972 2026/3183/2001 2011/3162/1956 
f 2027/3186/1972 2011/3163/1956 2013/3166/1958 
f 2028/3187/1973 2027/3185/1972 2013/3188/1958 
f 2028/3189/1973 2013/3166/1958 2015/3168/1960 
f 2029/3190/2000 2028/3189/1973 2015/3168/1960 
f 2029/3191/2000 2015/3192/1960 2030/3193/1975 
f 2031/3194/1976 2029/3191/2000 2030/3193/1975 
f 2031/3195/1976 2030/3196/1975 2032/3197/1977 
f 2033/3198/1978 2031/3195/1976 2032/3197/1977 
f 2033/3199/1978 2032/3200/1977 2034/3201/1979 
f 2024/3202/1969 2033/3199/1978 2034/3201/1979 
f 2024/3181/1969 2034/3203/1979 2022/3179/1967 
f 2034/3203/1979 2023/3180/1968 2022/3179/1967 
f 2034/3203/1979 2035/3204/1980 2023/3180/1968 
f 2034/3201/1979 2032/3200/1977 2035/3205/1980 
f 2032/3206/1977 2036/3207/1981 2035/3204/1980 
f 2032/3197/1977 2030/3196/1975 2036/3208/1981 
f 2030/3196/1975 2037/3209/1982 2036/3208/1981 
f 2030/3196/1975 2015/3210/1960 2037/3209/1982 
f 2015/3168/1960 2038/3211/1983 2037/3212/1982 
f 2015/3168/1960 2016/3169/1961 2038/3211/1983 
f 2038/3211/1983 2016/3169/1961 2039/3213/1984 
f 2016/3169/1961 2017/3170/1962 2039/3213/1984 
f 2017/3170/1962 2040/3214/1985 2039/3213/1984 
f 2017/3170/1962 2018/3171/1963 2040/3214/1985 
f 2018/3171/1963 2041/3215/1986 2040/3214/1985 
f 2018/3174/1963 2019/3175/1964 2041/3216/1986 
f 2019/3175/1964 2042/3217/1987 2041/3216/1986 
f 2019/3177/1964 2021/3178/1966 2042/3218/1987 
f 2038/3219/1983 2039/3220/1984 2043/3221/1988 
f 2037/3209/1982 2038/3219/1983 2043/3221/1988 
f 2037/3209/1982 2043/3221/1988 2044/3222/1989 
f 2036/3208/1981 2037/3209/1982 2044/3222/1989 
f 2045/3223/1990 2046/3224/1991 2047/3225/1992 
f 2042/3218/1987 2045/3223/1990 2047/3225/1992 
f 2042/3217/1987 2047/3226/1992 2048/3227/1993 
f 2041/3216/1986 2042/3217/1987 2048/3227/1993 
f 2041/3215/1986 2048/3228/1993 2049/3229/1994 
f 2040/3214/1985 2041/3215/1986 2049/3229/1994 
f 2040/3214/1985 2049/3229/1994 2050/3230/1995 
f 2039/3213/1984 2040/3214/1985 2050/3230/1995 
f 2039/3220/1984 2050/3231/1995 2051/3232/1996 
f 2043/3221/1988 2039/3220/1984 2051/3232/1996 
f 2043/3221/1988 2051/3232/1996 2052/3233/1997 
f 2044/3222/1989 2043/3221/1988 2052/3233/1997 
f 2044/3222/1989 2052/3233/1997 2053/3234/1998 
f 2054/3235/1999 2044/3222/1989 2053/3234/1998 
f 2036/3208/1981 2044/3222/1989 2054/3235/1999 
f 2035/3236/1980 2036/3208/1981 2054/3235/1999 
f 2021/3178/1966 2045/3223/1990 2042/3218/1987 
f 2021/3178/1966 2023/3180/1968 2045/3223/1990 
f 2023/3180/1968 2035/3204/1980 2045/3223/1990 
f 2035/3204/1980 2054/3237/1999 2045/3223/1990 
f 2045/3223/1990 2054/3237/1999 2046/3224/1991 
f 2054/3237/1999 2053/3238/1998 2046/3224/1991 
f 2055/3239/2002 2056/3240/2002 2057/3241/2003 
f 2058/3242/2004 2057/3241/2003 2056/3240/2002 
f 2057/3241/2003 2058/3242/2004 2059/3243/2005 
f 2059/3243/2005 2060/3244/2006 2057/3241/2003 
f 2059/3243/2005 2061/3245/2007 2060/3244/2006 
f 2061/3245/2007 2059/3243/2005 2062/3246/2008 
f 2062/3246/2008 2063/3247/2009 2061/3245/2007 
f 2063/3247/2009 2062/3246/2008 2064/3248/2010 
f 2064/3248/2010 2065/3249/2011 2063/3247/2009 
f 2064/3248/2010 2066/3250/2011 2065/3249/2011 
f 2067/3251/434 2058/3252/434 2056/3253/579 
f 2056/3253/579 2068/3254/580 2067/3251/434 
f 2068/3254/580 2056/3253/579 2055/3255/581 
f 2055/3255/581 2069/3256/582 2068/3254/580 
f 1819/3257/2012 624/938/585 358/937/584 
f 1817/3258/2013 624/938/585 1819/3257/2012 
f 355/940/587 624/938/585 1817/3258/2013 
f 1837/2880/2014 1835/2878/2015 1830/3259/2016 
f 1830/3260/2016 1835/3261/2015 1828/3262/2017 
f 1833/3263/2018 1828/3262/2017 1835/3261/2015 
f 1826/3264/2019 1828/3262/2017 1833/3263/2018 
f 1825/3265/2020 1826/3264/2019 1833/3263/2018 
f 1824/3266/2021 1826/3264/2019 1825/3265/2020 
f 1837/3267/2022 2070/3268/2022 1836/3269/2022 
f 1831/3270/2022 2070/3268/2022 1837/3267/2022 
f 1830/3271/2022 1831/3270/2022 1837/3267/2022 
f 2071/3272/2023 2072/3273/2024 627/955/598 
f 627/955/598 629/957/600 2071/3272/2023 
f 2073/3274/2025 2071/3272/2023 629/957/600 
f 629/957/600 631/959/602 2073/3274/2025 
f 2074/3275/2026 2073/3274/2025 631/959/602 
f 631/959/602 633/961/604 2074/3275/2026 
f 2075/3276/2027 2074/3275/2026 633/961/604 
f 633/961/604 635/963/606 2075/3276/2027 
f 635/963/606 636/964/607 2075/3276/2027 
f 2076/3277/2028 2075/3276/2027 636/964/607 
f 2075/3278/2027 2076/3279/2028 2077/3280/2029 
f 2078/3281/2030 2077/3282/2029 2076/3277/2028 
f 2074/3275/2026 2075/3276/2027 2077/3282/2029 
f 2072/3273/2024 2079/3283/2031 2080/3284/2032 
f 627/955/598 2072/3273/2024 2080/3284/2032 
f 627/955/598 2080/3284/2032 2081/3285/2033 
f 643/974/614 627/955/598 2081/3285/2033 
f 644/975/615 643/974/614 2081/3285/2033 
f 2082/3286/2034 2083/3287/2035 2084/3288/2036 
f 2085/3289/2037 2084/3288/2036 2083/3287/2035 
f 2086/3290/2038 2084/3288/2036 2085/3289/2037 
f 2087/3291/2039 2086/3290/2038 2088/3292/2040 
f 2084/3288/2036 2086/3290/2038 2087/3291/2039 
f 2089/3293/2041 2084/3288/2036 2087/3291/2039 
f 2084/3288/2036 2089/3293/2041 2082/3286/2034 
f 2090/3294/2042 2082/3286/2034 2089/3293/2041 
f 2091/3295/2043 2088/3292/2040 2092/3296/2044 
f 2093/3297/2045 2092/3296/2044 2088/3292/2040 
f 2088/3292/2040 2094/3298/2046 2093/3297/2045 
f 2094/3298/2046 2088/3292/2040 2086/3290/2038 
f 2086/3290/2038 2095/3299/2047 2094/3298/2046 
f 2095/3299/2047 2086/3290/2038 2096/3300/2048 
f 2085/3289/2037 2096/3300/2048 2086/3290/2038 
f 2096/3300/2048 2085/3289/2037 2078/3301/2030 
f 2077/3302/2029 2078/3301/2030 2085/3289/2037 
f 2083/3287/2035 2077/3302/2029 2085/3289/2037 
f 2077/3282/2029 2083/3303/2035 2074/3275/2026 
f 2073/3274/2025 2074/3275/2026 2083/3303/2035 
f 2083/3303/2035 2082/3304/2034 2073/3274/2025 
f 2071/3272/2023 2073/3274/2025 2082/3304/2034 
f 2082/3304/2034 2090/3305/2042 2071/3272/2023 
f 2072/3273/2024 2071/3272/2023 2090/3305/2042 
f 2091/3295/2043 2097/3306/2049 2098/3307/2050 
f 2099/3308/2051 2100/3309/2052 2101/3310/2053 
f 2102/3311/2054 2101/3310/2053 2100/3309/2052 
f 2100/3309/2052 2103/3312/2055 2102/3311/2054 
f 2104/3313/2056 2102/3314/2054 2103/3315/2055 
f 2103/3315/2055 2105/3316/2057 2104/3313/2056 
f 2106/3317/2058 2104/3313/2056 2105/3316/2057 
f 2104/3313/2056 2106/3317/2058 2107/3318/2059 
f 2107/3318/2059 2106/3317/2058 2108/3319/2060 
f 2108/3319/2060 2079/3320/2031 2107/3318/2059 
f 2107/3318/2059 2079/3320/2031 2072/3321/2024 
f 2109/3322/2061 2107/3323/2059 2072/3273/2024 
f 2090/3305/2042 2109/3322/2061 2072/3273/2024 
f 2109/3324/2061 2090/3294/2042 2110/3325/2062 
f 2089/3293/2041 2110/3325/2062 2090/3294/2042 
f 2110/3325/2062 2089/3293/2041 2098/3307/2050 
f 2087/3291/2039 2098/3307/2050 2089/3293/2041 
f 2098/3307/2050 2087/3291/2039 2091/3295/2043 
f 2088/3292/2040 2091/3295/2043 2087/3291/2039 
f 2105/3316/2057 2111/3326/2063 2106/3317/2058 
f 2109/3322/2061 2112/3327/2064 2107/3323/2059 
f 2112/3328/2064 2109/3324/2061 2113/3329/2065 
f 2110/3325/2062 2113/3329/2065 2109/3324/2061 
f 2113/3329/2065 2110/3325/2062 2114/3330/2066 
f 2098/3307/2050 2114/3330/2066 2110/3325/2062 
f 2069/3331/2002 2114/3330/2066 2098/3307/2050 
f 2068/3332/2002 2069/3331/2002 2098/3307/2050 
f 2068/3332/2002 2098/3307/2050 2097/3306/2049 
f 2067/3333/2067 2068/3332/2002 2097/3306/2049 
f 2115/3334/2068 2067/3333/2067 2097/3306/2049 
f 2067/3333/2067 2115/3334/2068 2116/3335/2069 
f 2116/3335/2069 2115/3334/2068 2117/3336/2070 
f 2118/3337/2071 2117/3336/2070 2115/3334/2068 
f 2117/3336/2070 2118/3337/2071 2119/3338/2072 
f 2120/3339/2073 2119/3338/2072 2118/3337/2071 
f 2121/3340/2074 2119/3338/2072 2120/3339/2073 
f 2121/3340/2074 2120/3339/2073 2122/3341/2075 
f 2123/3342/2011 2121/3340/2074 2122/3341/2075 
f 2092/3296/2044 2124/3343/2076 2091/3295/2043 
f 2097/3306/2049 2091/3295/2043 2124/3343/2076 
f 2124/3343/2076 2125/3344/2077 2097/3306/2049 
f 2115/3334/2068 2097/3306/2049 2125/3344/2077 
f 2125/3344/2077 2126/3345/2078 2115/3334/2068 
f 2118/3337/2071 2115/3334/2068 2126/3345/2078 
f 2126/3345/2078 2127/3346/2079 2118/3337/2071 
f 2120/3339/2073 2118/3337/2071 2127/3346/2079 
f 2127/3346/2079 2128/3347/2080 2120/3339/2073 
f 2129/3348/2081 2122/3341/2075 2130/3349/2082 
f 2131/3350/2083 2130/3349/2082 2122/3341/2075 
f 2122/3341/2075 2132/3351/2084 2131/3350/2083 
f 2132/3351/2084 2122/3341/2075 2120/3339/2073 
f 2120/3339/2073 2133/3352/2085 2132/3351/2084 
f 2134/3353/2086 2132/3351/2084 2133/3352/2085 
f 2133/3352/2085 2135/3354/2087 2134/3353/2086 
f 2135/3354/2087 2133/3352/2085 2136/3355/2088 
f 2136/3355/2088 2137/3356/2089 2135/3354/2087 
f 2114/3330/2066 2129/3348/2081 2113/3329/2065 
f 2130/3349/2082 2113/3329/2065 2129/3348/2081 
f 2130/3349/2082 2112/3328/2064 2113/3329/2065 
f 2112/3328/2064 2130/3349/2082 2138/3357/2090 
f 2139/3358/2091 2138/3357/2090 2130/3349/2082 
f 2131/3350/2083 2139/3358/2091 2130/3349/2082 
f 2131/3350/2083 2140/3359/2092 2139/3358/2091 
f 2140/3359/2092 2131/3350/2083 2141/3360/2093 
f 2141/3360/2093 2131/3350/2083 2142/3361/2094 
f 2141/3360/2093 2142/3361/2094 2143/3362/2095 
f 2143/3362/2095 2142/3361/2094 2144/3363/2096 
f 2142/3361/2094 2131/3350/2083 2132/3351/2084 
f 2132/3351/2084 2134/3353/2086 2142/3361/2094 
f 2144/3363/2096 2142/3361/2094 2134/3353/2086 
f 2145/3364/2097 2144/3363/2096 2134/3353/2086 
f 2143/3362/2095 2144/3363/2096 2145/3364/2097 
f 2143/3362/2095 2145/3364/2097 2146/3365/2098 
f 2143/3362/2095 2146/3365/2098 2147/3366/2099 
f 2147/3366/2099 2148/3367/2100 2143/3362/2095 
f 2141/3360/2093 2143/3362/2095 2148/3367/2100 
f 2148/3367/2100 2149/3368/2101 2141/3360/2093 
f 2140/3359/2092 2141/3360/2093 2149/3368/2101 
f 2149/3368/2101 2101/3369/2053 2140/3359/2092 
f 2139/3358/2091 2140/3359/2092 2101/3369/2053 
f 2101/3369/2053 2102/3314/2054 2139/3358/2091 
f 2138/3357/2090 2139/3358/2091 2102/3314/2054 
f 2102/3314/2054 2104/3313/2056 2138/3357/2090 
f 2107/3318/2059 2138/3357/2090 2104/3313/2056 
f 2112/3327/2064 2138/3370/2090 2107/3323/2059 
f 2135/3354/2087 2150/3371/2102 2151/3372/2103 
f 2151/3372/2103 2134/3353/2086 2135/3354/2087 
f 2134/3353/2086 2151/3372/2103 2152/3373/2104 
f 2152/3373/2104 2145/3364/2097 2134/3353/2086 
f 2145/3364/2097 2152/3373/2104 2153/3374/2105 
f 2145/3364/2097 2153/3374/2105 2146/3365/2098 
f 2146/3365/2098 2153/3374/2105 2154/3375/2106 
f 2154/3375/2106 2147/3366/2099 2146/3365/2098 
f 2147/3366/2099 2154/3375/2106 2155/3376/2107 
f 2155/3377/2107 2156/3378/2108 2147/3379/2099 
f 2148/3380/2100 2147/3379/2099 2156/3378/2108 
f 2156/3378/2108 2157/3381/2109 2148/3380/2100 
f 2149/3382/2101 2148/3380/2100 2157/3381/2109 
f 2157/3381/2109 2099/3308/2051 2149/3382/2101 
f 2101/3310/2053 2149/3382/2101 2099/3308/2051 
f 2152/3373/2104 2158/3383/2110 2153/3374/2105 
f 2158/3383/2110 2152/3373/2104 2151/3372/2103 
f 2159/3384/2111 2158/3383/2110 2151/3372/2103 
f 2150/3371/2102 2160/3385/2112 2161/3386/2113 
f 2161/3386/2113 2151/3372/2103 2150/3371/2102 
f 2151/3372/2103 2161/3386/2113 2162/3387/2114 
f 2162/3387/2114 2159/3384/2111 2151/3372/2103 
f 2159/3384/2111 2162/3387/2114 2163/3388/2115 
f 2158/3383/2110 2159/3384/2111 2163/3388/2115 
f 2158/3383/2110 2163/3388/2115 2164/3389/2116 
f 2158/3383/2110 2164/3389/2116 2153/3374/2105 
f 2153/3374/2105 2164/3389/2116 2165/3390/2117 
f 2165/3390/2117 2154/3375/2106 2153/3374/2105 
f 2154/3375/2106 2165/3390/2117 2166/3391/2118 
f 2166/3391/2118 2155/3376/2107 2154/3375/2106 
f 2155/3377/2107 2166/3392/2118 2167/3393/2119 
f 1619/3394/1629 2167/3393/2119 2166/3392/2118 
f 2166/3392/2118 2168/3395/2120 1619/3394/1629 
f 1619/3394/1629 2168/3395/2120 1620/3396/1630 
f 2169/3397/2121 2165/3390/2117 2164/3389/2116 
f 2164/3389/2116 2163/3388/2115 2169/3397/2121 
f 2170/3398/2122 2169/3397/2121 2163/3388/2115 
f 2169/3397/2121 2170/3398/2122 2171/3399/2123 
f 2171/3399/2123 2168/3400/2120 2169/3397/2121 
f 2165/3390/2117 2169/3397/2121 2168/3400/2120 
f 2168/3400/2120 2166/3391/2118 2165/3390/2117 
f 2171/3399/2123 1620/3401/1630 2168/3400/2120 
f 1620/3401/1630 2171/3399/2123 2172/3402/2124 
f 2172/3402/2124 2171/3399/2123 2170/3398/2122 
f 2172/3402/2124 2170/3398/2122 2173/3403/2125 
f 2163/3388/2115 2173/3403/2125 2170/3398/2122 
f 2163/3388/2115 2162/3387/2114 2173/3403/2125 
f 2174/3404/2126 2173/3403/2125 2162/3387/2114 
f 2162/3387/2114 2175/3405/2127 2174/3404/2126 
f 2176/3406/2128 2174/3404/2126 2175/3405/2127 
f 2175/3405/2127 2177/3407/2129 2176/3406/2128 
f 2178/3408/2130 2176/3406/2128 2177/3407/2129 
f 2177/3407/2129 2179/3409/2131 2178/3408/2130 
f 2180/3410/2132 2178/3408/2130 2179/3409/2131 
f 2179/3409/2131 2181/3411/2133 2180/3410/2132 
f 2182/3412/2134 2180/3410/2132 2181/3411/2133 
f 2181/3411/2133 2183/3413/2135 2182/3412/2134 
f 2183/3413/2135 2181/3411/2133 2184/3414/2136 
f 2184/3414/2136 2185/3415/2137 2183/3413/2135 
f 2173/3403/2125 2174/3404/2126 2172/3402/2124 
f 2186/3416/2138 2172/3402/2124 2174/3404/2126 
f 2174/3404/2126 2176/3406/2128 2186/3416/2138 
f 2187/3417/2139 2186/3416/2138 2176/3406/2128 
f 2176/3406/2128 2178/3408/2130 2187/3417/2139 
f 2188/3418/2140 2187/3417/2139 2178/3408/2130 
f 2178/3408/2130 2180/3410/2132 2188/3418/2140 
f 2189/3419/2141 2188/3418/2140 2180/3410/2132 
f 2180/3410/2132 2182/3412/2134 2189/3419/2141 
f 2188/3418/2140 2189/3419/2141 753/3420/723 
f 2175/3405/2127 2162/3387/2114 2161/3386/2113 
f 2161/3386/2113 2190/3421/2142 2175/3405/2127 
f 2177/3407/2129 2175/3405/2127 2190/3421/2142 
f 2190/3421/2142 2191/3422/2143 2177/3407/2129 
f 2179/3409/2131 2177/3407/2129 2191/3422/2143 
f 2191/3422/2143 2192/3423/2144 2179/3409/2131 
f 2181/3411/2133 2179/3409/2131 2192/3423/2144 
f 2192/3423/2144 2184/3414/2136 2181/3411/2133 
f 2184/3414/2136 2192/3423/2144 2193/3424/2145 
f 2193/3424/2145 2194/3425/2146 2184/3414/2136 
f 2194/3425/2146 2193/3424/2145 2195/3426/2147 
f 2195/3426/2147 2196/3427/2148 2194/3425/2146 
f 2197/3428/2149 2196/3427/2148 2195/3426/2147 
f 2196/3427/2148 2197/3428/2149 2198/3429/2150 
f 2196/3427/2148 2198/3429/2150 2199/3430/2151 
f 2185/3415/2137 2184/3414/2136 2194/3425/2146 
f 2194/3425/2146 2200/3431/2152 2185/3415/2137 
f 2200/3431/2152 2194/3425/2146 2196/3427/2148 
f 2196/3427/2148 2201/3432/2153 2200/3431/2152 
f 2196/3427/2148 2199/3430/2151 2201/3432/2153 
f 2202/3433/2154 2201/3432/2153 2199/3430/2151 
f 2190/3421/2142 2161/3386/2113 2160/3385/2112 
f 2160/3385/2112 2203/3434/2155 2190/3421/2142 
f 2191/3422/2143 2190/3421/2142 2203/3434/2155 
f 2203/3434/2155 2204/3435/2156 2191/3422/2143 
f 2192/3423/2144 2191/3422/2143 2204/3435/2156 
f 2204/3435/2156 2193/3424/2145 2192/3423/2144 
f 2193/3424/2145 2204/3435/2156 2205/3436/2157 
f 2205/3436/2157 2195/3426/2147 2193/3424/2145 
f 2206/3437/2158 2195/3426/2147 2205/3436/2157 
f 2195/3426/2147 2206/3437/2158 2197/3428/2149 
f 2203/3434/2155 2160/3385/2112 2207/3438/2159 
f 2207/3438/2159 2208/3439/2160 2203/3434/2155 
f 2204/3435/2156 2203/3434/2155 2208/3439/2160 
f 2208/3439/2160 2205/3436/2157 2204/3435/2156 
f 2209/3440/2161 2205/3441/2157 2208/3442/2160 
f 2205/3441/2157 2209/3440/2161 2206/3443/2158 
f 2207/3438/2159 2210/3444/2162 2211/3445/2163 
f 2211/3446/2163 2208/3442/2160 2207/3447/2159 
f 2208/3442/2160 2211/3446/2163 2209/3440/2161 
f 2199/3448/2151 2198/3449/2150 2212/3450/2164 
f 2212/3450/2164 2198/3449/2150 2213/3451/2165 
f 2198/3449/2150 2197/3452/2149 2213/3451/2165 
f 2214/3453/2166 2213/3451/2165 2197/3452/2149 
f 2197/3452/2149 2206/3443/2158 2214/3453/2166 
f 779/3454/749 2214/3453/2166 2206/3443/2158 
f 780/3455/750 779/3454/749 2206/3443/2158 
f 2206/3443/2158 2209/3440/2161 780/3455/750 
f 781/3456/751 780/3455/750 2209/3440/2161 
f 2209/3440/2161 2211/3446/2163 781/3456/751 
f 782/3457/752 781/3456/751 2211/3446/2163 
f 2211/3446/2163 2210/3458/2162 782/3457/752 
f 2212/3450/2164 2213/3451/2165 2215/3459/2167 
f 2216/3460/2168 786/3461/756 785/3462/755 
f 2216/3460/2168 2217/3463/2169 2218/3464/2170 
f 2217/3463/2169 2216/3460/2168 2219/3465/2171 
f 2219/3465/2171 2220/3466/2172 2217/3463/2169 
f 2219/3465/2171 2221/3467/2173 2220/3466/2172 
f 2221/3467/2173 2222/3468/2174 2220/3466/2172 
f 2222/3468/2174 2221/3467/2173 2223/3469/2175 
f 2223/3469/2175 2224/3470/2176 2222/3468/2174 
f 2224/3470/2176 2223/3469/2175 2225/3471/2177 
f 2225/3471/2177 2226/3472/2178 2224/3470/2176 
f 2227/3473/2179 2226/3472/2178 2225/3471/2177 
f 2225/3471/2177 2228/3474/2180 2227/3473/2179 
f 2224/3470/2176 2226/3472/2178 2128/3475/2080 
f 2128/3475/2080 2127/3476/2079 2224/3470/2176 
f 2222/3468/2174 2224/3470/2176 2127/3476/2079 
f 2127/3476/2079 2126/3477/2078 2222/3468/2174 
f 2220/3466/2172 2222/3468/2174 2126/3477/2078 
f 2126/3477/2078 2125/3478/2077 2220/3466/2172 
f 2217/3463/2169 2220/3466/2172 2125/3478/2077 
f 2125/3478/2077 2124/3479/2076 2217/3463/2169 
f 2218/3464/2170 2217/3463/2169 2124/3479/2076 
f 2124/3479/2076 2092/3480/2044 2218/3464/2170 
f 2229/3481/2181 2218/3464/2170 2092/3480/2044 
f 2092/3480/2044 2093/3482/2045 2229/3481/2181 
f 800/3483/770 2230/3484/2182 2229/3481/2181 
f 2230/3484/2182 2218/3464/2170 2229/3481/2181 
f 2218/3464/2170 2230/3484/2182 2216/3460/2168 
f 1831/2866/1848 1839/2882/1859 2070/3485/2183 
f 1821/2875/2184 1832/2874/2185 1822/3486/2184 
f 1838/3487/2185 1822/3486/2184 1832/2874/2185 
f 1838/3487/2185 1832/2874/2185 1839/3488/2184 
f 1834/2877/2184 1839/3488/2184 1832/2874/2185 
f 1839/3488/2184 1834/2877/2184 2070/3489/2184 
f 1836/2879/2184 2070/3489/2184 1834/2877/2184 
f 2231/3490/2186 2123/3342/2011 2122/3341/2075 
f 2231/3490/2186 2122/3341/2075 2232/3491/2187 
f 2129/3348/2081 2232/3491/2187 2122/3341/2075 
f 2232/3491/2187 2129/3348/2081 2233/3492/2188 
f 2114/3330/2066 2233/3492/2188 2129/3348/2081 
f 2233/3492/2188 2114/3330/2066 2234/3493/2189 
f 2114/3330/2066 2069/3331/2002 2234/3493/2189 
f 806/1172/778 808/1174/780 2235/3494/2190 
f 806/1172/778 2235/3494/2190 1613/3495/1620 
f 1613/3495/1620 2235/3494/2190 2236/3496/2191 
f 2237/3497/2192 1613/3495/1620 2236/3496/2191 
f 1613/3495/1620 2237/3497/2192 2238/3498/2193 
f 1613/3495/1620 2238/3498/2193 2239/3499/2194 
f 1613/3495/1620 2239/3499/2194 1614/3500/1623 
f 1614/3500/1623 2239/3499/2194 2240/3501/2195 
f 2241/3502/2196 1614/3500/1623 2240/3501/2195 
f 2241/3502/2196 2242/3503/2197 1614/3500/1623 
f 1614/3500/1623 2242/3503/2197 1637/3504/1644 
f 2242/3503/2197 2243/3505/2198 1637/3504/1644 
f 2243/3505/2198 2244/3506/2199 1637/3504/1644 
f 2244/3506/2199 2245/3507/2200 1637/3504/1644 
f 2245/3507/2200 2246/3508/2201 1637/3504/1644 
f 2246/3508/2201 2247/3509/2202 1637/3504/1644 
f 1637/3504/1644 2247/3509/2202 821/1190/793 
f 821/1190/793 644/975/615 1637/3504/1644 
f 2079/3510/2031 1651/2568/1658 1652/2569/1659 
f 1652/2569/1659 2080/3511/2032 2079/3510/2031 
f 2080/3284/2032 1652/3512/1659 1650/3513/1657 
f 1650/3513/1657 2081/3285/2033 2080/3284/2032 
f 2081/3285/2033 1650/3513/1657 1637/3504/1644 
f 644/975/615 2081/3285/2033 1637/3504/1644 
f 822/1195/794 2248/3514/2203 823/1196/795 
f 823/1196/795 1620/2534/1630 825/1198/797 
f 823/1196/795 2248/3514/2203 1620/2534/1630 
f 2248/3514/2203 1617/2530/1627 1620/2534/1630 
f 1617/2530/1627 2248/3514/2203 822/1195/794 
f 822/1195/794 1612/2531/1617 1617/2530/1627 
f 1612/2531/1617 822/1195/794 806/1172/778 
f 806/1172/778 1613/3495/1620 1612/2531/1617 
f 826/1199/798 825/1198/797 1620/2534/1630 
f 2172/3515/2124 826/1199/798 1620/2534/1630 
f 827/1201/799 826/1199/798 2172/3515/2124 
f 2172/3515/2124 2186/3516/2138 827/1201/799 
f 828/1203/800 827/1201/799 2186/3516/2138 
f 2186/3516/2138 2187/3517/2139 828/1203/800 
f 829/1205/434 831/1207/434 2249/3518/434 
f 2250/3519/434 2249/3518/434 831/1207/434 
f 2249/3518/434 2250/3519/434 2251/3520/434 
f 2252/3521/434 2251/3520/434 2250/3519/434 
f 2251/3520/434 2252/3521/434 2253/3522/2204 
f 831/1212/802 836/1214/804 2250/3523/2205 
f 2254/3524/2206 2250/3523/2205 836/1214/804 
f 2250/3523/2205 2254/3524/2206 2252/3525/2205 
f 2255/3526/2206 2252/3525/2205 2254/3524/2206 
f 2252/3525/2205 2255/3526/2206 2256/3527/2207 
f 2257/3528/2208 2256/3527/2207 2255/3526/2206 
f 2256/3527/2207 2257/3528/2208 2258/3529/2209 
f 2259/3530/2210 2258/3529/2209 2257/3528/2208 
f 2256/3531/2204 2253/3522/2204 2252/3521/434 
f 2253/3522/2204 2256/3531/2204 2260/3532/2211 
f 2258/3533/2211 2260/3532/2211 2256/3531/2204 
f 2260/3532/2211 2258/3533/2211 2261/3534/2212 
f 2262/3535/2212 2261/3534/2212 2258/3533/2211 
f 2258/3529/2209 2259/3530/2210 2262/3536/2213 
f 2263/3537/2214 2262/3536/2213 2259/3530/2210 
f 2262/3536/2213 2263/3537/2214 2264/3538/2215 
f 2265/3539/2216 2264/3538/2215 2263/3537/2214 
f 2266/3540/2217 2267/3541/2218 2265/3542/2219 
f 2267/3541/2218 2266/3540/2217 2268/3543/2220 
f 2268/3543/2220 2266/3540/2217 2269/3544/2221 
f 2269/3544/2221 2270/3545/2222 2268/3543/2220 
f 2270/3545/2222 2269/3544/2221 2271/3546/2223 
f 2271/3546/2223 2272/3547/2224 2270/3545/2222 
f 2272/3547/2224 2271/3546/2223 2273/3548/2225 
f 2273/3548/2225 2274/3549/2226 2272/3547/2224 
f 2274/3549/2226 2273/3548/2225 858/1241/826 
f 858/1241/826 859/1242/827 2274/3549/2226 
f 860/1243/828 2274/3549/2226 859/1242/827 
f 2268/3543/2220 2275/3550/2227 2267/3541/2218 
f 2275/3550/2227 2268/3543/2220 2270/3545/2222 
f 2276/3551/2228 2275/3550/2227 2270/3545/2222 
f 2276/3551/2228 2270/3545/2222 2272/3547/2224 
f 2272/3547/2224 2277/3552/2228 2276/3551/2228 
f 2277/3552/2228 2272/3547/2224 2274/3549/2226 
f 2274/3549/2226 2278/3553/2228 2277/3552/2228 
f 2274/3549/2226 860/1243/828 2278/3553/2228 
f 1855/2908/1879 1878/3554/2229 431/1248/434 
f 431/1248/434 409/580/434 1855/2908/1879 
f 1897/3555/378 1909/3556/2230 1896/3557/2231 
f 2279/3558/2232 1902/3559/2232 2280/3560/2232 
f 1902/3559/2232 2279/3558/2232 1904/3561/2232 
f 2281/3562/2232 1904/3561/2232 2279/3558/2232 
f 1904/3561/2232 2281/3562/2232 1906/3563/2232 
f 2282/3564/2232 1906/3563/2232 2281/3562/2232 
f 1906/3563/2232 2282/3564/2232 1908/3565/2232 
f 2283/3566/2232 1908/3565/2232 2282/3564/2232 
f 1908/3565/2232 2283/3566/2232 1910/3567/2232 
f 1909/3556/2230 1910/3568/2233 1896/3557/2231 
f 1896/2969/1927 1910/3569/2234 1894/2967/1925 
f 2283/3570/2235 1894/2967/1925 1910/3569/2234 
f 1894/2967/1925 2283/3570/2235 1892/2965/1923 
f 2282/3571/2236 1892/2965/1923 2283/3570/2235 
f 1892/2965/1923 2282/3571/2236 1890/2963/1921 
f 2281/3572/2237 1890/2963/1921 2282/3571/2236 
f 1890/2963/1921 2281/3572/2237 1888/2961/1919 
f 2279/3573/2238 1888/2961/1919 2281/3572/2237 
f 1888/2961/1919 2279/3573/2238 1886/2957/1915 
f 2280/3574/2239 1886/2957/1915 2279/3573/2238 
f 1886/2957/1915 2280/3574/2239 1883/2958/1916 
f 2284/3575/2240 1883/2958/1916 2280/3574/2239 
f 1883/2954/1913 2284/3576/2241 1885/2956/1914 
f 1898/3577/2241 1885/2956/1914 2284/3576/2241 
f 1898/3578/2232 2284/3579/2232 1900/3580/2232 
f 2280/3560/2232 1900/3580/2232 2284/3579/2232 
f 1900/3580/2232 2280/3560/2232 1902/3559/2232 
f 871/1276/464 873/1278/464 2285/3581/464 
f 874/3582/2242 876/3583/2243 2286/3584/2244 
f 2287/3585/2245 874/3582/2242 2286/3584/2244 
f 873/3586/2246 874/3582/2242 2287/3585/2245 
f 2285/3587/2247 873/3586/2246 2287/3585/2245 
f 2287/3585/2245 2288/3588/2248 2285/3587/2247 
f 2287/3585/2245 2289/3589/2249 2288/3588/2248 
f 2289/3589/2249 880/3590/2250 2288/3588/2248 
f 880/3590/2250 881/3591/2251 2288/3588/2248 
f 2288/3588/2248 881/3591/2251 2285/3587/2247 
f 881/3591/2251 871/3592/2252 2285/3587/2247 
f 2287/3585/2245 2286/3584/2244 2289/3589/2249 
f 1928/3593/1969 2290/3594/2253 2291/3595/2254 
f 2290/3594/2253 1928/3593/1969 1929/3596/1970 
f 1929/3596/1970 2292/3597/2255 2290/3594/2253 
f 2292/3597/2255 1929/3596/1970 1930/3598/1971 
f 1930/3598/1971 2293/3599/2256 2292/3597/2255 
f 2293/3599/2256 1930/3598/1971 1931/3600/1972 
f 1931/3600/1972 2294/3601/2257 2293/3599/2256 
f 2294/3601/2257 1931/3600/1972 1932/3602/1973 
f 1932/3602/1973 2295/3603/2258 2294/3601/2257 
f 2295/3603/2258 1932/3602/1973 1933/3604/1974 
f 1933/3604/1974 2296/3605/2259 2295/3603/2258 
f 2296/3605/2259 1933/3604/1974 1935/3033/1976 
f 1935/3033/1976 2297/3606/2260 2296/3605/2259 
f 2297/3606/2260 1935/3033/1976 1937/3036/1978 
f 1937/3036/1978 2291/3595/2254 2297/3606/2260 
f 2291/3595/2254 1937/3036/1978 1928/3593/1969 
f 2298/3607/2261 2299/3608/869 2300/3609/2262 
f 2298/3610/2261 2300/3611/2262 2301/3612/867 
f 2298/3610/2261 2301/3612/867 2302/3613/865 
f 2298/3614/2261 2302/3615/865 2303/3616/866 
f 2298/3614/2261 2303/3616/866 2304/3617/872 
f 2298/3618/2261 2304/3619/872 2305/3620/871 
f 2298/3618/2261 2305/3620/871 2306/3621/870 
f 2298/3607/2261 2306/3622/870 2299/3608/869 
f 1976/3623/1969 2307/3624/2263 2308/3625/2254 
f 2307/3624/2263 1976/3623/1969 1977/3626/1970 
f 1977/3626/1970 2309/3627/2255 2307/3624/2263 
f 2309/3627/2255 1977/3626/1970 1978/3628/1971 
f 1978/3628/1971 2310/3629/2256 2309/3627/2255 
f 2310/3629/2256 1978/3628/1971 1979/3630/1972 
f 1979/3630/1972 2311/3631/2264 2310/3629/2256 
f 2311/3631/2264 1979/3630/1972 1980/3632/1973 
f 1980/3632/1973 2312/3633/2265 2311/3631/2264 
f 2312/3633/2265 1980/3632/1973 1981/3634/2000 
f 1981/3634/2000 2313/3635/2266 2312/3633/2265 
f 2313/3635/2266 1981/3634/2000 1983/3114/1976 
f 1983/3114/1976 2314/3636/2267 2313/3635/2266 
f 2314/3636/2267 1983/3114/1976 1985/3117/1978 
f 1985/3117/1978 2308/3625/2254 2314/3636/2267 
f 2308/3625/2254 1985/3117/1978 1976/3623/1969 
f 2315/3637/2268 2316/3638/2268 2317/3639/2269 
f 2318/3640/2270 2317/3639/2269 2316/3638/2268 
f 2317/3639/2269 2318/3640/2270 2319/3641/2271 
f 2320/3642/2271 2319/3641/2271 2318/3640/2270 
f 2321/3643/2272 2319/3641/2271 2320/3642/2271 
f 2322/3644/1591 2319/3641/2271 2321/3643/2272 
f 2321/3643/2272 2323/3645/2273 2322/3644/1591 
f 2321/3643/2272 2324/3646/2274 2323/3645/2273 
f 2324/3646/2274 2321/3643/2272 2325/3647/2275 
f 2325/3647/2275 2326/3648/2276 2324/3646/2274 
f 2325/3647/2275 2327/3649/2277 2326/3648/2276 
f 2327/3649/2277 2325/3647/2275 2328/3650/2278 
f 2327/3649/2277 2328/3650/2278 2329/3651/1605 
f 2330/3652/1635 2331/3653/1635 2332/3654/1635 
f 2332/3654/1635 2333/3655/2279 2330/3652/1635 
f 2333/3655/2279 2332/3654/1635 2334/3656/2280 
f 2333/3655/2279 2334/3656/2280 2335/3657/2281 
f 2333/3655/2279 2335/3657/2281 2336/3658/1631 
f 2333/3655/2279 2336/3658/1631 2337/3659/1631 
f 2333/3655/2279 2337/3659/1631 2325/3647/2275 
f 2328/3650/2278 2325/3647/2275 2337/3659/1631 
f 1636/3660/2282 2316/3661/2283 1593/3662/2283 
f 2315/3663/2283 1593/3662/2283 2316/3661/2283 
f 1634/3664/2284 2320/3665/2284 1635/3666/2284 
f 2318/3667/2284 1635/3666/2284 2320/3665/2284 
f 1635/3666/2284 2318/3667/2284 1636/3668/2284 
f 2316/3669/2284 1636/3668/2284 2318/3667/2284 
f 1593/3670/2285 2315/3671/2286 1594/3672/2286 
f 2317/3673/2287 1594/3672/2286 2315/3671/2286 
f 1594/3672/2286 2317/3673/2287 1595/3674/2287 
f 2319/3675/2287 1595/3674/2287 2317/3673/2287 
f 1621/3676/2288 2336/3677/2289 1622/3678/2290 
f 2335/3679/2291 1622/3678/2290 2336/3677/2289 
f 1622/3678/2290 2335/3679/2291 1624/3680/2292 
f 2334/3681/2293 1624/3680/2292 2335/3679/2291 
f 1624/3680/2292 2334/3681/2293 1625/3682/2294 
f 2332/3683/2295 1625/3682/2294 2334/3681/2293 
f 1625/3682/2294 2332/3683/2295 1627/3684/2296 
f 2331/3685/2297 1627/3684/2296 2332/3683/2295 
f 1627/3686/2296 2331/3687/2297 1628/3688/2298 
f 2330/3689/2299 1628/3688/2298 2331/3687/2297 
f 1628/3688/2298 2330/3689/2299 1630/3690/2300 
f 2333/3691/2301 1630/3690/2300 2330/3689/2299 
f 1630/3690/2300 2333/3691/2301 1631/3692/2302 
f 2325/3693/2303 1631/3692/2302 2333/3691/2301 
f 1631/3692/2302 2325/3693/2303 1632/3694/2304 
f 2321/3695/2305 1632/3694/2304 2325/3693/2303 
f 1632/3694/2304 2321/3695/2305 1634/3664/2306 
f 2320/3665/2306 1634/3664/2306 2321/3695/2305 
f 1595/3696/2307 2319/3697/2307 1596/3698/2308 
f 2322/3699/2309 1596/3698/2308 2319/3697/2307 
f 1596/3698/2308 2322/3699/2309 1597/3700/2310 
f 2323/3701/2311 1597/3700/2310 2322/3699/2309 
f 1597/3700/2310 2323/3701/2311 1598/3702/2312 
f 2324/3703/2313 1598/3702/2312 2323/3701/2311 
f 1598/3704/2312 2324/3705/2313 1599/3706/2314 
f 2326/3707/2315 1599/3706/2314 2324/3705/2313 
f 1599/3706/2314 2326/3707/2315 1601/3708/2316 
f 2327/3709/2317 1601/3708/2316 2326/3707/2315 
f 1601/3708/2316 2327/3709/2317 1604/3710/2318 
f 2329/3711/2319 1604/3710/2318 2327/3709/2317 
f 1604/3710/2318 2329/3711/2319 1687/3712/2320 
f 2328/3713/2320 1687/3712/2320 2329/3711/2319 
f 1687/3712/2320 2328/3713/2320 1688/3714/2321 
f 2337/3715/2322 1688/3714/2321 2328/3713/2320 
f 1688/3714/2321 2337/3715/2322 1621/3716/2288 
f 2336/3717/2289 1621/3716/2288 2337/3715/2322 
f 2024/3718/1969 2338/3719/2323 2339/3720/2254 
f 2338/3719/2323 2024/3718/1969 2025/3721/1970 
f 2025/3721/1970 2340/3722/2255 2338/3719/2323 
f 2340/3722/2255 2025/3721/1970 2026/3723/2001 
f 2026/3723/2001 2341/3724/2256 2340/3722/2255 
f 2341/3724/2256 2026/3723/2001 2027/3725/1972 
f 2027/3725/1972 2342/3726/2264 2341/3724/2256 
f 2342/3726/2264 2027/3725/1972 2028/3727/1973 
f 2028/3727/1973 2343/3728/2265 2342/3726/2264 
f 2343/3728/2265 2028/3727/1973 2029/3729/2000 
f 2029/3729/2000 2344/3730/2266 2343/3728/2265 
f 2344/3730/2266 2029/3729/2000 2031/3195/1976 
f 2031/3195/1976 2345/3731/2260 2344/3730/2266 
f 2345/3731/2260 2031/3195/1976 2033/3198/1978 
f 2033/3198/1978 2339/3720/2254 2345/3731/2260 
f 2339/3720/2254 2033/3198/1978 2024/3718/1969 
f 2123/3732/932 2065/3733/934 2066/3734/933 
f 2066/3734/933 2121/3735/935 2123/3732/932 
f 2121/3735/935 2066/3734/933 2064/3736/440 
f 2064/3736/440 2119/3737/440 2121/3735/935 
f 2069/3738/582 2055/3739/581 2057/3740/936 
f 2057/3740/936 2234/3741/937 2069/3738/582 
f 2234/3741/937 2057/3740/936 2060/3742/464 
f 2060/3742/464 2233/3743/464 2234/3741/937 
f 2233/3743/464 2060/3742/464 2061/3744/464 
f 2061/3744/464 2232/3745/464 2233/3743/464 
f 2232/3745/464 2061/3744/464 2063/3746/938 
f 2063/3746/938 2231/3747/939 2232/3745/464 
f 2231/3747/939 2063/3746/938 2065/3748/934 
f 2065/3748/934 2123/3749/932 2231/3747/939 
f 2119/3750/413 2064/3751/413 2062/3752/413 
f 2062/3752/413 2117/3753/413 2119/3750/413 
f 2117/3753/413 2062/3752/413 2059/3754/413 
f 2059/3754/413 2116/3755/413 2117/3753/413 
f 2116/3755/413 2059/3754/413 2058/3756/413 
f 2058/3756/413 2067/3757/413 2116/3755/413 
f 2346/3758/2324 1609/3759/2324 2347/3760/2324 
f 1608/3761/2324 2347/3760/2324 1609/3759/2324 
f 2347/3760/2324 1608/3761/2324 2348/3762/2324 
f 1607/3763/2324 2348/3762/2324 1608/3761/2324 
f 2348/3762/2324 1607/3763/2324 2349/3764/2324 
f 1606/3765/2324 2349/3764/2324 1607/3763/2324 
f 942/1463/941 944/1465/943 2350/3766/2325 
f 945/1466/944 947/1468/464 2351/3767/2326 
f 2351/3767/2326 2350/3766/2325 2352/3768/2327 
f 2353/3769/2328 2352/3768/2327 2350/3766/2325 
f 2350/3766/2325 2354/3770/2329 2353/3769/2328 
f 2355/3771/2330 2353/3769/2328 2354/3770/2329 
f 2354/3770/2329 2247/3772/2202 2355/3771/2330 
f 2247/3772/2202 2354/3770/2329 821/1474/793 
f 2356/3773/2331 2355/3771/2330 2247/3772/2202 
f 2356/3774/2331 2246/3775/2201 2357/3776/2332 
f 2245/3777/2200 2357/3776/2332 2246/3775/2201 
f 2245/3778/2200 2244/3779/2199 2357/3780/2332 
f 2358/3781/2333 2357/3780/2332 2244/3779/2199 
f 2353/3769/2328 2355/3771/2330 2359/3782/2334 
f 2360/3783/2335 2359/3782/2334 2355/3771/2330 
f 2355/3771/2330 2356/3773/2331 2360/3783/2335 
f 957/1489/955 959/1491/955 2361/3784/2336 
f 2361/3784/2336 2351/3767/2326 2362/3785/2337 
f 2352/3768/2327 2362/3785/2337 2351/3767/2326 
f 2362/3786/2337 2352/3787/2327 2363/3788/2338 
f 2364/3789/2339 2363/3788/2338 2352/3787/2327 
f 2363/3790/2338 2364/3791/2339 2365/3792/2340 
f 2366/3793/2341 2365/3792/2340 2364/3791/2339 
f 2365/3792/2340 2366/3793/2341 2367/3794/2342 
f 2368/3795/2343 2367/3794/2342 2366/3793/2341 
f 2369/3796/2344 2370/3797/2345 2371/3798/2346 
f 2372/3799/2347 2371/3798/2346 2370/3797/2345 
f 2371/3800/2346 2372/3801/2347 2373/3802/2348 
f 2374/3803/2349 2373/3802/2348 2372/3801/2347 
f 2375/3804/2350 2363/3805/2350 2376/3806/2351 
f 2365/3807/2351 2376/3806/2351 2363/3805/2350 
f 2376/3806/2351 2365/3807/2351 2377/3808/2352 
f 2367/3809/2352 2377/3808/2352 2365/3807/2351 
f 2377/3808/2352 2367/3809/2352 2378/3810/2353 
f 2369/3811/2353 2378/3810/2353 2367/3809/2352 
f 2378/3812/2353 2369/3813/2353 2379/3814/2354 
f 978/1522/975 980/1524/975 2380/3815/2355 
f 2380/3815/2355 2361/3816/2355 2381/3817/2356 
f 2362/3818/2356 2381/3817/2356 2361/3816/2355 
f 2381/3819/2356 2362/3820/2356 2375/3821/2350 
f 2363/3822/2350 2375/3821/2350 2362/3820/2356 
f 2167/3393/2119 2382/3823/2357 2155/3377/2107 
f 2156/3378/2108 2155/3377/2107 2382/3823/2357 
f 2382/3823/2357 2383/3824/2358 2156/3378/2108 
f 2157/3381/2109 2156/3378/2108 2383/3824/2358 
f 2383/3824/2358 2384/3825/2359 2157/3381/2109 
f 2099/3308/2051 2157/3381/2109 2384/3825/2359 
f 2384/3825/2359 2385/3826/2360 2099/3308/2051 
f 2100/3309/2052 2099/3308/2051 2385/3826/2360 
f 2385/3826/2360 2386/3827/2361 2100/3309/2052 
f 2103/3312/2055 2100/3309/2052 2386/3827/2361 
f 2386/3827/2361 2387/3828/2362 2103/3312/2055 
f 2105/3829/2057 2103/3312/2055 2387/3828/2362 
f 2387/3828/2362 2388/3830/2363 2105/3829/2057 
f 2111/3831/2063 2105/3829/2057 2388/3830/2363 
f 2388/3832/2363 2389/3833/2364 2111/3834/2063 
f 2108/3835/2060 2111/3834/2063 2389/3833/2364 
f 2106/3836/2058 2111/3834/2063 2108/3835/2060 
f 990/1553/464 992/1555/464 2390/3837/2365 
f 993/1556/988 995/1558/413 2391/3838/2366 
f 2391/3838/2366 2380/3815/1004 2392/3839/2367 
f 2381/3817/1005 2392/3839/2367 2380/3815/1004 
f 2392/3839/2367 2381/3817/1005 2393/3840/2368 
f 2375/3841/1006 2393/3840/2368 2381/3817/1005 
f 2393/3842/2368 2375/3804/1006 2394/3843/2369 
f 2376/3806/1007 2394/3843/2369 2375/3804/1006 
f 2394/3843/2369 2376/3806/1007 2395/3844/2370 
f 2377/3808/2371 2395/3844/2370 2376/3806/1007 
f 2392/3839/2367 1000/1565/440 2391/3838/2366 
f 2393/3840/2368 1000/1565/440 2392/3839/2367 
f 2394/3843/2369 1000/3845/440 2393/3842/2368 
f 2395/3844/2370 1000/3845/440 2394/3843/2369 
f 2395/3844/2370 2377/3808/2371 2396/3846/2372 
f 2378/3810/2373 2396/3846/2372 2377/3808/2371 
f 2396/3847/2372 2378/3848/2373 2397/3849/2374 
f 2379/3850/2375 2397/3849/2374 2378/3848/2373 
f 2397/3849/2374 2379/3850/2375 2398/3851/2376 
f 2390/3837/2365 2398/3851/2376 2379/3850/2375 
f 2396/3846/2372 1000/3845/440 2395/3844/2370 
f 2397/3849/2374 1000/1573/440 2396/3847/2372 
f 2398/3851/2376 1000/1573/440 2397/3849/2374 
f 2399/3509/991 2400/3852/991 2401/3853/992 
f 1007/1576/413 1008/1577/413 2400/3852/991 
f 1009/1578/413 1011/1580/413 2402/3854/991 
f 2402/3854/991 2374/3803/2349 2403/3855/992 
f 2372/3801/2347 2403/3855/992 2374/3803/2349 
f 2403/3855/992 2372/3801/2347 2404/3856/994 
f 2370/3857/2345 2404/3856/994 2372/3801/2347 
f 2368/3795/2343 2405/3858/2377 2370/3859/2345 
f 2366/3793/2341 2406/3860/2378 2368/3795/2343 
f 2405/3858/2377 2368/3795/2343 2406/3860/2378 
f 2407/3861/358 2405/3858/2377 2406/3860/2378 
f 2406/3860/2378 2408/3862/2379 2407/3861/358 
f 2408/3862/2379 2406/3860/2378 2360/3863/2335 
f 2359/3864/2334 2360/3863/2335 2406/3860/2378 
f 2406/3860/2378 2366/3793/2341 2359/3864/2334 
f 2364/3791/2339 2359/3864/2334 2366/3793/2341 
f 2359/3782/2334 2364/3865/2339 2353/3769/2328 
f 2352/3768/2327 2353/3769/2328 2364/3865/2339 
f 2358/3781/2333 2408/3862/2379 2357/3780/2332 
f 2360/3863/2335 2357/3780/2332 2408/3862/2379 
f 2404/3866/994 2370/3859/2345 2405/3858/2377 
f 2405/3858/2377 2409/3867/2377 2404/3866/994 
f 2409/3867/2377 2405/3858/2377 2407/3861/358 
f 2410/3868/358 2409/3867/2377 2407/3861/358 
f 2410/3868/358 2407/3861/358 2408/3862/2379 
f 2411/3869/358 2410/3868/358 2408/3862/2379 
f 2408/3862/2379 2358/3781/2333 2411/3869/358 
f 2412/3870/358 2411/3869/358 2358/3781/2333 
f 2244/3779/2199 2412/3870/358 2358/3781/2333 
f 2243/3871/2198 2412/3870/358 2244/3779/2199 
f 2243/3871/2198 2242/3872/2197 2412/3870/358 
f 2412/3870/358 2242/3872/2197 2413/3873/2380 
f 2413/3873/2380 2242/3872/2197 2414/3874/2381 
f 2414/3874/2381 2415/3875/2382 2413/3873/2380 
f 2414/3874/2381 2240/3876/2195 2415/3875/2382 
f 2415/3875/2382 2240/3876/2195 2416/3877/2383 
f 2417/3878/2384 2416/3877/2383 2240/3876/2195 
f 2416/3877/2383 2417/3878/2384 2418/3879/2385 
f 2419/3880/358 2410/3868/358 2411/3869/358 
f 2412/3870/358 2419/3880/358 2411/3869/358 
f 2419/3880/358 2412/3870/358 2413/3873/2380 
f 2414/3874/2381 2242/3872/2197 2241/3881/2196 
f 2241/3881/2196 2240/3876/2195 2414/3874/2381 
f 2418/3879/2385 2420/3882/2386 2416/3877/2383 
f 2420/3883/2386 2418/3884/2385 2421/3885/2387 
f 2422/3886/2388 2421/3885/2387 2418/3884/2385 
f 2421/3885/2387 2423/3887/2389 2420/3883/2386 
f 2424/3888/2390 2417/3878/2384 2425/3889/2391 
f 2424/3888/2390 2418/3879/2385 2417/3878/2384 
f 2418/3884/2385 2424/3890/2390 2422/3886/2388 
f 2426/3891/2392 2422/3886/2388 2424/3890/2390 
f 2424/3890/2390 2425/3892/2391 2426/3891/2392 
f 2427/3893/2393 2426/3894/2392 2425/3889/2391 
f 2425/3889/2391 2237/3895/2192 2427/3893/2393 
f 2236/3896/2191 2427/3893/2393 2237/3895/2192 
f 2417/3878/2384 2240/3876/2195 2239/3897/2194 
f 2417/3878/2384 2239/3897/2194 2238/3898/2193 
f 2425/3889/2391 2417/3878/2384 2238/3898/2193 
f 2425/3889/2391 2238/3898/2193 2237/3895/2192 
f 2403/3855/992 2428/3899/992 2402/3854/991 
f 2428/3899/992 2403/3855/992 2429/3900/994 
f 2404/3856/994 2429/3900/994 2403/3855/992 
f 2429/3901/994 2404/3866/994 2409/3867/2377 
f 2409/3867/2377 2430/3902/2377 2429/3901/994 
f 2430/3902/2377 2409/3867/2377 2410/3868/358 
f 2431/3903/2394 2430/3902/2377 2410/3868/358 
f 2419/3880/358 2431/3903/2394 2410/3868/358 
f 2432/3904/2380 2431/3903/2394 2419/3880/358 
f 2413/3873/2380 2432/3904/2380 2419/3880/358 
f 2432/3904/2380 2413/3873/2380 2415/3875/2382 
f 2415/3875/2382 2416/3877/2383 2432/3904/2380 
f 2433/3905/2395 2432/3904/2380 2416/3877/2383 
f 2433/3905/2395 2416/3877/2383 2420/3882/2386 
f 2420/3882/2386 2434/3906/2396 2433/3905/2395 
f 2434/3907/2396 2420/3883/2386 2423/3887/2389 
f 2423/3887/2389 2401/3853/992 2434/3907/2396 
f 2401/3853/992 2423/3887/2389 2399/3509/991 
f 2429/3900/994 2435/3908/994 2428/3899/992 
f 2435/3909/994 2429/3901/994 2430/3902/2377 
f 2430/3902/2377 2431/3903/2394 2435/3909/994 
f 2400/3852/991 2402/3854/991 2428/3899/992 
f 2428/3899/992 2401/3853/992 2400/3852/991 
f 2401/3853/992 2428/3899/992 2435/3908/994 
f 2435/3908/994 2434/3907/2396 2401/3853/992 
f 2434/3906/2396 2435/3909/994 2431/3903/2394 
f 2431/3903/2394 2433/3905/2395 2434/3906/2396 
f 2433/3905/2395 2431/3903/2394 2432/3904/2380 
f 1045/1629/413 1046/1630/413 2399/3509/991 
f 2436/3910/2397 2399/3509/991 2423/3887/2389 
f 2423/3887/2389 2421/3885/2387 2436/3910/2397 
f 2437/3911/2398 2436/3910/2397 2421/3885/2387 
f 2421/3885/2387 2422/3886/2388 2437/3911/2398 
f 2438/3912/2399 2437/3911/2398 2422/3886/2388 
f 2422/3886/2388 2426/3891/2392 2438/3912/2399 
f 2439/3913/2400 2438/3912/2399 2426/3891/2392 
f 2426/3891/2392 2427/3914/2393 2439/3913/2400 
f 2440/3915/2401 2439/3913/2400 2427/3914/2393 
f 2427/3914/2393 2236/3496/2191 2440/3915/2401 
f 2235/3494/2190 2440/3915/2401 2236/3496/2191 
f 2235/3494/2190 808/1174/780 2440/3915/2401 
f 1052/1640/1032 1053/1641/413 2436/3910/2397 
f 1054/1642/1033 1055/1643/1034 2437/3911/2398 
f 1056/1644/1035 1057/1645/1036 2438/3912/2399 
f 1058/1646/1037 1059/1647/1038 2439/3913/2400 
f 1060/1648/1039 1061/1649/1040 2440/3915/2401 
f 2441/3916/2402 2383/3824/2358 2442/3917/2403 
f 2443/3918/2404 2441/3916/2402 2442/3917/2403 
f 2444/3919/2405 2445/3920/2406 2446/3921/2407 
f 2446/3921/2407 2447/3922/2408 2444/3919/2405 
f 2448/3923/2409 2444/3919/2405 2447/3922/2408 
f 2447/3922/2408 2443/3918/2404 2448/3923/2409 
f 1611/3924/1615 2448/3923/2409 2443/3918/2404 
f 2443/3918/2404 2442/3917/2403 1611/3924/1615 
f 1615/3925/1625 1611/3924/1615 2442/3917/2403 
f 1616/3926/1626 1615/3925/1625 2442/3917/2403 
f 2442/3917/2403 2382/3823/2357 1616/3926/1626 
f 2383/3824/2358 2382/3823/2357 2442/3917/2403 
f 1618/3927/1628 2167/3393/2119 1619/3394/1629 
f 1618/3927/1628 1616/3926/1626 2167/3393/2119 
f 2382/3823/2357 2167/3393/2119 1616/3926/1626 
f 2449/3928/2410 2384/3825/2359 2383/3824/2358 
f 2449/3928/2410 2383/3824/2358 2441/3916/2402 
f 2450/3929/2411 2449/3928/2410 2441/3916/2402 
f 2441/3916/2402 2443/3918/2404 2450/3929/2411 
f 2451/3930/2412 2450/3929/2411 2443/3918/2404 
f 2447/3922/2408 2451/3930/2412 2443/3918/2404 
f 2452/3931/2413 2451/3930/2412 2447/3922/2408 
f 2447/3922/2408 2446/3921/2407 2452/3931/2413 
f 2453/3932/2414 2452/3931/2413 2446/3921/2407 
f 2446/3921/2407 2454/3933/2415 2453/3932/2414 
f 2455/3934/2416 2453/3932/2414 2454/3933/2415 
f 2454/3933/2415 2456/3935/2417 2455/3934/2416 
f 2457/3936/2418 2455/3934/2416 2456/3935/2417 
f 2456/3935/2417 2458/3937/2419 2457/3936/2418 
f 2458/3937/2419 2456/3935/2417 2459/3938/2420 
f 2460/3939/2421 2458/3937/2419 2459/3938/2420 
f 2461/3940/2422 2446/3921/2407 2462/3941/2423 
f 2454/3933/2415 2446/3921/2407 2461/3940/2422 
f 2463/3942/2424 2454/3933/2415 2461/3940/2422 
f 2456/3935/2417 2454/3933/2415 2463/3942/2424 
f 2459/3938/2420 2456/3935/2417 2463/3942/2424 
f 2464/3943/2425 2465/3944/2426 2460/3939/2421 
f 2465/3944/2426 2458/3937/2419 2460/3939/2421 
f 2458/3937/2419 2465/3944/2426 2466/3945/2427 
f 2466/3945/2427 2457/3936/2418 2458/3937/2419 
f 2457/3936/2418 2466/3945/2427 2467/3946/2428 
f 2467/3946/2428 2468/3947/2429 2457/3936/2418 
f 2455/3934/2416 2457/3936/2418 2468/3947/2429 
f 2468/3947/2429 2469/3948/2430 2455/3934/2416 
f 2453/3932/2414 2455/3934/2416 2469/3948/2430 
f 2469/3948/2430 2470/3949/2431 2453/3932/2414 
f 2452/3931/2413 2453/3932/2414 2470/3949/2431 
f 2470/3949/2431 2471/3950/2432 2452/3931/2413 
f 2451/3930/2412 2452/3931/2413 2471/3950/2432 
f 2471/3950/2432 2472/3951/2433 2451/3930/2412 
f 2450/3929/2411 2451/3930/2412 2472/3951/2433 
f 2472/3951/2433 2473/3952/2434 2450/3929/2411 
f 2449/3928/2410 2450/3929/2411 2473/3952/2434 
f 2473/3952/2434 2474/3953/2435 2449/3928/2410 
f 2384/3825/2359 2449/3928/2410 2474/3953/2435 
f 2474/3953/2435 2385/3826/2360 2384/3825/2359 
f 2473/3952/2434 2472/3951/2433 2475/3954/2436 
f 2475/3954/2436 2476/3955/2437 2473/3952/2434 
f 2474/3953/2435 2473/3952/2434 2476/3955/2437 
f 2476/3955/2437 2477/3956/2438 2474/3953/2435 
f 2385/3826/2360 2474/3953/2435 2477/3956/2438 
f 2477/3956/2438 2386/3827/2361 2385/3826/2360 
f 2478/3957/2439 2479/3958/2440 2464/3943/2425 
f 2479/3958/2440 2465/3944/2426 2464/3943/2425 
f 2465/3944/2426 2479/3958/2440 2480/3959/2441 
f 2480/3959/2441 2466/3945/2427 2465/3944/2426 
f 2466/3945/2427 2480/3959/2441 2481/3960/2442 
f 2481/3960/2442 2467/3946/2428 2466/3945/2427 
f 2467/3946/2428 2481/3960/2442 2482/3961/2443 
f 2482/3961/2443 2483/3962/2444 2467/3946/2428 
f 2468/3947/2429 2467/3946/2428 2483/3962/2444 
f 2483/3962/2444 2484/3963/2445 2468/3947/2429 
f 2469/3948/2430 2468/3947/2429 2484/3963/2445 
f 2484/3963/2445 2485/3964/2446 2469/3948/2430 
f 2470/3949/2431 2469/3948/2430 2485/3964/2446 
f 2485/3964/2446 2486/3965/2447 2470/3949/2431 
f 2471/3950/2432 2470/3949/2431 2486/3965/2447 
f 2486/3965/2447 2487/3966/2448 2471/3950/2432 
f 2472/3951/2433 2471/3950/2432 2487/3966/2448 
f 2475/3954/2436 2472/3951/2433 2487/3966/2448 
f 2488/3967/2449 2479/3958/2440 2478/3957/2439 
f 2479/3958/2440 2488/3967/2449 2489/3968/2450 
f 2489/3968/2450 2480/3959/2441 2479/3958/2440 
f 2480/3959/2441 2489/3968/2450 2490/3969/2451 
f 2490/3969/2451 2481/3960/2442 2480/3959/2441 
f 2481/3960/2442 2490/3969/2451 2491/3970/2452 
f 2491/3970/2452 2482/3961/2443 2481/3960/2442 
f 2482/3961/2443 2491/3970/2452 2492/3971/2453 
f 2492/3971/2453 2493/3972/2454 2482/3961/2443 
f 2483/3962/2444 2482/3961/2443 2493/3972/2454 
f 2493/3972/2454 2494/3973/2455 2483/3962/2444 
f 2484/3963/2445 2483/3962/2444 2494/3973/2455 
f 2494/3973/2455 2495/3974/2456 2484/3963/2445 
f 2485/3964/2446 2484/3963/2445 2495/3974/2456 
f 2495/3974/2456 2496/3975/2457 2485/3964/2446 
f 2486/3965/2447 2485/3964/2446 2496/3975/2457 
f 2496/3975/2457 2497/3976/2458 2486/3965/2447 
f 2487/3966/2448 2486/3965/2447 2497/3976/2458 
f 2498/3977/2459 2499/3978/2460 2500/3979/2461 
f 2500/3979/2461 2497/3976/2458 2498/3977/2459 
f 2501/3980/2462 2498/3977/2459 2497/3976/2458 
f 2497/3976/2458 2496/3975/2457 2501/3980/2462 
f 2502/3981/2463 2501/3980/2462 2496/3975/2457 
f 2496/3975/2457 2495/3974/2456 2502/3981/2463 
f 2503/3982/2464 2502/3981/2463 2495/3974/2456 
f 2495/3974/2456 2494/3973/2455 2503/3982/2464 
f 2504/3983/2465 2503/3982/2464 2494/3973/2455 
f 2494/3973/2455 2493/3972/2454 2504/3983/2465 
f 2505/3984/2466 2504/3983/2465 2493/3972/2454 
f 2493/3972/2454 2492/3971/2453 2505/3984/2466 
f 2506/3985/2467 2505/3984/2466 2492/3971/2453 
f 2492/3971/2453 2507/3986/2468 2506/3985/2467 
f 2508/3987/2469 2506/3985/2467 2507/3986/2468 
f 2507/3986/2468 2509/3988/2470 2508/3987/2469 
f 2510/3989/2471 2508/3987/2469 2509/3988/2470 
f 2509/3988/2470 2511/3990/2472 2510/3989/2471 
f 2512/3991/2473 2513/3992/2474 2514/3993/2475 
f 2515/3994/2476 2514/3993/2475 2513/3992/2474 
f 2513/3992/2474 2499/3978/2460 2515/3994/2476 
f 2516/3995/2477 2515/3994/2476 2499/3978/2460 
f 2499/3978/2460 2498/3977/2459 2516/3995/2477 
f 2517/3996/2478 2516/3995/2477 2498/3977/2459 
f 2498/3977/2459 2501/3980/2462 2517/3996/2478 
f 2518/3997/2479 2517/3996/2478 2501/3980/2462 
f 2501/3980/2462 2502/3981/2463 2518/3997/2479 
f 2519/3998/2480 2518/3997/2479 2502/3981/2463 
f 2502/3981/2463 2503/3982/2464 2519/3998/2480 
f 2520/3999/2481 2519/3998/2480 2503/3982/2464 
f 2503/3982/2464 2504/3983/2465 2520/3999/2481 
f 2521/4000/2482 2520/3999/2481 2504/3983/2465 
f 2504/3983/2465 2505/3984/2466 2521/4000/2482 
f 2522/4001/2483 2521/4000/2482 2505/3984/2466 
f 2505/3984/2466 2506/3985/2467 2522/4001/2483 
f 2523/4002/2484 2522/4001/2483 2506/3985/2467 
f 2524/4003/2485 2521/4000/2482 2522/4001/2483 
f 2521/4000/2482 2524/4003/2485 2525/4004/2486 
f 2525/4005/2486 2520/4006/2481 2521/4007/2482 
f 2520/4006/2481 2525/4005/2486 2526/4008/2487 
f 2526/4008/2487 2519/4009/2480 2520/4006/2481 
f 2519/4009/2480 2526/4008/2487 1662/4010/1669 
f 1662/4010/1669 2518/4011/2479 2519/4009/2480 
f 2518/4011/2479 1662/4010/1669 1660/4012/1667 
f 1660/4012/1667 2517/4013/2478 2518/4011/2479 
f 2517/4013/2478 1660/4012/1667 1658/4014/1665 
f 1658/4014/1665 2516/4015/2477 2517/4013/2478 
f 2516/4015/2477 1658/4014/1665 1656/4016/1663 
f 1656/4016/1663 2515/4017/2476 2516/4015/2477 
f 2515/4017/2476 1656/4016/1663 1646/4018/1653 
f 1646/4018/1653 2514/4019/2475 2515/4017/2476 
f 2514/4019/2475 1646/4018/1653 1645/4020/1652 
f 1645/4020/1652 2527/4021/2488 2514/4019/2475 
f 2527/4021/2488 1645/4020/1652 1647/2564/1654 
f 1647/2564/1654 2528/4022/2489 2527/4021/2488 
f 2528/4022/2489 1647/2564/1654 1651/2568/1658 
f 2514/3993/2475 2527/4023/2488 2512/3991/2473 
f 2527/4023/2488 2528/4024/2489 2529/4025/2490 
f 2529/4025/2490 2512/3991/2473 2527/4023/2488 
f 2512/3991/2473 2529/4025/2490 2530/4026/2491 
f 2530/4026/2491 2531/4027/2492 2512/3991/2473 
f 2513/3992/2474 2512/3991/2473 2531/4027/2492 
f 2531/4027/2492 2532/4028/2493 2513/3992/2474 
f 2499/3978/2460 2513/3992/2474 2532/4028/2493 
f 2532/4028/2493 2500/3979/2461 2499/3978/2460 
f 2497/3976/2458 2500/3979/2461 2487/3966/2448 
f 2475/3954/2436 2487/3966/2448 2500/3979/2461 
f 2500/3979/2461 2532/4028/2493 2475/3954/2436 
f 2476/3955/2437 2475/3954/2436 2532/4028/2493 
f 2532/4028/2493 2531/4027/2492 2476/3955/2437 
f 2477/3956/2438 2476/3955/2437 2531/4027/2492 
f 2531/4027/2492 2530/4026/2491 2477/3956/2438 
f 2386/3827/2361 2477/3956/2438 2530/4026/2491 
f 2530/4026/2491 2387/3828/2362 2386/3827/2361 
f 2387/3828/2362 2530/4026/2491 2529/4025/2490 
f 2529/4025/2490 2388/3830/2363 2387/3828/2362 
f 2388/3830/2363 2529/4025/2490 2528/4024/2489 
f 2528/4024/2489 2389/4029/2364 2388/3830/2363 
f 1651/2568/1658 2389/3833/2364 2528/4022/2489 
f 1651/2568/1658 2108/3835/2060 2389/3833/2364 
f 1651/2568/1658 2079/3510/2031 2108/3835/2060 
f 1611/4030/378 1609/4031/378 2346/4032/378 
f 2273/4033/2494 2533/4034/2495 858/1769/1134 
f 2533/4034/2495 2273/4033/2494 2534/4035/2496 
f 2271/4036/2497 2534/4035/2496 2273/4033/2494 
f 2534/4035/2496 2271/4036/2497 2535/4037/2498 
f 2269/4038/2499 2535/4037/2498 2271/4036/2497 
f 2535/4037/2498 2269/4038/2499 2536/4039/2500 
f 2266/4040/2501 2536/4039/2500 2269/4038/2499 
f 2263/3537/2214 2266/4040/2501 2265/3539/2216 
f 2266/4040/2501 2263/3537/2214 2536/4039/2500 
f 2259/3530/2210 2536/4039/2500 2263/3537/2214 
f 2536/4039/2500 2259/3530/2210 2535/4037/2498 
f 2259/3530/2210 2257/3528/2208 2535/4037/2498 
f 2535/4037/2498 2257/3528/2208 2534/4035/2496 
f 2255/3526/2206 2534/4035/2496 2257/3528/2208 
f 2534/4035/2496 2255/3526/2206 2533/4034/2495 
f 2254/3524/2206 2533/4034/2495 2255/3526/2206 
f 836/1214/804 2533/4034/2495 2254/3524/2206 
f 2533/4034/2495 836/1214/804 1158/1777/1142 
f 1158/1777/1142 858/1769/1134 2533/4034/2495 
f 860/1243/828 829/1778/1143 2278/3553/2228 
f 2249/4041/2502 2278/3553/2228 829/1778/1143 
f 2278/3553/2228 2249/4041/2502 2277/3552/2228 
f 2251/4042/2502 2277/3552/2228 2249/4041/2502 
f 2277/3552/2228 2251/4042/2502 2276/3551/2228 
f 2253/4043/2503 2276/3551/2228 2251/4042/2502 
f 2276/3551/2228 2253/4043/2503 2275/3550/2227 
f 2260/4044/2504 2275/3550/2227 2253/4043/2503 
f 2275/3550/2227 2260/4044/2504 2267/3541/2218 
f 2261/4045/2505 2267/3541/2218 2260/4044/2504 
f 2267/3541/2218 2261/4045/2505 2265/3542/2219 
f 2264/4046/2506 2265/3542/2219 2261/4045/2505 
f 2264/4047/2507 2261/3534/2212 2262/3535/2212 
f 2537/4048/2508 2538/4049/2509 2539/4050/2510 
f 2540/4051/2511 2539/4050/2510 2538/4049/2509 
f 2539/4050/2510 2540/4051/2511 2541/4052/2512 
f 1703/4053/1709 2541/4052/2512 2540/4051/2511 
f 1703/4053/1709 2540/4051/2511 2542/4054/2513 
f 1703/4053/1709 2542/4054/2513 1711/4055/1717 
f 1710/4056/1716 1711/4055/1717 2542/4054/2513 
f 2542/4054/2513 2538/4049/2509 1710/4056/1716 
f 1709/4057/1715 1710/4056/1716 2538/4049/2509 
f 2538/4049/2509 2537/4048/2508 1709/4057/1715 
f 1708/4058/1714 1709/4057/1715 2537/4048/2508 
f 2538/4049/2509 2542/4054/2513 2540/4051/2511 
f 2543/4059/2514 2510/3989/2471 2511/3990/2472 
f 2511/3990/2472 2544/4060/2515 2543/4059/2514 
f 2545/4061/2516 2543/4059/2514 2544/4060/2515 
f 2544/4060/2515 2546/4062/2517 2545/4061/2516 
f 1703/4053/1709 2545/4061/2516 2546/4062/2517 
f 1703/4053/1709 2546/4062/2517 2547/4063/2518 
f 1703/4053/1709 2547/4063/2518 2541/4052/2512 
f 2548/4064/2519 2541/4052/2512 2547/4063/2518 
f 2541/4052/2512 2548/4064/2519 2539/4050/2510 
f 2549/4065/2520 2539/4050/2510 2548/4064/2519 
f 2539/4050/2510 2549/4065/2520 2537/4048/2508 
f 2550/4066/2521 2537/4048/2508 2549/4065/2520 
f 2537/4048/2508 2550/4066/2521 1708/4058/1714 
f 1707/4067/1713 1708/4058/1714 2550/4066/2521 
f 2550/4066/2521 2551/4068/2522 1707/4067/1713 
f 1712/4069/1718 1707/4067/1713 2551/4068/2522 
f 2551/4068/2522 2478/3957/2439 1712/4069/1718 
f 2551/4068/2522 2488/3967/2449 2478/3957/2439 
f 2552/4070/2523 2490/3969/2451 2489/3968/2450 
f 2489/3968/2450 2553/4071/2524 2552/4070/2523 
f 2553/4071/2524 2489/3968/2450 2488/3967/2449 
f 2488/3967/2449 2551/4068/2522 2553/4071/2524 
f 2554/4072/2525 2553/4071/2524 2551/4068/2522 
f 2551/4068/2522 2550/4066/2521 2554/4072/2525 
f 2549/4065/2520 2554/4072/2525 2550/4066/2521 
f 2554/4072/2525 2549/4065/2520 2555/4073/2526 
f 2548/4064/2519 2555/4073/2526 2549/4065/2520 
f 2555/4073/2526 2548/4064/2519 2556/4074/2527 
f 2547/4063/2518 2556/4074/2527 2548/4064/2519 
f 2556/4074/2527 2547/4063/2518 2546/4062/2517 
f 2546/4062/2517 2544/4060/2515 2556/4074/2527 
f 2557/4075/2528 2556/4074/2527 2544/4060/2515 
f 2544/4060/2515 2511/3990/2472 2557/4075/2528 
f 2558/4076/2529 2557/4075/2528 2511/3990/2472 
f 2511/3990/2472 2509/3988/2470 2558/4076/2529 
f 2559/4077/2530 2558/4076/2529 2509/3988/2470 
f 2509/3988/2470 2507/3986/2468 2559/4077/2530 
f 2491/3970/2452 2559/4077/2530 2507/3986/2468 
f 2507/3986/2468 2492/3971/2453 2491/3970/2452 
f 2559/4077/2530 2491/3970/2452 2490/3969/2451 
f 2490/3969/2451 2552/4070/2523 2559/4077/2530 
f 2558/4076/2529 2559/4077/2530 2552/4070/2523 
f 2552/4070/2523 2560/4078/2531 2558/4076/2529 
f 2560/4078/2531 2552/4070/2523 2553/4071/2524 
f 2553/4071/2524 2554/4072/2525 2560/4078/2531 
f 2555/4073/2526 2560/4078/2531 2554/4072/2525 
f 2560/4078/2531 2555/4073/2526 2557/4075/2528 
f 2556/4074/2527 2557/4075/2528 2555/4073/2526 
f 2557/4075/2528 2558/4076/2529 2560/4078/2531 
f 2561/4079/358 2562/4080/358 1706/4081/358 
f 2561/4082/354 1706/4083/354 1712/4084/354 
f 2478/4085/354 2561/4082/354 1712/4084/354 
f 2563/4086/2532 2460/4087/2421 2459/4088/2420 
f 2459/4088/2420 2463/4089/2424 2563/4086/2532 
f 2463/4089/2424 2564/4090/2533 2563/4086/2532 
f 2463/4089/2424 2565/4091/2534 2564/4090/2533 
f 2565/4092/2534 2463/3942/2424 2461/3940/2422 
f 2461/3940/2422 2566/4093/2535 2565/4092/2534 
f 2566/4094/2535 2461/4095/2422 2462/4096/2423 
f 2567/4097/2536 2568/4098/2537 2569/4099/2538 
f 2570/4100/2539 2569/4099/2538 2568/4098/2537 
f 2562/4101/2540 2570/4100/2539 2568/4098/2537 
f 2570/4100/2539 2562/4101/2540 2561/4102/2541 
f 2478/4103/2439 2570/4100/2539 2561/4102/2541 
f 2570/4100/2539 2478/4103/2439 2464/4104/2425 
f 2464/4104/2425 2460/4087/2421 2570/4100/2539 
f 2460/4087/2421 2569/4099/2538 2570/4100/2539 
f 2460/4087/2421 2563/4086/2532 2569/4099/2538 
f 2563/4086/2532 2567/4097/2536 2569/4099/2538 
f 2567/4097/2536 2563/4086/2532 2571/4105/2542 
f 2563/4086/2532 2564/4090/2533 2571/4105/2542 
f 2572/4106/2543 2571/4105/2542 2564/4090/2533 
f 2565/4091/2534 2572/4106/2543 2564/4090/2533 
f 2572/4106/2543 2565/4091/2534 2573/4107/2544 
f 2566/4094/2535 2573/4107/2544 2565/4091/2534 
f 2573/4107/2544 2566/4094/2535 2574/4108/2545 
f 2575/4109/1194 2576/4110/354 2577/4111/1192 
f 2578/4112/2546 2575/4109/1194 2577/4111/1192 
f 2578/4113/2546 2577/4114/1192 2579/4115/464 
f 2580/4116/1191 2578/4113/2546 2579/4115/464 
f 2580/4116/1191 2579/4115/464 2581/4117/1189 
f 2582/4118/1190 2580/4116/1191 2581/4117/1189 
f 2582/4119/1190 2581/4120/1189 2583/4121/358 
f 2584/4122/1188 2582/4119/1190 2583/4121/358 
f 2584/4122/1188 2583/4121/358 2585/4123/1198 
f 2586/4124/1199 2584/4122/1188 2585/4123/1198 
f 2586/4125/1199 2585/4126/1198 2587/4127/413 
f 2588/4128/1197 2586/4125/1199 2587/4127/413 
f 2588/4128/1197 2587/4127/413 2589/4129/1195 
f 2590/4130/1196 2588/4128/1197 2589/4129/1195 
f 2590/4131/1196 2589/4132/1195 2576/4110/354 
f 2575/4109/1194 2590/4131/1196 2576/4110/354 
f 2591/4133/1204 2575/4109/1194 2578/4112/2546 
f 2592/4134/1203 2591/4133/1204 2578/4112/2546 
f 2592/4135/1203 2578/4113/2546 2580/4116/1191 
f 2593/4136/1202 2592/4135/1203 2580/4116/1191 
f 2593/4136/1202 2580/4116/1191 2582/4118/1190 
f 2594/4137/1201 2593/4136/1202 2582/4118/1190 
f 2594/4138/1201 2582/4119/1190 2584/4122/1188 
f 2595/4139/1200 2594/4138/1201 2584/4122/1188 
f 2595/4139/1200 2584/4122/1188 2586/4124/1199 
f 2596/4140/1207 2595/4139/1200 2586/4124/1199 
f 2596/4141/1207 2586/4125/1199 2588/4128/1197 
f 2597/4142/1206 2596/4141/1207 2588/4128/1197 
f 2597/4142/1206 2588/4128/1197 2590/4130/1196 
f 2598/4143/1205 2597/4142/1206 2590/4130/1196 
f 2598/4144/1205 2590/4131/1196 2575/4109/1194 
f 2591/4133/1204 2598/4144/1205 2575/4109/1194 
f 2299/4145/1212 2591/4146/1212 2592/4147/1211 
f 2300/4148/1211 2299/4145/1212 2592/4147/1211 
f 2300/4148/1211 2592/4147/1211 2593/4149/1210 
f 2301/4150/1210 2300/4148/1211 2593/4149/1210 
f 2301/4150/1210 2593/4149/1210 2594/4151/1209 
f 2302/4152/1209 2301/4150/1210 2594/4151/1209 
f 2302/4152/1209 2594/4151/1209 2595/4153/1208 
f 2303/4154/1208 2302/4152/1209 2595/4153/1208 
f 2303/4154/1208 2595/4153/1208 2596/4155/1215 
f 2304/4156/1215 2303/4154/1208 2596/4155/1215 
f 2304/4156/1215 2596/4155/1215 2597/4157/1214 
f 2305/4158/1214 2304/4156/1215 2597/4157/1214 
f 2305/4158/1214 2597/4157/1214 2598/4159/1213 
f 2306/4160/1213 2305/4158/1214 2598/4159/1213 
f 2306/4160/1213 2598/4159/1213 2591/4146/1212 
f 2299/4145/1212 2306/4160/1213 2591/4146/1212 
f 2599/4161/1223 2600/4162/1223 2601/4163/1192 
f 2602/4164/440 2603/4165/1229 2599/4166/1231 
f 2599/4161/2547 2603/4167/1195 2600/4162/2547 
f 2603/4167/1195 2604/4168/1195 2600/4162/2547 
f 2603/4169/1195 2605/4170/1221 2604/4171/1195 
f 2605/4170/1221 2606/4172/1221 2604/4171/1195 
f 2605/4170/1220 2607/4173/1198 2606/4172/1220 
f 2607/4173/1198 2608/4174/1198 2606/4172/1220 
f 2607/4175/1198 2609/4176/1219 2608/4177/1198 
f 2609/4176/1219 2610/4178/1219 2608/4177/1198 
f 2609/4176/2548 2611/4179/1189 2610/4178/1216 
f 2611/4179/1189 2612/4180/1189 2610/4178/1216 
f 2611/4181/1189 2613/4182/1225 2612/4183/1189 
f 2613/4182/1225 2614/4184/1225 2612/4183/1189 
f 2613/4182/1224 2615/4185/1192 2614/4184/1224 
f 2615/4185/1192 2601/4186/1192 2614/4184/1224 
f 2615/4187/1192 2599/4161/1223 2601/4163/1192 
f 2602/4164/440 2599/4166/1231 2615/4188/1230 
f 2602/4164/440 2605/4189/1227 2603/4165/1229 
f 2602/4164/440 2615/4188/1230 2613/4190/1228 
f 2602/4164/440 2607/4191/1218 2605/4189/1227 
f 2602/4164/440 2613/4190/1228 2611/4192/1226 
f 2602/4164/440 2609/4193/1217 2607/4191/1218 
f 2602/4164/440 2611/4192/1226 2609/4193/1217 
f 2616/4194/2549 2617/4195/2550 2618/4196/2551 
f 2618/4196/2551 2619/4197/2552 2616/4194/2549 
f 2619/4197/2552 2618/4196/2551 2620/4198/2553 
f 2620/4198/2553 2621/4199/2554 2619/4197/2552 
f 2620/4198/2553 2622/4200/2555 2621/4199/2554 
f 2622/4200/2555 1245/4201/1239 2621/4199/2554 
f 2622/4200/2555 1246/4202/1240 1245/4201/1239 
f 1246/4202/1240 2622/4200/2555 2623/4203/2556 
f 2623/4203/2556 1248/4204/1242 1246/4202/1240 
f 1248/4204/1242 2623/4203/2556 2624/4205/2557 
f 2624/4205/2557 1250/4206/1244 1248/4204/1242 
f 1250/4206/1244 2624/4205/2557 2625/4207/2558 
f 2625/4207/2558 1252/4208/1246 1250/4206/1244 
f 2622/4200/2555 2620/4198/2553 2626/4209/2559 
f 2626/4209/2559 2623/4203/2556 2622/4200/2555 
f 2623/4203/2556 2626/4209/2559 2627/4210/2560 
f 2627/4210/2560 2624/4205/2557 2623/4203/2556 
f 2624/4205/2557 2627/4210/2560 2628/4211/2561 
f 2628/4211/2561 2625/4207/2558 2624/4205/2557 
f 2617/4195/2550 2616/4194/2549 2629/4212/2562 
f 2629/4212/2562 2630/4213/2563 2617/4195/2550 
f 2631/4214/2564 2617/4195/2550 2630/4213/2563 
f 2631/4214/2564 2618/4196/2551 2617/4195/2550 
f 2632/4215/2565 2618/4196/2551 2631/4214/2564 
f 2632/4215/2565 2620/4198/2553 2618/4196/2551 
f 2633/4216/2565 2620/4198/2553 2632/4215/2565 
f 2633/4216/2565 2626/4209/2559 2620/4198/2553 
f 2634/4217/2565 2626/4209/2559 2633/4216/2565 
f 2634/4217/2565 2627/4210/2560 2626/4209/2559 
f 2635/4218/2565 2627/4210/2560 2634/4217/2565 
f 2635/4218/2565 2202/3433/2154 2627/4210/2560 
f 2202/3433/2154 2628/4211/2561 2627/4210/2560 
f 2628/4211/2561 2202/3433/2154 2199/3430/2151 
f 2212/4219/2164 2628/4211/2561 2199/3430/2151 
f 2625/4207/2558 2628/4211/2561 2212/4219/2164 
f 2212/4219/2164 2636/4220/2566 2625/4207/2558 
f 1252/4208/1246 2625/4207/2558 2636/4220/2566 
f 2637/4221/2567 2213/4222/2165 2214/4223/2166 
f 2213/4222/2165 2637/4221/2567 2638/4224/2568 
f 2638/4224/2568 2215/4225/2167 2213/4222/2165 
f 2215/4225/2167 2638/4224/2568 2636/4220/2566 
f 2636/4220/2566 2212/4219/2164 2215/4225/2167 
f 2636/4220/2566 1266/4226/1258 1252/4208/1246 
f 1266/4226/1258 2636/4220/2566 2638/4224/2568 
f 2638/4224/2568 1267/4227/1259 1266/4226/1258 
f 1267/4227/1259 2638/4224/2568 2637/4221/2567 
f 2637/3451/2567 1268/4228/1260 1267/4229/1259 
f 1268/4228/1260 2637/3451/2567 2214/3453/2166 
f 2214/3453/2166 779/3454/749 1268/4228/1260 
f 2200/4230/2152 2639/4231/2569 2185/4232/2137 
f 2640/4233/2569 2185/4232/2137 2639/4231/2569 
f 2185/4232/2137 2640/4233/2569 2183/4234/2135 
f 2641/4235/2570 2183/4234/2135 2640/4233/2569 
f 2183/4234/2135 2641/4235/2570 2182/4236/2134 
f 2642/4237/2571 2182/4236/2134 2641/4235/2570 
f 2182/4236/2134 2642/4237/2571 2189/4238/2141 
f 2643/4239/2572 2189/4238/2141 2642/4237/2571 
f 2189/4238/2141 2643/4239/2572 753/1978/723 
f 1274/4240/1265 753/1978/723 2643/4239/2572 
f 2629/4241/2562 2644/4242/2573 2630/4243/2563 
f 2645/4244/2574 2630/4243/2563 2644/4242/2573 
f 2630/4243/2563 2645/4244/2574 2631/4245/2564 
f 2646/4246/2575 2631/4245/2564 2645/4244/2574 
f 2631/4245/2564 2646/4246/2575 2632/4247/2565 
f 2647/4248/2570 2632/4247/2565 2646/4246/2575 
f 2632/4247/2565 2647/4248/2570 2633/4249/2565 
f 2648/4250/2570 2633/4249/2565 2647/4248/2570 
f 2633/4249/2565 2648/4250/2570 2634/4251/2565 
f 2649/4252/2570 2634/4251/2565 2648/4250/2570 
f 2634/4251/2565 2649/4252/2570 2635/4253/2565 
f 2650/4254/2570 2635/4253/2565 2649/4252/2570 
f 2635/4253/2565 2650/4254/2570 2202/4255/2154 
f 2651/4256/2576 2202/4255/2154 2650/4254/2570 
f 2202/4255/2154 2651/4256/2576 2201/4257/2153 
f 2652/4258/2577 2201/4257/2153 2651/4256/2576 
f 2201/4257/2153 2652/4258/2577 2200/4230/2152 
f 2639/4231/2569 2200/4230/2152 2652/4258/2577 
f 2653/4259/2578 2654/4260/2579 2655/4261/2580 
f 2655/4261/2580 2656/4262/2581 2653/4259/2578 
f 2657/4263/2582 2653/4259/2578 2656/4262/2581 
f 2656/4262/2581 2658/4264/2583 2657/4263/2582 
f 2659/4265/2584 2657/4263/2582 2658/4264/2583 
f 2658/4264/2583 2660/4266/2585 2659/4265/2584 
f 2661/4267/2586 2659/4265/2584 2660/4266/2585 
f 2660/4266/2585 2662/4268/2587 2661/4267/2586 
f 2663/4269/2588 2661/4267/2586 2662/4268/2587 
f 2662/4268/2587 2664/4270/2589 2663/4269/2588 
f 2665/4271/2590 2663/4269/2588 2664/4270/2589 
f 2664/4270/2589 2666/4272/2591 2665/4271/2590 
f 2667/4273/2592 2665/4271/2590 2666/4272/2591 
f 2666/4272/2591 2668/4274/2593 2667/4273/2592 
f 2668/4274/2593 2666/4272/2591 2669/4275/2594 
f 2669/4275/2594 2670/4276/2595 2668/4274/2593 
f 2671/4277/2596 2669/4275/2594 2666/4272/2591 
f 2666/4272/2591 2664/4270/2589 2671/4277/2596 
f 2672/4278/2597 2671/4277/2596 2664/4270/2589 
f 2664/4270/2589 2662/4268/2587 2672/4278/2597 
f 2673/4279/2598 2672/4278/2597 2662/4268/2587 
f 2662/4268/2587 2660/4266/2585 2673/4279/2598 
f 2674/4280/2599 2673/4279/2598 2660/4266/2585 
f 2660/4266/2585 2658/4264/2583 2674/4280/2599 
f 2675/4281/2600 2674/4280/2599 2658/4264/2583 
f 2658/4264/2583 2656/4262/2581 2675/4281/2600 
f 2676/4282/2601 2675/4281/2600 2656/4262/2581 
f 2656/4262/2581 2655/4261/2580 2676/4282/2601 
f 1703/2621/1709 2676/4282/2601 2655/4261/2580 
f 1703/2621/1709 2655/4261/2580 2654/4260/2579 
f 2654/4260/2579 2653/4259/2578 2677/4283/2602 
f 2678/4284/2603 2677/4283/2602 2653/4259/2578 
f 2674/4280/2599 2675/4281/2600 2679/4285/2604 
f 2679/4285/2604 2680/4286/2605 2674/4280/2599 
f 2673/4279/2598 2674/4280/2599 2680/4286/2605 
f 2680/4286/2605 2681/4287/2606 2673/4279/2598 
f 2672/4278/2597 2673/4279/2598 2681/4287/2606 
f 2681/4287/2606 2682/4288/2607 2672/4278/2597 
f 2671/4277/2596 2672/4278/2597 2682/4288/2607 
f 2682/4288/2607 2683/4289/2608 2671/4277/2596 
f 2669/4275/2594 2671/4277/2596 2683/4289/2608 
f 2683/4289/2608 2684/4290/2609 2669/4275/2594 
f 2670/4276/2595 2669/4275/2594 2684/4290/2609 
f 2684/4290/2609 1681/2599/1688 2670/4276/2595 
f 1690/2608/1696 1682/2600/1689 1681/2599/1688 
f 1681/2599/1688 2684/4290/2609 1690/2608/1696 
f 1692/2610/1698 1690/2608/1696 2684/4290/2609 
f 2684/4290/2609 2683/4289/2608 1692/2610/1698 
f 1694/2612/1700 1692/2610/1698 2683/4289/2608 
f 2683/4289/2608 2682/4288/2607 1694/2612/1700 
f 1696/2614/1702 1694/2612/1700 2682/4288/2607 
f 2682/4288/2607 2681/4287/2606 1696/2614/1702 
f 1698/2616/1704 1696/2614/1702 2681/4287/2606 
f 2681/4287/2606 2680/4286/2605 1698/2616/1704 
f 1700/2618/1706 1698/2616/1704 2680/4286/2605 
f 2680/4286/2605 2679/4285/2604 1700/2618/1706 
f 1702/2620/1708 1700/2618/1706 2679/4285/2604 
f 2679/4285/2604 2685/4291/2610 1702/2620/1708 
f 1703/2621/1709 1702/2620/1708 2685/4291/2610 
f 1703/2621/1709 2685/4291/2610 2676/4282/2601 
f 2675/4281/2600 2676/4282/2601 2685/4291/2610 
f 2685/4291/2610 2679/4285/2604 2675/4281/2600 
f 2653/4259/2578 2657/4263/2582 2678/4284/2603 
f 2686/4292/2611 2678/4284/2603 2657/4263/2582 
f 2657/4263/2582 2659/4265/2584 2686/4292/2611 
f 2687/4293/2612 2686/4292/2611 2659/4265/2584 
f 2659/4265/2584 2661/4267/2586 2687/4293/2612 
f 2524/4294/2485 2687/4293/2612 2661/4267/2586 
f 2661/4267/2586 2663/4269/2588 2524/4294/2485 
f 2525/4295/2486 2524/4294/2485 2663/4269/2588 
f 2663/4269/2588 2665/4271/2590 2525/4295/2486 
f 2526/4296/2487 2525/4295/2486 2665/4271/2590 
f 2665/4271/2590 2667/4273/2592 2526/4296/2487 
f 1662/2580/1669 2526/4296/2487 2667/4273/2592 
f 2667/4273/2592 1661/2579/1668 1662/2580/1669 
f 1661/2579/1668 2667/4273/2592 2668/4274/2593 
f 2668/4274/2593 1663/2581/1670 1661/2579/1668 
f 1663/2581/1670 2668/4274/2593 2670/4276/2595 
f 2670/4276/2595 1674/2592/1681 1663/2581/1670 
f 1674/2592/1681 2670/4276/2595 1681/2599/1688 
f 1319/2037/434 2650/4254/2570 1320/2038/434 
f 1321/2039/434 2651/4256/2576 1322/2040/434 
f 1323/2041/434 2652/4258/2577 1324/2042/434 
f 1325/2043/434 2639/4231/2569 1326/2044/434 
f 1327/2045/434 2640/4233/2569 1328/2046/434 
f 1329/2047/434 2641/4235/2570 1330/2048/434 
f 1331/2049/434 2642/4237/2571 1332/2050/434 
f 1333/2051/434 2649/4252/2570 1334/2052/434 
f 1335/2053/434 2648/4250/2570 1336/2054/434 
f 1337/2055/434 2647/4248/2570 1338/2056/434 
f 1339/2057/434 2646/4246/2575 1340/2058/1306 
f 1341/2059/1307 2645/4244/2574 1342/2060/1306 
f 1343/2061/434 2644/4242/2573 1344/2062/434 
f 2506/3985/2467 2508/3987/2469 2523/4002/2484 
f 2688/4297/2613 2523/4002/2484 2508/3987/2469 
f 2508/3987/2469 2510/3989/2471 2688/4297/2613 
f 2689/4298/2614 2688/4297/2613 2510/3989/2471 
f 2510/3989/2471 2543/4059/2514 2689/4298/2614 
f 2690/4299/2615 2689/4298/2614 2543/4059/2514 
f 2543/4059/2514 2545/4061/2516 2690/4299/2615 
f 1703/4053/1709 2690/4299/2615 2545/4061/2516 
f 2654/4300/2579 2690/4301/2615 1703/4302/1709 
f 2690/4301/2615 2654/4300/2579 2677/4303/2602 
f 2677/4304/2602 2689/4305/2614 2690/4306/2615 
f 2689/4307/2614 2677/4308/2602 2678/4309/2603 
f 2678/4309/2603 2688/4310/2613 2689/4307/2614 
f 2688/4297/2613 2678/4311/2603 2686/4312/2611 
f 2686/4312/2611 2523/4002/2484 2688/4297/2613 
f 2523/4002/2484 2686/4312/2611 2687/4313/2612 
f 2687/4313/2612 2522/4001/2483 2523/4002/2484 
f 2522/4001/2483 2687/4313/2612 2524/4003/2485 
f 1348/2080/1311 1349/2082/1313 2629/4314/1312 
f 1350/2083/464 2616/4315/464 1351/2084/464 
f 1352/2086/464 2619/4316/464 1353/2087/464 
f 1354/2089/464 2621/4317/464 1355/2090/464 
f 2562/4318/2540 1705/2623/1711 1706/2624/1712 
f 1705/4319/1711 2562/4101/2540 2568/4098/2537 
f 1705/4319/1711 2568/4098/2537 2567/4097/2536 
f 1704/4320/1710 1705/4319/1711 2567/4097/2536 
f 2567/4097/2536 1684/4321/1691 1704/4320/1710 
f 1684/4321/1691 2567/4097/2536 2571/4105/2542 
f 1684/4321/1691 2571/4105/2542 2572/4106/2543 
f 1685/4322/1692 1684/4321/1691 2572/4106/2543 
f 2572/4106/2543 1686/4323/1693 1685/4322/1692 
f 1686/2604/1693 2572/4324/2543 2573/4325/2544 
f 2573/4325/2544 1605/2508/1606 1686/2604/1693 
f 1605/2508/1606 2573/4325/2544 2574/4326/2545 
f 2574/4327/358 1606/4328/358 1605/4329/358 
f 2566/4330/358 1606/4328/358 2574/4327/358 
f 1606/4328/358 2566/4330/358 2349/4331/358 
f 2566/4330/358 2462/4332/358 2349/4331/358 
f 2349/4331/358 2462/4332/358 2445/4333/358 
f 2347/4334/2616 1611/4335/2617 2346/4336/2618 
f 1611/4335/2617 2347/4334/2616 2448/4337/2619 
f 2348/4338/2620 2448/4337/2619 2347/4334/2616 
f 2448/4337/2619 2348/4338/2620 2444/4339/2621 
f 2349/4340/2622 2444/4339/2621 2348/4338/2620 
f 2444/4339/2621 2349/4340/2622 2445/4341/2623 
f 2357/4342/2332 2360/3783/2335 2356/3773/2331 
f 2356/3774/2331 2247/4343/2202 2246/3775/2201 
f 1356/2117/1322 1357/2118/1323 2374/3803/2349 
f 2691/4344/2624 2339/4345/2625 2338/4346/2626 
f 2691/4344/2624 2345/4347/2627 2339/4345/2625 
f 2691/4344/2624 2344/4348/2628 2345/4347/2627 
f 2691/4349/2629 2343/3728/2629 2344/3730/2629 
f 2691/4349/2630 2342/3726/2264 2343/3728/2265 
f 2691/4349/2630 2341/3724/2256 2342/3726/2264 
f 2691/4349/2630 2340/3722/2255 2341/3724/2256 
f 2691/4349/2631 2338/3719/2631 2340/3722/2631 
f 2367/3794/2342 2368/3795/2343 2369/4350/2344 
f 2692/4351/2624 2308/4352/2625 2307/4353/2626 
f 2692/4351/2624 2314/4354/2627 2308/4352/2625 
f 2692/4351/2624 2313/4355/2628 2314/4354/2627 
f 2692/4356/2629 2312/3633/2629 2313/3635/2629 
f 2692/4356/2630 2311/3631/2264 2312/3633/2265 
f 2692/4356/2630 2310/3629/2256 2311/3631/2264 
f 2692/4356/2630 2309/3627/2255 2310/3629/2256 
f 2692/4356/2631 2307/3624/2631 2309/3627/2631 
f 2370/3859/2345 2369/4350/2344 2368/3795/2343 
f 2693/4357/2624 2291/4358/2625 2290/4359/2626 
f 2693/4357/2624 2297/4360/2627 2291/4358/2625 
f 2693/4357/2624 2296/4361/2628 2297/4360/2627 
f 2693/4362/2632 2295/3603/2632 2296/3605/2632 
f 2693/4362/2630 2294/3601/2257 2295/3603/2258 
f 2693/4362/2630 2293/3599/2256 2294/3601/2257 
f 2693/4362/2630 2292/3597/2255 2293/3599/2256 
f 2693/4362/2631 2290/3594/2631 2292/3597/2631 
f 2371/4363/2354 2379/3814/2354 2369/3813/2353 
f 2379/3850/2354 2371/4364/2354 2390/3837/2633 
f 2373/4365/2633 2390/3837/2633 2371/4364/2354 
f 1361/2141/1334 1362/2142/1334 2373/4365/2633 
f 293/383/336 1786/2762/1801 284/2143/329 
f 1786/2762/1801 292/382/335 295/386/335 
f 295/386/335 1787/2764/1797 1786/2762/1801 
f 1787/2764/1797 294/385/335 297/389/335 
f 297/389/335 1788/2766/1797 1787/2764/1797 
f 1788/2766/1797 296/388/335 299/392/335 
f 299/392/335 1789/2768/1797 1788/2766/1797 
f 1789/2768/1797 298/391/335 301/395/335 
f 301/395/335 1790/2770/1802 1789/2768/1797 
f 1790/2770/1802 300/394/335 303/398/335 
f 303/398/335 1791/2772/1803 1790/2770/1802 
f 1791/2772/1803 302/397/335 305/401/335 
f 305/401/335 1792/2774/1797 1791/2772/1803 
f 1792/2774/1797 304/400/335 307/404/335 
f 307/404/335 1780/2745/1797 1792/2774/1797 
f 1780/2745/1797 306/403/335 309/407/335 
f 309/407/335 1781/2747/1797 1780/2745/1797 
f 1781/2747/1797 308/406/335 311/410/335 
f 311/410/335 1782/2749/1797 1781/2747/1797 
f 1782/2749/1797 310/409/335 313/413/335 
f 313/413/335 1783/2751/1798 1782/2749/1797 
f 1783/2751/1798 312/412/337 315/416/339 
f 315/416/339 1784/2753/1799 1783/2751/1798 
f 1784/4366/340 314/2145/340 317/419/340 
f 317/419/340 1785/2775/340 1784/4366/340 
f 1785/2776/341 318/423/341 1363/2147/1336 
f 1363/2147/1336 1744/4367/1335 1785/2776/341 
f 1793/2778/1807 321/427/347 1364/2149/1338 
f 1364/2149/1338 1796/4368/2634 1793/2778/1807 
f 1793/4369/2635 1794/2779/1808 319/430/348 
f 1796/4370/2636 1364/2154/1341 1365/2153/1341 
f 1365/2153/1341 1795/4371/2636 1796/4370/2636 
f 1747/2883/413 381/547/413 235/2155/413 
f 1746/2884/413 383/550/413 382/548/413 
f 382/548/413 1747/2883/413 1746/2884/413 
f 1745/2885/413 385/553/413 384/551/413 
f 384/551/413 1746/2884/413 1745/2885/413 
f 1744/4367/1335 1363/2147/1336 386/554/413 
f 386/554/413 1745/2885/413 1744/4367/1335 
f 2230/3484/2182 1366/4372/1342 786/3461/756 
f 786/3461/756 2216/3460/2168 2230/3484/2182 
f 2187/3517/2139 1368/2158/1344 1367/2157/1343 
f 1367/2157/1343 828/1203/800 2187/3517/2139 
f 2187/3517/2139 2188/4373/2140 1368/2158/1344 
f 2350/3766/2325 944/1465/943 1369/2160/1345 
f 1369/2160/1345 2354/3770/2329 2350/3766/2325 
f 821/1474/793 2354/3770/2329 1369/2160/1345 
f 2351/3767/2326 947/1468/464 942/1463/941 
f 942/1463/941 2350/3766/2325 2351/3767/2326 
f 2361/3784/2336 959/1491/955 945/1466/944 
f 945/1466/944 2351/3767/2326 2361/3784/2336 
f 2374/3803/2349 1357/2118/1323 1361/2161/1323 
f 1361/2161/1323 2373/3802/2348 2374/3803/2349 
f 2380/3815/2355 980/1524/975 957/2162/1346 
f 957/2162/1346 2361/3816/2355 2380/3815/2355 
f 2390/3837/2365 992/1555/464 1370/2163/1347 
f 1370/2163/1347 2398/3851/2376 2390/3837/2365 
f 1370/2163/1347 1000/1573/440 2398/3851/2376 
f 2391/3838/2366 995/1558/413 978/1522/413 
f 978/1522/413 2380/3815/1004 2391/3838/2366 
f 2399/3509/991 1046/1630/413 1007/1576/413 
f 1007/1576/413 2400/3852/991 2399/3509/991 
f 2402/3854/991 1011/1580/413 1356/2117/1322 
f 1356/2117/1322 2374/3803/2349 2402/3854/991 
f 2400/3852/991 1008/1577/413 1009/1578/413 
f 1009/1578/413 2402/3854/991 2400/3852/991 
f 2436/3910/2397 1053/1641/413 1045/1629/413 
f 1045/1629/413 2399/3509/991 2436/3910/2397 
f 2437/3911/2398 1055/1643/1034 1052/1640/1032 
f 1052/1640/1032 2436/3910/2397 2437/3911/2398 
f 2438/3912/2399 1057/1645/1036 1054/1642/1033 
f 1054/1642/1033 2437/3911/2398 2438/3912/2399 
f 2439/3913/2400 1059/1647/1038 1056/1644/1035 
f 1056/1644/1035 2438/3912/2399 2439/3913/2400 
f 2440/3915/2401 1061/1649/1040 1058/1646/1037 
f 1058/1646/1037 2439/3913/2400 2440/3915/2401 
f 2650/4254/2570 1319/2037/434 1322/2040/434 
f 1322/2040/434 2651/4256/2576 2650/4254/2570 
f 2651/4256/2576 1321/2039/434 1324/2042/434 
f 1324/2042/434 2652/4258/2577 2651/4256/2576 
f 2652/4258/2577 1323/2041/434 1326/2044/434 
f 1326/2044/434 2639/4231/2569 2652/4258/2577 
f 2639/4231/2569 1325/2043/434 1328/2046/434 
f 1328/2046/434 2640/4233/2569 2639/4231/2569 
f 2640/4233/2569 1327/2045/434 1330/2048/434 
f 1330/2048/434 2641/4235/2570 2640/4233/2569 
f 2641/4235/2570 1329/2047/434 1332/2050/434 
f 1332/2050/434 2642/4237/2571 2641/4235/2570 
f 1331/2049/434 1273/1977/1264 2643/4239/2572 
f 2643/4239/2572 2642/4237/2571 1331/2049/434 
f 2643/4239/2572 1273/1977/1264 1274/4240/1265 
f 2649/4252/2570 1333/2051/434 1320/2038/434 
f 1320/2038/434 2650/4254/2570 2649/4252/2570 
f 2648/4250/2570 1335/2053/434 1334/2052/434 
f 1334/2052/434 2649/4252/2570 2648/4250/2570 
f 2647/4248/2570 1337/2055/434 1336/2054/434 
f 1336/2054/434 2648/4250/2570 2647/4248/2570 
f 2646/4246/2575 1339/2057/434 1338/2056/434 
f 1338/2056/434 2647/4248/2570 2646/4246/2575 
f 2645/4244/2574 1341/2059/1307 1340/2058/1306 
f 1340/2058/1306 2646/4246/2575 2645/4244/2574 
f 2644/4242/2573 1343/2061/434 1342/2060/1306 
f 1342/2060/1306 2645/4244/2574 2644/4242/2573 
f 2629/4314/1312 1349/2082/1313 1344/2165/1313 
f 1344/2165/1313 2644/4374/1313 2629/4314/1312 
f 2616/4315/464 1350/2083/464 1348/2080/1311 
f 1348/2080/1311 2629/4314/1312 2616/4315/464 
f 2619/4316/464 1352/2086/464 1351/2084/464 
f 1351/2084/464 2616/4315/464 2619/4316/464 
f 2621/4317/464 1354/2089/464 1353/2087/464 
f 1353/2087/464 2619/4316/464 2621/4317/464 
f 2373/4365/2633 1362/2142/1334 990/1553/1334 
f 990/1553/1334 2390/3837/2633 2373/4365/2633 
f 2694/4375/2637 2135/3354/2087 2137/3356/2089 
f 2695/4376/2638 2696/4377/2639 2150/3371/2102 
f 2150/3371/2102 2694/4375/2637 2695/4376/2638 
f 2135/3354/2087 2694/4375/2637 2150/3371/2102 
f 2160/3385/2112 2696/4377/2639 2207/3438/2159 
f 2160/3385/2112 2150/3371/2102 2696/4377/2639 
f 2210/3444/2162 2697/4378/2640 2698/4379/2641 
f 2210/3444/2162 2207/3438/2159 2697/4378/2640 
f 2699/4380/2642 2207/3438/2159 2696/4377/2639 
f 2700/4381/2643 2227/3473/2179 2228/3474/2180 
f 2228/3474/2180 2701/4382/2644 2700/4381/2643 
f 2702/4383/2645 2698/4379/2641 2703/4384/2646 
f 2697/4378/2640 2703/4384/2646 2698/4379/2641 
f 2703/4384/2646 2697/4378/2640 2704/4385/2647 
f 2699/4380/2642 2704/4385/2647 2697/4378/2640 
f 2704/4385/2647 2699/4380/2642 2705/4386/2648 
f 2706/4387/2649 2705/4386/2648 2699/4380/2642 
f 2696/4377/2639 2707/4388/2650 2699/4380/2642 
f 2708/4389/2651 2699/4380/2642 2707/4388/2650 
f 2699/4380/2642 2708/4389/2651 2706/4387/2649 
f 2709/4390/2652 2706/4387/2649 2708/4389/2651 
f 2710/4391/2653 2700/4392/2643 2711/4393/2654 
f 2700/4381/2643 2710/4394/2653 2712/4395/2655 
f 2713/4396/2656 2712/4395/2655 2710/4394/2653 
f 2712/4397/2655 2713/4398/2656 2714/4399/2657 
f 2715/4400/2658 2714/4401/2657 2713/4396/2656 
f 2714/4399/2657 2715/4402/2658 2694/4375/2637 
f 2716/4403/2659 2694/4404/2637 2715/4400/2658 
f 2694/4375/2637 2716/4405/2659 2717/4406/2660 
f 2718/4407/2661 2717/4406/2660 2716/4405/2659 
f 2719/4408/2662 2720/4409/2663 2717/4406/2660 
f 2721/4410/2664 2717/4406/2660 2720/4409/2663 
f 2717/4406/2660 2721/4410/2664 2694/4375/2637 
f 2722/4411/2665 2694/4375/2637 2721/4410/2664 
f 2694/4375/2637 2722/4411/2665 2695/4376/2638 
f 2723/4412/2666 2695/4376/2638 2722/4411/2665 
f 2695/4376/2638 2723/4412/2666 2696/4377/2639 
f 2707/4388/2650 2696/4377/2639 2723/4412/2666 
f 2137/4413/2089 2136/4414/2088 2227/3473/2179 
f 2227/3473/2179 2724/4415/2667 2137/4413/2089 
f 2227/3473/2179 2700/4381/2643 2724/4415/2667 
f 2712/4395/2655 2724/4415/2667 2700/4381/2643 
f 2724/4415/2667 2712/4395/2655 2137/4413/2089 
f 2712/4397/2655 2714/4399/2657 2137/3356/2089 
f 2714/4399/2657 2694/4375/2637 2137/3356/2089 
f 2725/4416/2668 2719/4417/2662 2726/4418/2669 
f 2719/4417/2662 2725/4416/2668 2727/4419/2670 
f 2727/4419/2670 2728/4420/2671 2719/4417/2662 
f 1406/4421/1383 1407/4422/1384 2727/4419/2670 
f 1408/4423/1385 1409/4424/1386 2701/4382/2644 
f 2701/4382/2644 2729/4425/2672 2700/4381/2643 
f 2726/4418/2669 2700/4381/2643 2729/4425/2672 
f 2700/4381/2643 2726/4418/2669 2719/4417/2662 
f 2719/4417/2662 2711/4426/2654 2700/4381/2643 
f 2720/4427/2663 2719/4417/2662 2728/4420/2671 
f 2730/4428/2673 2727/4419/2670 2725/4416/2668 
f 2705/4429/2648 2706/4430/2649 1412/4431/1389 
f 1413/4432/1390 1412/4431/1389 2706/4430/2649 
f 2706/4430/2649 2709/4433/2652 1413/4432/1390 
f 2210/3458/2162 1415/4434/1392 1414/4435/1391 
f 1414/4435/1391 782/3457/752 2210/3458/2162 
f 2210/3458/2162 2698/4436/2641 1415/4434/1392 
f 2698/4436/2641 2702/4437/2645 1415/4434/1392 
f 2727/4419/2670 1407/4422/1384 1416/4438/1393 
f 1416/4438/1393 2728/4420/2671 2727/4419/2670 
f 2701/4382/2644 1409/4424/1386 1417/4439/1386 
f 1417/4439/1386 2729/4425/2672 2701/4382/2644 
f 2730/4428/2673 1418/4440/1394 1406/4421/1383 
f 1406/4421/1383 2727/4419/2670 2730/4428/2673 
f 2709/4433/2652 1420/4441/1396 1419/4442/1395 
f 1419/4442/1395 1413/4432/1390 2709/4433/2652 
f 2717/4406/2660 2718/4407/2661 2711/4393/2654 
f 2711/4426/2654 2719/4417/2662 2717/4443/2660 
f 2731/4444/2674 2732/4444/2674 2733/4445/2674 
f 2226/3472/2178 2227/3473/2179 2136/4414/2088 
f 2136/4414/2088 2128/3475/2080 2226/3472/2178 
f 2120/3339/2073 2128/3347/2080 2136/3355/2088 
f 2136/3355/2088 2133/3352/2085 2120/3339/2073 
f 2216/3460/2168 785/3462/755 1424/4446/1398 
f 1424/4446/1398 2219/3465/2171 2216/3460/2168 
f 2219/3465/2171 1424/4446/1398 1425/4447/1399 
f 1425/4447/1399 2221/3467/2173 2219/3465/2171 
f 2221/3467/2173 1425/4447/1399 1426/4448/1400 
f 1426/4448/1400 2223/3469/2175 2221/3467/2173 
f 2223/3469/2175 1426/4448/1400 1427/4449/1401 
f 1427/4449/1401 2225/3471/2177 2223/3469/2175 
f 2225/3471/2177 1427/4449/1401 1428/4450/1402 
f 1428/4450/1402 2228/3474/2180 2225/3471/2177 
f 1408/4423/1385 2701/4382/2644 2228/3474/2180 
f 2228/3474/2180 1428/4450/1402 1408/4423/1385 
f 2734/4451/2675 1431/2239/1405 1430/2238/1404 
f 2076/3277/2028 2735/4452/2676 2078/3281/2030 
f 2076/3277/2028 2736/4453/2677 2735/4452/2676 
f 636/964/607 2736/4453/2677 2076/3277/2028 
f 636/964/607 1434/2242/1408 2736/4453/2677 
f 2737/4454/2678 1436/2244/1410 1431/2239/1405 
f 1431/2239/1405 2734/4451/2675 2737/4454/2678 
f 2738/4455/2679 2737/4454/2678 2734/4451/2675 
f 2737/4454/2678 2738/4455/2679 2739/4456/2680 
f 2739/4456/2680 2740/4457/2681 2737/4454/2678 
f 1436/2244/1410 2737/4454/2678 2740/4457/2681 
f 2740/4457/2681 1434/2242/1408 1436/2244/1410 
f 2740/4457/2681 2739/4456/2680 2741/4458/2682 
f 2741/4458/2682 2736/4453/2677 2740/4457/2681 
f 1434/2242/1408 2740/4457/2681 2736/4453/2677 
f 2736/4453/2677 2741/4458/2682 2735/4452/2676 
f 2742/4459/2683 2743/4460/2684 2744/4461/2685 
f 2229/3481/2181 1444/4462/1418 800/3483/770 
f 2229/3481/2181 2745/4463/2686 1444/4462/1418 
f 2093/3482/2045 2745/4463/2686 2229/3481/2181 
f 2093/3482/2045 2746/4464/2687 2745/4463/2686 
f 2746/4464/2687 2747/4465/2688 2745/4463/2686 
f 2747/4465/2688 2746/4464/2687 2748/4466/2689 
f 2748/4466/2689 2749/4467/2690 2747/4465/2688 
f 2749/4467/2690 2748/4466/2689 2743/4460/2684 
f 2743/4460/2684 2742/4459/2683 2749/4467/2690 
f 1450/4468/1424 2749/4467/2690 2742/4459/2683 
f 2749/4467/2690 1450/4468/1424 1451/4469/1425 
f 1451/4469/1425 2747/4465/2688 2749/4467/2690 
f 2747/4465/2688 1451/4469/1425 1452/4470/1426 
f 1452/4470/1426 2745/4463/2686 2747/4465/2688 
f 2745/4463/2686 1452/4470/1426 1444/4462/1418 
f 2078/3301/2030 2735/4471/2676 2750/4472/2691 
f 2078/3301/2030 2750/4472/2691 2096/3300/2048 
f 2096/3300/2048 2751/4473/2692 2095/3299/2047 
f 2096/3300/2048 2750/4472/2691 2751/4473/2692 
f 2750/4472/2691 2752/4474/2693 2751/4473/2692 
f 2752/4474/2693 2750/4472/2691 2753/4475/2694 
f 2735/4471/2676 2753/4475/2694 2750/4472/2691 
f 2753/4475/2694 2735/4471/2676 2741/4476/2682 
f 2095/3299/2047 2754/4477/2695 2094/3298/2046 
f 2095/3299/2047 2751/4473/2692 2754/4477/2695 
f 2751/4473/2692 2755/4478/2696 2754/4477/2695 
f 2755/4478/2696 2751/4473/2692 2752/4474/2693 
f 2752/4474/2693 2756/4479/2697 2755/4478/2696 
f 2756/4479/2697 2752/4474/2693 2757/4480/2698 
f 2753/4475/2694 2757/4480/2698 2752/4474/2693 
f 2757/4480/2698 2753/4475/2694 2758/4481/2699 
f 2741/4476/2682 2758/4481/2699 2753/4475/2694 
f 2758/4481/2699 2741/4476/2682 2739/4482/2680 
f 2759/4483/2700 2739/4482/2680 2738/4484/2679 
f 2739/4482/2680 2759/4483/2700 2758/4481/2699 
f 2760/4485/2701 2758/4481/2699 2759/4483/2700 
f 2758/4481/2699 2760/4485/2701 2757/4480/2698 
f 2761/4486/2702 2757/4480/2698 2760/4485/2701 
f 2757/4480/2698 2761/4486/2702 2756/4479/2697 
f 2744/4487/2685 2756/4479/2697 2761/4486/2702 
f 2756/4479/2697 2744/4487/2685 2743/4488/2684 
f 2743/4488/2684 2755/4478/2696 2756/4479/2697 
f 2755/4478/2696 2743/4488/2684 2748/4489/2689 
f 2748/4489/2689 2754/4477/2695 2755/4478/2696 
f 2754/4477/2695 2748/4489/2689 2746/4490/2687 
f 2094/3298/2046 2754/4477/2695 2746/4490/2687 
f 2094/3298/2046 2746/4490/2687 2093/3297/2045 
f 2742/4491/2683 1465/2283/1439 1450/2282/1424 
f 1465/2283/1439 2742/4491/2683 2762/4492/2703 
f 2744/4493/2685 2762/4492/2703 2742/4491/2683 
f 2762/4492/2703 2744/4493/2685 2763/4494/2704 
f 2761/4495/2702 2763/4494/2704 2744/4493/2685 
f 2763/4494/2704 2761/4495/2702 2764/4496/2705 
f 2760/4497/2701 2764/4496/2705 2761/4495/2702 
f 2764/4496/2705 2760/4497/2701 2765/4498/2706 
f 1470/2291/1444 1472/2293/440 2766/4499/2707 
f 2766/4499/2707 1472/2293/440 2767/4500/2708 
f 2767/4500/2708 1472/2293/440 2768/4501/2709 
f 2768/4501/2709 1472/2293/440 2765/4498/2706 
f 2765/4498/2706 1472/2293/440 2764/4496/2705 
f 2764/4496/2705 1472/2293/440 2763/4494/2704 
f 2763/4494/2704 1472/2293/440 2762/4492/2703 
f 2762/4492/2703 1472/2293/440 1465/2283/1439 
f 2759/4502/2700 2765/4498/2706 2760/4497/2701 
f 2765/4498/2706 2759/4502/2700 2768/4501/2709 
f 2738/4503/2679 2768/4501/2709 2759/4502/2700 
f 2768/4501/2709 2738/4503/2679 2767/4500/2708 
f 2734/4504/2675 2767/4500/2708 2738/4503/2679 
f 2767/4500/2708 2734/4504/2675 2766/4499/2707 
f 1430/2299/1404 2766/4499/2707 2734/4504/2675 
f 2766/4499/2707 1430/2299/1404 1470/2291/1444 
f 2230/3484/2182 800/3483/770 1366/4372/1342 
f 2703/4384/2646 2769/4505/2710 2770/4506/2711 
f 2770/4506/2711 2702/4383/2645 2703/4384/2646 
f 2702/4437/2645 2770/4507/2711 1477/4508/1450 
f 1477/4508/1450 1415/4434/1392 2702/4437/2645 
f 1412/4431/1389 1479/4509/1452 2771/4510/2712 
f 2771/4510/2712 2705/4429/2648 1412/4431/1389 
f 2705/4386/2648 2771/4511/2712 2772/4512/2713 
f 2772/4512/2713 2704/4385/2647 2705/4386/2648 
f 2704/4385/2647 2772/4512/2713 2769/4505/2710 
f 2769/4505/2710 2703/4384/2646 2704/4385/2647 
f 2707/4513/2650 2773/4514/2714 2774/4515/2715 
f 2774/4516/2715 2708/4389/2651 2707/4388/2650 
f 2708/4389/2651 2774/4516/2715 2775/4517/2716 
f 2775/4517/2716 2709/4390/2652 2708/4389/2651 
f 2709/4433/2652 2775/4518/2716 1484/4519/1457 
f 1484/4519/1457 1420/4441/1396 2709/4433/2652 
f 1416/4438/1393 1486/4520/1459 2776/4521/2717 
f 2776/4521/2717 2728/4420/2671 1416/4438/1393 
f 2728/4420/2671 2776/4521/2717 2777/4522/2718 
f 2777/4522/2718 2720/4427/2663 2728/4420/2671 
f 2720/4427/2663 2777/4522/2718 2778/4523/2719 
f 2778/4524/2719 2721/4410/2664 2720/4409/2663 
f 2721/4410/2664 2778/4524/2719 2779/4525/2720 
f 2779/4525/2720 2722/4411/2665 2721/4410/2664 
f 2722/4411/2665 2779/4525/2720 2780/4526/2721 
f 2780/4526/2721 2723/4412/2666 2722/4411/2665 
f 2723/4412/2666 2780/4526/2721 2773/4527/2714 
f 2773/4527/2714 2707/4388/2650 2723/4412/2666 
f 2711/4393/2654 2781/4528/2722 2782/4529/2723 
f 2782/4529/2723 2710/4391/2653 2711/4393/2654 
f 2710/4394/2653 2782/4530/2723 2783/4531/2724 
f 2783/4531/2724 2713/4396/2656 2710/4394/2653 
f 2713/4396/2656 2783/4531/2724 2784/4532/2725 
f 2784/4532/2725 2715/4400/2658 2713/4396/2656 
f 2715/4400/2658 2784/4532/2725 2785/4533/2726 
f 2785/4533/2726 2716/4403/2659 2715/4400/2658 
f 2716/4405/2659 2785/4534/2726 2786/4535/2727 
f 2786/4535/2727 2718/4407/2661 2716/4405/2659 
f 2718/4407/2661 2786/4535/2727 2781/4528/2722 
f 2781/4528/2722 2711/4393/2654 2718/4407/2661 
f 2726/4536/2728 2787/4537/2728 2788/4538/2729 
f 2788/4538/2729 2725/4539/2730 2726/4536/2728 
f 2725/4540/2730 2788/4541/2729 2789/4542/2731 
f 2789/4542/2731 2730/4543/2732 2725/4540/2730 
f 1417/4439/1475 1501/4544/1475 2790/4545/2733 
f 2790/4545/2733 2729/4425/2734 1417/4439/1475 
f 2729/4425/2734 2790/4545/2733 2787/4546/2735 
f 2787/4546/2735 2726/4418/2736 2729/4425/2734 
f 2730/4543/2732 2789/4542/2731 1502/2347/2737 
f 1502/2347/2737 1418/2346/2738 2730/4543/2732 
f 2791/4547/955 2792/4548/1483 1505/2350/1482 
f 1505/2350/1482 1504/2349/955 2791/4547/955 
f 2793/4549/944 2791/4550/955 1504/2354/955 
f 1504/2354/955 1508/2353/944 2793/4549/944 
f 2794/4551/1484 2793/4549/1485 1508/2353/1485 
f 1508/2353/1485 1510/2357/1484 2794/4551/1484 
f 2795/4552/1486 2794/4553/1484 1510/2360/1484 
f 1510/2360/1484 1512/2359/1486 2795/4552/1486 
f 2796/4554/1487 2795/4552/1489 1512/2359/1488 
f 1512/2359/1488 1514/2363/1487 2796/4554/1487 
f 2797/4555/1490 2796/4556/1487 1514/2366/1487 
f 1514/2366/1487 1516/2365/1490 2797/4555/1490 
f 2798/4557/1323 2797/4555/1322 1516/2365/1322 
f 1516/2365/1322 1518/2369/1323 2798/4557/1323 
f 2792/4548/1491 2798/4558/1323 1518/2370/1323 
f 1518/2370/1323 1505/2350/1491 2792/4548/1491 
f 2792/4559/358 2791/4560/358 2793/4561/358 
f 2793/4561/358 2794/4562/358 2795/4563/358 
f 2792/4559/358 2793/4561/358 2795/4563/358 
f 2795/4563/358 2796/4564/358 2797/4565/358 
f 2792/4559/358 2795/4563/358 2797/4565/358 
f 2798/4566/358 2792/4559/358 2797/4565/358 
f 2799/4567/2739 2800/4568/2740 2801/4569/2741 
f 2801/4569/2741 2802/4570/2742 2799/4567/2739 
f 2803/4571/2743 2804/4572/2744 2805/4573/2745 
f 2805/4573/2745 2806/4574/2746 2803/4571/2743 
f 2807/4575/2747 2808/4576/2748 2809/4577/2749 
f 2809/4577/2749 2810/4578/2750 2807/4575/2747 
f 2811/4579/2751 2812/4580/2752 2809/4577/2749 
f 2809/4577/2749 2808/4576/2748 2811/4579/2751 
f 2813/4581/2753 2806/4574/2746 2805/4573/2745 
f 2805/4573/2745 2814/4582/2754 2813/4581/2753 
f 2804/4572/2744 2815/4583/2755 2816/4584/2756 
f 2816/4584/2756 2805/4573/2745 2804/4572/2744 
f 2810/4578/2750 2809/4577/2749 2817/4585/2757 
f 2817/4585/2757 2818/4586/2758 2810/4578/2750 
f 2812/4580/2752 2819/4587/2759 2817/4585/2757 
f 2817/4585/2757 2809/4577/2749 2812/4580/2752 
f 2814/4582/2754 2805/4573/2745 2816/4584/2756 
f 2816/4584/2756 2820/4588/2760 2814/4582/2754 
f 2815/4583/2755 2821/4589/2761 2822/4590/2762 
f 2822/4590/2762 2816/4584/2756 2815/4583/2755 
f 2818/4586/2758 2817/4585/2757 2823/4591/2763 
f 2823/4592/2763 2824/4593/2764 2818/4594/2758 
f 2819/4587/2759 2825/4595/2765 2823/4591/2763 
f 2823/4591/2763 2817/4585/2757 2819/4587/2759 
f 2820/4588/2760 2816/4584/2756 2822/4590/2762 
f 2822/4596/2762 2826/4597/2766 2820/4598/2760 
f 2821/4599/2761 2799/4600/2739 2802/4601/2742 
f 2802/4602/2742 2822/4590/2762 2821/4589/2761 
f 2824/4593/2764 2823/4592/2763 2827/4603/2767 
f 2827/4603/2767 2828/4604/2768 2824/4593/2764 
f 2825/4595/2765 2800/4605/2769 2827/4606/2767 
f 2827/4606/2767 2823/4591/2763 2825/4595/2765 
f 2826/4597/2766 2822/4596/2762 2802/4570/2742 
f 2802/4570/2742 2801/4569/2741 2826/4597/2766 
f 2828/4604/2768 2827/4603/2767 2800/4607/2769 
f 2800/4607/2769 2799/4608/2770 2828/4604/2768 
f 2807/4609/2747 2810/4610/2750 2804/4611/2771 
f 2804/4611/2771 2803/4612/2772 2807/4609/2747 
f 2813/4613/2753 2814/4614/2754 2812/4615/2773 
f 2812/4615/2773 2811/4616/2774 2813/4613/2753 
f 2810/4610/2750 2818/4594/2758 2815/4617/2775 
f 2815/4617/2775 2804/4611/2771 2810/4610/2750 
f 2814/4614/2754 2820/4598/2760 2819/4618/2776 
f 2819/4618/2776 2812/4615/2773 2814/4614/2754 
f 2818/4594/2758 2824/4593/2764 2821/4619/2777 
f 2821/4619/2777 2815/4617/2775 2818/4594/2758 
f 2820/4598/2760 2826/4597/2766 2825/4620/2778 
f 2825/4620/2778 2819/4618/2776 2820/4598/2760 
f 2824/4593/2779 2828/4604/2779 2799/4608/2779 
f 2799/4608/2770 2821/4619/2777 2824/4593/2764 
f 2826/4597/2766 2801/4569/2741 2800/4568/2740 
f 2800/4568/2740 2825/4620/2778 2826/4597/2766 
f 2829/4621/2780 2830/4622/2781 2831/4623/2782 
f 2831/4623/2783 2832/4624/2783 2829/4621/2783 
f 2833/4625/2784 2834/4626/2785 2835/4627/2786 
f 2835/4627/2786 2836/4628/2787 2833/4625/2784 
f 2837/4629/2788 2838/4630/2789 2839/4631/2790 
f 2839/4631/2790 2840/4632/2791 2837/4629/2788 
f 2841/4633/2792 2842/4634/2793 2839/4631/2790 
f 2839/4631/2790 2838/4630/2789 2841/4633/2792 
f 2843/4635/2794 2836/4628/2787 2835/4627/2786 
f 2835/4627/2786 2844/4636/2795 2843/4635/2794 
f 2834/4626/2785 2845/4637/2796 2846/4638/2797 
f 2846/4638/2797 2835/4627/2786 2834/4626/2785 
f 2840/4632/2791 2839/4631/2790 2847/4639/2798 
f 2847/4639/2798 2848/4640/2799 2840/4632/2791 
f 2842/4634/2793 2849/4641/2800 2847/4639/2798 
f 2847/4639/2798 2839/4631/2790 2842/4634/2793 
f 2844/4636/2795 2835/4627/2786 2846/4638/2797 
f 2846/4638/2797 2850/4642/2801 2844/4636/2795 
f 2845/4637/2796 2851/4643/2802 2852/4644/2803 
f 2852/4644/2803 2846/4638/2797 2845/4637/2796 
f 2848/4640/2799 2847/4639/2798 2853/4645/2804 
f 2853/4646/2804 2854/4647/2805 2848/4648/2799 
f 2849/4641/2800 2855/4649/2806 2853/4645/2804 
f 2853/4645/2804 2847/4639/2798 2849/4641/2800 
f 2850/4650/2801 2846/4651/2797 2852/4652/2803 
f 2852/4653/2803 2856/4654/2807 2850/4655/2801 
f 2851/4643/2802 2829/4656/2780 2832/4657/2808 
f 2832/4657/2808 2852/4644/2803 2851/4643/2802 
f 2854/4647/2805 2853/4646/2804 2857/4658/2809 
f 2857/4659/2810 2858/4660/2810 2854/4661/2810 
f 2855/4649/2806 2830/4662/2811 2857/4663/2809 
f 2857/4663/2809 2853/4645/2804 2855/4649/2806 
f 2856/4654/2807 2852/4653/2803 2832/4624/2808 
f 2832/4664/2812 2831/4665/2812 2856/4666/2812 
f 2858/4667/2813 2857/4658/2813 2830/4668/2813 
f 2830/4668/2811 2829/4669/2814 2858/4667/2815 
f 2837/4670/2788 2840/4671/2791 2834/4672/2816 
f 2834/4672/2816 2833/4673/2817 2837/4670/2788 
f 2843/4674/2794 2844/4675/2795 2842/4676/2818 
f 2842/4676/2818 2841/4677/2819 2843/4674/2794 
f 2840/4671/2791 2848/4648/2799 2845/4678/2820 
f 2845/4678/2820 2834/4672/2816 2840/4671/2791 
f 2844/4675/2795 2850/4655/2801 2849/4679/2821 
f 2849/4679/2821 2842/4676/2818 2844/4675/2795 
f 2848/4648/2799 2854/4647/2805 2851/4680/2822 
f 2851/4680/2822 2845/4678/2820 2848/4648/2799 
f 2850/4655/2801 2856/4654/2807 2855/4681/2823 
f 2855/4681/2823 2849/4679/2821 2850/4655/2801 
f 2854/4647/2805 2858/4667/2815 2829/4669/2814 
f 2829/4669/2814 2851/4680/2822 2854/4647/2805 
f 2856/4654/2807 2831/4623/2782 2830/4622/2781 
f 2830/4622/2781 2855/4681/2823 2856/4654/2807 
f 2859/4682/2824 2860/4683/2825 2861/4684/2826 
f 2861/4684/2826 2862/4685/2827 2859/4682/2824 
f 2863/4686/2828 2864/4687/2829 2865/4688/2830 
f 2865/4688/2830 2866/4689/2831 2863/4686/2828 
f 2867/4690/2832 2868/4691/2833 2869/4692/2834 
f 2869/4692/2834 2870/4693/2835 2867/4690/2832 
f 2871/4694/2836 2872/4695/2837 2869/4692/2834 
f 2869/4692/2834 2868/4691/2833 2871/4694/2836 
f 2873/4696/2838 2866/4689/2831 2865/4688/2830 
f 2865/4688/2830 2874/4697/2839 2873/4696/2838 
f 2864/4687/2829 2875/4698/2840 2876/4699/2841 
f 2876/4699/2841 2865/4688/2830 2864/4687/2829 
f 2870/4693/2835 2869/4692/2834 2877/4700/2842 
f 2877/4700/2842 2878/4701/2843 2870/4693/2835 
f 2872/4695/2837 2879/4702/2844 2877/4700/2842 
f 2877/4700/2842 2869/4692/2834 2872/4695/2837 
f 2874/4697/2839 2865/4688/2830 2876/4699/2841 
f 2876/4699/2841 2880/4703/2845 2874/4697/2839 
f 2875/4698/2840 2881/4704/2846 2882/4705/2847 
f 2882/4705/2847 2876/4699/2841 2875/4698/2840 
f 2878/4701/2843 2877/4700/2842 2883/4706/2848 
f 2883/4707/2848 2884/4708/2849 2878/4709/2843 
f 2879/4702/2844 2885/4710/2850 2883/4706/2848 
f 2883/4706/2848 2877/4700/2842 2879/4702/2844 
f 2880/4703/2845 2876/4699/2841 2882/4705/2847 
f 2882/4711/2847 2886/4712/2851 2880/4713/2845 
f 2881/4704/2846 2859/4714/2824 2862/4715/2827 
f 2862/4715/2827 2882/4705/2847 2881/4704/2846 
f 2884/4708/2849 2883/4707/2848 2887/4716/2852 
f 2887/4716/2852 2888/4717/2853 2884/4708/2849 
f 2885/4710/2850 2860/4718/2854 2887/4719/2852 
f 2887/4719/2852 2883/4706/2848 2885/4710/2850 
f 2886/4712/2851 2882/4711/2847 2862/4685/2827 
f 2862/4685/2827 2861/4684/2826 2886/4712/2851 
f 2888/4717/2853 2887/4716/2852 2860/4720/2854 
f 2860/4720/2854 2859/4721/2855 2888/4717/2853 
f 2867/4722/2832 2870/4723/2835 2864/4724/2856 
f 2864/4724/2856 2863/4725/2857 2867/4722/2832 
f 2873/4726/2838 2874/4727/2839 2872/4728/2858 
f 2872/4728/2858 2871/4729/2859 2873/4726/2838 
f 2870/4723/2835 2878/4709/2843 2875/4730/2860 
f 2875/4730/2860 2864/4724/2856 2870/4723/2835 
f 2874/4727/2839 2880/4713/2845 2879/4731/2861 
f 2879/4731/2861 2872/4728/2858 2874/4727/2839 
f 2878/4709/2843 2884/4708/2849 2881/4732/2862 
f 2881/4732/2862 2875/4730/2860 2878/4709/2843 
f 2880/4713/2845 2886/4712/2851 2885/4733/2863 
f 2885/4733/2863 2879/4731/2861 2880/4713/2845 
f 2884/4708/2864 2888/4717/2864 2859/4721/2864 
f 2859/4721/2855 2881/4732/2862 2884/4708/2849 
f 2886/4712/2851 2861/4684/2826 2860/4683/2825 
f 2860/4683/2825 2885/4733/2863 2886/4712/2851 
f 2889/4734/2865 2890/4735/2866 2891/4736/2867 
f 2891/4736/2867 2892/4737/2868 2889/4734/2865 
f 2893/4738/2869 2894/4739/2870 2895/4740/2871 
f 2895/4740/2871 2896/4741/2872 2893/4738/2869 
f 2897/4742/2873 2898/4743/2874 2899/4744/2875 
f 2899/4744/2875 2900/4745/2876 2897/4742/2873 
f 2901/4746/2877 2902/4747/2878 2899/4744/2875 
f 2899/4744/2875 2898/4743/2874 2901/4746/2877 
f 2903/4748/2879 2896/4741/2872 2895/4740/2871 
f 2895/4740/2871 2904/4749/2880 2903/4748/2879 
f 2894/4739/2870 2905/4750/2881 2906/4751/2882 
f 2906/4751/2882 2895/4740/2871 2894/4739/2870 
f 2900/4745/2876 2899/4744/2875 2907/4752/2883 
f 2907/4752/2883 2908/4753/2884 2900/4745/2876 
f 2902/4747/2878 2909/4754/2885 2907/4752/2883 
f 2907/4752/2883 2899/4744/2875 2902/4747/2878 
f 2904/4749/2880 2895/4740/2871 2906/4751/2882 
f 2906/4751/2882 2910/4755/2886 2904/4749/2880 
f 2905/4750/2881 2911/4756/2887 2912/4757/2888 
f 2912/4757/2888 2906/4751/2882 2905/4750/2881 
f 2908/4753/2884 2907/4752/2883 2913/4758/2889 
f 2913/4759/2889 2914/4760/2890 2908/4761/2884 
f 2909/4754/2885 2915/4762/2891 2913/4758/2889 
f 2913/4758/2889 2907/4752/2883 2909/4754/2885 
f 2910/4763/2886 2906/4764/2882 2912/4765/2888 
f 2912/4766/2888 2916/4767/2892 2910/4768/2886 
f 2911/4756/2887 2889/4769/2865 2892/4770/2868 
f 2892/4770/2868 2912/4757/2888 2911/4756/2887 
f 2914/4760/2890 2913/4759/2889 2917/4771/2893 
f 2917/4771/2893 2918/4772/2894 2914/4760/2890 
f 2915/4773/2891 2890/4774/2895 2917/4775/2893 
f 2917/4776/2893 2913/4758/2889 2915/4762/2891 
f 2916/4767/2892 2912/4766/2888 2892/4737/2868 
f 2892/4737/2868 2891/4736/2867 2916/4767/2892 
f 2918/4772/2894 2917/4771/2893 2890/4777/2895 
f 2890/4777/2895 2889/4778/2896 2918/4772/2894 
f 2897/4779/2873 2900/4780/2876 2894/4781/2897 
f 2894/4781/2897 2893/4782/2898 2897/4779/2873 
f 2903/4783/2879 2904/4784/2880 2902/4785/2899 
f 2902/4785/2899 2901/4786/2900 2903/4783/2879 
f 2900/4780/2876 2908/4761/2884 2905/4787/2901 
f 2905/4787/2901 2894/4781/2897 2900/4780/2876 
f 2904/4784/2880 2910/4768/2886 2909/4788/2902 
f 2909/4788/2902 2902/4785/2899 2904/4784/2880 
f 2908/4761/2884 2914/4760/2890 2911/4789/2903 
f 2911/4789/2903 2905/4787/2901 2908/4761/2884 
f 2910/4768/2886 2916/4767/2892 2915/4790/2904 
f 2915/4790/2904 2909/4788/2902 2910/4768/2886 
f 2914/4760/2905 2918/4772/2905 2889/4778/2905 
f 2889/4778/2896 2911/4789/2903 2914/4760/2890 
f 2916/4767/2892 2891/4736/2867 2890/4735/2866 
f 2890/4735/2866 2915/4790/2904 2916/4767/2892 
f 2188/4373/2140 753/4791/723 751/2159/721 
f 751/2159/721 1368/2158/1344 2188/4373/2140 
f 993/1556/988 2391/3838/2366 1000/1565/440 
f 1000/1565/440 994/1557/989 993/1556/988 
f 1060/1648/1039 2440/3915/2401 808/1174/780 
f 808/1174/780 1051/1639/1031 1060/1648/1039 
f 2919/4792/2906 2920/4792/2906 2921/4793/2906 
f 2921/4793/2906 2922/4794/2906 2919/4792/2906 
f 2923/4793/2907 2924/4794/2907 2922/4794/2907 
f 2922/4794/2907 2921/4793/2907 2923/4793/2907 
f 2925/2230/2908 2926/4795/2908 2731/4444/2908 
f 2731/4444/2908 1421/2230/2908 2925/2230/2908 
f 2733/4445/2909 1422/2231/2909 1421/2230/2909 
f 1421/2230/2909 2731/4444/2909 2733/4445/2909 
f 1498/4796/2910 1497/4797/2910 1492/4798/2910 
f 1492/4798/2911 1491/2231/2911 1498/4796/2911 
f 2781/4799/2912 2788/4800/2912 2787/4801/2912 
f 2787/4801/2913 2782/4445/2913 2781/4799/2913 
f 1488/4798/2914 1496/4798/2914 1492/4798/2914 
f 1492/4798/2915 1487/4802/2915 1488/4798/2915 
f 2781/4799/2916 2786/4793/2916 2778/4803/2916 
f 2778/4803/2917 2777/4445/2917 2781/4799/2917 
f 1487/4802/2918 1497/4797/2918 1499/4804/2918 
f 1499/4804/2919 1485/4805/2919 1487/4802/2919 
f 2777/4445/2920 2776/4805/2920 2789/4804/2920 
f 2789/4804/2921 2788/4800/2921 2777/4445/2921 
f 2776/4805/2922 1486/4805/2922 1502/4804/2922 
f 1502/4804/2923 2789/4804/2923 2776/4805/2923 
f 1485/4805/2924 1499/4804/2924 1502/4804/2924 
f 1502/4804/2925 1486/4805/2925 1485/4805/2925 
f 2927/4806/2926 2928/4807/2926 2929/4808/2926 
f 2929/4808/2926 2930/4809/2926 2927/4806/2926 
f 2931/4810/2927 2932/4811/2927 2928/4807/2927 
f 2928/4807/2927 2927/4806/2927 2931/4810/2927 
f 1483/4812/2928 1478/4813/2928 1480/4809/2928 
f 1480/4809/2929 1481/4809/2929 1483/4812/2929 
f 2772/4808/2930 2771/4814/2930 2775/4815/2930 
f 2775/4815/2931 2774/4792/2931 2772/4808/2931 
f 1484/4813/2932 2775/4815/2932 2771/4814/2932 
f 2771/4814/2933 1479/4816/2933 1484/4813/2933 
f 1484/4813/2934 1479/4816/2934 1478/4813/2934 
f 1478/4813/2935 1483/4812/2935 1484/4813/2935 
f 2929/4808/2936 2920/4792/2936 2919/4792/2936 
f 2919/4792/2936 2930/4809/2936 2929/4808/2936 
f 1481/4817/2937 1480/4809/2937 1482/4792/2937 
f 2773/4792/2938 2772/4808/2938 2774/4792/2938 
f 2933/4816/2939 2932/4818/2939 2931/4810/2939 
f 1497/4797/2940 1487/4802/2940 1492/4798/2940 
f 1495/2230/2941 1496/4798/2941 1488/4798/2941 
f 1488/4798/2942 1489/4794/2942 1495/2230/2942 
f 2923/4793/2943 2926/4795/2943 2925/2230/2943 
f 2925/2230/2943 2924/4794/2943 2923/4793/2943 
f 2778/4803/2944 2786/4793/2944 2785/4795/2944 
f 2785/4795/2945 2779/4793/2945 2778/4803/2945 
f 1498/4802/2946 1491/2231/2946 2782/4445/2946 
f 2782/4445/2947 2787/4801/2947 2790/4445/2947 
f 2782/4445/2948 2790/4445/2948 1501/4819/2948 
f 1498/4802/2949 2782/4445/2949 1501/4819/2949 
f 1500/4802/2950 1498/4802/2950 1501/4819/2950 
f 2781/4799/2951 2777/4445/2951 2788/4800/2951 
f 1491/2231/2952 1493/2230/2952 2934/2230/2952 
f 2934/2230/2953 2935/2231/2953 1491/2231/2953 
f 1493/2230/2954 1494/2230/2954 2936/2230/2954 
f 2936/2230/2955 2934/2230/2955 1493/2230/2955 
f 1494/2230/2956 1495/2230/2956 2937/2230/2956 
f 2937/2230/2957 2936/2230/2957 1494/2230/2957 
f 1495/2230/2958 1489/4794/2958 2938/4794/2958 
f 2938/4794/2959 2937/2230/2959 1495/2230/2959 
f 1489/4794/2960 1490/4794/2960 2939/4794/2960 
f 2939/4794/2961 2938/4794/2961 1489/4794/2961 
f 1490/4794/2962 1482/4792/2962 2940/4792/2962 
f 2940/4792/2963 2939/4794/2963 1490/4794/2963 
f 1482/4792/2964 1480/4809/2964 2941/4809/2964 
f 2941/4809/2965 2940/4792/2965 1482/4792/2965 
f 1480/4809/2966 1476/4806/2966 2942/4806/2966 
f 2942/4806/2967 2941/4809/2967 1480/4809/2967 
f 1476/4806/2968 1475/4810/2968 2943/4810/2968 
f 2943/4810/2969 2942/4806/2969 1476/4806/2969 
f 1475/4810/2970 1477/4816/2970 2944/4816/2970 
f 2944/4816/2971 2943/4810/2971 1475/4810/2971 
f 1477/4816/2972 2770/4818/2972 2945/4818/2972 
f 2945/4818/2973 2944/4816/2973 1477/4816/2973 
f 2770/4811/2974 2769/4807/2974 2946/4807/2974 
f 2946/4807/2975 2945/4811/2975 2770/4811/2975 
f 2769/4807/2976 2772/4808/2976 2947/4808/2976 
f 2947/4808/2977 2946/4807/2977 2769/4807/2977 
f 2772/4808/2978 2773/4792/2978 2948/4792/2978 
f 2948/4792/2979 2947/4808/2979 2772/4808/2979 
f 2773/4792/2980 2780/4793/2980 2949/4793/2980 
f 2949/4793/2981 2948/4792/2981 2773/4792/2981 
f 2780/4793/2982 2779/4793/2982 2950/4793/2982 
f 2950/4793/2983 2949/4793/2983 2780/4793/2983 
f 2779/4793/2984 2785/4795/2984 2951/4795/2984 
f 2951/4795/2985 2950/4793/2985 2779/4793/2985 
f 2785/4795/2986 2784/4444/2986 2952/4444/2986 
f 2952/4444/2987 2951/4795/2987 2785/4795/2987 
f 2784/4444/2988 2783/4444/2988 2953/4444/2988 
f 2953/4444/2989 2952/4444/2989 2784/4444/2989 
f 2783/4444/2990 2782/4445/2990 2954/4445/2990 
f 2954/4445/2991 2953/4444/2991 2783/4444/2991 
f 2782/4445/2992 1491/2231/2992 2935/2231/2992 
f 2935/2231/2992 2954/4445/2992 2782/4445/2992 
f 2935/2231/2993 2934/2230/2993 1423/2230/2993 
f 1423/2230/2994 1422/2231/2994 2935/2231/2994 
f 2934/2230/2995 2936/2230/2995 1421/2230/2995 
f 1421/2230/2996 1423/2230/2996 2934/2230/2996 
f 2936/2230/2997 2937/2230/2997 2925/2230/2997 
f 2925/2230/2998 1421/2230/2998 2936/2230/2998 
f 2937/2230/2999 2938/4794/2999 2924/4794/2999 
f 2924/4794/3000 2925/2230/3000 2937/2230/3000 
f 2938/4794/3001 2939/4794/3001 2922/4794/3001 
f 2922/4794/3002 2924/4794/3002 2938/4794/3002 
f 2939/4794/3003 2940/4792/3003 2919/4792/3003 
f 2919/4792/3004 2922/4794/3004 2939/4794/3004 
f 2940/4792/3005 2941/4809/3005 2930/4809/3005 
f 2930/4809/3006 2919/4792/3006 2940/4792/3006 
f 2941/4809/3007 2942/4806/3007 2927/4806/3007 
f 2927/4806/3008 2930/4809/3008 2941/4809/3008 
f 2942/4806/3009 2943/4810/3009 2931/4810/3009 
f 2931/4810/3010 2927/4806/3010 2942/4806/3010 
f 2943/4810/3011 2944/4816/3011 2933/4816/3011 
f 2933/4816/3012 2931/4810/3012 2943/4810/3012 
f 2944/4816/3013 2945/4818/3013 2932/4818/3013 
f 2932/4818/3014 2933/4816/3014 2944/4816/3014 
f 2945/4811/3015 2946/4807/3015 2928/4807/3015 
f 2928/4807/3016 2932/4811/3016 2945/4811/3016 
f 2946/4807/3017 2947/4808/3017 2929/4808/3017 
f 2929/4808/3018 2928/4807/3018 2946/4807/3018 
f 2947/4808/3019 2948/4792/3019 2920/4792/3019 
f 2920/4792/3020 2929/4808/3020 2947/4808/3020 
f 2948/4792/3021 2949/4793/3021 2921/4793/3021 
f 2921/4793/3022 2920/4792/3022 2948/4792/3022 
f 2949/4793/3023 2950/4793/3023 2923/4793/3023 
f 2923/4793/3024 2921/4793/3024 2949/4793/3024 
f 2950/4793/3025 2951/4795/3025 2926/4795/3025 
f 2926/4795/3026 2923/4793/3026 2950/4793/3026 
f 2951/4795/3027 2952/4444/3027 2731/4444/3027 
f 2731/4444/3028 2926/4795/3028 2951/4795/3028 
f 2952/4444/3029 2953/4444/3029 2732/4444/3029 
f 2732/4444/3030 2731/4444/3030 2952/4444/3030 
f 2953/4444/3031 2954/4445/3031 2733/4445/3031 
f 2733/4445/3032 2732/4444/3032 2953/4444/3032 
f 2954/4445/3033 2935/2231/3033 1422/2231/3033 
f 1422/2231/3033 2733/4445/3033 2954/4445/3033 
f 2955/4820/464 2956/4808/464 2957/4821/464 
f 2957/4821/464 2958/4822/464 2955/4820/464 
f 2959/4820/3034 2960/4808/3034 2956/4821/3034 
f 2956/4821/3034 2955/4822/3034 2959/4820/3034 
f 2960/4820/3035 2961/4808/3035 2957/4821/3035 
f 2957/4821/3035 2956/4822/3035 2960/4820/3035 
f 2961/4820/434 2962/4808/434 2958/4821/434 
f 2958/4821/434 2957/4822/434 2961/4820/434 
f 2962/4820/3036 2959/4808/3036 2955/4821/3036 
f 2955/4821/3036 2958/4822/3036 2962/4820/3036 
f 2963/4823/3037 2964/4824/3037 2965/4825/3037 
f 2963/4823/3037 2965/4825/3037 2966/4826/3037 
f 2963/4823/3037 2966/4826/3037 2967/4827/3037 
f 2968/4828/3037 2963/4823/3037 2967/4827/3037 
f 2969/4829/3038 2970/4830/3038 2971/4831/3039 
f 2972/4832/3040 2971/4831/3039 2970/4830/3038 
f 2973/4833/3041 2974/4834/3041 2975/4835/3042 
f 2976/4836/3043 2975/4835/3042 2974/4834/3041 
f 2975/4835/3042 2976/4836/3043 2977/4837/3044 
f 2978/4838/3044 2977/4837/3044 2976/4836/3043 
f 2977/4839/3045 2978/4840/3045 2969/4841/3046 
f 2970/4842/3047 2969/4841/3046 2978/4840/3045 
f 2971/4831/3039 2972/4832/3040 2979/4843/3048 
f 2980/4844/3048 2979/4843/3048 2972/4832/3040 
f 2981/4845/3049 2982/4846/3049 2983/4847/3050 
f 2984/4848/3051 2983/4847/3050 2982/4846/3049 
f 2983/4847/3050 2984/4848/3051 2985/4849/3052 
f 2986/4850/3053 2985/4849/3052 2984/4848/3051 
f 2985/4849/3052 2986/4850/3053 2987/4851/3054 
f 2988/4852/3054 2987/4851/3054 2986/4850/3053 
f 2987/4853/3054 2988/4854/3054 2973/4855/3055 
f 2974/4856/3055 2973/4855/3055 2988/4854/3054 
f 2979/4857/3056 2980/4858/3056 2989/4859/3057 
f 2990/4860/3058 2989/4859/3057 2980/4858/3056 
f 2989/4859/3057 2990/4860/3058 2991/4861/3059 
f 2992/4862/3060 2991/4861/3059 2990/4860/3058 
f 2991/4863/3059 2992/4864/3060 2993/4865/3061 
f 2994/4866/3062 2993/4865/3061 2992/4864/3060 
f 2993/4865/3061 2994/4866/3062 2995/4867/3063 
f 2996/4868/3064 2995/4867/3063 2994/4866/3062 
f 2995/4867/3063 2996/4868/3064 2997/4869/3065 
f 2998/4870/3065 2997/4869/3065 2996/4868/3064 
f 2997/4871/3066 2998/4872/3067 2999/4873/3068 
f 3000/4874/3069 2999/4873/3068 2998/4872/3067 
f 2999/4873/3068 3000/4874/3069 3001/4875/3070 
f 3002/4876/3071 3001/4875/3070 3000/4874/3069 
f 3001/4875/3070 3002/4876/3071 3003/4877/3072 
f 3004/4878/3073 3003/4877/3072 3002/4876/3071 
f 3003/4877/3072 3004/4878/3073 3005/4879/3074 
f 3006/4880/3075 3005/4879/3074 3004/4878/3073 
f 3005/4879/3074 3006/4880/3075 3007/4881/3076 
f 3008/4882/3077 3007/4881/3076 3006/4880/3075 
f 3007/4881/3076 3008/4882/3077 3009/4883/3078 
f 3010/4884/3079 3009/4883/3078 3008/4882/3077 
f 3009/4883/3078 3010/4884/3079 2981/4885/3080 
f 2982/4886/3080 2981/4885/3080 3010/4884/3079 
f 3011/4887/3081 3012/4888/3082 3013/4889/3082 
f 3014/4890/3081 3011/4887/3081 3013/4889/3082 
f 3014/4891/3083 3013/4892/3084 3015/4893/3085 
f 3016/4894/3083 3014/4891/3083 3015/4893/3085 
f 3016/4895/3086 3015/4896/3087 3017/4897/3087 
f 3018/4898/3086 3016/4895/3086 3017/4897/3087 
f 3018/4899/3088 3017/4900/3089 3019/4901/3089 
f 3020/4902/3088 3018/4899/3088 3019/4901/3089 
f 3020/4903/3090 3019/4904/3091 3021/4905/3091 
f 3022/4906/3090 3020/4903/3090 3021/4905/3091 
f 3022/4907/3092 3021/4908/3093 3012/4909/3093 
f 3011/4910/3092 3022/4907/3092 3012/4909/3093 
f 3023/4911/3094 3011/4887/3081 3014/4890/3081 
f 3024/4912/3094 3023/4911/3094 3014/4890/3081 
f 3024/4913/3095 3014/4891/3083 3016/4894/3083 
f 3025/4914/3095 3024/4913/3095 3016/4894/3083 
f 3025/4915/3096 3016/4895/3086 3018/4898/3086 
f 3026/4916/3096 3025/4915/3096 3018/4898/3086 
f 3026/4917/3097 3018/4918/3088 3020/4919/3088 
f 3027/4920/3097 3026/4917/3097 3020/4919/3088 
f 3027/4921/3098 3020/4903/3090 3022/4906/3090 
f 3028/4922/3098 3027/4921/3098 3022/4906/3090 
f 3028/4923/3099 3022/4907/3092 3011/4910/3092 
f 3023/4924/3099 3028/4923/3099 3011/4910/3092 
f 2963/4925/3100 3023/4911/3094 3024/4912/3094 
f 2964/4926/3100 2963/4925/3100 3024/4912/3094 
f 2964/4927/3101 3024/4913/3095 3025/4914/3095 
f 2965/4928/3101 2964/4927/3101 3025/4914/3095 
f 2965/4929/3102 3025/4915/3096 3026/4916/3096 
f 2966/4930/3102 2965/4929/3102 3026/4916/3096 
f 2966/4931/3103 3026/4932/3097 3027/4933/3097 
f 2967/4934/3103 2966/4931/3103 3027/4933/3097 
f 2967/4935/3104 3027/4921/3098 3028/4922/3098 
f 2968/4936/3104 2967/4935/3104 3028/4922/3098 
f 2968/4937/3105 3028/4923/3099 3023/4924/3099 
f 2963/4938/3105 2968/4937/3105 3023/4924/3099 
f 3029/4939/3106 3012/4909/3093 3021/4908/3093 
f 3029/4940/3107 3021/4905/3091 3019/4904/3091 
f 3029/4941/3108 3019/4942/3089 3017/4943/3089 
f 3029/4944/3109 3017/4897/3087 3015/4896/3087 
f 3029/4945/3110 3015/4893/3085 3013/4892/3084 
f 3029/4946/3111 3013/4889/3082 3012/4888/3082 
f 2976/4947/3112 2970/4948/3113 2978/4949/3113 
f 2970/4948/3113 2976/4947/3112 2972/4950/3114 
f 2974/4951/3115 2972/4950/3114 2976/4947/3112 
f 2972/4950/3114 2974/4951/3115 2980/4952/3116 
f 2980/4952/3116 2974/4951/3115 2990/4953/3117 
f 2990/4953/3117 2974/4951/3115 2988/4954/3116 
f 2988/4954/3116 2986/4955/3118 2990/4953/3117 
f 2986/4955/3118 2984/4956/3119 2990/4953/3117 
f 2992/4957/3120 2990/4953/3117 2984/4956/3119 
f 2984/4956/3119 2982/4958/3119 2992/4957/3120 
f 2992/4957/3120 2982/4958/3119 3010/4959/3121 
f 3008/4960/3122 2992/4957/3120 3010/4959/3121 
f 3008/4960/3122 3006/4961/3123 2992/4957/3120 
f 2992/4957/3120 3006/4961/3123 2994/4962/3124 
f 3006/4961/3123 3004/4963/3123 2994/4962/3124 
f 3002/4964/3125 2994/4962/3124 3004/4963/3123 
f 3000/4965/3126 2994/4962/3124 3002/4964/3125 
f 2996/4966/3127 2994/4962/3124 3000/4965/3126 
f 3000/4965/3126 2998/4967/3128 2996/4966/3127 
f 2995/4968/3129 2997/4969/3130 2999/4970/3131 
f 2999/4970/3131 2993/4971/3132 2995/4968/3129 
f 3001/4972/3133 2993/4971/3132 2999/4970/3131 
f 3003/4973/3134 2993/4971/3132 3001/4972/3133 
f 2993/4971/3132 3003/4973/3134 3005/4974/3134 
f 2993/4971/3132 3005/4974/3134 2991/4975/3135 
f 2991/4975/3135 3005/4974/3134 3007/4976/3136 
f 3009/4977/3137 2991/4975/3135 3007/4976/3136 
f 3009/4977/3137 2981/4978/3138 2991/4975/3135 
f 2991/4975/3135 2981/4978/3138 2983/4979/3139 
f 2983/4979/3139 2989/4980/3140 2991/4975/3135 
f 2989/4980/3140 2983/4979/3139 2985/4981/3141 
f 2989/4980/3140 2985/4981/3141 2987/4982/3142 
f 2987/4982/3142 2973/4983/3143 2989/4980/3140 
f 2989/4980/3140 2973/4983/3143 2979/4984/3142 
f 2979/4984/3142 2973/4983/3143 2971/4985/3144 
f 2975/4986/3145 2971/4985/3144 2973/4983/3143 
f 2971/4985/3144 2975/4986/3145 2969/4987/3146 
f 2977/4988/3146 2969/4987/3146 2975/4986/3145 
f 3030/4989/3147 3031/4990/3148 3032/4991/3149 
f 3032/4991/3149 3033/4992/3150 3030/4989/3147 
f 3033/4992/3150 3032/4991/3149 3034/4993/3151 
f 3034/4993/3151 3035/4994/3152 3033/4992/3150 
f 3035/4995/3152 3034/4996/3151 3036/4997/3153 
f 3036/4997/3153 3037/4998/3154 3035/4995/3152 
f 3037/4998/3154 3036/4997/3153 3038/4999/3155 
f 3038/4999/3155 3039/5000/3156 3037/4998/3154 
f 3039/5001/3156 3038/5002/3155 3040/5003/3157 
f 3040/5003/3157 3041/5004/3158 3039/5001/3156 
f 3041/5004/3158 3040/5003/3157 3042/5005/3159 
f 3042/5005/3159 3043/5006/3160 3041/5004/3158 
f 3043/5006/3160 3042/5005/3159 3044/5007/3161 
f 3044/5007/3161 3045/5008/3162 3043/5006/3160 
f 3045/5009/3162 3044/5010/3161 3046/5011/3163 
f 3046/5011/3163 3047/5012/3164 3045/5009/3162 
f 3047/5012/3164 3046/5011/3163 3048/5013/3165 
f 3048/5013/3165 3049/5014/3166 3047/5012/3164 
f 3049/5014/3166 3048/5013/3165 3050/5015/3167 
f 3050/5015/3167 3051/5016/3168 3049/5014/3166 
f 3051/5016/3168 3050/5015/3167 3052/5017/3169 
f 3052/5017/3169 3053/5018/3170 3051/5016/3168 
f 3053/5019/3170 3052/5020/3169 3031/4990/3148 
f 3031/4990/3148 3030/4989/3147 3053/5019/3170 
f 3031/4990/3148 3054/5021/3171 3055/5022/3172 
f 3055/5022/3172 3032/4991/3149 3031/4990/3148 
f 3032/4991/3149 3055/5022/3172 3056/5023/3173 
f 3056/5023/3173 3034/4993/3151 3032/4991/3149 
f 3034/4996/3151 3056/5024/3173 3057/5025/3174 
f 3057/5025/3174 3036/4997/3153 3034/4996/3151 
f 3036/4997/3153 3057/5025/3174 3058/5026/3175 
f 3058/5026/3175 3038/4999/3155 3036/4997/3153 
f 3038/5002/3155 3058/5027/3175 3059/5028/3176 
f 3059/5028/3176 3040/5003/3157 3038/5002/3155 
f 3040/5003/3157 3059/5028/3176 3060/5029/3177 
f 3060/5029/3177 3042/5005/3159 3040/5003/3157 
f 3042/5005/3159 3060/5029/3177 3061/5030/3178 
f 3061/5030/3178 3044/5007/3161 3042/5005/3159 
f 3044/5010/3161 3061/5031/3178 3062/5032/3179 
f 3062/5032/3179 3046/5011/3163 3044/5010/3161 
f 3046/5011/3163 3062/5032/3179 3063/5033/3180 
f 3063/5033/3180 3048/5013/3165 3046/5011/3163 
f 3048/5013/3165 3063/5033/3180 3064/5034/3181 
f 3064/5034/3181 3050/5015/3167 3048/5013/3165 
f 3050/5015/3167 3064/5034/3181 3065/5035/3182 
f 3065/5035/3182 3052/5017/3169 3050/5015/3167 
f 3052/5020/3169 3065/5036/3182 3054/5021/3171 
f 3054/5021/3171 3031/4990/3148 3052/5020/3169 
f 3054/5021/3171 3066/5037/3183 3067/5038/3184 
f 3067/5038/3184 3055/5022/3172 3054/5021/3171 
f 3055/5022/3172 3067/5038/3184 3068/5039/3185 
f 3068/5039/3185 3056/5023/3173 3055/5022/3172 
f 3056/5024/3173 3068/5040/3185 3069/5041/3186 
f 3069/5041/3186 3057/5025/3174 3056/5024/3173 
f 3057/5025/3174 3069/5041/3186 3070/5042/3187 
f 3070/5042/3187 3058/5026/3175 3057/5025/3174 
f 3058/5027/3175 3070/5043/3187 3071/5044/3188 
f 3071/5044/3188 3059/5028/3176 3058/5027/3175 
f 3059/5028/3176 3071/5044/3188 3072/5045/3189 
f 3072/5045/3189 3060/5029/3177 3059/5028/3176 
f 3060/5029/3177 3072/5045/3189 3073/5046/3190 
f 3073/5046/3190 3061/5030/3178 3060/5029/3177 
f 3061/5031/3178 3073/5047/3190 3074/5048/3191 
f 3074/5048/3191 3062/5032/3179 3061/5031/3178 
f 3062/5032/3179 3074/5048/3191 3075/5049/3192 
f 3075/5049/3192 3063/5033/3180 3062/5032/3179 
f 3063/5033/3180 3075/5049/3192 3076/5050/3193 
f 3076/5050/3193 3064/5034/3181 3063/5033/3180 
f 3064/5034/3181 3076/5050/3193 3077/5051/3194 
f 3077/5051/3194 3065/5035/3182 3064/5034/3181 
f 3065/5036/3182 3077/5052/3194 3066/5037/3183 
f 3066/5037/3183 3054/5021/3171 3065/5036/3182 
f 3078/5053/3195 3079/5054/3195 3080/5055/3195 
f 3080/5055/3195 3081/5056/3195 3082/5057/3195 
f 3078/5053/3195 3080/5055/3195 3082/5057/3195 
f 3082/5057/3195 3083/5058/3195 3084/5059/3195 
f 3084/5059/3195 3085/5060/3195 3086/5061/3195 
f 3082/5057/3195 3084/5059/3195 3086/5061/3195 
f 3078/5053/3195 3082/5057/3195 3086/5061/3195 
f 3086/5061/3195 3087/5062/3195 3088/5063/3195 
f 3078/5053/3195 3086/5061/3195 3088/5063/3195 
f 3089/5064/3195 3078/5053/3195 3088/5063/3195 
f 3077/5065/3196 3076/5066/3196 3075/5067/3196 
f 3075/5067/3196 3074/5068/3196 3073/5069/3196 
f 3077/5065/3196 3075/5067/3196 3073/5069/3196 
f 3073/5069/3196 3072/5070/3196 3071/5071/3196 
f 3071/5071/3196 3070/5072/3196 3069/5073/3196 
f 3073/5069/3196 3071/5071/3196 3069/5073/3196 
f 3077/5065/3196 3073/5069/3196 3069/5073/3196 
f 3069/5073/3196 3068/5074/3196 3067/5075/3196 
f 3077/5065/3196 3069/5073/3196 3067/5075/3196 
f 3066/5076/3196 3077/5065/3196 3067/5075/3196 
f 3033/5077/3195 3090/5078/3195 3091/5079/3195 
f 3091/5079/3195 3030/5080/3195 3033/5077/3195 
f 3030/5080/3195 3091/5079/3195 3092/5081/3195 
f 3092/5081/3195 3053/5082/3195 3030/5080/3195 
f 3053/5082/3195 3092/5081/3195 3093/5083/3195 
f 3093/5083/3195 3051/5084/3195 3053/5082/3195 
f 3051/5084/3195 3093/5083/3195 3094/5085/3195 
f 3094/5085/3195 3049/5086/3195 3051/5084/3195 
f 3049/5086/3195 3094/5085/3195 3095/5087/3195 
f 3095/5087/3195 3047/5088/3195 3049/5086/3195 
f 3047/5088/3195 3095/5087/3195 3096/5089/3195 
f 3096/5089/3195 3045/5090/3195 3047/5088/3195 
f 3045/5090/3195 3096/5089/3195 3097/5091/3195 
f 3097/5091/3195 3043/5092/3195 3045/5090/3195 
f 3043/5092/3195 3097/5091/3195 3098/5093/3195 
f 3098/5093/3195 3041/5094/3195 3043/5092/3195 
f 3041/5094/3195 3098/5093/3195 3099/5095/3195 
f 3099/5095/3195 3039/5096/3195 3041/5094/3195 
f 3039/5096/3195 3099/5095/3195 3100/5097/3195 
f 3100/5097/3195 3037/5098/3195 3039/5096/3195 
f 3037/5098/3195 3100/5097/3195 3101/5099/3195 
f 3101/5099/3195 3035/5100/3195 3037/5098/3195 
f 3035/5100/3195 3101/5099/3195 3090/5078/3195 
f 3090/5078/3195 3033/5077/3195 3035/5100/3195 
f 3090/5101/3197 3079/5102/3197 3078/5103/3198 
f 3078/5103/3198 3091/5104/3198 3090/5101/3197 
f 3091/5104/3198 3078/5103/3198 3089/5105/3199 
f 3089/5105/3199 3092/5106/3199 3091/5104/3198 
f 3092/5106/3199 3089/5105/3199 3088/5107/3200 
f 3088/5107/3200 3093/5108/3200 3092/5106/3199 
f 3093/5109/3200 3088/5110/3200 3087/5111/3201 
f 3087/5111/3201 3094/5112/3201 3093/5109/3200 
f 3094/5112/3201 3087/5111/3201 3086/5113/3202 
f 3086/5113/3202 3095/5114/3202 3094/5112/3201 
f 3095/5114/3202 3086/5113/3202 3085/5115/3203 
f 3085/5115/3203 3096/5116/3203 3095/5114/3202 
f 3096/5117/3203 3085/5118/3203 3084/5119/3204 
f 3084/5119/3204 3097/5120/3204 3096/5117/3203 
f 3097/5120/3204 3084/5119/3204 3083/5121/3205 
f 3083/5121/3205 3098/5122/3205 3097/5120/3204 
f 3098/5123/3205 3083/5124/3205 3082/5125/3206 
f 3082/5125/3206 3099/5126/3206 3098/5123/3205 
f 3099/5126/3206 3082/5125/3206 3081/5127/3207 
f 3081/5127/3207 3100/5128/3207 3099/5126/3206 
f 3100/5128/3207 3081/5127/3207 3080/5129/3208 
f 3080/5129/3208 3101/5130/3208 3100/5128/3207 
f 3101/5130/3208 3080/5129/3208 3079/5131/3197 
f 3079/5131/3197 3090/5132/3197 3101/5130/3208 
f 3102/5133/3209 3103/5134/3209 3104/5135/3210 
f 3102/5133/3209 3105/5136/3209 3103/5134/3209 
f 3102/5133/3209 3106/5137/3209 3105/5136/3209 
f 3107/5138/3209 3106/5137/3209 3102/5133/3209 
f 3108/5139/3211 3109/5140/3212 3110/5141/3211 
f 3111/5142/3212 3110/5141/3211 3109/5140/3212 
f 3112/5143/3213 3113/5144/3214 3114/5145/3213 
f 3115/5146/3215 3114/5145/3213 3113/5144/3214 
f 3113/5144/3214 3116/5147/3216 3115/5146/3215 
f 3117/5148/3216 3115/5146/3215 3116/5147/3216 
f 3116/5149/3217 3108/5150/3218 3117/5151/3219 
f 3110/5152/3220 3117/5151/3219 3108/5150/3218 
f 3109/5140/3212 3118/5153/3221 3111/5142/3212 
f 3119/5154/3221 3111/5142/3212 3118/5153/3221 
f 3120/5155/3222 3121/5156/3223 3122/5157/3222 
f 3123/5158/3224 3122/5157/3222 3121/5156/3223 
f 3121/5156/3223 3124/5159/3225 3123/5158/3224 
f 3125/5160/3226 3123/5158/3224 3124/5159/3225 
f 3124/5159/3225 3126/5161/3227 3125/5160/3226 
f 3127/5162/3227 3125/5160/3226 3126/5161/3227 
f 3126/5163/3227 3112/5164/3228 3127/5165/3227 
f 3114/5166/3228 3127/5165/3227 3112/5164/3228 
f 3118/5167/3229 3128/5168/3230 3119/5169/3229 
f 3129/5170/3231 3119/5169/3229 3128/5168/3230 
f 3128/5168/3230 3130/5171/3232 3129/5170/3231 
f 3131/5172/3233 3129/5170/3231 3130/5171/3232 
f 3130/5173/3232 3132/5174/3234 3131/5175/3233 
f 3133/5176/3235 3131/5175/3233 3132/5174/3234 
f 3132/5174/3234 3134/5177/3236 3133/5176/3235 
f 3135/5178/3237 3133/5176/3235 3134/5177/3236 
f 3134/5177/3236 3136/5179/3238 3135/5178/3237 
f 3137/5180/3238 3135/5178/3237 3136/5179/3238 
f 3136/5181/3239 3138/5182/3240 3137/5183/3239 
f 3139/5184/3241 3137/5183/3239 3138/5182/3240 
f 3138/5182/3240 3140/5185/3242 3139/5184/3241 
f 3141/5186/3243 3139/5184/3241 3140/5185/3242 
f 3140/5185/3242 3142/5187/3244 3141/5186/3243 
f 3143/5188/3245 3141/5186/3243 3142/5187/3244 
f 3142/5187/3244 3144/5189/3246 3143/5188/3245 
f 3145/5190/3247 3143/5188/3245 3144/5189/3246 
f 3144/5189/3246 3146/5191/3248 3145/5190/3247 
f 3147/5192/3249 3145/5190/3247 3146/5191/3248 
f 3146/5191/3248 3148/5193/3250 3147/5192/3249 
f 3149/5194/3251 3147/5192/3249 3148/5193/3250 
f 3148/5193/3250 3120/5195/3252 3149/5194/3251 
f 3122/5196/3252 3149/5194/3251 3120/5195/3252 
f 3150/5197/3253 3151/5198/3254 3152/5199/3254 
f 3153/5200/3253 3151/5198/3254 3150/5197/3253 
f 3153/5201/3255 3154/5202/3256 3151/5203/3256 
f 3155/5204/3255 3154/5202/3256 3153/5201/3255 
f 3155/5205/3257 3156/5206/3258 3154/5207/3258 
f 3157/5208/3259 3156/5206/3258 3155/5205/3257 
f 3157/5209/3260 3158/5210/3261 3156/5211/3261 
f 3159/5212/3260 3158/5210/3261 3157/5209/3260 
f 3159/5213/3262 3160/5214/3263 3158/5215/3263 
f 3161/5216/3262 3160/5214/3263 3159/5213/3262 
f 3161/5217/3264 3152/5218/3265 3160/5219/3265 
f 3150/5220/3264 3152/5218/3265 3161/5217/3264 
f 3162/5221/3266 3153/5200/3253 3150/5197/3253 
f 3163/5222/3267 3153/5200/3253 3162/5221/3266 
f 3163/5223/3268 3155/5204/3255 3153/5201/3255 
f 3164/5224/3268 3155/5204/3255 3163/5223/3268 
f 3164/5225/3269 3157/5208/3259 3155/5205/3257 
f 3165/5226/3269 3157/5208/3259 3164/5225/3269 
f 3165/5227/3270 3159/5228/3260 3157/5229/3260 
f 3166/5230/3270 3159/5228/3260 3165/5227/3270 
f 3166/5231/3271 3161/5216/3262 3159/5213/3262 
f 3167/5232/3271 3161/5216/3262 3166/5231/3271 
f 3167/5233/3272 3150/5220/3264 3161/5217/3264 
f 3162/5234/3272 3150/5220/3264 3167/5233/3272 
f 3102/5235/3273 3163/5222/3267 3162/5221/3266 
f 3104/5236/3273 3163/5222/3267 3102/5235/3273 
f 3104/5237/3274 3164/5224/3268 3163/5223/3268 
f 3103/5238/3274 3164/5224/3268 3104/5237/3274 
f 3103/5239/3275 3165/5226/3269 3164/5225/3269 
f 3105/5240/3275 3165/5226/3269 3103/5239/3275 
f 3105/5241/3276 3166/5242/3270 3165/5243/3270 
f 3106/5244/3276 3166/5242/3270 3105/5241/3276 
f 3106/5245/3277 3167/5232/3271 3166/5231/3271 
f 3107/5246/3277 3167/5232/3271 3106/5245/3277 
f 3107/5247/3278 3162/5234/3272 3167/5233/3272 
f 3102/5248/3278 3162/5234/3272 3107/5247/3278 
f 3168/5249/3279 3160/5219/3265 3152/5218/3265 
f 3168/5250/3280 3158/5215/3263 3160/5214/3263 
f 3168/5251/3281 3156/5252/3261 3158/5253/3261 
f 3168/5254/3282 3154/5207/3258 3156/5206/3258 
f 3168/5255/3283 3151/5203/3256 3154/5202/3256 
f 3168/5256/3284 3152/5199/3254 3151/5198/3254 
f 3115/5257/3285 3117/5258/3286 3110/5259/3286 
f 3110/5259/3286 3111/5260/3287 3115/5257/3285 
f 3114/5261/3288 3115/5257/3285 3111/5260/3287 
f 3111/5260/3287 3119/5262/3289 3114/5261/3288 
f 3119/5262/3289 3129/5263/3290 3114/5261/3288 
f 3129/5263/3290 3127/5264/3289 3114/5261/3288 
f 3127/5264/3289 3129/5263/3290 3125/5265/3291 
f 3125/5265/3291 3129/5263/3290 3123/5266/3292 
f 3131/5267/3293 3123/5266/3292 3129/5263/3290 
f 3123/5266/3292 3131/5267/3293 3122/5268/3292 
f 3131/5267/3293 3149/5269/3294 3122/5268/3292 
f 3147/5270/3295 3149/5269/3294 3131/5267/3293 
f 3147/5270/3295 3131/5267/3293 3145/5271/3296 
f 3131/5267/3293 3133/5272/3297 3145/5271/3296 
f 3145/5271/3296 3133/5272/3297 3143/5273/3296 
f 3141/5274/3298 3143/5273/3296 3133/5272/3297 
f 3139/5275/3299 3141/5274/3298 3133/5272/3297 
f 3135/5276/3300 3139/5275/3299 3133/5272/3297 
f 3139/5275/3299 3135/5276/3300 3137/5277/3300 
f 3134/5278/3301 3138/5279/3302 3136/5280/3301 
f 3138/5279/3302 3134/5278/3301 3132/5281/3303 
f 3140/5282/3304 3138/5279/3302 3132/5281/3303 
f 3142/5283/3305 3140/5282/3304 3132/5281/3303 
f 3132/5281/3303 3144/5284/3305 3142/5283/3305 
f 3132/5281/3303 3130/5285/3306 3144/5284/3305 
f 3130/5285/3306 3146/5286/3307 3144/5284/3305 
f 3148/5287/3308 3146/5286/3307 3130/5285/3306 
f 3148/5287/3308 3130/5285/3306 3120/5288/3309 
f 3130/5285/3306 3121/5289/3309 3120/5288/3309 
f 3121/5289/3309 3130/5285/3306 3128/5290/3310 
f 3128/5290/3310 3124/5291/3311 3121/5289/3309 
f 3128/5290/3310 3126/5292/3312 3124/5291/3311 
f 3126/5292/3312 3128/5290/3310 3112/5293/3313 
f 3128/5290/3310 3118/5294/3312 3112/5293/3313 
f 3118/5294/3312 3109/5295/3314 3112/5293/3313 
f 3113/5296/3315 3112/5293/3313 3109/5295/3314 
f 3109/5295/3314 3108/5297/3316 3113/5296/3315 
f 3116/5298/3317 3113/5296/3315 3108/5297/3316 
f 3169/5299/3318 3170/5300/3319 3171/5301/3320 
f 3171/5301/3320 3172/5302/3321 3169/5299/3318 
f 3170/5300/3319 3173/5303/3322 3174/5304/3323 
f 3174/5304/3323 3171/5301/3320 3170/5300/3319 
f 3173/5305/3322 3175/5306/3324 3176/5307/3325 
f 3176/5307/3325 3174/5308/3323 3173/5305/3322 
f 3175/5306/3324 3177/5309/3326 3178/5310/3327 
f 3178/5310/3327 3176/5307/3325 3175/5306/3324 
f 3177/5311/3326 3179/5312/3328 3180/5313/3329 
f 3180/5313/3329 3178/5314/3327 3177/5311/3326 
f 3179/5312/3328 3181/5315/3330 3182/5316/3331 
f 3182/5316/3331 3180/5313/3329 3179/5312/3328 
f 3181/5315/3330 3183/5317/3332 3184/5318/3333 
f 3184/5318/3333 3182/5316/3331 3181/5315/3330 
f 3183/5319/3332 3185/5320/3334 3186/5321/3335 
f 3186/5321/3335 3184/5322/3333 3183/5319/3332 
f 3185/5320/3334 3187/5323/3336 3188/5324/3337 
f 3188/5324/3337 3186/5321/3335 3185/5320/3334 
f 3187/5323/3336 3189/5325/3338 3190/5326/3339 
f 3190/5326/3339 3188/5324/3337 3187/5323/3336 
f 3189/5325/3338 3191/5327/3340 3192/5328/3341 
f 3192/5328/3341 3190/5326/3339 3189/5325/3338 
f 3191/5329/3340 3169/5299/3318 3172/5302/3321 
f 3172/5302/3321 3192/5330/3341 3191/5329/3340 
f 3172/5302/3321 3171/5301/3320 3193/5331/3342 
f 3193/5331/3342 3194/5332/3343 3172/5302/3321 
f 3171/5301/3320 3174/5304/3323 3195/5333/3344 
f 3195/5333/3344 3193/5331/3342 3171/5301/3320 
f 3174/5308/3323 3176/5307/3325 3196/5334/3345 
f 3196/5334/3345 3195/5335/3344 3174/5308/3323 
f 3176/5307/3325 3178/5310/3327 3197/5336/3346 
f 3197/5336/3346 3196/5334/3345 3176/5307/3325 
f 3178/5314/3327 3180/5313/3329 3198/5337/3347 
f 3198/5337/3347 3197/5338/3346 3178/5314/3327 
f 3180/5313/3329 3182/5316/3331 3199/5339/3348 
f 3199/5339/3348 3198/5337/3347 3180/5313/3329 
f 3182/5316/3331 3184/5318/3333 3200/5340/3349 
f 3200/5340/3349 3199/5339/3348 3182/5316/3331 
f 3184/5322/3333 3186/5321/3335 3201/5341/3350 
f 3201/5341/3350 3200/5342/3349 3184/5322/3333 
f 3186/5321/3335 3188/5324/3337 3202/5343/3351 
f 3202/5343/3351 3201/5341/3350 3186/5321/3335 
f 3188/5324/3337 3190/5326/3339 3203/5344/3352 
f 3203/5344/3352 3202/5343/3351 3188/5324/3337 
f 3190/5326/3339 3192/5328/3341 3204/5345/3353 
f 3204/5345/3353 3203/5344/3352 3190/5326/3339 
f 3192/5330/3341 3172/5302/3321 3194/5332/3343 
f 3194/5332/3343 3204/5346/3353 3192/5330/3341 
f 3194/5332/3343 3193/5331/3342 3205/5347/3354 
f 3205/5347/3354 3206/5348/3355 3194/5332/3343 
f 3193/5331/3342 3195/5333/3344 3207/5349/3356 
f 3207/5349/3356 3205/5347/3354 3193/5331/3342 
f 3195/5335/3344 3196/5334/3345 3208/5350/3357 
f 3208/5350/3357 3207/5351/3356 3195/5335/3344 
f 3196/5334/3345 3197/5336/3346 3209/5352/3358 
f 3209/5352/3358 3208/5350/3357 3196/5334/3345 
f 3197/5338/3346 3198/5337/3347 3210/5353/3359 
f 3210/5353/3359 3209/5354/3358 3197/5338/3346 
f 3198/5337/3347 3199/5339/3348 3211/5355/3360 
f 3211/5355/3360 3210/5353/3359 3198/5337/3347 
f 3199/5339/3348 3200/5340/3349 3212/5356/3361 
f 3212/5356/3361 3211/5355/3360 3199/5339/3348 
f 3200/5342/3349 3201/5341/3350 3213/5357/3362 
f 3213/5357/3362 3212/5358/3361 3200/5342/3349 
f 3201/5341/3350 3202/5343/3351 3214/5359/3363 
f 3214/5359/3363 3213/5357/3362 3201/5341/3350 
f 3202/5343/3351 3203/5344/3352 3215/5360/3364 
f 3215/5360/3364 3214/5359/3363 3202/5343/3351 
f 3203/5344/3352 3204/5345/3353 3216/5361/3365 
f 3216/5361/3365 3215/5360/3364 3203/5344/3352 
f 3204/5346/3353 3194/5332/3343 3206/5348/3355 
f 3206/5348/3355 3216/5362/3365 3204/5346/3353 
f 3217/5363/3366 3218/5364/3366 3219/5365/3366 
f 3219/5365/3366 3220/5366/3366 3221/5367/3366 
f 3221/5367/3366 3222/5368/3366 3223/5369/3366 
f 3219/5365/3366 3221/5367/3366 3223/5369/3366 
f 3223/5369/3366 3224/5370/3366 3225/5371/3366 
f 3225/5371/3366 3226/5372/3366 3227/5373/3366 
f 3223/5369/3366 3225/5371/3366 3227/5373/3366 
f 3219/5365/3366 3223/5369/3366 3227/5373/3366 
f 3217/5363/3366 3219/5365/3366 3227/5373/3366 
f 3228/5374/3366 3217/5363/3366 3227/5373/3366 
f 3205/5375/3367 3207/5376/3367 3208/5377/3367 
f 3208/5377/3367 3209/5378/3367 3210/5379/3367 
f 3210/5379/3367 3211/5380/3367 3212/5381/3367 
f 3208/5377/3367 3210/5379/3367 3212/5381/3367 
f 3212/5381/3367 3213/5382/3367 3214/5383/3367 
f 3214/5383/3367 3215/5384/3367 3216/5385/3367 
f 3212/5381/3367 3214/5383/3367 3216/5385/3367 
f 3208/5377/3367 3212/5381/3367 3216/5385/3367 
f 3205/5375/3367 3208/5377/3367 3216/5385/3367 
f 3206/5386/3367 3205/5375/3367 3216/5385/3367 
f 3170/5387/3366 3169/5388/3366 3229/5389/3366 
f 3229/5389/3366 3230/5390/3366 3170/5387/3366 
f 3169/5388/3366 3191/5391/3366 3231/5392/3366 
f 3231/5392/3366 3229/5389/3366 3169/5388/3366 
f 3191/5391/3366 3189/5393/3366 3232/5394/3366 
f 3232/5394/3366 3231/5392/3366 3191/5391/3366 
f 3189/5393/3366 3187/5395/3366 3233/5396/3366 
f 3233/5396/3366 3232/5394/3366 3189/5393/3366 
f 3187/5395/3366 3185/5397/3366 3234/5398/3366 
f 3234/5398/3366 3233/5396/3366 3187/5395/3366 
f 3185/5397/3366 3183/5399/3366 3235/5400/3366 
f 3235/5400/3366 3234/5398/3366 3185/5397/3366 
f 3183/5399/3366 3181/5401/3366 3236/5402/3366 
f 3236/5402/3366 3235/5400/3366 3183/5399/3366 
f 3181/5401/3366 3179/5403/3366 3237/5404/3366 
f 3237/5404/3366 3236/5402/3366 3181/5401/3366 
f 3179/5403/3366 3177/5405/3366 3238/5406/3366 
f 3238/5406/3366 3237/5404/3366 3179/5403/3366 
f 3177/5405/3366 3175/5407/3366 3239/5408/3366 
f 3239/5408/3366 3238/5406/3366 3177/5405/3366 
f 3175/5407/3366 3173/5409/3366 3240/5410/3366 
f 3240/5410/3366 3239/5408/3366 3175/5407/3366 
f 3173/5409/3366 3170/5387/3366 3230/5390/3366 
f 3230/5390/3366 3240/5410/3366 3173/5409/3366 
f 3230/5411/3368 3229/5412/3369 3227/5413/3369 
f 3227/5413/3369 3226/5414/3368 3230/5411/3368 
f 3229/5412/3369 3231/5415/3370 3228/5416/3370 
f 3228/5416/3370 3227/5413/3369 3229/5412/3369 
f 3231/5415/3370 3232/5417/3371 3217/5418/3371 
f 3217/5418/3371 3228/5416/3370 3231/5415/3370 
f 3232/5419/3371 3233/5420/3372 3218/5421/3372 
f 3218/5421/3372 3217/5422/3371 3232/5419/3371 
f 3233/5420/3372 3234/5423/3373 3219/5424/3373 
f 3219/5424/3373 3218/5421/3372 3233/5420/3372 
f 3234/5423/3373 3235/5425/3374 3220/5426/3374 
f 3220/5426/3374 3219/5424/3373 3234/5423/3373 
f 3235/5427/3374 3236/5428/3375 3221/5429/3375 
f 3221/5429/3375 3220/5430/3374 3235/5427/3374 
f 3236/5428/3375 3237/5431/3376 3222/5432/3376 
f 3222/5432/3376 3221/5429/3375 3236/5428/3375 
f 3237/5433/3376 3238/5434/3377 3223/5435/3377 
f 3223/5435/3377 3222/5436/3376 3237/5433/3376 
f 3238/5434/3377 3239/5437/3378 3224/5438/3378 
f 3224/5438/3378 3223/5435/3377 3238/5434/3377 
f 3239/5437/3378 3240/5439/3379 3225/5440/3379 
f 3225/5440/3379 3224/5438/3378 3239/5437/3378 
f 3240/5439/3379 3230/5441/3368 3226/5442/3368 
f 3226/5442/3368 3225/5440/3379 3240/5439/3379 
# 6260 faces

#
# object Object002
#

v  15.9790 123.8511 -0.3244
v  15.4113 124.3084 1.3852
v  16.0105 123.1412 1.8509
v  16.5468 122.7531 0.1151
v  15.1480 123.8293 4.5660
v  15.9801 123.1153 2.3024
v  15.3158 124.3825 1.7912
v  14.4789 124.9974 4.4296
v  14.2943 125.0656 4.2160
v  14.9750 124.5480 1.6437
v  15.1094 124.4788 1.2455
v  15.7107 123.9990 -0.5663
v  15.1338 123.4907 5.2086
v  15.2514 123.3297 4.9838
v  15.0071 123.7645 4.9280
v  14.4857 124.7784 4.8060
v  14.3533 123.9643 6.1473
v  15.4723 123.3390 4.6278
v  15.7573 123.1266 3.7563
v  16.1861 122.8339 2.4298
v  14.0924 125.0224 4.4971
v  14.0363 125.0599 4.4298
v  13.9760 124.1617 6.0021
v  14.1004 124.1100 6.1230
v  14.2004 124.9673 4.6207
v  14.1318 125.0778 4.1589
v  13.4928 124.1920 5.8338
v  15.3358 123.8914 -0.5485
v  14.5001 122.8813 -0.5980
v  13.8853 123.2743 1.1104
v  14.7694 124.3486 1.1615
v  12.9509 123.9669 3.8005
v  13.6855 125.0470 4.1531
v  14.6004 124.4272 1.5420
v  13.6264 123.2627 1.4823
v  13.9688 125.0860 4.1026
v  12.6045 124.0738 5.5379
v  13.4228 124.8449 4.4356
v  12.8291 123.9009 4.1691
v  12.5264 123.6540 4.3001
v  12.5563 123.4985 4.0447
v  13.3562 123.0111 1.4438
v  12.9006 123.3055 2.7609
v  12.6061 123.5185 3.6291
v  13.9469 125.0315 4.4464
v  13.7803 124.9936 4.4743
v  12.8323 124.1895 5.6811
v  13.0096 124.2223 5.6654
# 48 vertices

vn 0.6984 0.7144 0.0425
vn 0.7063 0.7065 0.0456
vn 0.8532 0.4994 0.1506
vn 0.8520 0.5012 0.1512
vn 0.8369 0.5282 0.1436
vn 0.8160 0.5651 0.1217
vn 0.6817 0.7300 0.0486
vn 0.6900 0.7220 0.0506
vn 0.3052 0.9455 -0.1131
vn 0.1263 0.9741 -0.1873
vn 0.1350 0.9676 -0.2135
vn 0.1344 0.9680 -0.2118
vn 0.7985 0.5695 0.1952
vn 0.8625 0.4969 0.0955
vn 0.7959 0.5365 0.2806
vn 0.8115 0.4606 0.3596
vn 0.7907 0.5088 0.3406
vn 0.8191 0.5583 0.1318
vn 0.8236 0.5487 0.1436
vn 0.7893 0.6055 0.1014
vn -0.0372 0.8687 0.4939
vn -0.1099 0.8744 0.4727
vn -0.1131 0.8657 0.4877
vn -0.1129 0.8663 0.4866
vn -0.1151 0.8661 0.4865
vn 0.1192 0.9789 -0.1662
vn -0.1163 0.8643 0.4893
vn -0.4897 0.7888 -0.3714
vn -0.7001 0.5983 -0.3896
vn -0.7008 0.5967 -0.3908
vn -0.4986 0.7819 -0.3742
vn -0.6806 0.6233 -0.3851
vn -0.4873 0.7957 -0.3596
vn -0.4787 0.8027 -0.3557
vn -0.6467 0.6567 -0.3879
vn -0.0620 0.9685 -0.2410
vn -0.7688 0.6064 -0.2028
vn -0.8022 0.5617 -0.2026
vn -0.7327 0.6322 -0.2520
vn -0.6782 0.6619 -0.3193
vn -0.6743 0.5931 -0.4399
vn -0.6089 0.6931 -0.3858
vn -0.6680 0.6421 -0.3761
vn -0.6561 0.6507 -0.3822
vn -0.1802 0.8777 0.4441
vn -0.1155 0.8661 0.4864
vn -0.1172 0.8665 0.4851
vn -0.1178 0.8660 0.4861
# 48 vertex normals

vt 0.3313 0.5377 0.0000
vt 0.3579 0.5337 0.0000
vt 0.3597 0.5502 0.0000
vt 0.3331 0.5532 0.0000
vt 0.4017 0.5443 0.0000
vt 0.3660 0.5511 0.0000
vt 0.3639 0.5332 0.0000
vt 0.4046 0.5282 0.0000
vt 0.3694 0.9325 0.0000
vt 0.3713 0.9361 0.0000
vt 0.3304 0.9355 0.0000
vt 0.3304 0.9300 0.0000
vt 0.3243 0.9300 0.0000
vt 0.3243 0.9349 0.0000
vt 0.2975 0.9349 0.0000
vt 0.2959 0.9300 0.0000
vt 0.4100 0.5499 0.0000
vt 0.4062 0.5518 0.0000
vt 0.4072 0.5458 0.0000
vt 0.4094 0.5318 0.0000
vt 0.4271 0.5451 0.0000
vt 0.4003 0.5510 0.0000
vt 0.3868 0.5528 0.0000
vt 0.3664 0.5550 0.0000
vt 0.3740 0.9311 0.0000
vt 0.3734 0.9300 0.0000
vt 0.3920 0.9374 0.0000
vt 0.3929 0.9397 0.0000
vt 0.3750 0.9332 0.0000
vt 0.3694 0.9300 0.0000
vt 0.3920 0.9300 0.0000
vt 0.3923 0.6680 0.0000
vt 0.3905 0.6835 0.0000
vt 0.3640 0.6804 0.0000
vt 0.3659 0.6640 0.0000
vt 0.3223 0.6745 0.0000
vt 0.3195 0.6585 0.0000
vt 0.3599 0.6635 0.0000
vt 0.3578 0.6813 0.0000
vt 0.3848 0.9216 0.0000
vt 0.3441 0.9241 0.0000
vt 0.3441 0.9184 0.0000
vt 0.3867 0.9178 0.0000
vt 0.3377 0.9241 0.0000
vt 0.3082 0.9241 0.0000
vt 0.3098 0.9190 0.0000
vt 0.3377 0.9190 0.0000
vt 0.2971 0.6752 0.0000
vt 0.3147 0.6620 0.0000
vt 0.3169 0.6759 0.0000
vt 0.3897 0.9034 0.0000
vt 0.4079 0.9102 0.0000
vt 0.3872 0.9068 0.0000
vt 0.3855 0.9027 0.0000
vt 0.3574 0.6852 0.0000
vt 0.3371 0.6829 0.0000
vt 0.3237 0.6811 0.0000
vt 0.3895 0.9230 0.0000
vt 0.3905 0.9208 0.0000
vt 0.4092 0.9140 0.0000
vt 0.4083 0.9164 0.0000
vt 0.3889 0.9241 0.0000
vt 0.3848 0.9241 0.0000
vt 0.4083 0.9241 0.0000
# 64 texture coords

o Object002
g Object002
usemtl wire_174193163
s off
f 3241/5443/3380 3242/5444/3381 3243/5445/3382 
f 3243/5445/3382 3244/5446/3383 3241/5443/3380 
f 3245/5447/3384 3246/5448/3385 3247/5449/3386 
f 3247/5449/3386 3248/5450/3387 3245/5447/3384 
f 3249/5451/3388 3248/5452/3387 3247/5453/3386 
f 3247/5453/3386 3250/5454/3389 3249/5451/3388 
f 3251/5455/3390 3242/5456/3381 3241/5457/3380 
f 3241/5457/3380 3252/5458/3391 3251/5455/3390 
f 3253/5459/3392 3254/5460/3393 3255/5461/3394 
f 3255/5461/3394 3256/5462/3395 3257/5463/3396 
f 3253/5459/3392 3255/5461/3394 3257/5463/3396 
f 3245/5447/3384 3258/5464/3397 3259/5465/3398 
f 3245/5447/3384 3259/5465/3398 3260/5466/3399 
f 3245/5447/3384 3260/5466/3399 3246/5448/3385 
f 3261/5467/3400 3262/5468/3401 3263/5469/3402 
f 3261/5467/3400 3263/5469/3402 3264/5470/3403 
f 3261/5467/3400 3264/5470/3403 3265/5471/3404 
f 3249/5451/3388 3250/5454/3389 3266/5472/3405 
f 3262/5468/3401 3267/5473/3406 3263/5469/3402 
f 3268/5474/3407 3269/5475/3408 3270/5476/3409 
f 3270/5476/3409 3271/5477/3410 3268/5474/3407 
f 3272/5478/3411 3273/5479/3412 3274/5480/3413 
f 3274/5480/3413 3275/5481/3414 3272/5478/3411 
f 3276/5482/3415 3250/5483/3389 3274/5484/3413 
f 3274/5484/3413 3273/5485/3412 3276/5482/3415 
f 3251/5486/3390 3252/5487/3391 3268/5488/3407 
f 3268/5488/3407 3271/5489/3410 3251/5486/3390 
f 3277/5490/3416 3278/5491/3417 3279/5492/3418 
f 3280/5493/3419 3277/5494/3416 3279/5495/3418 
f 3280/5493/3419 3279/5495/3418 3281/5496/3420 
f 3272/5478/3411 3275/5481/3414 3282/5497/3421 
f 3272/5478/3411 3282/5497/3421 3283/5498/3422 
f 3272/5478/3411 3283/5498/3422 3284/5499/3423 
f 3285/5500/3424 3286/5501/3425 3287/5502/3426 
f 3285/5500/3424 3287/5502/3426 3288/5503/3427 
f 3285/5500/3424 3288/5503/3427 3262/5504/3401 
f 3276/5482/3415 3266/5505/3405 3250/5483/3389 
f 3262/5504/3401 3288/5503/3427 3267/5506/3406 
# 38 faces

