# 3ds Max Wavefront OBJ Exporter v0.99 - (c)2007 guruware
# File Created: 24.10.2025 13:34:44

mtllib Tragaluz.mtl

#
# object Ball_002
#

v  20.5904 26.5872 -54.6907
v  20.5488 26.5872 -54.7049
v  20.5488 26.6308 -54.7459
v  20.6258 26.6308 -54.7197
v  20.5070 26.5872 -54.6907
v  20.4717 26.6308 -54.7197
v  20.4898 26.5872 -54.6565
v  20.4397 26.6308 -54.6565
v  20.5070 26.5872 -54.6223
v  20.4717 26.6308 -54.5934
v  20.5488 26.5872 -54.6082
v  20.5488 26.6308 -54.5672
v  20.5904 26.5872 -54.6223
v  20.6258 26.6308 -54.5934
v  20.6077 26.5872 -54.6565
v  20.6577 26.6308 -54.6565
v  20.5488 26.6960 -54.7732
v  20.6495 26.6960 -54.7391
v  20.4480 26.6960 -54.7391
v  20.4063 26.6960 -54.6565
v  20.4480 26.6960 -54.5740
v  20.5488 26.6960 -54.5399
v  20.6495 26.6960 -54.5740
v  20.6912 26.6960 -54.6565
v  20.5488 26.7729 -54.7828
v  20.6577 26.7729 -54.7459
v  20.4397 26.7729 -54.7459
v  20.3946 26.7729 -54.6565
v  20.4397 26.7729 -54.5672
v  20.5488 26.7729 -54.5302
v  20.6577 26.7729 -54.5672
v  20.7029 26.7729 -54.6565
v  20.5488 26.8498 -54.7732
v  20.6495 26.8498 -54.7391
v  20.4480 26.8498 -54.7391
v  20.4063 26.8498 -54.6565
v  20.4480 26.8498 -54.5740
v  20.5488 26.8498 -54.5399
v  20.6495 26.8498 -54.5740
v  20.6912 26.8498 -54.6565
v  20.5488 26.9149 -54.7459
v  20.6258 26.9149 -54.7197
v  20.4717 26.9149 -54.7197
v  20.4397 26.9149 -54.6565
v  20.4717 26.9149 -54.5934
v  20.5488 26.9149 -54.5672
v  20.6258 26.9149 -54.5934
v  20.6577 26.9149 -54.6565
v  20.5488 26.9585 -54.7049
v  20.5904 26.9585 -54.6907
v  20.5070 26.9585 -54.6907
v  20.4898 26.9585 -54.6565
v  20.5070 26.9585 -54.6223
v  20.5488 26.9585 -54.6082
v  20.5904 26.9585 -54.6223
v  20.6077 26.9585 -54.6565
v  20.5488 26.5719 -54.6565
v  20.5488 26.9738 -54.6565
v  -3.2914 26.6308 -54.7459
v  -3.2914 26.5872 -54.7049
v  -3.3331 26.5872 -54.6907
v  -3.3685 26.6308 -54.7197
v  -3.2144 26.6308 -54.7197
v  -3.2497 26.5872 -54.6907
v  -3.1824 26.6308 -54.6565
v  -3.2325 26.5872 -54.6565
v  -3.2144 26.6308 -54.5934
v  -3.2497 26.5872 -54.6223
v  -3.2914 26.6308 -54.5672
v  -3.2914 26.5872 -54.6082
v  -3.3685 26.6308 -54.5934
v  -3.3331 26.5872 -54.6223
v  -3.3504 26.5872 -54.6565
v  -3.4004 26.6308 -54.6565
v  -3.2914 26.6960 -54.7732
v  -3.3922 26.6960 -54.7391
v  -3.1907 26.6960 -54.7391
v  -3.1490 26.6960 -54.6565
v  -3.1907 26.6960 -54.5740
v  -3.2914 26.6960 -54.5399
v  -3.3922 26.6960 -54.5740
v  -3.4339 26.6960 -54.6565
v  -3.4004 26.7729 -54.7459
v  -3.2914 26.7729 -54.7828
v  -3.1824 26.7729 -54.7459
v  -3.1373 26.7729 -54.6565
v  -3.1824 26.7729 -54.5672
v  -3.2914 26.7729 -54.5302
v  -3.4004 26.7729 -54.5672
v  -3.4456 26.7729 -54.6565
v  -3.2914 26.8498 -54.7732
v  -3.3922 26.8498 -54.7391
v  -3.1907 26.8498 -54.7391
v  -3.1490 26.8498 -54.6565
v  -3.1907 26.8498 -54.5740
v  -3.2914 26.8498 -54.5399
v  -3.3922 26.8498 -54.5740
v  -3.4339 26.8498 -54.6565
v  -3.3685 26.9149 -54.7197
v  -3.2914 26.9149 -54.7459
v  -3.2144 26.9149 -54.7197
v  -3.1824 26.9149 -54.6565
v  -3.2144 26.9149 -54.5934
v  -3.2914 26.9149 -54.5672
v  -3.3685 26.9149 -54.5934
v  -3.4004 26.9149 -54.6565
v  -3.3331 26.9585 -54.6907
v  -3.2914 26.9585 -54.7049
v  -3.2497 26.9585 -54.6907
v  -3.2325 26.9585 -54.6565
v  -3.2497 26.9585 -54.6223
v  -3.2914 26.9585 -54.6082
v  -3.3331 26.9585 -54.6223
v  -3.3504 26.9585 -54.6565
v  -3.2914 26.5719 -54.6565
v  -3.2914 26.9738 -54.6565
# 116 vertices

vn 0.3509 -0.3509 0.8682
vn 0.0000 -0.4962 0.8682
vn 0.0000 -0.7563 0.6543
vn 0.5348 -0.5348 0.6543
vn -0.3509 -0.3509 0.8682
vn -0.5348 -0.5348 0.6543
vn -0.4962 0.0000 0.8682
vn -0.7563 0.0000 0.6543
vn -0.3509 0.3509 0.8682
vn -0.5348 0.5348 0.6543
vn 0.0000 0.4962 0.8682
vn 0.0000 0.7563 0.6543
vn 0.3509 0.3509 0.8682
vn 0.5348 0.5348 0.6543
vn 0.4962 0.0000 0.8682
vn 0.7563 0.0000 0.6543
vn 0.0000 -0.9368 0.3499
vn 0.6624 -0.6624 0.3499
vn -0.6624 -0.6624 0.3499
vn -0.9368 0.0000 0.3499
vn -0.6624 0.6624 0.3499
vn 0.0000 0.9368 0.3499
vn 0.6624 0.6624 0.3499
vn 0.9368 0.0000 0.3499
vn 0.0000 -1.0000 -0.0000
vn 0.7071 -0.7071 -0.0000
vn -0.7071 -0.7071 -0.0000
vn -1.0000 0.0000 -0.0000
vn -0.7071 0.7071 -0.0000
vn 0.0000 1.0000 -0.0000
vn 0.7071 0.7071 -0.0000
vn 1.0000 0.0000 -0.0000
vn 0.0000 -0.9368 -0.3499
vn 0.6624 -0.6624 -0.3499
vn -0.6624 -0.6624 -0.3499
vn -0.9368 0.0000 -0.3499
vn -0.6624 0.6624 -0.3499
vn 0.0000 0.9368 -0.3499
vn 0.6624 0.6624 -0.3499
vn 0.9368 0.0000 -0.3499
vn 0.0000 -0.7563 -0.6543
vn 0.5348 -0.5348 -0.6543
vn -0.5348 -0.5348 -0.6543
vn -0.7563 0.0000 -0.6543
vn -0.5348 0.5348 -0.6543
vn 0.0000 0.7563 -0.6543
vn 0.5348 0.5348 -0.6543
vn 0.7563 0.0000 -0.6543
vn 0.0000 -0.4962 -0.8682
vn 0.3509 -0.3509 -0.8682
vn -0.3509 -0.3509 -0.8682
vn -0.4962 0.0000 -0.8682
vn -0.3509 0.3509 -0.8682
vn 0.0000 0.4962 -0.8682
vn 0.3509 0.3509 -0.8682
vn 0.4962 0.0000 -0.8682
vn 0.0000 0.0000 1.0000
vn 0.0000 0.0000 -1.0000
# 58 vertex normals

vt 0.3453 0.0079 0.0000
vt 0.3451 0.0090 0.0000
vt 0.3437 0.0090 0.0000
vt 0.3441 0.0072 0.0000
vt 0.3455 0.0099 0.0000
vt 0.3444 0.0108 0.0000
vt 0.3464 0.0105 0.0000
vt 0.3459 0.0118 0.0000
vt 0.3475 0.0105 0.0000
vt 0.3479 0.0120 0.0000
vt 0.3486 0.0097 0.0000
vt 0.3499 0.0110 0.0000
vt 0.3473 0.0071 0.0000
vt 0.3476 0.0055 0.0000
vt 0.3499 0.0064 0.0000
vt 0.3485 0.0078 0.0000
vt 0.3462 0.0072 0.0000
vt 0.3455 0.0059 0.0000
vt 0.3423 0.0092 0.0000
vt 0.3429 0.0066 0.0000
vt 0.3433 0.0116 0.0000
vt 0.3454 0.0132 0.0000
vt 0.3481 0.0135 0.0000
vt 0.3509 0.0125 0.0000
vt 0.3476 0.0039 0.0000
vt 0.3509 0.0047 0.0000
vt 0.3448 0.0046 0.0000
vt 0.3406 0.0094 0.0000
vt 0.3413 0.0058 0.0000
vt 0.3420 0.0127 0.0000
vt 0.3449 0.0147 0.0000
vt 0.3483 0.0151 0.0000
vt 0.3515 0.0141 0.0000
vt 0.3475 0.0020 0.0000
vt 0.3515 0.0027 0.0000
vt 0.3438 0.0030 0.0000
vt 0.3595 0.0094 0.0000
vt 0.3612 0.0092 0.0000
vt 0.3621 0.0116 0.0000
vt 0.3608 0.0127 0.0000
vt 0.3601 0.0058 0.0000
vt 0.3617 0.0066 0.0000
vt 0.3626 0.0030 0.0000
vt 0.3636 0.0046 0.0000
vt 0.3664 0.0039 0.0000
vt 0.3664 0.0020 0.0000
vt 0.3703 0.0027 0.0000
vt 0.3697 0.0047 0.0000
vt 0.3671 0.0151 0.0000
vt 0.3669 0.0135 0.0000
vt 0.3697 0.0125 0.0000
vt 0.3703 0.0141 0.0000
vt 0.3637 0.0147 0.0000
vt 0.3643 0.0132 0.0000
vt 0.3626 0.0090 0.0000
vt 0.3632 0.0108 0.0000
vt 0.3630 0.0072 0.0000
vt 0.3643 0.0059 0.0000
vt 0.3664 0.0055 0.0000
vt 0.3687 0.0064 0.0000
vt 0.3667 0.0120 0.0000
vt 0.3688 0.0110 0.0000
vt 0.3647 0.0118 0.0000
vt 0.3639 0.0090 0.0000
vt 0.3643 0.0099 0.0000
vt 0.3642 0.0079 0.0000
vt 0.3650 0.0072 0.0000
vt 0.3661 0.0071 0.0000
vt 0.3673 0.0078 0.0000
vt 0.3663 0.0105 0.0000
vt 0.3674 0.0097 0.0000
vt 0.3652 0.0105 0.0000
vt 0.3468 0.0088 0.0000
vt 0.3656 0.0088 0.0000
# 74 texture coords

o Ball_002
g Ball_002
usemtl Skylight_lambert2
s off
f 1/1/1 2/2/2 3/3/3 
f 3/3/3 4/4/4 1/1/1 
f 3/3/3 2/2/2 5/5/5 
f 5/5/5 6/6/6 3/3/3 
f 7/7/7 8/8/8 6/6/6 
f 6/6/6 5/5/5 7/7/7 
f 9/9/9 10/10/10 8/8/8 
f 8/8/8 7/7/7 9/9/9 
f 11/11/11 12/12/12 10/10/10 
f 10/10/10 9/9/9 11/11/11 
f 13/13/13 14/14/14 12/15/12 
f 12/15/12 11/16/11 13/13/13 
f 13/13/13 15/17/15 16/18/16 
f 16/18/16 14/14/14 13/13/13 
f 4/4/4 16/18/16 15/17/15 
f 15/17/15 1/1/1 4/4/4 
f 3/3/3 17/19/17 18/20/18 
f 18/20/18 4/4/4 3/3/3 
f 3/3/3 6/6/6 19/21/19 
f 19/21/19 17/19/17 3/3/3 
f 19/21/19 6/6/6 8/8/8 
f 8/8/8 20/22/20 19/21/19 
f 8/8/8 10/10/10 21/23/21 
f 21/23/21 20/22/20 8/8/8 
f 10/10/10 12/12/12 22/24/22 
f 22/24/22 21/23/21 10/10/10 
f 12/15/12 14/14/14 23/25/23 
f 23/25/23 22/26/22 12/15/12 
f 14/14/14 16/18/16 24/27/24 
f 24/27/24 23/25/23 14/14/14 
f 4/4/4 18/20/18 24/27/24 
f 24/27/24 16/18/16 4/4/4 
f 25/28/25 26/29/26 18/20/18 
f 18/20/18 17/19/17 25/28/25 
f 25/28/25 17/19/17 19/21/19 
f 19/21/19 27/30/27 25/28/25 
f 19/21/19 20/22/20 28/31/28 
f 28/31/28 27/30/27 19/21/19 
f 21/23/21 29/32/29 28/31/28 
f 28/31/28 20/22/20 21/23/21 
f 21/23/21 22/24/22 30/33/30 
f 30/33/30 29/32/29 21/23/21 
f 23/25/23 31/34/31 30/35/30 
f 30/35/30 22/26/22 23/25/23 
f 24/27/24 32/36/32 31/34/31 
f 31/34/31 23/25/23 24/27/24 
f 26/29/26 32/36/32 24/27/24 
f 24/27/24 18/20/18 26/29/26 
f 25/37/25 33/38/33 34/39/34 
f 34/39/34 26/40/26 25/37/25 
f 27/41/27 35/42/35 33/38/33 
f 33/38/33 25/37/25 27/41/27 
f 28/43/28 36/44/36 35/42/35 
f 35/42/35 27/41/27 28/43/28 
f 37/45/37 36/44/36 28/43/28 
f 28/43/28 29/46/29 37/45/37 
f 30/47/30 38/48/38 37/45/37 
f 37/45/37 29/46/29 30/47/30 
f 31/49/31 39/50/39 38/51/38 
f 38/51/38 30/52/30 31/49/31 
f 32/53/32 40/54/40 39/50/39 
f 39/50/39 31/49/31 32/53/32 
f 40/54/40 32/53/32 26/40/26 
f 26/40/26 34/39/34 40/54/40 
f 41/55/41 42/56/42 34/39/34 
f 34/39/34 33/38/33 41/55/41 
f 41/55/41 33/38/33 35/42/35 
f 35/42/35 43/57/43 41/55/41 
f 35/42/35 36/44/36 44/58/44 
f 44/58/44 43/57/43 35/42/35 
f 37/45/37 45/59/45 44/58/44 
f 44/58/44 36/44/36 37/45/37 
f 37/45/37 38/48/38 46/60/46 
f 46/60/46 45/59/45 37/45/37 
f 39/50/39 47/61/47 46/62/46 
f 46/62/46 38/51/38 39/50/39 
f 40/54/40 48/63/48 47/61/47 
f 47/61/47 39/50/39 40/54/40 
f 42/56/42 48/63/48 40/54/40 
f 40/54/40 34/39/34 42/56/42 
f 41/55/41 49/64/49 50/65/50 
f 50/65/50 42/56/42 41/55/41 
f 41/55/41 43/57/43 51/66/51 
f 51/66/51 49/64/49 41/55/41 
f 52/67/52 51/66/51 43/57/43 
f 43/57/43 44/58/44 52/67/52 
f 44/58/44 45/59/45 53/68/53 
f 53/68/53 52/67/52 44/58/44 
f 54/69/54 53/68/53 45/59/45 
f 45/59/45 46/60/46 54/69/54 
f 46/62/46 47/61/47 55/70/55 
f 55/70/55 54/71/54 46/62/46 
f 56/72/56 55/70/55 47/61/47 
f 47/61/47 48/63/48 56/72/56 
f 42/56/42 50/65/50 56/72/56 
f 56/72/56 48/63/48 42/56/42 
f 2/2/2 1/1/1 57/73/57 
f 5/5/5 2/2/2 57/73/57 
f 7/7/7 5/5/5 57/73/57 
f 9/9/9 7/7/7 57/73/57 
f 11/11/11 9/9/9 57/73/57 
f 13/13/13 11/16/11 57/73/57 
f 15/17/15 13/13/13 57/73/57 
f 1/1/1 15/17/15 57/73/57 
f 50/65/50 49/64/49 58/74/58 
f 49/64/49 51/66/51 58/74/58 
f 51/66/51 52/67/52 58/74/58 
f 52/67/52 53/68/53 58/74/58 
f 53/68/53 54/69/54 58/74/58 
f 54/71/54 55/70/55 58/74/58 
f 55/70/55 56/72/56 58/74/58 
f 56/72/56 50/65/50 58/74/58 
f 59/3/3 60/2/2 61/1/5 
f 61/1/5 62/4/6 59/3/3 
f 59/3/3 63/6/4 64/5/1 
f 64/5/1 60/2/2 59/3/3 
f 63/6/4 65/8/16 66/7/15 
f 66/7/15 64/5/1 63/6/4 
f 67/10/14 68/9/13 66/7/15 
f 66/7/15 65/8/16 67/10/14 
f 69/12/12 70/11/11 68/9/13 
f 68/9/13 67/10/14 69/12/12 
f 70/16/11 69/15/12 71/14/10 
f 71/14/10 72/13/9 70/16/11 
f 73/17/7 72/13/9 71/14/10 
f 71/14/10 74/18/8 73/17/7 
f 61/1/5 73/17/7 74/18/8 
f 74/18/8 62/4/6 61/1/5 
f 75/19/17 59/3/3 62/4/6 
f 62/4/6 76/20/19 75/19/17 
f 77/21/18 63/6/4 59/3/3 
f 59/3/3 75/19/17 77/21/18 
f 77/21/18 78/22/24 65/8/16 
f 65/8/16 63/6/4 77/21/18 
f 78/22/24 79/23/23 67/10/14 
f 67/10/14 65/8/16 78/22/24 
f 80/24/22 69/12/12 67/10/14 
f 67/10/14 79/23/23 80/24/22 
f 81/25/21 71/14/10 69/15/12 
f 69/15/12 80/26/22 81/25/21 
f 71/14/10 81/25/21 82/27/20 
f 82/27/20 74/18/8 71/14/10 
f 76/20/19 62/4/6 74/18/8 
f 74/18/8 82/27/20 76/20/19 
f 76/20/19 83/29/27 84/28/25 
f 84/28/25 75/19/17 76/20/19 
f 77/21/18 75/19/17 84/28/25 
f 84/28/25 85/30/26 77/21/18 
f 85/30/26 86/31/32 78/22/24 
f 78/22/24 77/21/18 85/30/26 
f 87/32/31 79/23/23 78/22/24 
f 78/22/24 86/31/32 87/32/31 
f 87/32/31 88/33/30 80/24/22 
f 80/24/22 79/23/23 87/32/31 
f 81/25/21 80/26/22 88/35/30 
f 88/35/30 89/34/29 81/25/21 
f 90/36/28 82/27/20 81/25/21 
f 81/25/21 89/34/29 90/36/28 
f 83/29/27 76/20/19 82/27/20 
f 82/27/20 90/36/28 83/29/27 
f 91/38/33 84/37/25 83/40/27 
f 83/40/27 92/39/35 91/38/33 
f 93/42/34 85/41/26 84/37/25 
f 84/37/25 91/38/33 93/42/34 
f 94/44/40 86/43/32 85/41/26 
f 85/41/26 93/42/34 94/44/40 
f 87/46/31 86/43/32 94/44/40 
f 94/44/40 95/45/39 87/46/31 
f 95/45/39 96/48/38 88/47/30 
f 88/47/30 87/46/31 95/45/39 
f 89/49/29 88/52/30 96/51/38 
f 96/51/38 97/50/37 89/49/29 
f 97/50/37 98/54/36 90/53/28 
f 90/53/28 89/49/29 97/50/37 
f 92/39/35 83/40/27 90/53/28 
f 90/53/28 98/54/36 92/39/35 
f 99/56/43 100/55/41 91/38/33 
f 91/38/33 92/39/35 99/56/43 
f 101/57/42 93/42/34 91/38/33 
f 91/38/33 100/55/41 101/57/42 
f 101/57/42 102/58/48 94/44/40 
f 94/44/40 93/42/34 101/57/42 
f 102/58/48 103/59/47 95/45/39 
f 95/45/39 94/44/40 102/58/48 
f 103/59/47 104/60/46 96/48/38 
f 96/48/38 95/45/39 103/59/47 
f 96/51/38 104/62/46 105/61/45 
f 105/61/45 97/50/37 96/51/38 
f 106/63/44 98/54/36 97/50/37 
f 97/50/37 105/61/45 106/63/44 
f 99/56/43 92/39/35 98/54/36 
f 98/54/36 106/63/44 99/56/43 
f 99/56/43 107/65/51 108/64/49 
f 108/64/49 100/55/41 99/56/43 
f 100/55/41 108/64/49 109/66/50 
f 109/66/50 101/57/42 100/55/41 
f 101/57/42 109/66/50 110/67/56 
f 110/67/56 102/58/48 101/57/42 
f 111/68/55 103/59/47 102/58/48 
f 102/58/48 110/67/56 111/68/55 
f 111/68/55 112/69/54 104/60/46 
f 104/60/46 103/59/47 111/68/55 
f 112/71/54 113/70/53 105/61/45 
f 105/61/45 104/62/46 112/71/54 
f 113/70/53 114/72/52 106/63/44 
f 106/63/44 105/61/45 113/70/53 
f 106/63/44 114/72/52 107/65/51 
f 107/65/51 99/56/43 106/63/44 
f 60/2/2 115/73/57 61/1/5 
f 64/5/1 115/73/57 60/2/2 
f 66/7/15 115/73/57 64/5/1 
f 68/9/13 115/73/57 66/7/15 
f 70/11/11 115/73/57 68/9/13 
f 72/13/9 115/73/57 70/16/11 
f 73/17/7 115/73/57 72/13/9 
f 61/1/5 115/73/57 73/17/7 
f 107/65/51 116/74/58 108/64/49 
f 108/64/49 116/74/58 109/66/50 
f 109/66/50 116/74/58 110/67/56 
f 110/67/56 116/74/58 111/68/55 
f 111/68/55 116/74/58 112/69/54 
f 112/71/54 116/74/58 113/70/53 
f 113/70/53 116/74/58 114/72/52 
f 114/72/52 116/74/58 107/65/51 
# 224 faces

#
# object Bridge_Plane_01_low001
#

v  20.5469 28.1334 -43.4719
v  20.5469 24.9726 -43.4719
v  20.5469 25.6840 -44.8315
v  20.5469 28.1334 -44.8315
v  20.5469 26.4012 -46.7228
v  20.5469 28.1334 -46.7228
v  20.5469 26.8165 -48.2653
v  20.5469 28.1334 -48.2653
v  20.5469 27.0951 -49.8631
v  20.5469 28.1334 -49.8631
v  20.5469 27.1825 -51.4609
v  20.5469 28.1334 -51.4609
v  20.5469 27.1701 -53.0588
v  20.5469 28.1334 -53.0588
v  20.5469 27.0113 -54.5691
v  20.5469 28.1334 -54.5691
v  -3.2896 28.1334 -43.4719
v  -3.2896 28.1334 -44.8315
v  -3.2896 25.6840 -44.8315
v  -3.2896 24.9726 -43.4719
v  -3.2896 28.1334 -46.7228
v  -3.2896 26.4012 -46.7228
v  -3.2896 28.1334 -48.2653
v  -3.2896 26.8165 -48.2653
v  -3.2896 28.1334 -49.8631
v  -3.2896 27.0951 -49.8631
v  -3.2896 28.1334 -51.4609
v  -3.2896 27.1825 -51.4609
v  -3.2896 28.1334 -53.0588
v  -3.2896 27.1701 -53.0588
v  -3.2896 28.1334 -54.5691
v  -3.2896 27.0113 -54.5691
v  20.5469 28.1334 -65.8412
v  20.5469 28.1334 -64.4816
v  20.5469 25.6840 -64.4816
v  20.5469 24.9726 -65.8412
v  20.5469 28.1334 -62.5903
v  20.5469 26.4012 -62.5903
v  20.5469 28.1334 -61.0478
v  20.5469 26.8165 -61.0478
v  20.5469 28.1334 -59.4499
v  20.5469 27.0951 -59.4499
v  20.5469 28.1334 -57.8522
v  20.5469 27.1825 -57.8522
v  20.5469 28.1334 -56.2543
v  20.5469 27.1701 -56.2543
v  20.5469 28.1334 -54.7440
v  20.5469 27.0113 -54.7440
v  -3.2896 28.1334 -65.8412
v  -3.2896 24.9726 -65.8412
v  -3.2896 25.6840 -64.4816
v  -3.2896 28.1334 -64.4816
v  -3.2896 26.4012 -62.5903
v  -3.2896 28.1334 -62.5903
v  -3.2896 26.8165 -61.0478
v  -3.2896 28.1334 -61.0478
v  -3.2896 27.0951 -59.4499
v  -3.2896 28.1334 -59.4499
v  -3.2896 27.1825 -57.8522
v  -3.2896 28.1334 -57.8522
v  -3.2896 27.1701 -56.2543
v  -3.2896 28.1334 -56.2543
v  -3.2896 27.0113 -54.7440
v  -3.2896 28.1334 -54.7440
# 64 vertices

vn 0.0000 0.0000 -1.0000
# 1 vertex normals

vt 0.7109 0.8934 0.0000
vt 0.6464 0.9008 0.0000
vt 0.6558 0.8550 0.0000
vt 0.7058 0.8492 0.0000
vt 0.6634 0.7919 0.0000
vt 0.6987 0.7878 0.0000
vt 0.6661 0.7409 0.0000
vt 0.6929 0.7378 0.0000
vt 0.6658 0.6883 0.0000
vt 0.6869 0.6859 0.0000
vt 0.6615 0.6363 0.0000
vt 0.6810 0.6340 0.0000
vt 0.6553 0.5844 0.0000
vt 0.6750 0.5821 0.0000
vt 0.6464 0.5358 0.0000
vt 0.6693 0.5331 0.0000
# 16 texture coords

o Bridge_Plane_01_low001
g Bridge_Plane_01_low001
usemtl Skylight_Glass
s off
f 117/75/59 118/76/59 119/77/59 
f 119/77/59 120/78/59 117/75/59 
f 120/78/59 119/77/59 121/79/59 
f 121/79/59 122/80/59 120/78/59 
f 122/80/59 121/79/59 123/81/59 
f 123/81/59 124/82/59 122/80/59 
f 124/82/59 123/81/59 125/83/59 
f 125/83/59 126/84/59 124/82/59 
f 126/84/59 125/83/59 127/85/59 
f 127/85/59 128/86/59 126/84/59 
f 127/85/59 129/87/59 130/88/59 
f 130/88/59 128/86/59 127/85/59 
f 129/87/59 131/89/59 132/90/59 
f 132/90/59 130/88/59 129/87/59 
f 133/75/59 134/78/59 135/77/59 
f 135/77/59 136/76/59 133/75/59 
f 134/78/59 137/80/59 138/79/59 
f 138/79/59 135/77/59 134/78/59 
f 137/80/59 139/82/59 140/81/59 
f 140/81/59 138/79/59 137/80/59 
f 139/82/59 141/84/59 142/83/59 
f 142/83/59 140/81/59 139/82/59 
f 141/84/59 143/86/59 144/85/59 
f 144/85/59 142/83/59 141/84/59 
f 145/88/59 146/87/59 144/85/59 
f 144/85/59 143/86/59 145/88/59 
f 147/90/59 148/89/59 146/87/59 
f 146/87/59 145/88/59 147/90/59 
f 149/75/59 150/78/59 151/77/59 
f 151/77/59 152/76/59 149/75/59 
f 150/78/59 153/80/59 154/79/59 
f 154/79/59 151/77/59 150/78/59 
f 153/80/59 155/82/59 156/81/59 
f 156/81/59 154/79/59 153/80/59 
f 155/82/59 157/84/59 158/83/59 
f 158/83/59 156/81/59 155/82/59 
f 157/84/59 159/86/59 160/85/59 
f 160/85/59 158/83/59 157/84/59 
f 161/88/59 162/87/59 160/85/59 
f 160/85/59 159/86/59 161/88/59 
f 163/90/59 164/89/59 162/87/59 
f 162/87/59 161/88/59 163/90/59 
f 165/75/59 166/76/59 167/77/59 
f 167/77/59 168/78/59 165/75/59 
f 168/78/59 167/77/59 169/79/59 
f 169/79/59 170/80/59 168/78/59 
f 170/80/59 169/79/59 171/81/59 
f 171/81/59 172/82/59 170/80/59 
f 172/82/59 171/81/59 173/83/59 
f 173/83/59 174/84/59 172/82/59 
f 174/84/59 173/83/59 175/85/59 
f 175/85/59 176/86/59 174/84/59 
f 175/85/59 177/87/59 178/88/59 
f 178/88/59 176/86/59 175/85/59 
f 177/87/59 179/89/59 180/90/59 
f 180/90/59 178/88/59 177/87/59 
# 56 faces

#
# object Window_Plane_02_low001
#

v  20.8139 38.3005 -54.6565
v  34.9260 28.6302 -54.6565
v  34.9260 28.6302 -42.9183
v  20.8139 38.3005 -54.4777
v  -17.6687 28.6302 -54.6565
v  -3.5566 38.3005 -54.6565
v  -3.5566 38.3005 -54.4777
v  -17.6687 28.6302 -42.9183
v  34.9260 28.6302 -66.3947
v  20.8139 38.3005 -54.8353
v  -3.5566 38.3005 -54.8353
v  -17.6687 28.6302 -66.3947
# 12 vertices

vn 0.0000 0.0000 1.0000
# 1 vertex normals

vt 0.7176 0.5759 0.0000
vt 0.4347 0.2561 0.0000
vt 0.7220 0.0020 0.0000
vt 0.7220 0.5720 0.0000
# 4 texture coords

o Window_Plane_02_low001
g Window_Plane_02_low001
usemtl Skylight_Material__47
s off
f 181/91/60 182/92/60 183/93/60 
f 183/93/60 184/94/60 181/91/60 
f 185/92/60 186/91/60 187/94/60 
f 187/94/60 188/93/60 185/92/60 
f 189/93/60 182/92/60 181/91/60 
f 181/91/60 190/94/60 189/93/60 
f 191/94/60 186/91/60 185/92/60 
f 185/92/60 192/93/60 191/94/60 
# 8 faces

#
# object Components001
#

v  34.5846 28.5851 -46.6822
v  35.0514 28.5851 -46.6822
v  30.5819 31.6782 -46.6822
v  30.5760 31.2546 -46.6822
v  35.0514 28.5851 -47.0647
v  30.0870 32.0299 -47.0647
v  30.0811 31.6064 -47.0647
v  34.5846 28.5851 -47.0647
v  25.7890 34.5149 -50.5775
v  34.5846 28.5851 -50.5775
v  35.0514 28.5851 -50.5775
v  25.7949 35.0010 -50.5775
v  35.0514 28.5851 -50.9600
v  25.3001 35.3528 -50.9600
v  34.5846 28.5851 -50.9600
v  25.2942 34.8667 -50.9600
v  29.8285 28.5851 -43.1813
v  29.8285 28.5851 -42.7988
v  29.8285 32.0054 -46.8348
v  29.8285 31.6049 -46.8217
v  30.2954 28.5851 -42.7988
v  30.2954 31.6871 -46.4491
v  30.2954 31.2865 -46.4360
v  30.2954 28.5851 -43.1813
v  25.0668 34.8368 -50.7682
v  25.0668 28.5851 -43.1813
v  25.0668 28.5851 -42.7988
v  25.0668 35.3229 -50.7633
v  25.5337 35.0045 -50.3776
v  25.5337 28.5851 -42.7988
v  25.5337 28.5851 -43.1813
v  25.5337 34.5184 -50.3824
v  20.7720 38.3197 -54.2740
v  20.7720 37.7113 -54.2740
v  34.2623 28.5851 -43.1792
v  34.7251 28.5851 -42.7988
v  34.5846 28.5851 -43.4398
v  21.0054 37.7113 -54.4653
v  21.0054 38.3197 -54.4653
v  35.0514 28.5851 -43.0603
v  35.0497 28.5851 -42.7974
v  20.8887 38.3197 -54.3697
v  20.8887 37.7113 -54.3697
v  34.5821 28.5851 -43.1792
v  28.2456 33.3096 -54.4653
v  28.2456 33.3105 -48.3670
v  28.0264 32.7733 -48.5465
v  28.0264 32.7724 -54.4653
v  27.8334 33.5952 -54.4653
v  27.8334 33.5961 -48.7047
v  27.6142 33.0589 -48.8843
v  27.6142 33.0580 -54.4653
v  8.6286 33.3114 -48.3670
v  8.6286 32.7742 -48.5465
v  8.6286 33.5970 -48.7047
v  8.6286 33.0598 -48.8843
v  10.7761 37.7113 -54.2740
v  10.7761 28.5851 -43.1813
v  10.7761 28.5851 -42.7988
v  10.7761 38.3197 -54.2740
v  11.2429 28.5851 -42.7988
v  11.2429 28.5851 -43.1813
v  11.2429 37.7113 -54.2740
v  11.2429 38.3197 -54.2740
v  15.5378 28.5851 -43.1813
v  15.5378 28.5851 -42.7988
v  15.5378 38.3197 -54.2740
v  15.5378 37.7113 -54.2740
v  16.0047 37.7113 -54.2740
v  16.0047 38.3197 -54.2740
v  16.0047 28.5851 -42.7988
v  16.0047 28.5851 -43.1813
v  20.2995 37.7113 -54.2740
v  20.2995 28.5851 -43.1813
v  20.2995 28.5851 -42.7988
v  20.2995 38.3197 -54.2740
v  20.7663 38.3197 -54.2740
v  20.7663 28.5851 -42.7988
v  20.7663 28.5851 -43.1813
v  20.7663 37.7113 -54.2740
v  34.5846 28.5851 -54.4653
v  35.0514 28.5851 -54.4653
v  21.0054 37.7113 -54.8478
v  21.0054 38.3197 -54.8478
v  35.0514 28.5851 -54.8478
v  34.5846 28.5851 -54.8478
v  8.6286 37.7113 -54.2740
v  8.6286 38.3197 -54.2740
v  8.6286 38.3197 -55.0390
v  20.7720 38.3197 -55.0390
v  20.7720 37.7113 -55.0390
v  8.6286 37.7113 -55.0390
v  34.5846 26.1515 -43.1813
v  35.0514 26.1515 -42.7988
v  8.6286 26.1515 -42.7988
v  8.6286 26.1515 -43.1813
v  8.6286 28.5851 -42.7988
v  35.0514 28.5851 -42.7988
v  34.5846 28.5851 -43.1813
v  8.6286 28.5851 -43.1813
v  35.0514 26.1515 -54.6565
v  35.0514 28.5851 -54.6565
v  34.5846 26.1515 -54.6565
v  34.5846 28.5851 -54.6565
v  20.2995 28.5851 -44.8315
v  20.2995 28.5851 -43.4719
v  20.7663 28.5851 -43.4719
v  20.7663 28.5851 -44.8315
v  20.7663 28.1334 -43.4719
v  20.7663 28.1334 -44.8315
v  20.2995 25.6461 -44.8315
v  20.7663 25.6461 -44.8315
v  20.7663 24.9347 -43.4719
v  20.2995 24.9347 -43.4719
v  20.2995 28.1334 -44.8315
v  20.2995 28.1334 -43.4719
v  20.7663 28.1334 -42.7988
v  20.7663 25.3402 -42.7988
v  20.7663 25.3402 -43.4719
v  20.7663 24.9347 -42.7988
v  20.2995 24.9347 -42.7988
v  20.2995 28.1334 -42.7988
v  20.7663 28.5851 -54.5691
v  20.7663 28.5851 -54.6565
v  20.2995 28.5851 -54.6565
v  20.2995 28.5851 -54.5691
v  20.2995 28.1334 -54.6565
v  20.2995 28.1334 -54.5691
v  20.7663 27.1322 -53.0588
v  20.2995 27.1322 -53.0588
v  20.2995 26.9677 -54.5691
v  20.7663 26.9677 -54.5691
v  20.7663 28.1334 -54.5691
v  20.7663 28.1334 -54.6565
v  20.2995 28.5851 -51.4609
v  20.7663 28.5851 -51.4609
v  20.7663 28.5851 -53.0588
v  20.2995 28.5851 -53.0588
v  20.2995 28.1334 -53.0588
v  20.2995 28.1334 -51.4609
v  20.2995 27.1446 -51.4609
v  20.7663 27.1446 -51.4609
v  20.7663 28.1334 -51.4609
v  20.7663 28.1334 -53.0588
v  20.2995 28.5851 -49.8631
v  20.7663 28.5851 -49.8631
v  20.2995 28.1334 -49.8631
v  20.7663 27.0572 -49.8631
v  20.2995 27.0572 -49.8631
v  20.7663 28.1334 -49.8631
v  20.7663 28.5851 -48.2653
v  20.2995 28.5851 -48.2653
v  20.2995 28.1334 -48.2653
v  20.7663 26.7786 -48.2653
v  20.2995 26.7786 -48.2653
v  20.7663 28.1334 -48.2653
v  20.2995 28.5851 -46.6675
v  20.7663 28.5851 -46.6675
v  20.2995 28.1334 -46.6675
v  20.7663 26.3633 -46.6675
v  20.2995 26.3633 -46.6675
v  20.7663 28.1334 -46.6675
v  20.2995 25.3402 -43.4719
v  20.2995 25.3402 -42.7988
v  20.7663 25.9723 -44.8315
v  20.7663 26.6476 -46.6675
v  20.7663 27.0291 -48.2653
v  20.7663 27.2518 -49.8631
v  20.7663 27.3162 -51.4609
v  20.7663 27.2900 -53.0588
v  20.7663 27.1151 -54.5691
v  20.2995 27.2900 -53.0588
v  20.2995 27.1151 -54.5691
v  20.2995 27.3162 -51.4609
v  20.2995 27.2518 -49.8631
v  20.2995 27.0291 -48.2653
v  20.2995 26.6476 -46.6675
v  20.2995 25.9723 -44.8315
v  20.7663 26.9734 -54.6565
v  20.7663 27.1197 -54.6565
v  20.2995 27.1197 -54.6565
v  20.2995 26.9734 -54.6565
v  -13.3187 31.2546 -46.6822
v  -13.3246 31.6782 -46.6822
v  -17.7941 28.5851 -46.6822
v  -17.3273 28.5851 -46.6822
v  -17.7941 28.5851 -47.0647
v  -12.8298 32.0299 -47.0647
v  -12.8238 31.6064 -47.0647
v  -17.3273 28.5851 -47.0647
v  -8.5316 34.5149 -50.5775
v  -8.5376 35.0010 -50.5775
v  -17.7941 28.5851 -50.5775
v  -17.3273 28.5851 -50.5775
v  -17.7941 28.5851 -50.9600
v  -8.0428 35.3528 -50.9600
v  -8.0369 34.8667 -50.9600
v  -17.3273 28.5851 -50.9600
v  -12.5712 31.6049 -46.8217
v  -12.5712 32.0054 -46.8348
v  -12.5712 28.5851 -42.7988
v  -12.5712 28.5851 -43.1813
v  -13.0381 31.6871 -46.4491
v  -13.0381 28.5851 -42.7988
v  -13.0381 31.2865 -46.4360
v  -13.0381 28.5851 -43.1813
v  -7.8095 35.3229 -50.7633
v  -7.8095 28.5851 -42.7988
v  -7.8095 28.5851 -43.1813
v  -7.8095 34.8368 -50.7682
v  -8.2763 28.5851 -42.7988
v  -8.2763 35.0045 -50.3776
v  -8.2763 34.5184 -50.3824
v  -8.2763 28.5851 -43.1813
v  -17.0050 28.5851 -43.1792
v  -3.5147 37.7113 -54.2740
v  -3.5147 38.3197 -54.2740
v  -17.4677 28.5851 -42.7988
v  -17.7941 28.5851 -43.0603
v  -3.7481 38.3197 -54.4653
v  -3.7481 37.7113 -54.4653
v  -17.3273 28.5851 -43.4398
v  -17.7923 28.5851 -42.7974
v  -3.6314 38.3197 -54.3697
v  -3.6314 37.7113 -54.3697
v  -17.3248 28.5851 -43.1792
v  -10.7691 32.7724 -54.4653
v  -10.7691 32.7733 -48.5465
v  -10.9883 33.3105 -48.3670
v  -10.9883 33.3096 -54.4653
v  -10.5761 33.5961 -48.7047
v  -10.5761 33.5952 -54.4653
v  -10.3569 33.0589 -48.8843
v  -10.3569 33.0580 -54.4653
v  6.4812 28.5851 -42.7988
v  6.4812 28.5851 -43.1813
v  6.4812 37.7113 -54.2740
v  6.4812 38.3197 -54.2740
v  6.0144 28.5851 -42.7988
v  6.0144 38.3197 -54.2740
v  6.0144 37.7113 -54.2740
v  6.0144 28.5851 -43.1813
v  1.7195 37.7113 -54.2740
v  1.7195 38.3197 -54.2740
v  1.7195 28.5851 -42.7988
v  1.7195 28.5851 -43.1813
v  1.2527 28.5851 -42.7988
v  1.2527 38.3197 -54.2740
v  1.2527 37.7113 -54.2740
v  1.2527 28.5851 -43.1813
v  -3.0422 28.5851 -42.7988
v  -3.0422 28.5851 -43.1813
v  -3.0422 37.7113 -54.2740
v  -3.0422 38.3197 -54.2740
v  -3.5090 28.5851 -43.1813
v  -3.5090 28.5851 -42.7988
v  -3.5090 38.3197 -54.2740
v  -3.5090 37.7113 -54.2740
v  -17.7941 28.5851 -54.4653
v  -17.3273 28.5851 -54.4653
v  -3.7481 37.7113 -54.8478
v  -17.3273 28.5851 -54.8478
v  -17.7941 28.5851 -54.8478
v  -3.7481 38.3197 -54.8478
v  -3.5147 38.3197 -55.0390
v  -3.5147 37.7113 -55.0390
v  -17.7941 26.1515 -42.7988
v  -17.3273 26.1515 -43.1813
v  -17.7941 28.5851 -42.7988
v  -17.3273 28.5851 -43.1813
v  -17.7941 26.1515 -54.6565
v  -17.7941 28.5851 -54.6565
v  -17.3273 26.1515 -54.6565
v  -17.3273 28.5851 -54.6565
v  -3.0422 28.5851 -43.4719
v  -3.0422 28.5851 -44.8315
v  -3.5090 28.5851 -44.8315
v  -3.5090 28.5851 -43.4719
v  -3.5090 28.1334 -43.4719
v  -3.5090 28.1334 -44.8315
v  -3.0422 25.6461 -44.8315
v  -3.0422 24.9347 -43.4719
v  -3.5090 24.9347 -43.4719
v  -3.5090 25.6461 -44.8315
v  -3.0422 28.1334 -43.4719
v  -3.0422 28.1334 -44.8315
v  -3.5090 25.3402 -43.4719
v  -3.5090 25.3402 -42.7988
v  -3.5090 28.1334 -42.7988
v  -3.0422 24.9347 -42.7988
v  -3.5090 24.9347 -42.7988
v  -3.0422 28.1334 -42.7988
v  -3.5090 28.5851 -54.6565
v  -3.5090 28.5851 -54.5691
v  -3.0422 28.5851 -54.5691
v  -3.0422 28.5851 -54.6565
v  -3.0422 28.1334 -54.6565
v  -3.0422 28.1334 -54.5691
v  -3.5090 27.1322 -53.0588
v  -3.5090 26.9677 -54.5691
v  -3.0422 26.9677 -54.5691
v  -3.0422 27.1322 -53.0588
v  -3.5090 28.1334 -54.6565
v  -3.5090 28.1334 -54.5691
v  -3.5090 28.5851 -53.0588
v  -3.5090 28.5851 -51.4609
v  -3.0422 28.5851 -51.4609
v  -3.0422 28.5851 -53.0588
v  -3.0422 28.1334 -51.4609
v  -3.0422 28.1334 -53.0588
v  -3.5090 27.1446 -51.4609
v  -3.0422 27.1446 -51.4609
v  -3.5090 28.1334 -53.0588
v  -3.5090 28.1334 -51.4609
v  -3.5090 28.5851 -49.8631
v  -3.0422 28.5851 -49.8631
v  -3.0422 28.1334 -49.8631
v  -3.5090 27.0572 -49.8631
v  -3.0422 27.0572 -49.8631
v  -3.5090 28.1334 -49.8631
v  -3.5090 28.5851 -48.2653
v  -3.0422 28.5851 -48.2653
v  -3.0422 28.1334 -48.2653
v  -3.0422 26.7786 -48.2653
v  -3.5090 26.7786 -48.2653
v  -3.5090 28.1334 -48.2653
v  -3.5090 28.5851 -46.6675
v  -3.0422 28.5851 -46.6675
v  -3.0422 28.1334 -46.6675
v  -3.0422 26.3633 -46.6675
v  -3.5090 26.3633 -46.6675
v  -3.5090 28.1334 -46.6675
v  -3.0422 25.3402 -42.7988
v  -3.0422 25.3402 -43.4719
v  -3.5090 25.9723 -44.8315
v  -3.5090 26.6476 -46.6675
v  -3.5090 27.0291 -48.2653
v  -3.5090 27.2518 -49.8631
v  -3.5090 27.3162 -51.4609
v  -3.5090 27.2900 -53.0588
v  -3.5090 27.1151 -54.5691
v  -3.0422 27.2900 -53.0588
v  -3.0422 27.1151 -54.5691
v  -3.0422 27.3162 -51.4609
v  -3.0422 27.2518 -49.8631
v  -3.0422 27.0291 -48.2653
v  -3.0422 26.6476 -46.6675
v  -3.0422 25.9723 -44.8315
v  -3.5090 27.1197 -54.6565
v  -3.5090 26.9734 -54.6565
v  -3.0422 27.1197 -54.6565
v  -3.0422 26.9734 -54.6565
v  30.5760 31.2546 -62.6308
v  30.5819 31.6782 -62.6308
v  35.0514 28.5851 -62.6308
v  34.5846 28.5851 -62.6308
v  30.0870 32.0299 -62.2483
v  35.0514 28.5851 -62.2483
v  30.0811 31.6064 -62.2483
v  34.5846 28.5851 -62.2483
v  34.5846 28.5851 -58.7356
v  25.7890 34.5149 -58.7356
v  25.7949 35.0010 -58.7356
v  35.0514 28.5851 -58.7356
v  25.3001 35.3528 -58.3531
v  35.0514 28.5851 -58.3531
v  25.2942 34.8667 -58.3531
v  34.5846 28.5851 -58.3531
v  29.8285 31.6049 -62.4913
v  29.8285 32.0054 -62.4783
v  29.8285 28.5851 -66.5143
v  29.8285 28.5851 -66.1317
v  30.2954 28.5851 -66.5143
v  30.2954 31.6871 -62.8640
v  30.2954 31.2865 -62.8770
v  30.2954 28.5851 -66.1317
v  25.0668 34.8368 -58.5449
v  25.0668 35.3229 -58.5498
v  25.0668 28.5851 -66.5143
v  25.0668 28.5851 -66.1317
v  25.5337 35.0045 -58.9355
v  25.5337 28.5851 -66.5143
v  25.5337 34.5184 -58.9306
v  25.5337 28.5851 -66.1317
v  34.2623 28.5851 -66.1338
v  34.7251 28.5851 -66.5143
v  34.5846 28.5851 -65.8732
v  35.0514 28.5851 -66.2528
v  20.8887 38.3197 -54.9434
v  35.0497 28.5851 -66.5157
v  34.5821 28.5851 -66.1338
v  20.8887 37.7113 -54.9434
v  28.0264 32.7733 -60.7666
v  28.2456 33.3105 -60.9461
v  28.2456 33.3096 -54.8478
v  28.0264 32.7724 -54.8478
v  27.8334 33.5961 -60.6084
v  27.8334 33.5952 -54.8478
v  27.6142 33.0589 -60.4288
v  27.6142 33.0580 -54.8478
v  8.6286 32.7742 -60.7666
v  8.6286 33.3114 -60.9461
v  8.6286 33.5970 -60.6084
v  8.6286 33.0598 -60.4288
v  10.7761 28.5851 -66.5143
v  10.7761 28.5851 -66.1317
v  10.7761 37.7113 -55.0390
v  10.7761 38.3197 -55.0390
v  11.2429 37.7113 -55.0390
v  11.2429 28.5851 -66.1317
v  11.2429 28.5851 -66.5143
v  11.2429 38.3197 -55.0390
v  15.5378 28.5851 -66.5143
v  15.5378 28.5851 -66.1317
v  15.5378 37.7113 -55.0390
v  15.5378 38.3197 -55.0390
v  16.0047 28.5851 -66.5143
v  16.0047 38.3197 -55.0390
v  16.0047 37.7113 -55.0390
v  16.0047 28.5851 -66.1317
v  20.2995 37.7113 -55.0390
v  20.2995 38.3197 -55.0390
v  20.2995 28.5851 -66.5143
v  20.2995 28.5851 -66.1317
v  20.7663 28.5851 -66.5143
v  20.7663 38.3197 -55.0390
v  20.7663 37.7113 -55.0390
v  20.7663 28.5851 -66.1317
v  34.5846 26.1515 -66.1317
v  8.6286 26.1515 -66.1317
v  8.6286 26.1515 -66.5143
v  35.0514 26.1515 -66.5143
v  8.6286 28.5851 -66.5143
v  35.0514 28.5851 -66.5143
v  34.5846 28.5851 -66.1317
v  8.6286 28.5851 -66.1317
v  20.2995 28.5851 -64.4816
v  20.7663 28.5851 -64.4816
v  20.7663 28.5851 -65.8412
v  20.2995 28.5851 -65.8412
v  20.7663 28.1334 -65.8412
v  20.7663 28.1334 -64.4816
v  20.2995 25.6461 -64.4816
v  20.2995 24.9347 -65.8412
v  20.7663 24.9347 -65.8412
v  20.7663 25.6461 -64.4816
v  20.2995 28.1334 -65.8412
v  20.2995 28.1334 -64.4816
v  20.7663 25.3402 -66.5143
v  20.7663 28.1334 -66.5143
v  20.7663 25.3402 -65.8412
v  20.7663 24.9347 -66.5143
v  20.2995 24.9347 -66.5143
v  20.2995 28.1334 -66.5143
v  20.7663 28.5851 -54.7440
v  20.2995 28.5851 -54.7440
v  20.2995 28.1334 -54.7440
v  20.2995 26.9677 -54.7440
v  20.2995 27.1322 -56.2543
v  20.7663 27.1322 -56.2543
v  20.7663 26.9677 -54.7440
v  20.7663 28.1334 -54.7440
v  20.2995 28.5851 -57.8522
v  20.2995 28.5851 -56.2543
v  20.7663 28.5851 -56.2543
v  20.7663 28.5851 -57.8522
v  20.2995 28.1334 -57.8522
v  20.2995 28.1334 -56.2543
v  20.2995 27.1446 -57.8522
v  20.7663 27.1446 -57.8522
v  20.7663 28.1334 -56.2543
v  20.7663 28.1334 -57.8522
v  20.2995 28.5851 -59.4499
v  20.7663 28.5851 -59.4499
v  20.2995 28.1334 -59.4499
v  20.2995 27.0572 -59.4499
v  20.7663 27.0572 -59.4499
v  20.7663 28.1334 -59.4499
v  20.7663 28.5851 -61.0478
v  20.2995 28.5851 -61.0478
v  20.2995 28.1334 -61.0478
v  20.2995 26.7786 -61.0477
v  20.7663 26.7786 -61.0477
v  20.7663 28.1334 -61.0478
v  20.2995 28.5851 -62.6456
v  20.7663 28.5851 -62.6456
v  20.2995 28.1334 -62.6456
v  20.2995 26.3633 -62.6456
v  20.7663 26.3633 -62.6456
v  20.7663 28.1334 -62.6456
v  20.2995 25.3402 -65.8412
v  20.2995 25.3402 -66.5143
v  20.7663 25.9723 -64.4816
v  20.7663 26.6476 -62.6456
v  20.7663 27.0291 -61.0477
v  20.7663 27.2518 -59.4499
v  20.7663 27.3162 -57.8522
v  20.7663 27.2900 -56.2543
v  20.7663 27.1151 -54.7440
v  20.2995 27.1151 -54.7440
v  20.2995 27.2900 -56.2543
v  20.2995 27.3162 -57.8522
v  20.2995 27.2518 -59.4499
v  20.2995 27.0291 -61.0477
v  20.2995 26.6476 -62.6456
v  20.2995 25.9723 -64.4816
v  -17.7941 28.5851 -62.6308
v  -13.3246 31.6782 -62.6308
v  -13.3187 31.2546 -62.6308
v  -17.3273 28.5851 -62.6308
v  -12.8298 32.0299 -62.2483
v  -17.7941 28.5851 -62.2483
v  -17.3273 28.5851 -62.2483
v  -12.8238 31.6064 -62.2483
v  -17.7941 28.5851 -58.7356
v  -8.5376 35.0010 -58.7356
v  -8.5316 34.5149 -58.7356
v  -17.3273 28.5851 -58.7356
v  -17.7941 28.5851 -58.3531
v  -8.0428 35.3528 -58.3531
v  -17.3273 28.5851 -58.3531
v  -8.0369 34.8667 -58.3531
v  -12.5712 28.5851 -66.5143
v  -12.5712 32.0054 -62.4783
v  -12.5712 31.6049 -62.4913
v  -12.5712 28.5851 -66.1317
v  -13.0381 28.5851 -66.5143
v  -13.0381 31.6871 -62.8640
v  -13.0381 28.5851 -66.1317
v  -13.0381 31.2865 -62.8770
v  -7.8095 35.3229 -58.5498
v  -7.8095 34.8368 -58.5449
v  -7.8095 28.5851 -66.1317
v  -7.8095 28.5851 -66.5143
v  -8.2763 28.5851 -66.5143
v  -8.2763 35.0045 -58.9355
v  -8.2763 28.5851 -66.1317
v  -8.2763 34.5184 -58.9306
v  -17.0050 28.5851 -66.1338
v  -17.4677 28.5851 -66.5143
v  -17.3273 28.5851 -65.8732
v  -17.7941 28.5851 -66.2528
v  -3.6314 38.3197 -54.9434
v  -17.7923 28.5851 -66.5157
v  -17.3248 28.5851 -66.1338
v  -3.6314 37.7113 -54.9434
v  -10.7691 32.7724 -54.8478
v  -10.9883 33.3096 -54.8478
v  -10.9883 33.3105 -60.9461
v  -10.7691 32.7733 -60.7666
v  -10.5761 33.5952 -54.8478
v  -10.5761 33.5961 -60.6084
v  -10.3569 33.0589 -60.4288
v  -10.3569 33.0580 -54.8478
v  6.4812 38.3197 -55.0390
v  6.4812 37.7113 -55.0390
v  6.4812 28.5851 -66.1317
v  6.4812 28.5851 -66.5143
v  6.0144 28.5851 -66.5143
v  6.0144 28.5851 -66.1317
v  6.0144 37.7113 -55.0390
v  6.0144 38.3197 -55.0390
v  1.7195 28.5851 -66.1317
v  1.7195 28.5851 -66.5143
v  1.7195 38.3197 -55.0390
v  1.7195 37.7113 -55.0390
v  1.2527 28.5851 -66.5143
v  1.2527 28.5851 -66.1317
v  1.2527 37.7113 -55.0390
v  1.2527 38.3197 -55.0390
v  -3.0422 37.7113 -55.0390
v  -3.0422 28.5851 -66.1317
v  -3.0422 28.5851 -66.5143
v  -3.0422 38.3197 -55.0390
v  -3.5090 28.5851 -66.1317
v  -3.5090 37.7113 -55.0390
v  -3.5090 38.3197 -55.0390
v  -3.5090 28.5851 -66.5143
v  -17.3273 26.1515 -66.1317
v  -17.7941 26.1515 -66.5143
v  -17.7941 28.5851 -66.5143
v  -17.3273 28.5851 -66.1317
v  -3.0422 28.5851 -65.8412
v  -3.5090 28.5851 -65.8412
v  -3.5090 28.5851 -64.4816
v  -3.0422 28.5851 -64.4816
v  -3.5090 28.1334 -65.8412
v  -3.5090 28.1334 -64.4816
v  -3.5090 25.6461 -64.4816
v  -3.5090 24.9347 -65.8412
v  -3.0422 24.9347 -65.8412
v  -3.0422 25.6461 -64.4816
v  -3.0422 28.1334 -65.8412
v  -3.0422 28.1334 -64.4816
v  -3.5090 25.3402 -65.8412
v  -3.5090 28.1334 -66.5143
v  -3.5090 25.3402 -66.5143
v  -3.5090 24.9347 -66.5143
v  -3.0422 24.9347 -66.5143
v  -3.0422 28.1334 -66.5143
v  -3.0422 28.5851 -54.7440
v  -3.5090 28.5851 -54.7440
v  -3.0422 28.1334 -54.7440
v  -3.5090 27.1322 -56.2543
v  -3.0422 27.1322 -56.2543
v  -3.0422 26.9677 -54.7440
v  -3.5090 26.9677 -54.7440
v  -3.5090 28.1334 -54.7440
v  -3.5090 28.5851 -57.8522
v  -3.5090 28.5851 -56.2543
v  -3.0422 28.5851 -56.2543
v  -3.0422 28.5851 -57.8522
v  -3.0422 28.1334 -56.2543
v  -3.0422 28.1334 -57.8522
v  -3.5090 27.1446 -57.8522
v  -3.0422 27.1446 -57.8522
v  -3.5090 28.1334 -57.8522
v  -3.5090 28.1334 -56.2543
v  -3.0422 28.5851 -59.4499
v  -3.5090 28.5851 -59.4499
v  -3.0422 28.1334 -59.4499
v  -3.0422 27.0572 -59.4499
v  -3.5090 27.0572 -59.4499
v  -3.5090 28.1334 -59.4499
v  -3.5090 28.5851 -61.0478
v  -3.0422 28.5851 -61.0478
v  -3.0422 28.1334 -61.0478
v  -3.5090 26.7786 -61.0477
v  -3.0422 26.7786 -61.0477
v  -3.5090 28.1334 -61.0478
v  -3.0422 28.5851 -62.6456
v  -3.5090 28.5851 -62.6456
v  -3.0422 28.1334 -62.6456
v  -3.0422 26.3633 -62.6456
v  -3.5090 26.3633 -62.6456
v  -3.5090 28.1334 -62.6456
v  -3.0422 25.3402 -65.8412
v  -3.0422 25.3402 -66.5143
v  -3.5090 25.9723 -64.4816
v  -3.5090 26.6476 -62.6456
v  -3.5090 27.0291 -61.0477
v  -3.5090 27.2518 -59.4499
v  -3.5090 27.3162 -57.8522
v  -3.5090 27.2900 -56.2543
v  -3.5090 27.1151 -54.7440
v  -3.0422 27.1151 -54.7440
v  -3.0422 27.2900 -56.2543
v  -3.0422 27.3162 -57.8522
v  -3.0422 27.2518 -59.4499
v  -3.0422 27.0291 -61.0477
v  -3.0422 26.6476 -62.6456
v  -3.0422 25.9723 -64.4816
# 652 vertices

vn 0.0000 1.0000 -0.0000
vn 0.4695 0.0064 -0.8829
vn 0.0000 -1.0000 -0.0000
vn -0.4564 -0.0153 0.8897
vn 0.4698 0.0062 -0.8828
vn -0.4600 -0.0129 0.8878
vn -1.0000 0.0000 -0.0000
vn -0.0065 0.4707 -0.8823
vn 1.0000 0.0000 -0.0000
vn 0.0012 -0.4625 0.8866
vn -0.0059 0.4698 -0.8828
vn -0.0004 -0.4600 0.8879
vn -0.7084 0.7059 -0.0003
vn 0.7040 -0.7102 -0.0006
vn 0.2479 0.2490 -0.9362
vn 0.3830 0.1037 -0.9179
vn 0.2467 0.2502 -0.9362
vn -0.1001 -0.3746 0.9218
vn -0.2407 -0.2428 0.9397
vn -0.2416 -0.2420 0.9397
vn 0.1006 0.3864 -0.9168
vn -0.3722 -0.1021 0.9225
vn 0.8829 0.0000 0.4695
vn 0.4695 -0.0001 -0.8829
vn -0.8829 0.0000 -0.4695
vn -0.4695 0.0001 0.8829
vn 0.0000 0.8829 0.4695
vn 0.0000 0.4695 -0.8830
vn 0.0000 -0.8829 -0.4695
vn 0.0000 -0.4695 0.8830
vn 0.0000 0.4706 -0.8824
vn 0.0000 -0.4594 0.8882
vn 0.4695 0.0000 -0.8829
vn -0.4583 0.0000 0.8888
vn 0.0000 0.0000 -1.0000
vn 0.0000 0.0000 1.0000
vn 0.0000 -0.2706 0.9627
vn 0.0000 -0.2149 0.9766
vn 0.0000 0.0358 0.9994
vn 0.0000 0.0624 0.9981
vn 0.0000 -0.0148 0.9999
vn 0.0000 -0.0718 0.9974
vn 0.0000 -0.1353 0.9908
vn 0.0000 -0.2030 0.9792
vn 0.0000 0.2806 -0.9598
vn 0.0000 0.2253 -0.9743
vn 0.0000 0.1485 -0.9889
vn 0.0000 0.0873 -0.9962
vn 0.0000 0.0253 -0.9997
vn 0.0000 -0.0103 -0.9999
vn 0.0000 -0.0726 -0.9974
vn 0.0000 0.0414 0.9991
vn -0.4695 0.0064 -0.8829
vn 0.4564 -0.0153 0.8897
vn -0.4698 0.0062 -0.8828
vn 0.4600 -0.0129 0.8878
vn 0.0065 0.4707 -0.8823
vn -0.0012 -0.4625 0.8866
vn 0.0059 0.4698 -0.8828
vn 0.0004 -0.4600 0.8879
vn 0.7084 0.7059 -0.0003
vn -0.7040 -0.7102 -0.0006
vn -0.2479 0.2490 -0.9362
vn -0.2467 0.2502 -0.9362
vn -0.3830 0.1037 -0.9179
vn 0.2407 -0.2428 0.9397
vn 0.1001 -0.3746 0.9218
vn 0.2416 -0.2420 0.9397
vn -0.1006 0.3864 -0.9168
vn 0.3722 -0.1021 0.9225
vn -0.8829 0.0000 0.4695
vn -0.4695 -0.0001 -0.8829
vn 0.8829 0.0000 -0.4695
vn 0.4695 0.0001 0.8829
vn -0.4695 0.0000 -0.8829
vn 0.4583 0.0000 0.8888
vn 0.4695 -0.0064 -0.8829
vn -0.4564 0.0153 0.8897
vn 0.4698 -0.0062 -0.8828
vn -0.4600 0.0129 0.8878
vn -0.0065 -0.4707 -0.8823
vn 0.0012 0.4625 0.8866
vn -0.0059 -0.4698 -0.8828
vn -0.0004 0.4600 0.8879
vn -0.7084 -0.7059 -0.0003
vn 0.7040 0.7102 -0.0006
vn 0.2467 -0.2502 -0.9362
vn 0.3830 -0.1037 -0.9179
vn 0.2479 -0.2490 -0.9362
vn -0.2416 0.2420 0.9397
vn -0.2407 0.2428 0.9397
vn -0.1001 0.3746 0.9218
vn 0.1006 -0.3864 -0.9168
vn -0.3722 0.1021 0.9225
vn 0.4695 0.0001 -0.8829
vn -0.4695 -0.0001 0.8829
vn 0.0000 -0.8829 0.4695
vn 0.0000 -0.4695 -0.8830
vn 0.0000 0.8829 -0.4695
vn 0.0000 0.4695 0.8830
vn 0.0000 -0.4706 -0.8824
vn 0.0000 0.4594 0.8882
vn 0.0000 0.2706 0.9627
vn 0.0000 0.2149 0.9766
vn 0.0000 -0.0624 0.9981
vn 0.0000 -0.0358 0.9994
vn 0.0000 0.0148 0.9999
vn 0.0000 0.0718 0.9974
vn 0.0000 0.1353 0.9908
vn 0.0000 0.2030 0.9792
vn 0.0000 -0.2806 -0.9598
vn 0.0000 -0.2253 -0.9743
vn 0.0000 -0.1485 -0.9889
vn 0.0000 -0.0873 -0.9962
vn 0.0000 -0.0253 -0.9997
vn 0.0000 0.0103 -0.9999
vn 0.0000 0.0726 -0.9974
vn -0.4695 -0.0064 -0.8829
vn 0.4564 0.0153 0.8897
vn -0.4698 -0.0062 -0.8828
vn 0.4600 0.0129 0.8878
vn 0.0065 -0.4707 -0.8823
vn -0.0012 0.4625 0.8866
vn 0.0059 -0.4698 -0.8828
vn 0.0004 0.4600 0.8879
vn 0.7084 -0.7059 -0.0003
vn -0.7040 0.7102 -0.0006
vn -0.3830 -0.1037 -0.9179
vn -0.2467 -0.2502 -0.9362
vn -0.2479 -0.2490 -0.9362
vn 0.2416 0.2420 0.9397
vn 0.1001 0.3746 0.9218
vn 0.2407 0.2428 0.9397
vn -0.1006 -0.3864 -0.9168
vn 0.3722 0.1021 0.9225
vn -0.4695 0.0001 -0.8829
vn 0.4695 -0.0001 0.8829
# 137 vertex normals

vt 0.4406 0.1411 0.0000
vt 0.4347 0.1521 0.0000
vt 0.4347 0.0166 0.0000
vt 0.4425 0.0206 0.0000
vt 0.4751 0.0174 0.0000
vt 0.4711 0.1529 0.0000
vt 0.4586 0.1525 0.0000
vt 0.4631 0.0020 0.0000
vt 0.4552 0.0057 0.0000
vt 0.4531 0.1413 0.0000
vt 0.2781 0.0109 0.0000
vt 0.0131 0.0116 0.0000
vt 0.0020 0.0059 0.0000
vt 0.2825 0.0020 0.0000
vt 0.0020 0.0424 0.0000
vt 0.0021 0.0299 0.0000
vt 0.2977 0.0323 0.0000
vt 0.2825 0.0447 0.0000
vt 0.0131 0.0241 0.0000
vt 0.2932 0.0234 0.0000
vt 0.5024 0.1402 0.0000
vt 0.4968 0.1514 0.0000
vt 0.4940 0.0020 0.0000
vt 0.5011 0.0061 0.0000
vt 0.4843 0.1516 0.0000
vt 0.4818 0.0164 0.0000
vt 0.5138 0.0201 0.0000
vt 0.5208 0.0159 0.0000
vt 0.5208 0.1511 0.0000
vt 0.5149 0.1401 0.0000
vt 0.9653 0.5736 0.0000
vt 0.9536 0.5693 0.0000
vt 0.9541 0.0243 0.0000
vt 0.9601 0.0078 0.0000
vt 0.9413 0.0242 0.0000
vt 0.9448 0.5693 0.0000
vt 0.9331 0.5737 0.0000
vt 0.9351 0.0077 0.0000
vt 0.9286 0.0021 0.0000
vt 0.9286 0.5737 0.0000
vt 0.9492 0.5693 0.0000
vt 0.9477 0.0186 0.0000
vt 0.9666 0.0020 0.0000
vt 0.9698 0.5736 0.0000
vt 0.9142 0.0020 0.0000
vt 0.9212 0.1617 0.0000
vt 0.9081 0.1645 0.0000
vt 0.9009 0.0029 0.0000
vt 0.8628 0.0063 0.0000
vt 0.8755 0.0052 0.0000
vt 0.8819 0.1665 0.0000
vt 0.8693 0.1612 0.0000
vt 0.8953 0.1695 0.0000
vt 0.8880 0.0044 0.0000
vt 0.9159 0.6806 0.0000
vt 0.9026 0.6804 0.0000
vt 0.8760 0.6800 0.0000
vt 0.8628 0.6798 0.0000
vt 0.8893 0.6802 0.0000
vt 0.4212 0.7986 0.0000
vt 0.0131 0.7986 0.0000
vt 0.0020 0.7929 0.0000
vt 0.4269 0.7875 0.0000
vt 0.0020 0.8168 0.0000
vt 0.0131 0.8111 0.0000
vt 0.4212 0.8111 0.0000
vt 0.4269 0.8222 0.0000
vt 0.0020 0.8406 0.0000
vt 0.0020 0.8281 0.0000
vt 0.4270 0.8281 0.0000
vt 0.4270 0.8406 0.0000
vt 0.0077 0.9192 0.0000
vt 0.4168 0.9181 0.0000
vt 0.4280 0.9238 0.0000
vt 0.0020 0.9303 0.0000
vt 0.0077 0.9067 0.0000
vt 0.0020 0.8956 0.0000
vt 0.4279 0.8999 0.0000
vt 0.4168 0.9056 0.0000
vt 0.0021 0.8831 0.0000
vt 0.4280 0.8874 0.0000
vt 0.6289 0.8264 0.0000
vt 0.6289 0.5012 0.0000
vt 0.6414 0.5012 0.0000
vt 0.6414 0.8264 0.0000
vt 0.5914 0.8264 0.0000
vt 0.5664 0.8264 0.0000
vt 0.5664 0.5012 0.0000
vt 0.5727 0.4950 0.0000
vt 0.5852 0.4950 0.0000
vt 0.5914 0.5012 0.0000
vt 0.6039 0.5012 0.0000
vt 0.6039 0.8264 0.0000
vt 0.6102 0.4950 0.0000
vt 0.6227 0.4950 0.0000
vt 0.8436 0.0145 0.0000
vt 0.8561 0.0020 0.0000
vt 0.8561 0.7095 0.0000
vt 0.8436 0.7095 0.0000
vt 0.7811 0.7095 0.0000
vt 0.7311 0.7095 0.0000
vt 0.7311 0.0020 0.0000
vt 0.7811 0.0020 0.0000
vt 0.7936 0.0145 0.0000
vt 0.7936 0.7095 0.0000
vt 0.4847 0.7983 0.0000
vt 0.4347 0.7983 0.0000
vt 0.4347 0.4108 0.0000
vt 0.4847 0.4108 0.0000
vt 0.5472 0.7858 0.0000
vt 0.5472 0.4108 0.0000
vt 0.5597 0.4108 0.0000
vt 0.5597 0.7983 0.0000
vt 0.4972 0.7858 0.0000
vt 0.4972 0.4108 0.0000
vt 0.0705 0.8589 0.0000
vt 0.0239 0.8589 0.0000
vt 0.0239 0.8464 0.0000
vt 0.0705 0.8464 0.0000
vt 0.3705 0.7143 0.0000
vt 0.3255 0.7248 0.0000
vt 0.3258 0.7181 0.0000
vt 0.3710 0.7059 0.0000
vt 0.3231 0.7692 0.0000
vt 0.3674 0.7716 0.0000
vt 0.3669 0.7808 0.0000
vt 0.3226 0.7784 0.0000
vt 0.0020 0.8589 0.0000
vt 0.0020 0.8464 0.0000
vt 0.3925 0.7154 0.0000
vt 0.3894 0.7727 0.0000
vt 0.3889 0.7820 0.0000
vt 0.3906 0.8464 0.0000
vt 0.3934 0.8464 0.0000
vt 0.3934 0.8589 0.0000
vt 0.3906 0.8589 0.0000
vt 0.0020 0.7611 0.0000
vt 0.0025 0.7519 0.0000
vt 0.0053 0.7520 0.0000
vt 0.0048 0.7613 0.0000
vt 0.3413 0.8589 0.0000
vt 0.3413 0.8464 0.0000
vt 0.0064 0.7311 0.0000
vt 0.0036 0.7311 0.0000
vt 0.0037 0.7281 0.0000
vt 0.0066 0.7281 0.0000
vt 0.2892 0.8589 0.0000
vt 0.2892 0.8464 0.0000
vt 0.0546 0.7547 0.0000
vt 0.1067 0.7575 0.0000
vt 0.1062 0.7668 0.0000
vt 0.0541 0.7640 0.0000
vt 0.1076 0.7407 0.0000
vt 0.0555 0.7374 0.0000
vt 0.0557 0.7342 0.0000
vt 0.1078 0.7372 0.0000
vt 0.2371 0.8589 0.0000
vt 0.2371 0.8464 0.0000
vt 0.1584 0.7696 0.0000
vt 0.1589 0.7603 0.0000
vt 0.1601 0.7382 0.0000
vt 0.1598 0.7422 0.0000
vt 0.1848 0.8464 0.0000
vt 0.1848 0.8589 0.0000
vt 0.2110 0.7631 0.0000
vt 0.2105 0.7724 0.0000
vt 0.2125 0.7353 0.0000
vt 0.2122 0.7405 0.0000
vt 0.1321 0.8589 0.0000
vt 0.1321 0.8464 0.0000
vt 0.2626 0.7752 0.0000
vt 0.2631 0.7659 0.0000
vt 0.2651 0.7296 0.0000
vt 0.2648 0.7355 0.0000
vt 0.3929 0.7071 0.0000
vt 0.3030 0.0770 0.0000
vt 0.3030 0.0677 0.0000
vt 0.3155 0.0677 0.0000
vt 0.3155 0.0770 0.0000
vt 0.3155 0.0103 0.0000
vt 0.3030 0.0103 0.0000
vt 0.3030 0.0020 0.0000
vt 0.3155 0.0020 0.0000
vt 0.3679 0.8647 0.0000
vt 0.3679 0.8772 0.0000
vt 0.3217 0.8772 0.0000
vt 0.3217 0.8647 0.0000
vt 0.2603 0.8772 0.0000
vt 0.2603 0.8647 0.0000
vt 0.2077 0.8772 0.0000
vt 0.2077 0.8647 0.0000
vt 0.1554 0.8647 0.0000
vt 0.1554 0.8772 0.0000
vt 0.1034 0.8772 0.0000
vt 0.1034 0.8647 0.0000
vt 0.0513 0.8772 0.0000
vt 0.0513 0.8647 0.0000
vt 0.0020 0.8772 0.0000
vt 0.0020 0.8647 0.0000
vt 0.5288 0.0593 0.0000
vt 0.5288 0.0020 0.0000
vt 0.5413 0.0020 0.0000
vt 0.5413 0.0593 0.0000
vt 0.3218 0.0020 0.0000
vt 0.3343 0.0020 0.0000
vt 0.3343 0.0229 0.0000
vt 0.3218 0.0229 0.0000
# 207 texture coords

o Components001
g Components001
usemtl Skylight_Material__48
s off
f 193/95/61 194/96/61 195/97/61 
f 195/97/61 196/98/61 193/95/61 
f 195/99/62 194/100/62 197/101/62 
f 197/101/62 198/102/62 195/99/62 
f 199/103/63 198/102/63 197/101/63 
f 197/101/63 200/104/63 199/103/63 
f 196/98/64 199/103/64 200/104/64 
f 200/104/64 193/95/64 196/98/64 
f 201/105/61 202/106/61 203/107/61 
f 203/107/61 204/108/61 201/105/61 
f 203/109/65 205/110/65 206/111/65 
f 206/111/65 204/112/65 203/109/65 
f 205/110/63 207/113/63 208/114/63 
f 208/114/63 206/111/63 205/110/63 
f 201/105/66 208/114/66 207/113/66 
f 207/113/66 202/106/66 201/105/66 
f 209/115/67 210/116/67 211/117/67 
f 211/117/67 212/118/67 209/115/67 
f 210/116/68 213/119/68 214/120/68 
f 214/120/68 211/117/68 210/116/68 
f 215/121/69 214/122/69 213/123/69 
f 213/123/69 216/124/69 215/121/69 
f 216/124/70 209/115/70 212/118/70 
f 212/118/70 215/121/70 216/124/70 
f 217/113/67 218/114/67 219/111/67 
f 219/111/67 220/110/67 217/113/67 
f 221/109/71 220/110/71 219/111/71 
f 219/111/71 222/112/71 221/109/71 
f 222/108/69 223/105/69 224/106/69 
f 224/106/69 221/107/69 222/108/69 
f 217/113/72 224/106/72 223/105/72 
f 223/105/72 218/114/72 217/113/72 
f 225/125/73 226/126/73 227/127/73 
f 227/127/73 228/128/73 225/125/73 
f 229/129/74 230/130/74 231/131/74 
f 231/131/74 232/132/74 229/129/74 
f 233/133/75 232/132/76 231/131/76 
f 231/131/76 234/134/77 233/133/75 
f 226/126/78 235/135/79 236/136/80 
f 236/136/80 227/127/78 226/126/78 
f 233/137/75 234/138/77 225/125/81 
f 225/125/81 228/128/81 233/137/75 
f 235/135/79 230/130/82 229/129/82 
f 229/129/82 236/136/80 235/135/79 
f 237/139/83 238/140/83 239/141/83 
f 239/141/83 240/142/83 237/139/83 
f 237/143/84 241/144/84 242/145/84 
f 242/145/84 238/146/84 237/143/84 
f 243/147/85 242/145/85 241/144/85 
f 241/144/85 244/148/85 243/147/85 
f 244/148/86 240/142/86 239/141/86 
f 239/141/86 243/147/86 244/148/86 
f 245/149/87 246/150/87 239/141/87 
f 239/141/87 238/140/87 245/149/87 
f 238/146/88 242/145/88 247/151/88 
f 247/151/88 245/152/88 238/146/88 
f 247/151/89 242/145/89 243/147/89 
f 243/147/89 248/153/89 247/151/89 
f 243/147/90 239/141/90 246/150/90 
f 246/150/90 248/153/90 243/147/90 
f 249/154/67 250/155/67 251/156/67 
f 251/156/67 252/157/67 249/154/67 
f 253/158/69 254/159/69 255/160/69 
f 255/160/69 256/161/69 253/158/69 
f 251/162/91 253/163/91 256/164/91 
f 256/164/91 252/165/91 251/162/91 
f 254/159/92 250/155/92 249/154/92 
f 249/154/92 255/160/92 254/159/92 
f 257/155/67 258/156/67 259/157/67 
f 259/157/67 260/154/67 257/155/67 
f 261/160/69 262/161/69 263/158/69 
f 263/158/69 264/159/69 261/160/69 
f 258/162/91 263/163/91 262/164/91 
f 262/164/91 259/165/91 258/162/91 
f 261/160/92 264/159/92 257/155/92 
f 257/155/92 260/154/92 261/160/92 
f 265/154/67 266/155/67 267/156/67 
f 267/156/67 268/157/67 265/154/67 
f 269/161/69 270/158/69 271/159/69 
f 271/159/69 272/160/69 269/161/69 
f 269/164/91 268/165/91 267/162/91 
f 267/162/91 270/163/91 269/164/91 
f 271/159/92 266/155/92 265/154/92 
f 265/154/92 272/160/92 271/159/92 
f 230/166/61 273/167/61 274/168/61 
f 274/168/61 231/169/61 230/166/61 
f 275/170/63 276/171/63 277/172/63 
f 277/172/63 278/173/63 275/170/63 
f 277/172/93 276/171/93 231/174/93 
f 231/174/93 274/175/93 277/172/93 
f 278/173/94 273/167/94 230/166/94 
f 230/166/94 275/170/94 278/173/94 
f 279/176/61 226/177/61 225/178/61 
f 225/178/61 280/179/61 279/176/61 
f 281/180/95 280/181/95 225/182/95 
f 225/182/95 231/183/95 276/184/95 
f 281/180/95 225/182/95 276/184/95 
f 281/180/95 276/184/95 282/185/95 
f 282/185/63 283/186/63 284/187/63 
f 284/187/63 281/180/63 282/185/63 
f 279/176/96 284/187/96 283/186/96 
f 283/186/96 275/188/96 230/189/96 
f 279/176/96 283/186/96 230/189/96 
f 279/176/96 230/189/96 226/177/96 
f 285/190/96 286/191/96 287/192/96 
f 287/192/96 288/193/96 285/190/96 
f 289/194/61 287/195/61 286/196/61 
f 286/196/61 290/197/61 289/194/61 
f 289/194/95 290/197/95 291/198/95 
f 291/198/95 292/199/95 289/194/95 
f 285/190/63 288/193/63 292/199/63 
f 292/199/63 291/198/63 285/190/63 
f 290/200/69 286/201/69 293/202/69 
f 293/202/69 294/203/69 290/200/69 
f 285/204/96 295/205/96 293/206/96 
f 293/206/96 286/207/96 285/204/96 
f 295/205/67 285/204/67 291/208/67 
f 291/208/67 296/209/67 295/205/67 
f 290/200/95 294/203/95 296/209/95 
f 296/209/95 291/208/95 290/200/95 
f 297/210/95 298/211/95 299/212/95 
f 299/212/95 300/213/95 297/210/95 
f 301/214/69 302/215/69 300/216/69 
f 300/216/69 299/217/69 301/214/69 
f 303/213/97 304/210/97 305/211/98 
f 305/211/98 306/212/98 303/213/97 
f 307/218/67 308/219/67 298/220/67 
f 298/220/67 297/221/67 307/218/67 
f 298/211/95 267/222/95 270/223/95 
f 270/223/95 299/212/95 298/211/95 
f 301/214/69 309/224/69 310/225/69 
f 310/225/69 311/219/69 301/214/69 
f 312/222/96 313/223/96 306/212/98 
f 306/212/98 305/211/98 312/222/96 
f 267/226/67 298/220/67 308/219/67 
f 308/219/67 314/225/67 267/226/67 
f 315/227/95 316/228/95 317/229/95 
f 317/229/95 318/230/95 315/227/95 
f 317/231/67 319/232/67 320/233/67 
f 320/233/67 318/234/67 317/231/67 
f 321/235/99 322/236/99 323/227/100 
f 323/227/100 324/230/100 321/235/99 
f 325/237/69 326/238/69 316/239/69 
f 316/239/69 315/240/69 325/237/69 
f 327/241/95 328/242/95 329/236/95 
f 329/236/95 330/235/95 327/241/95 
f 331/243/67 332/244/67 327/245/67 
f 327/245/67 330/246/67 331/243/67 
f 333/242/101 322/236/99 321/235/99 
f 321/235/99 334/241/101 333/242/101 
f 335/247/69 336/248/69 329/249/69 
f 329/249/69 328/250/69 335/247/69 
f 328/242/95 327/241/95 337/251/95 
f 337/251/95 338/252/95 328/242/95 
f 337/253/67 327/245/67 332/244/67 
f 332/244/67 339/254/67 337/253/67 
f 334/241/101 340/251/102 341/252/102 
f 341/252/102 333/242/101 334/241/101 
f 338/255/69 342/256/69 335/247/69 
f 335/247/69 328/250/69 338/255/69 
f 343/257/95 338/252/95 337/251/95 
f 337/251/95 344/258/95 343/257/95 
f 345/259/67 344/260/67 337/253/67 
f 337/253/67 339/254/67 345/259/67 
f 341/252/102 340/251/102 346/258/103 
f 346/258/103 347/257/103 341/252/102 
f 342/256/69 338/255/69 343/261/69 
f 343/261/69 348/262/69 342/256/69 
f 343/257/95 344/258/95 349/263/95 
f 349/263/95 350/264/95 343/257/95 
f 349/265/67 344/260/67 345/259/67 
f 345/259/67 351/266/67 349/265/67 
f 347/257/103 346/258/103 352/263/104 
f 352/263/104 353/264/104 347/257/103 
f 348/262/69 343/261/69 350/267/69 
f 350/267/69 354/268/69 348/262/69 
f 350/264/95 349/263/95 297/210/95 
f 297/210/95 300/213/95 350/264/95 
f 351/266/67 307/218/67 297/221/67 
f 297/221/67 349/265/67 351/266/67 
f 304/210/97 303/213/97 353/264/104 
f 353/264/104 352/263/104 304/210/97 
f 350/267/69 300/216/69 302/215/69 
f 302/215/69 354/268/69 350/267/69 
f 299/217/69 270/269/69 309/224/69 
f 309/224/69 301/214/69 299/217/69 
f 308/219/67 355/214/67 356/224/67 
f 356/224/67 314/225/67 308/219/67 
f 267/270/61 314/271/61 309/272/61 
f 309/272/61 270/273/61 267/270/61 
f 310/274/61 309/272/61 314/271/61 
f 314/271/61 356/275/61 310/274/61 
f 313/276/61 312/277/61 310/274/61 
f 310/274/61 356/275/61 313/276/61 
f 311/219/69 310/225/69 312/226/69 
f 312/226/69 305/220/69 311/219/69 
f 304/221/69 357/218/69 311/219/69 
f 311/219/69 305/220/69 304/221/69 
f 304/221/69 352/265/69 358/266/69 
f 358/266/69 357/218/69 304/221/69 
f 346/260/69 359/259/69 358/266/69 
f 358/266/69 352/265/69 346/260/69 
f 360/254/69 359/259/69 346/260/69 
f 346/260/69 340/253/69 360/254/69 
f 340/253/69 334/245/69 361/244/69 
f 361/244/69 360/254/69 340/253/69 
f 361/244/69 334/245/69 321/246/69 
f 321/246/69 362/243/69 361/244/69 
f 324/234/69 363/233/69 362/243/69 
f 362/243/69 321/246/69 324/234/69 
f 323/240/67 322/249/67 364/248/67 
f 364/248/67 365/237/67 323/240/67 
f 366/247/67 364/248/67 322/249/67 
f 322/249/67 333/250/67 366/247/67 
f 341/255/67 367/256/67 366/247/67 
f 366/247/67 333/250/67 341/255/67 
f 367/256/67 341/255/67 347/261/67 
f 347/261/67 368/262/67 367/256/67 
f 368/262/67 347/261/67 353/267/67 
f 353/267/67 369/268/67 368/262/67 
f 303/216/67 370/215/67 369/268/67 
f 369/268/67 353/267/67 303/216/67 
f 370/215/67 303/216/67 306/217/67 
f 306/217/67 355/214/67 370/215/67 
f 355/214/67 306/217/67 313/269/67 
f 313/269/67 356/224/67 355/214/67 
f 355/278/105 311/279/105 357/280/105 
f 357/280/105 370/281/105 355/278/105 
f 358/282/106 369/283/106 370/281/106 
f 370/281/106 357/280/106 358/282/106 
f 359/284/107 368/285/107 369/283/107 
f 369/283/107 358/282/107 359/284/107 
f 367/286/108 368/285/108 359/284/108 
f 359/284/108 360/287/108 367/286/108 
f 361/288/109 366/289/109 367/286/109 
f 367/286/109 360/287/109 361/288/109 
f 361/288/110 362/290/110 364/291/110 
f 364/291/110 366/289/110 361/288/110 
f 364/291/111 362/290/111 363/292/111 
f 363/292/111 365/293/111 364/291/111 
f 335/289/96 332/288/96 331/290/96 
f 331/290/96 336/291/96 335/289/96 
f 339/287/96 332/288/96 335/289/96 
f 335/289/96 342/286/96 339/287/96 
f 342/286/96 348/285/96 345/284/96 
f 345/284/96 339/287/96 342/286/96 
f 351/282/96 345/284/96 348/285/96 
f 348/285/96 354/283/96 351/282/96 
f 354/283/96 302/281/96 307/280/96 
f 307/280/96 351/282/96 354/283/96 
f 301/278/96 308/279/96 307/280/96 
f 307/280/96 302/281/96 301/278/96 
f 355/294/63 308/295/63 301/296/63 
f 301/296/63 311/297/63 355/294/63 
f 329/249/69 336/248/69 325/237/69 
f 325/237/69 315/240/69 329/249/69 
f 336/291/96 331/290/96 320/292/96 
f 320/292/96 325/293/96 336/291/96 
f 330/246/67 318/234/67 320/233/67 
f 320/233/67 331/243/67 330/246/67 
f 315/227/95 318/230/95 330/235/95 
f 330/235/95 329/236/95 315/227/95 
f 324/234/69 371/231/69 372/232/69 
f 372/232/69 363/233/69 324/234/69 
f 365/237/67 373/238/67 374/239/67 
f 374/239/67 323/240/67 365/237/67 
f 323/227/100 374/228/112 371/229/112 
f 371/229/112 324/230/100 323/227/100 
f 319/232/67 373/238/67 365/237/67 
f 365/237/67 320/233/67 319/232/67 
f 363/233/69 372/232/69 326/238/69 
f 326/238/69 325/237/69 363/233/69 
f 325/298/61 320/299/61 365/300/61 
f 365/300/61 363/301/61 325/298/61 
f 375/98/61 376/97/61 377/96/61 
f 377/96/61 378/95/61 375/98/61 
f 379/101/113 377/100/113 376/99/113 
f 376/99/113 380/102/113 379/101/113 
f 380/102/63 381/103/63 382/104/63 
f 382/104/63 379/101/63 380/102/63 
f 381/103/114 375/98/114 378/95/114 
f 378/95/114 382/104/114 381/103/114 
f 383/105/61 384/108/61 385/107/61 
f 385/107/61 386/106/61 383/105/61 
f 387/110/115 385/109/115 384/112/115 
f 384/112/115 388/111/115 387/110/115 
f 388/111/63 389/114/63 390/113/63 
f 390/113/63 387/110/63 388/111/63 
f 389/114/116 383/105/116 386/106/116 
f 386/106/116 390/113/116 389/114/116 
f 391/118/69 392/117/69 393/116/69 
f 393/116/69 394/115/69 391/118/69 
f 392/117/117 395/120/117 396/119/117 
f 396/119/117 393/116/117 392/117/117 
f 397/121/67 398/124/67 396/123/67 
f 396/123/67 395/122/67 397/121/67 
f 397/121/118 391/118/118 394/115/118 
f 394/115/118 398/124/118 397/121/118 
f 399/110/69 400/111/69 401/114/69 
f 401/114/69 402/113/69 399/110/69 
f 403/112/119 400/111/119 399/110/119 
f 399/110/119 404/109/119 403/112/119 
f 405/106/67 406/105/67 403/108/67 
f 403/108/67 404/107/67 405/106/67 
f 405/106/120 402/113/120 401/114/120 
f 401/114/120 406/105/120 405/106/120 
f 407/127/121 408/126/121 409/125/121 
f 409/125/121 410/128/121 407/127/121 
f 411/132/122 412/131/122 413/130/122 
f 413/130/122 414/129/122 411/132/122 
f 415/133/123 416/134/124 412/131/125 
f 412/131/125 411/132/125 415/133/123 
f 417/135/126 408/126/127 407/127/127 
f 407/127/127 418/136/128 417/135/126 
f 415/137/123 410/128/129 409/125/129 
f 409/125/129 416/138/124 415/137/123 
f 417/135/126 418/136/128 414/129/130 
f 414/129/130 413/130/130 417/135/126 
f 419/142/131 420/141/131 421/140/131 
f 421/140/131 422/139/131 419/142/131 
f 423/145/132 424/144/132 422/143/132 
f 422/143/132 421/146/132 423/145/132 
f 424/144/133 423/145/133 425/147/133 
f 425/147/133 426/148/133 424/144/133 
f 419/142/134 426/148/134 425/147/134 
f 425/147/134 420/141/134 419/142/134 
f 245/149/87 421/140/87 420/141/87 
f 420/141/87 246/150/87 245/149/87 
f 247/151/88 423/145/88 421/146/88 
f 421/146/88 245/152/88 247/151/88 
f 248/153/89 425/147/89 423/145/89 
f 423/145/89 247/151/89 248/153/89 
f 246/150/90 420/141/90 425/147/90 
f 425/147/90 248/153/90 246/150/90 
f 427/156/69 428/155/69 429/154/69 
f 429/154/69 430/157/69 427/156/69 
f 431/158/67 432/161/67 433/160/67 
f 433/160/67 434/159/67 431/158/67 
f 430/165/91 432/164/91 431/163/91 
f 431/163/91 427/162/91 430/165/91 
f 428/155/92 434/159/92 433/160/92 
f 433/160/92 429/154/92 428/155/92 
f 435/154/69 436/157/69 437/156/69 
f 437/156/69 438/155/69 435/154/69 
f 439/158/67 440/161/67 441/160/67 
f 441/160/67 442/159/67 439/158/67 
f 439/163/91 437/162/91 436/165/91 
f 436/165/91 440/164/91 439/163/91 
f 442/159/92 441/160/92 435/154/92 
f 435/154/92 438/155/92 442/159/92 
f 443/156/69 444/155/69 445/154/69 
f 445/154/69 446/157/69 443/156/69 
f 447/159/67 448/158/67 449/161/67 
f 449/161/67 450/160/67 447/159/67 
f 443/162/91 446/165/91 449/164/91 
f 449/164/91 448/163/91 443/162/91 
f 445/154/92 444/155/92 447/159/92 
f 447/159/92 450/160/92 445/154/92 
f 451/168/61 452/167/61 413/166/61 
f 413/166/61 412/169/61 451/168/61 
f 453/170/63 454/173/63 455/172/63 
f 455/172/63 456/171/63 453/170/63 
f 451/175/135 412/174/135 456/171/135 
f 456/171/135 455/172/135 451/175/135 
f 453/170/136 413/166/136 452/167/136 
f 452/167/136 454/173/136 453/170/136 
f 408/177/61 279/176/61 280/179/61 
f 280/179/61 409/178/61 408/177/61 
f 457/185/95 456/184/95 412/183/95 
f 457/185/95 412/183/95 409/182/95 
f 457/185/95 409/182/95 280/181/95 
f 281/180/95 457/185/95 280/181/95 
f 284/187/63 458/186/63 457/185/63 
f 457/185/63 281/180/63 284/187/63 
f 408/177/96 413/189/96 453/188/96 
f 408/177/96 453/188/96 458/186/96 
f 408/177/96 458/186/96 284/187/96 
f 279/176/96 408/177/96 284/187/96 
f 287/192/96 459/191/96 460/190/96 
f 460/190/96 288/193/96 287/192/96 
f 461/197/61 459/196/61 287/195/61 
f 287/195/61 289/194/61 461/197/61 
f 292/199/95 462/198/95 461/197/95 
f 461/197/95 289/194/95 292/199/95 
f 462/198/63 292/199/63 288/193/63 
f 288/193/63 460/190/63 462/198/63 
f 463/202/67 459/201/67 461/200/67 
f 461/200/67 464/203/67 463/202/67 
f 460/204/96 459/207/96 463/206/96 
f 463/206/96 465/205/96 460/204/96 
f 465/205/69 466/209/69 462/208/69 
f 462/208/69 460/204/69 465/205/69 
f 461/200/95 462/208/95 466/209/95 
f 466/209/95 464/203/95 461/200/95 
f 467/211/95 468/210/95 469/213/95 
f 469/213/95 470/212/95 467/211/95 
f 471/214/67 470/217/67 469/216/67 
f 469/216/67 472/215/67 471/214/67 
f 473/213/97 474/212/98 475/211/98 
f 475/211/98 476/210/97 473/213/97 
f 468/221/69 467/220/69 477/219/69 
f 477/219/69 478/218/69 468/221/69 
f 467/211/95 470/212/95 448/223/95 
f 448/223/95 443/222/95 467/211/95 
f 471/214/67 479/219/67 480/225/67 
f 480/225/67 481/224/67 471/214/67 
f 482/223/96 483/222/96 475/211/98 
f 475/211/98 474/212/98 482/223/96 
f 477/219/69 467/220/69 443/226/69 
f 443/226/69 484/225/69 477/219/69 
f 485/228/95 486/227/95 487/230/95 
f 487/230/95 488/229/95 485/228/95 
f 489/232/69 488/231/69 487/234/69 
f 487/234/69 490/233/69 489/232/69 
f 491/235/99 492/230/100 493/227/100 
f 493/227/100 494/236/99 491/235/99 
f 486/240/67 485/239/67 495/238/67 
f 495/238/67 496/237/67 486/240/67 
f 497/236/95 498/242/95 499/241/95 
f 499/241/95 500/235/95 497/236/95 
f 499/245/69 501/244/69 502/243/69 
f 502/243/69 500/246/69 499/245/69 
f 503/241/101 491/235/99 494/236/99 
f 494/236/99 504/242/101 503/241/101 
f 497/249/67 505/248/67 506/247/67 
f 506/247/67 498/250/67 497/249/67 
f 507/252/95 508/251/95 499/241/95 
f 499/241/95 498/242/95 507/252/95 
f 508/253/69 509/254/69 501/244/69 
f 501/244/69 499/245/69 508/253/69 
f 510/251/102 503/241/101 504/242/101 
f 504/242/101 511/252/102 510/251/102 
f 507/255/67 498/250/67 506/247/67 
f 506/247/67 512/256/67 507/255/67 
f 507/252/95 513/257/95 514/258/95 
f 514/258/95 508/251/95 507/252/95 
f 514/260/69 515/259/69 509/254/69 
f 509/254/69 508/253/69 514/260/69 
f 511/252/102 516/257/103 517/258/103 
f 517/258/103 510/251/102 511/252/102 
f 513/261/67 507/255/67 512/256/67 
f 512/256/67 518/262/67 513/261/67 
f 519/264/95 520/263/95 514/258/95 
f 514/258/95 513/257/95 519/264/95 
f 521/266/69 515/259/69 514/260/69 
f 514/260/69 520/265/69 521/266/69 
f 516/257/103 522/264/104 523/263/104 
f 523/263/104 517/258/103 516/257/103 
f 519/267/67 513/261/67 518/262/67 
f 518/262/67 524/268/67 519/267/67 
f 468/210/95 520/263/95 519/264/95 
f 519/264/95 469/213/95 468/210/95 
f 478/218/69 521/266/69 520/265/69 
f 520/265/69 468/221/69 478/218/69 
f 522/264/104 473/213/97 476/210/97 
f 476/210/97 523/263/104 522/264/104 
f 524/268/67 472/215/67 469/216/67 
f 469/216/67 519/267/67 524/268/67 
f 471/214/67 481/224/67 448/269/67 
f 448/269/67 470/217/67 471/214/67 
f 525/224/69 526/214/69 477/219/69 
f 477/219/69 484/225/69 525/224/69 
f 443/270/61 448/273/61 481/272/61 
f 481/272/61 484/271/61 443/270/61 
f 525/275/61 484/271/61 481/272/61 
f 481/272/61 480/274/61 525/275/61 
f 483/277/61 482/276/61 525/275/61 
f 525/275/61 480/274/61 483/277/61 
f 475/220/67 483/226/67 480/225/67 
f 480/225/67 479/219/67 475/220/67 
f 475/220/67 479/219/67 527/218/67 
f 527/218/67 476/221/67 475/220/67 
f 523/265/67 476/221/67 527/218/67 
f 527/218/67 528/266/67 523/265/67 
f 528/266/67 529/259/67 517/260/67 
f 517/260/67 523/265/67 528/266/67 
f 529/259/67 530/254/67 510/253/67 
f 510/253/67 517/260/67 529/259/67 
f 531/244/67 503/245/67 510/253/67 
f 510/253/67 530/254/67 531/244/67 
f 532/243/67 491/246/67 503/245/67 
f 503/245/67 531/244/67 532/243/67 
f 533/233/67 492/234/67 491/246/67 
f 491/246/67 532/243/67 533/233/67 
f 534/248/69 494/249/69 493/240/69 
f 493/240/69 535/237/69 534/248/69 
f 536/247/69 504/250/69 494/249/69 
f 494/249/69 534/248/69 536/247/69 
f 537/256/69 511/255/69 504/250/69 
f 504/250/69 536/247/69 537/256/69 
f 511/255/69 537/256/69 538/262/69 
f 538/262/69 516/261/69 511/255/69 
f 516/261/69 538/262/69 539/268/69 
f 539/268/69 522/267/69 516/261/69 
f 540/215/69 473/216/69 522/267/69 
f 522/267/69 539/268/69 540/215/69 
f 540/215/69 526/214/69 474/217/69 
f 474/217/69 473/216/69 540/215/69 
f 526/214/69 525/224/69 482/269/69 
f 482/269/69 474/217/69 526/214/69 
f 527/280/105 479/279/105 526/278/105 
f 526/278/105 540/281/105 527/280/105 
f 540/281/106 539/283/106 528/282/106 
f 528/282/106 527/280/106 540/281/106 
f 538/285/107 529/284/107 528/282/107 
f 528/282/107 539/283/107 538/285/107 
f 537/286/108 530/287/108 529/284/108 
f 529/284/108 538/285/108 537/286/108 
f 537/286/109 536/289/109 531/288/109 
f 531/288/109 530/287/109 537/286/109 
f 531/288/110 536/289/110 534/291/110 
f 534/291/110 532/290/110 531/288/110 
f 533/292/111 532/290/111 534/291/111 
f 534/291/111 535/293/111 533/292/111 
f 505/291/96 502/290/96 501/288/96 
f 501/288/96 506/289/96 505/291/96 
f 512/286/96 506/289/96 501/288/96 
f 501/288/96 509/287/96 512/286/96 
f 512/286/96 509/287/96 515/284/96 
f 515/284/96 518/285/96 512/286/96 
f 515/284/96 521/282/96 524/283/96 
f 524/283/96 518/285/96 515/284/96 
f 472/281/96 524/283/96 521/282/96 
f 521/282/96 478/280/96 472/281/96 
f 472/281/96 478/280/96 477/279/96 
f 477/279/96 471/278/96 472/281/96 
f 479/297/63 471/296/63 477/295/63 
f 477/295/63 526/294/63 479/297/63 
f 497/249/67 486/240/67 496/237/67 
f 496/237/67 505/248/67 497/249/67 
f 505/291/96 496/293/96 490/292/96 
f 490/292/96 502/290/96 505/291/96 
f 487/234/69 500/246/69 502/243/69 
f 502/243/69 490/233/69 487/234/69 
f 500/235/95 487/230/95 486/227/95 
f 486/227/95 497/236/95 500/235/95 
f 533/233/67 541/232/67 542/231/67 
f 542/231/67 492/234/67 533/233/67 
f 543/238/69 535/237/69 493/240/69 
f 493/240/69 544/239/69 543/238/69 
f 542/229/112 544/228/112 493/227/100 
f 493/227/100 492/230/100 542/229/112 
f 490/233/69 535/237/69 543/238/69 
f 543/238/69 489/232/69 490/233/69 
f 496/237/67 495/238/67 541/232/67 
f 541/232/67 533/233/67 496/237/67 
f 533/301/61 535/300/61 490/299/61 
f 490/299/61 496/298/61 533/301/61 
f 545/98/63 546/97/63 547/96/63 
f 547/96/63 548/95/63 545/98/63 
f 549/102/137 550/101/137 547/100/137 
f 547/100/137 546/99/137 549/102/137 
f 550/101/61 549/102/61 551/103/61 
f 551/103/61 552/104/61 550/101/61 
f 548/95/138 552/104/138 551/103/138 
f 551/103/138 545/98/138 548/95/138 
f 553/106/63 554/105/63 555/108/63 
f 555/108/63 556/107/63 553/106/63 
f 557/111/139 558/110/139 556/109/139 
f 556/109/139 555/112/139 557/111/139 
f 559/114/61 560/113/61 558/110/61 
f 558/110/61 557/111/61 559/114/61 
f 559/114/140 554/105/140 553/106/140 
f 553/106/140 560/113/140 559/114/140 
f 561/118/67 562/117/67 563/116/67 
f 563/116/67 564/115/67 561/118/67 
f 565/119/141 563/116/141 562/117/141 
f 562/117/141 566/120/141 565/119/141 
f 565/123/69 566/122/69 567/121/69 
f 567/121/69 568/124/69 565/123/69 
f 568/124/142 567/121/142 561/118/142 
f 561/118/142 564/115/142 568/124/142 
f 569/113/67 570/110/67 571/111/67 
f 571/111/67 572/114/67 569/113/67 
f 573/109/143 574/112/143 571/111/143 
f 571/111/143 570/110/143 573/109/143 
f 574/108/69 573/107/69 575/106/69 
f 575/106/69 576/105/69 574/108/69 
f 575/106/144 569/113/144 572/114/144 
f 572/114/144 576/105/144 575/106/144 
f 577/127/145 283/126/145 282/125/145 
f 282/125/145 578/128/145 577/127/145 
f 276/131/146 275/130/146 579/129/146 
f 579/129/146 580/132/146 276/131/146 
f 581/134/147 276/131/148 580/132/148 
f 580/132/148 582/133/149 581/134/147 
f 583/136/150 584/135/151 283/126/152 
f 283/126/152 577/127/152 583/136/150 
f 582/137/149 578/128/153 282/125/153 
f 282/125/153 581/138/147 582/137/149 
f 584/135/151 583/136/150 579/129/154 
f 579/129/154 275/130/154 584/135/151 
f 585/141/83 586/140/83 587/139/83 
f 587/139/83 588/142/83 585/141/83 
f 587/143/155 586/146/155 589/145/155 
f 589/145/155 590/144/155 587/143/155 
f 589/145/85 591/147/85 592/148/85 
f 592/148/85 590/144/85 589/145/85 
f 588/142/156 592/148/156 591/147/156 
f 591/147/156 585/141/156 588/142/156 
f 585/141/157 593/150/157 594/149/157 
f 594/149/157 586/140/157 585/141/157 
f 594/152/158 595/151/158 589/145/158 
f 589/145/158 586/146/158 594/152/158 
f 589/145/159 595/151/159 596/153/159 
f 596/153/159 591/147/159 589/145/159 
f 596/153/160 593/150/160 585/141/160 
f 585/141/160 591/147/160 596/153/160 
f 597/156/67 598/155/67 599/154/67 
f 599/154/67 600/157/67 597/156/67 
f 601/160/69 602/159/69 603/158/69 
f 603/158/69 604/161/69 601/160/69 
f 600/165/161 604/164/161 603/163/161 
f 603/163/161 597/162/161 600/165/161 
f 599/154/162 598/155/162 602/159/162 
f 602/159/162 601/160/162 599/154/162 
f 605/156/67 606/155/67 607/154/67 
f 607/154/67 608/157/67 605/156/67 
f 609/158/69 610/161/69 611/160/69 
f 611/160/69 612/159/69 609/158/69 
f 610/164/161 609/163/161 605/162/161 
f 605/162/161 608/165/161 610/164/161 
f 607/154/162 606/155/162 612/159/162 
f 612/159/162 611/160/162 607/154/162 
f 613/154/67 614/157/67 615/156/67 
f 615/156/67 616/155/67 613/154/67 
f 617/158/69 618/161/69 619/160/69 
f 619/160/69 620/159/69 617/158/69 
f 615/162/161 614/165/161 618/164/161 
f 618/164/161 617/163/161 615/162/161 
f 616/155/162 620/159/162 619/160/162 
f 619/160/162 613/154/162 616/155/162 
f 277/168/63 278/167/63 275/166/63 
f 275/166/63 276/169/63 277/168/63 
f 230/170/61 273/173/61 274/172/61 
f 274/172/61 231/171/61 230/170/61 
f 277/175/93 276/174/93 231/171/93 
f 231/171/93 274/172/93 277/175/93 
f 230/170/94 275/166/94 278/167/94 
f 278/167/94 273/173/94 230/170/94 
f 283/177/63 284/176/63 281/179/63 
f 281/179/63 282/178/63 283/177/63 
f 280/180/95 225/185/95 231/184/95 
f 231/184/95 276/183/95 282/182/95 
f 280/180/95 231/184/95 282/182/95 
f 280/180/95 282/182/95 281/181/95 
f 279/187/61 226/186/61 225/185/61 
f 225/185/61 280/180/61 279/187/61 
f 283/177/96 275/189/96 230/188/96 
f 283/177/96 230/188/96 226/186/96 
f 283/177/96 226/186/96 279/187/96 
f 284/176/96 283/177/96 279/187/96 
f 621/190/96 622/193/96 623/192/96 
f 623/192/96 624/191/96 621/190/96 
f 623/195/63 625/194/63 626/197/63 
f 626/197/63 624/196/63 623/195/63 
f 627/198/95 626/197/95 625/194/95 
f 625/194/95 628/199/95 627/198/95 
f 621/190/61 627/198/61 628/199/61 
f 628/199/61 622/193/61 621/190/61 
f 293/202/69 624/201/69 626/200/69 
f 626/200/69 294/203/69 293/202/69 
f 295/205/96 621/204/96 624/207/96 
f 624/207/96 293/206/96 295/205/96 
f 295/205/67 296/209/67 627/208/67 
f 627/208/67 621/204/67 295/205/67 
f 626/200/95 627/208/95 296/209/95 
f 296/209/95 294/203/95 626/200/95 
f 629/210/95 630/213/95 631/212/95 
f 631/212/95 632/211/95 629/210/95 
f 633/214/69 631/217/69 630/216/69 
f 630/216/69 634/215/69 633/214/69 
f 635/213/163 636/212/164 637/211/164 
f 637/211/164 638/210/163 635/213/163 
f 639/219/67 640/218/67 629/221/67 
f 629/221/67 632/220/67 639/219/67 
f 615/222/95 632/211/95 631/212/95 
f 631/212/95 617/223/95 615/222/95 
f 641/225/69 642/224/69 633/214/69 
f 633/214/69 643/219/69 641/225/69 
f 644/222/96 637/211/164 636/212/164 
f 636/212/164 645/223/96 644/222/96 
f 646/225/67 639/219/67 632/220/67 
f 632/220/67 615/226/67 646/225/67 
f 317/229/95 316/228/95 647/227/95 
f 647/227/95 648/230/95 317/229/95 
f 649/233/67 319/232/67 317/231/67 
f 317/231/67 648/234/67 649/233/67 
f 650/227/165 651/236/166 652/235/166 
f 652/235/166 653/230/165 650/227/165 
f 647/240/69 316/239/69 326/238/69 
f 326/238/69 654/237/69 647/240/69 
f 655/241/95 656/235/95 657/236/95 
f 657/236/95 658/242/95 655/241/95 
f 655/245/67 659/244/67 660/243/67 
f 660/243/67 656/246/67 655/245/67 
f 651/236/166 661/242/167 662/241/167 
f 662/241/167 652/235/166 651/236/166 
f 663/248/69 664/247/69 658/250/69 
f 658/250/69 657/249/69 663/248/69 
f 665/251/95 655/241/95 658/242/95 
f 658/242/95 666/252/95 665/251/95 
f 655/245/67 665/253/67 667/254/67 
f 667/254/67 659/244/67 655/245/67 
f 661/242/167 668/252/168 669/251/168 
f 669/251/168 662/241/167 661/242/167 
f 670/256/69 666/255/69 658/250/69 
f 658/250/69 664/247/69 670/256/69 
f 665/251/95 666/252/95 671/257/95 
f 671/257/95 672/258/95 665/251/95 
f 665/253/67 672/260/67 673/259/67 
f 673/259/67 667/254/67 665/253/67 
f 669/251/168 668/252/168 674/257/169 
f 674/257/169 675/258/169 669/251/168 
f 666/255/69 670/256/69 676/262/69 
f 676/262/69 671/261/69 666/255/69 
f 677/263/95 672/258/95 671/257/95 
f 671/257/95 678/264/95 677/263/95 
f 679/266/67 673/259/67 672/260/67 
f 672/260/67 677/265/67 679/266/67 
f 680/264/170 681/263/170 675/258/169 
f 675/258/169 674/257/169 680/264/170 
f 676/262/69 682/268/69 678/267/69 
f 678/267/69 671/261/69 676/262/69 
f 677/263/95 678/264/95 630/213/95 
f 630/213/95 629/210/95 677/263/95 
f 677/265/67 629/221/67 640/218/67 
f 640/218/67 679/266/67 677/265/67 
f 681/263/170 680/264/170 635/213/163 
f 635/213/163 638/210/163 681/263/170 
f 630/216/69 678/267/69 682/268/69 
f 682/268/69 634/215/69 630/216/69 
f 631/217/69 633/214/69 642/224/69 
f 642/224/69 617/269/69 631/217/69 
f 683/214/67 639/219/67 646/225/67 
f 646/225/67 684/224/67 683/214/67 
f 642/272/63 646/271/63 615/270/63 
f 615/270/63 617/273/63 642/272/63 
f 641/274/63 684/275/63 646/271/63 
f 646/271/63 642/272/63 641/274/63 
f 641/274/63 644/277/63 645/276/63 
f 645/276/63 684/275/63 641/274/63 
f 643/219/69 637/220/69 644/226/69 
f 644/226/69 641/225/69 643/219/69 
f 638/221/69 637/220/69 643/219/69 
f 643/219/69 685/218/69 638/221/69 
f 681/265/69 638/221/69 685/218/69 
f 685/218/69 686/266/69 681/265/69 
f 687/259/69 675/260/69 681/265/69 
f 681/265/69 686/266/69 687/259/69 
f 688/254/69 669/253/69 675/260/69 
f 675/260/69 687/259/69 688/254/69 
f 669/253/69 688/254/69 689/244/69 
f 689/244/69 662/245/69 669/253/69 
f 690/243/69 652/246/69 662/245/69 
f 662/245/69 689/244/69 690/243/69 
f 652/246/69 690/243/69 691/233/69 
f 691/233/69 653/234/69 652/246/69 
f 651/249/67 650/240/67 692/237/67 
f 692/237/67 693/248/67 651/249/67 
f 694/247/67 661/250/67 651/249/67 
f 651/249/67 693/248/67 694/247/67 
f 695/256/67 668/255/67 661/250/67 
f 661/250/67 694/247/67 695/256/67 
f 674/261/67 668/255/67 695/256/67 
f 695/256/67 696/262/67 674/261/67 
f 697/268/67 680/267/67 674/261/67 
f 674/261/67 696/262/67 697/268/67 
f 697/268/67 698/215/67 635/216/67 
f 635/216/67 680/267/67 697/268/67 
f 683/214/67 636/217/67 635/216/67 
f 635/216/67 698/215/67 683/214/67 
f 683/214/67 684/224/67 645/269/67 
f 645/269/67 636/217/67 683/214/67 
f 685/280/171 643/279/171 683/278/171 
f 683/278/171 698/281/171 685/280/171 
f 685/280/172 698/281/172 697/283/172 
f 697/283/172 686/282/172 685/280/172 
f 696/285/173 687/284/173 686/282/173 
f 686/282/173 697/283/173 696/285/173 
f 695/286/174 688/287/174 687/284/174 
f 687/284/174 696/285/174 695/286/174 
f 695/286/175 694/289/175 689/288/175 
f 689/288/175 688/287/175 695/286/175 
f 693/291/176 690/290/176 689/288/176 
f 689/288/176 694/289/176 693/291/176 
f 692/293/177 691/292/177 690/290/177 
f 690/290/177 693/291/177 692/293/177 
f 664/289/96 663/291/96 660/290/96 
f 660/290/96 659/288/96 664/289/96 
f 667/287/96 670/286/96 664/289/96 
f 664/289/96 659/288/96 667/287/96 
f 673/284/96 676/285/96 670/286/96 
f 670/286/96 667/287/96 673/284/96 
f 682/283/96 676/285/96 673/284/96 
f 673/284/96 679/282/96 682/283/96 
f 640/280/96 634/281/96 682/283/96 
f 682/283/96 679/282/96 640/280/96 
f 634/281/96 640/280/96 639/279/96 
f 639/279/96 633/278/96 634/281/96 
f 643/297/61 633/296/61 639/295/61 
f 639/295/61 683/294/61 643/297/61 
f 654/237/69 663/248/69 657/249/69 
f 657/249/69 647/240/69 654/237/69 
f 654/293/96 649/292/96 660/290/96 
f 660/290/96 663/291/96 654/293/96 
f 656/246/67 660/243/67 649/233/67 
f 649/233/67 648/234/67 656/246/67 
f 648/230/95 647/227/95 657/236/95 
f 657/236/95 656/235/95 648/230/95 
f 691/233/69 372/232/69 371/231/69 
f 371/231/69 653/234/69 691/233/69 
f 374/239/67 373/238/67 692/237/67 
f 692/237/67 650/240/67 374/239/67 
f 374/228/112 650/227/165 653/230/165 
f 653/230/165 371/229/112 374/228/112 
f 319/232/67 649/233/67 692/237/67 
f 692/237/67 373/238/67 319/232/67 
f 372/232/69 691/233/69 654/237/69 
f 654/237/69 326/238/69 372/232/69 
f 691/301/63 692/300/63 649/299/63 
f 649/299/63 654/298/63 691/301/63 
f 699/96/63 700/97/63 701/98/63 
f 701/98/63 702/95/63 699/96/63 
f 703/102/178 700/99/178 699/100/178 
f 699/100/178 704/101/178 703/102/178 
f 703/102/61 704/101/61 705/104/61 
f 705/104/61 706/103/61 703/102/61 
f 705/104/179 702/95/179 701/98/179 
f 701/98/179 706/103/179 705/104/179 
f 707/107/63 708/108/63 709/105/63 
f 709/105/63 710/106/63 707/107/63 
f 707/109/180 711/110/180 712/111/180 
f 712/111/180 708/112/180 707/109/180 
f 711/110/61 713/113/61 714/114/61 
f 714/114/61 712/111/61 711/110/61 
f 710/106/181 709/105/181 714/114/181 
f 714/114/181 713/113/181 710/106/181 
f 715/116/69 716/117/69 717/118/69 
f 717/118/69 718/115/69 715/116/69 
f 716/117/182 715/116/182 719/119/182 
f 719/119/182 720/120/182 716/117/182 
f 720/122/67 719/123/67 721/124/67 
f 721/124/67 722/121/67 720/122/67 
f 717/118/183 722/121/183 721/124/183 
f 721/124/183 718/115/183 717/118/183 
f 723/110/69 724/113/69 725/114/69 
f 725/114/69 726/111/69 723/110/69 
f 726/111/184 727/112/184 728/109/184 
f 728/109/184 723/110/184 726/111/184 
f 728/107/67 727/108/67 729/105/67 
f 729/105/67 730/106/67 728/107/67 
f 729/105/185 725/114/185 724/113/185 
f 724/113/185 730/106/185 729/105/185 
f 458/126/186 731/127/186 732/128/186 
f 732/128/186 457/125/186 458/126/186 
f 733/129/187 453/130/187 456/131/187 
f 456/131/187 734/132/187 733/129/187 
f 734/132/188 456/131/188 735/134/189 
f 735/134/189 736/133/190 734/132/188 
f 737/136/191 731/127/192 458/126/192 
f 458/126/192 738/135/193 737/136/191 
f 732/128/194 736/137/190 735/138/189 
f 735/138/189 457/125/194 732/128/194 
f 453/130/195 733/129/195 737/136/191 
f 737/136/191 738/135/193 453/130/195 
f 739/142/131 740/139/131 741/140/131 
f 741/140/131 742/141/131 739/142/131 
f 743/144/196 744/145/196 741/146/196 
f 741/146/196 740/143/196 743/144/196 
f 745/147/133 744/145/133 743/144/133 
f 743/144/133 746/148/133 745/147/133 
f 746/148/197 739/142/197 742/141/197 
f 742/141/197 745/147/197 746/148/197 
f 594/149/157 593/150/157 742/141/157 
f 742/141/157 741/140/157 594/149/157 
f 594/152/158 741/146/158 744/145/158 
f 744/145/158 595/151/158 594/152/158 
f 596/153/159 595/151/159 744/145/159 
f 744/145/159 745/147/159 596/153/159 
f 742/141/160 593/150/160 596/153/160 
f 596/153/160 745/147/160 742/141/160 
f 747/157/69 748/154/69 749/155/69 
f 749/155/69 750/156/69 747/157/69 
f 751/158/67 752/159/67 753/160/67 
f 753/160/67 754/161/67 751/158/67 
f 747/165/161 750/162/161 751/163/161 
f 751/163/161 754/164/161 747/165/161 
f 748/154/162 753/160/162 752/159/162 
f 752/159/162 749/155/162 748/154/162 
f 755/155/69 756/156/69 757/157/69 
f 757/157/69 758/154/69 755/155/69 
f 759/158/67 760/159/67 761/160/67 
f 761/160/67 762/161/67 759/158/67 
f 757/165/161 756/162/161 759/163/161 
f 759/163/161 762/164/161 757/165/161 
f 758/154/162 761/160/162 760/159/162 
f 760/159/162 755/155/162 758/154/162 
f 763/154/69 764/155/69 765/156/69 
f 765/156/69 766/157/69 763/154/69 
f 767/159/67 768/160/67 769/161/67 
f 769/161/67 770/158/67 767/159/67 
f 766/165/161 765/162/161 770/163/161 
f 770/163/161 769/164/161 766/165/161 
f 763/154/162 768/160/162 767/159/162 
f 767/159/162 764/155/162 763/154/162 
f 453/166/63 454/167/63 455/168/63 
f 455/168/63 456/169/63 453/166/63 
f 413/170/61 412/171/61 451/172/61 
f 451/172/61 452/173/61 413/170/61 
f 451/172/135 412/171/135 456/174/135 
f 456/174/135 455/175/135 451/172/135 
f 452/173/136 454/167/136 453/166/136 
f 453/166/136 413/170/136 452/173/136 
f 284/176/63 458/177/63 457/178/63 
f 457/178/63 281/179/63 284/176/63 
f 281/181/95 457/182/95 456/183/95 
f 456/183/95 412/184/95 409/185/95 
f 281/181/95 456/183/95 409/185/95 
f 280/180/95 281/181/95 409/185/95 
f 408/186/61 279/187/61 280/180/61 
f 280/180/61 409/185/61 408/186/61 
f 279/187/96 408/186/96 413/188/96 
f 413/188/96 453/189/96 458/177/96 
f 279/187/96 413/188/96 458/177/96 
f 284/176/96 279/187/96 458/177/96 
f 622/193/96 771/190/96 772/191/96 
f 772/191/96 623/192/96 622/193/96 
f 625/194/63 623/195/63 772/196/63 
f 772/196/63 773/197/63 625/194/63 
f 625/194/95 773/197/95 774/198/95 
f 774/198/95 628/199/95 625/194/95 
f 628/199/61 774/198/61 771/190/61 
f 771/190/61 622/193/61 628/199/61 
f 464/203/67 773/200/67 772/201/67 
f 772/201/67 463/202/67 464/203/67 
f 771/204/96 465/205/96 463/206/96 
f 463/206/96 772/207/96 771/204/96 
f 465/205/69 771/204/69 774/208/69 
f 774/208/69 466/209/69 465/205/69 
f 464/203/95 466/209/95 774/208/95 
f 774/208/95 773/200/95 464/203/95 
f 775/211/95 776/212/95 777/213/95 
f 777/213/95 778/210/95 775/211/95 
f 779/214/67 780/215/67 777/216/67 
f 777/216/67 776/217/67 779/214/67 
f 781/210/163 782/211/164 783/212/164 
f 783/212/164 784/213/163 781/210/163 
f 785/219/69 775/220/69 778/221/69 
f 778/221/69 786/218/69 785/219/69 
f 775/211/95 765/222/95 770/223/95 
f 770/223/95 776/212/95 775/211/95 
f 787/219/67 779/214/67 788/224/67 
f 788/224/67 789/225/67 787/219/67 
f 790/222/96 791/223/96 783/212/164 
f 783/212/164 782/211/164 790/222/96 
f 775/220/69 785/219/69 792/225/69 
f 792/225/69 765/226/69 775/220/69 
f 488/229/95 793/230/95 794/227/95 
f 794/227/95 485/228/95 488/229/95 
f 488/231/69 489/232/69 795/233/69 
f 795/233/69 793/234/69 488/231/69 
f 796/235/166 797/236/166 798/227/165 
f 798/227/165 799/230/165 796/235/166 
f 485/239/67 794/240/67 800/237/67 
f 800/237/67 495/238/67 485/239/67 
f 801/242/95 802/236/95 803/235/95 
f 803/235/95 804/241/95 801/242/95 
f 803/246/69 805/243/69 806/244/69 
f 806/244/69 804/245/69 803/246/69 
f 807/241/167 808/242/167 797/236/166 
f 797/236/166 796/235/166 807/241/167 
f 809/247/67 810/248/67 802/249/67 
f 802/249/67 801/250/67 809/247/67 
f 801/242/95 804/241/95 811/251/95 
f 811/251/95 812/252/95 801/242/95 
f 811/253/69 804/245/69 806/244/69 
f 806/244/69 813/254/69 811/253/69 
f 814/252/168 808/242/167 807/241/167 
f 807/241/167 815/251/168 814/252/168 
f 812/255/67 816/256/67 809/247/67 
f 809/247/67 801/250/67 812/255/67 
f 817/257/95 812/252/95 811/251/95 
f 811/251/95 818/258/95 817/257/95 
f 813/254/69 819/259/69 818/260/69 
f 818/260/69 811/253/69 813/254/69 
f 815/251/168 820/258/169 821/257/169 
f 821/257/169 814/252/168 815/251/168 
f 817/261/67 822/262/67 816/256/67 
f 816/256/67 812/255/67 817/261/67 
f 817/257/95 818/258/95 823/263/95 
f 823/263/95 824/264/95 817/257/95 
f 825/266/69 823/265/69 818/260/69 
f 818/260/69 819/259/69 825/266/69 
f 826/264/170 821/257/169 820/258/169 
f 820/258/169 827/263/170 826/264/170 
f 817/261/67 824/267/67 828/268/67 
f 828/268/67 822/262/67 817/261/67 
f 824/264/95 823/263/95 778/210/95 
f 778/210/95 777/213/95 824/264/95 
f 778/221/69 823/265/69 825/266/69 
f 825/266/69 786/218/69 778/221/69 
f 827/263/170 781/210/163 784/213/163 
f 784/213/163 826/264/170 827/263/170 
f 780/215/67 828/268/67 824/267/67 
f 824/267/67 777/216/67 780/215/67 
f 788/224/67 779/214/67 776/217/67 
f 776/217/67 770/269/67 788/224/67 
f 785/219/69 829/214/69 830/224/69 
f 830/224/69 792/225/69 785/219/69 
f 788/272/63 770/273/63 765/270/63 
f 765/270/63 792/271/63 788/272/63 
f 792/271/63 830/275/63 789/274/63 
f 789/274/63 788/272/63 792/271/63 
f 789/274/63 830/275/63 791/276/63 
f 791/276/63 790/277/63 789/274/63 
f 790/226/67 782/220/67 787/219/67 
f 787/219/67 789/225/67 790/226/67 
f 782/220/67 781/221/67 831/218/67 
f 831/218/67 787/219/67 782/220/67 
f 832/266/67 831/218/67 781/221/67 
f 781/221/67 827/265/67 832/266/67 
f 832/266/67 827/265/67 820/260/67 
f 820/260/67 833/259/67 832/266/67 
f 834/254/67 833/259/67 820/260/67 
f 820/260/67 815/253/67 834/254/67 
f 815/253/67 807/245/67 835/244/67 
f 835/244/67 834/254/67 815/253/67 
f 796/246/67 836/243/67 835/244/67 
f 835/244/67 807/245/67 796/246/67 
f 836/243/67 796/246/67 799/234/67 
f 799/234/67 837/233/67 836/243/67 
f 838/237/69 798/240/69 797/249/69 
f 797/249/69 839/248/69 838/237/69 
f 840/247/69 839/248/69 797/249/69 
f 797/249/69 808/250/69 840/247/69 
f 840/247/69 808/250/69 814/255/69 
f 814/255/69 841/256/69 840/247/69 
f 842/262/69 841/256/69 814/255/69 
f 814/255/69 821/261/69 842/262/69 
f 821/261/69 826/267/69 843/268/69 
f 843/268/69 842/262/69 821/261/69 
f 844/215/69 843/268/69 826/267/69 
f 826/267/69 784/216/69 844/215/69 
f 783/217/69 829/214/69 844/215/69 
f 844/215/69 784/216/69 783/217/69 
f 783/217/69 791/269/69 830/224/69 
f 830/224/69 829/214/69 783/217/69 
f 844/281/171 829/278/171 787/279/171 
f 787/279/171 831/280/171 844/281/171 
f 843/283/172 844/281/172 831/280/172 
f 831/280/172 832/282/172 843/283/172 
f 843/283/173 832/282/173 833/284/173 
f 833/284/173 842/285/173 843/283/173 
f 834/287/174 841/286/174 842/285/174 
f 842/285/174 833/284/174 834/287/174 
f 834/287/175 835/288/175 840/289/175 
f 840/289/175 841/286/175 834/287/175 
f 835/288/176 836/290/176 839/291/176 
f 839/291/176 840/289/176 835/288/176 
f 839/291/177 836/290/177 837/292/177 
f 837/292/177 838/293/177 839/291/177 
f 809/289/96 806/288/96 805/290/96 
f 805/290/96 810/291/96 809/289/96 
f 813/287/96 806/288/96 809/289/96 
f 809/289/96 816/286/96 813/287/96 
f 816/286/96 822/285/96 819/284/96 
f 819/284/96 813/287/96 816/286/96 
f 825/282/96 819/284/96 822/285/96 
f 822/285/96 828/283/96 825/282/96 
f 780/281/96 786/280/96 825/282/96 
f 825/282/96 828/283/96 780/281/96 
f 786/280/96 780/281/96 779/278/96 
f 779/278/96 785/279/96 786/280/96 
f 785/295/61 779/296/61 787/297/61 
f 787/297/61 829/294/61 785/295/61 
f 800/237/67 794/240/67 802/249/67 
f 802/249/67 810/248/67 800/237/67 
f 805/290/96 795/292/96 800/293/96 
f 800/293/96 810/291/96 805/290/96 
f 793/234/69 795/233/69 805/243/69 
f 805/243/69 803/246/69 793/234/69 
f 794/227/95 793/230/95 803/235/95 
f 803/235/95 802/236/95 794/227/95 
f 837/233/67 799/234/67 542/231/67 
f 542/231/67 541/232/67 837/233/67 
f 798/240/69 838/237/69 543/238/69 
f 543/238/69 544/239/69 798/240/69 
f 542/229/112 799/230/165 798/227/165 
f 798/227/165 544/228/112 542/229/112 
f 543/238/69 838/237/69 795/233/69 
f 795/233/69 489/232/69 543/238/69 
f 800/237/67 837/233/67 541/232/67 
f 541/232/67 495/238/67 800/237/67 
f 837/301/63 800/298/63 795/299/63 
f 795/299/63 838/300/63 837/301/63 
# 1096 faces

#
# object Window_Plane_01_low001
#

v  8.6286 28.4726 -42.8404
v  8.6286 38.2878 -54.3809
v  20.6999 38.2878 -54.3809
v  34.7104 28.4726 -42.8404
v  -3.4426 38.2878 -54.3809
v  -17.4531 28.4726 -42.8404
v  8.6286 38.2878 -54.9321
v  8.6286 28.4726 -66.4726
v  34.7104 28.4726 -66.4726
v  20.6999 38.2878 -54.9321
v  -17.4531 28.4726 -66.4726
v  -3.4426 38.2878 -54.9321
# 12 vertices

vn 0.0000 0.0000 1.0000
# 1 vertex normals

vt 0.4296 0.7000 0.0000
vt 0.0020 0.7007 0.0000
vt 0.0020 0.3771 0.0000
vt 0.4296 0.0020 0.0000
# 4 texture coords

o Window_Plane_01_low001
g Window_Plane_01_low001
usemtl Skylight_Material__47
s off
f 845/302/198 846/303/198 847/304/198 
f 847/304/198 848/305/198 845/302/198 
f 849/304/198 846/303/198 845/302/198 
f 845/302/198 850/305/198 849/304/198 
f 851/303/198 852/302/198 853/305/198 
f 853/305/198 854/304/198 851/303/198 
f 855/305/198 852/302/198 851/303/198 
f 851/303/198 856/304/198 855/305/198 
# 8 faces

#
# object Ball_01
#

v  2.3242 26.5872 54.5624
v  2.2825 26.5872 54.5473
v  2.2825 26.6308 54.5034
v  2.3596 26.6308 54.5314
v  2.2408 26.5872 54.5624
v  2.2054 26.6308 54.5314
v  2.2235 26.5872 54.5990
v  2.1735 26.6308 54.5990
v  2.2408 26.5872 54.6357
v  2.2054 26.6308 54.6667
v  2.2825 26.5872 54.6508
v  2.2825 26.6308 54.6947
v  2.3242 26.5872 54.6357
v  2.3596 26.6308 54.6667
v  2.3414 26.5872 54.5990
v  2.3915 26.6308 54.5990
v  2.2825 26.6960 54.4741
v  2.3832 26.6960 54.5107
v  2.1818 26.6960 54.5107
v  2.1400 26.6960 54.5990
v  2.1818 26.6960 54.6874
v  2.2825 26.6960 54.7240
v  2.3832 26.6960 54.6874
v  2.4249 26.6960 54.5990
v  2.2825 26.7729 54.4638
v  2.3915 26.7729 54.5034
v  2.1735 26.7729 54.5034
v  2.1283 26.7729 54.5990
v  2.1735 26.7729 54.6947
v  2.2825 26.7729 54.7343
v  2.3915 26.7729 54.6947
v  2.4367 26.7729 54.5990
v  2.2825 26.8498 54.4741
v  2.3832 26.8498 54.5107
v  2.1818 26.8498 54.5107
v  2.1400 26.8498 54.5990
v  2.1818 26.8498 54.6874
v  2.2825 26.8498 54.7240
v  2.3832 26.8498 54.6874
v  2.4249 26.8498 54.5990
v  2.2825 26.9149 54.5034
v  2.3596 26.9149 54.5314
v  2.2054 26.9149 54.5314
v  2.1735 26.9149 54.5990
v  2.2054 26.9149 54.6667
v  2.2825 26.9149 54.6947
v  2.3596 26.9149 54.6667
v  2.3915 26.9149 54.5990
v  2.2825 26.9585 54.5473
v  2.3242 26.9585 54.5624
v  2.2408 26.9585 54.5624
v  2.2235 26.9585 54.5990
v  2.2408 26.9585 54.6357
v  2.2825 26.9585 54.6508
v  2.3242 26.9585 54.6357
v  2.3414 26.9585 54.5990
v  2.2825 26.5719 54.5990
v  2.2825 26.9738 54.5990
v  -21.5577 26.6308 54.5034
v  -21.5577 26.5872 54.5473
v  -21.5994 26.5872 54.5624
v  -21.6348 26.6308 54.5314
v  -21.4806 26.6308 54.5314
v  -21.5160 26.5872 54.5624
v  -21.4487 26.6308 54.5990
v  -21.4987 26.5872 54.5990
v  -21.4806 26.6308 54.6667
v  -21.5160 26.5872 54.6357
v  -21.5577 26.6308 54.6947
v  -21.5577 26.5872 54.6508
v  -21.6348 26.6308 54.6667
v  -21.5994 26.5872 54.6357
v  -21.6167 26.5872 54.5990
v  -21.6667 26.6308 54.5990
v  -21.5577 26.6960 54.4741
v  -21.6584 26.6960 54.5107
v  -21.4570 26.6960 54.5107
v  -21.4153 26.6960 54.5990
v  -21.4570 26.6960 54.6874
v  -21.5577 26.6960 54.7240
v  -21.6584 26.6960 54.6874
v  -21.7002 26.6960 54.5990
v  -21.6667 26.7729 54.5034
v  -21.5577 26.7729 54.4638
v  -21.4487 26.7729 54.5034
v  -21.4035 26.7729 54.5990
v  -21.4487 26.7729 54.6947
v  -21.5577 26.7729 54.7343
v  -21.6667 26.7729 54.6947
v  -21.7119 26.7729 54.5990
v  -21.5577 26.8498 54.4741
v  -21.6584 26.8498 54.5107
v  -21.4570 26.8498 54.5107
v  -21.4153 26.8498 54.5990
v  -21.4570 26.8498 54.6874
v  -21.5577 26.8498 54.7240
v  -21.6584 26.8498 54.6874
v  -21.7002 26.8498 54.5990
v  -21.6348 26.9149 54.5314
v  -21.5577 26.9149 54.5034
v  -21.4806 26.9149 54.5314
v  -21.4487 26.9149 54.5990
v  -21.4806 26.9149 54.6667
v  -21.5577 26.9149 54.6947
v  -21.6348 26.9149 54.6667
v  -21.6667 26.9149 54.5990
v  -21.5994 26.9585 54.5624
v  -21.5577 26.9585 54.5473
v  -21.5160 26.9585 54.5624
v  -21.4987 26.9585 54.5990
v  -21.5160 26.9585 54.6357
v  -21.5577 26.9585 54.6508
v  -21.5994 26.9585 54.6357
v  -21.6167 26.9585 54.5990
v  -21.5577 26.5719 54.5990
v  -21.5577 26.9738 54.5990
# 116 vertices

vn 0.3509 -0.3509 0.8682
vn 0.0000 -0.4962 0.8682
vn 0.0000 -0.7563 0.6543
vn 0.5348 -0.5348 0.6543
vn -0.3509 -0.3509 0.8682
vn -0.5348 -0.5348 0.6543
vn -0.4962 0.0000 0.8682
vn -0.7563 0.0000 0.6543
vn -0.3509 0.3509 0.8682
vn -0.5348 0.5348 0.6543
vn 0.0000 0.4962 0.8682
vn 0.0000 0.7563 0.6543
vn 0.3509 0.3509 0.8682
vn 0.5348 0.5348 0.6543
vn 0.4962 0.0000 0.8682
vn 0.7563 0.0000 0.6543
vn 0.0000 -0.9368 0.3499
vn 0.6624 -0.6624 0.3499
vn -0.6624 -0.6624 0.3499
vn -0.9368 0.0000 0.3499
vn -0.6624 0.6624 0.3499
vn 0.0000 0.9368 0.3499
vn 0.6624 0.6624 0.3499
vn 0.9368 0.0000 0.3499
vn 0.0000 -1.0000 -0.0000
vn 0.7071 -0.7071 -0.0000
vn -0.7071 -0.7071 -0.0000
vn -1.0000 0.0000 -0.0000
vn -0.7071 0.7071 -0.0000
vn 0.0000 1.0000 -0.0000
vn 0.7071 0.7071 -0.0000
vn 1.0000 0.0000 -0.0000
vn 0.0000 -0.9368 -0.3499
vn 0.6624 -0.6624 -0.3499
vn -0.6624 -0.6624 -0.3499
vn -0.9368 0.0000 -0.3499
vn -0.6624 0.6624 -0.3499
vn 0.0000 0.9368 -0.3499
vn 0.6624 0.6624 -0.3499
vn 0.9368 0.0000 -0.3499
vn 0.0000 -0.7563 -0.6543
vn 0.5348 -0.5348 -0.6543
vn -0.5348 -0.5348 -0.6543
vn -0.7563 0.0000 -0.6543
vn -0.5348 0.5348 -0.6543
vn 0.0000 0.7563 -0.6543
vn 0.5348 0.5348 -0.6543
vn 0.7563 0.0000 -0.6543
vn 0.0000 -0.4962 -0.8682
vn 0.3509 -0.3509 -0.8682
vn -0.3509 -0.3509 -0.8682
vn -0.4962 0.0000 -0.8682
vn -0.3509 0.3509 -0.8682
vn 0.0000 0.4962 -0.8682
vn 0.3509 0.3509 -0.8682
vn 0.4962 0.0000 -0.8682
vn 0.0000 0.0000 1.0000
vn 0.0000 0.0000 -1.0000
# 58 vertex normals

vt 0.3453 0.0079 0.0000
vt 0.3451 0.0090 0.0000
vt 0.3437 0.0090 0.0000
vt 0.3441 0.0072 0.0000
vt 0.3455 0.0099 0.0000
vt 0.3444 0.0108 0.0000
vt 0.3464 0.0105 0.0000
vt 0.3459 0.0118 0.0000
vt 0.3475 0.0105 0.0000
vt 0.3479 0.0120 0.0000
vt 0.3486 0.0097 0.0000
vt 0.3499 0.0110 0.0000
vt 0.3473 0.0071 0.0000
vt 0.3476 0.0055 0.0000
vt 0.3499 0.0064 0.0000
vt 0.3485 0.0078 0.0000
vt 0.3462 0.0072 0.0000
vt 0.3455 0.0059 0.0000
vt 0.3423 0.0092 0.0000
vt 0.3429 0.0066 0.0000
vt 0.3433 0.0116 0.0000
vt 0.3454 0.0132 0.0000
vt 0.3481 0.0135 0.0000
vt 0.3509 0.0125 0.0000
vt 0.3476 0.0039 0.0000
vt 0.3509 0.0047 0.0000
vt 0.3448 0.0046 0.0000
vt 0.3406 0.0094 0.0000
vt 0.3413 0.0058 0.0000
vt 0.3420 0.0127 0.0000
vt 0.3449 0.0147 0.0000
vt 0.3483 0.0151 0.0000
vt 0.3515 0.0141 0.0000
vt 0.3475 0.0020 0.0000
vt 0.3515 0.0027 0.0000
vt 0.3438 0.0030 0.0000
vt 0.3595 0.0094 0.0000
vt 0.3612 0.0092 0.0000
vt 0.3621 0.0116 0.0000
vt 0.3608 0.0127 0.0000
vt 0.3601 0.0058 0.0000
vt 0.3617 0.0066 0.0000
vt 0.3626 0.0030 0.0000
vt 0.3636 0.0046 0.0000
vt 0.3664 0.0039 0.0000
vt 0.3664 0.0020 0.0000
vt 0.3703 0.0027 0.0000
vt 0.3697 0.0047 0.0000
vt 0.3671 0.0151 0.0000
vt 0.3669 0.0135 0.0000
vt 0.3697 0.0125 0.0000
vt 0.3703 0.0141 0.0000
vt 0.3637 0.0147 0.0000
vt 0.3643 0.0132 0.0000
vt 0.3626 0.0090 0.0000
vt 0.3632 0.0108 0.0000
vt 0.3630 0.0072 0.0000
vt 0.3643 0.0059 0.0000
vt 0.3664 0.0055 0.0000
vt 0.3687 0.0064 0.0000
vt 0.3667 0.0120 0.0000
vt 0.3688 0.0110 0.0000
vt 0.3647 0.0118 0.0000
vt 0.3639 0.0090 0.0000
vt 0.3643 0.0099 0.0000
vt 0.3642 0.0079 0.0000
vt 0.3650 0.0072 0.0000
vt 0.3661 0.0071 0.0000
vt 0.3673 0.0078 0.0000
vt 0.3663 0.0105 0.0000
vt 0.3674 0.0097 0.0000
vt 0.3652 0.0105 0.0000
vt 0.3468 0.0088 0.0000
vt 0.3656 0.0088 0.0000
# 74 texture coords

o Ball_01
g Ball_01
usemtl Skylight_lambert2
s off
f 857/306/199 858/307/200 859/308/201 
f 859/308/201 860/309/202 857/306/199 
f 859/308/201 858/307/200 861/310/203 
f 861/310/203 862/311/204 859/308/201 
f 863/312/205 864/313/206 862/311/204 
f 862/311/204 861/310/203 863/312/205 
f 865/314/207 866/315/208 864/313/206 
f 864/313/206 863/312/205 865/314/207 
f 867/316/209 868/317/210 866/315/208 
f 866/315/208 865/314/207 867/316/209 
f 869/318/211 870/319/212 868/320/210 
f 868/320/210 867/321/209 869/318/211 
f 869/318/211 871/322/213 872/323/214 
f 872/323/214 870/319/212 869/318/211 
f 860/309/202 872/323/214 871/322/213 
f 871/322/213 857/306/199 860/309/202 
f 859/308/201 873/324/215 874/325/216 
f 874/325/216 860/309/202 859/308/201 
f 859/308/201 862/311/204 875/326/217 
f 875/326/217 873/324/215 859/308/201 
f 875/326/217 862/311/204 864/313/206 
f 864/313/206 876/327/218 875/326/217 
f 864/313/206 866/315/208 877/328/219 
f 877/328/219 876/327/218 864/313/206 
f 866/315/208 868/317/210 878/329/220 
f 878/329/220 877/328/219 866/315/208 
f 868/320/210 870/319/212 879/330/221 
f 879/330/221 878/331/220 868/320/210 
f 870/319/212 872/323/214 880/332/222 
f 880/332/222 879/330/221 870/319/212 
f 860/309/202 874/325/216 880/332/222 
f 880/332/222 872/323/214 860/309/202 
f 881/333/223 882/334/224 874/325/216 
f 874/325/216 873/324/215 881/333/223 
f 881/333/223 873/324/215 875/326/217 
f 875/326/217 883/335/225 881/333/223 
f 875/326/217 876/327/218 884/336/226 
f 884/336/226 883/335/225 875/326/217 
f 877/328/219 885/337/227 884/336/226 
f 884/336/226 876/327/218 877/328/219 
f 877/328/219 878/329/220 886/338/228 
f 886/338/228 885/337/227 877/328/219 
f 879/330/221 887/339/229 886/340/228 
f 886/340/228 878/331/220 879/330/221 
f 880/332/222 888/341/230 887/339/229 
f 887/339/229 879/330/221 880/332/222 
f 882/334/224 888/341/230 880/332/222 
f 880/332/222 874/325/216 882/334/224 
f 881/342/223 889/343/231 890/344/232 
f 890/344/232 882/345/224 881/342/223 
f 883/346/225 891/347/233 889/343/231 
f 889/343/231 881/342/223 883/346/225 
f 884/348/226 892/349/234 891/347/233 
f 891/347/233 883/346/225 884/348/226 
f 893/350/235 892/349/234 884/348/226 
f 884/348/226 885/351/227 893/350/235 
f 886/352/228 894/353/236 893/350/235 
f 893/350/235 885/351/227 886/352/228 
f 887/354/229 895/355/237 894/356/236 
f 894/356/236 886/357/228 887/354/229 
f 888/358/230 896/359/238 895/355/237 
f 895/355/237 887/354/229 888/358/230 
f 896/359/238 888/358/230 882/345/224 
f 882/345/224 890/344/232 896/359/238 
f 897/360/239 898/361/240 890/344/232 
f 890/344/232 889/343/231 897/360/239 
f 897/360/239 889/343/231 891/347/233 
f 891/347/233 899/362/241 897/360/239 
f 891/347/233 892/349/234 900/363/242 
f 900/363/242 899/362/241 891/347/233 
f 893/350/235 901/364/243 900/363/242 
f 900/363/242 892/349/234 893/350/235 
f 893/350/235 894/353/236 902/365/244 
f 902/365/244 901/364/243 893/350/235 
f 895/355/237 903/366/245 902/367/244 
f 902/367/244 894/356/236 895/355/237 
f 896/359/238 904/368/246 903/366/245 
f 903/366/245 895/355/237 896/359/238 
f 898/361/240 904/368/246 896/359/238 
f 896/359/238 890/344/232 898/361/240 
f 897/360/239 905/369/247 906/370/248 
f 906/370/248 898/361/240 897/360/239 
f 897/360/239 899/362/241 907/371/249 
f 907/371/249 905/369/247 897/360/239 
f 908/372/250 907/371/249 899/362/241 
f 899/362/241 900/363/242 908/372/250 
f 900/363/242 901/364/243 909/373/251 
f 909/373/251 908/372/250 900/363/242 
f 910/374/252 909/373/251 901/364/243 
f 901/364/243 902/365/244 910/374/252 
f 902/367/244 903/366/245 911/375/253 
f 911/375/253 910/376/252 902/367/244 
f 912/377/254 911/375/253 903/366/245 
f 903/366/245 904/368/246 912/377/254 
f 898/361/240 906/370/248 912/377/254 
f 912/377/254 904/368/246 898/361/240 
f 858/307/200 857/306/199 913/378/255 
f 861/310/203 858/307/200 913/378/255 
f 863/312/205 861/310/203 913/378/255 
f 865/314/207 863/312/205 913/378/255 
f 867/316/209 865/314/207 913/378/255 
f 869/318/211 867/321/209 913/378/255 
f 871/322/213 869/318/211 913/378/255 
f 857/306/199 871/322/213 913/378/255 
f 906/370/248 905/369/247 914/379/256 
f 905/369/247 907/371/249 914/379/256 
f 907/371/249 908/372/250 914/379/256 
f 908/372/250 909/373/251 914/379/256 
f 909/373/251 910/374/252 914/379/256 
f 910/376/252 911/375/253 914/379/256 
f 911/375/253 912/377/254 914/379/256 
f 912/377/254 906/370/248 914/379/256 
f 915/308/201 916/307/200 917/306/203 
f 917/306/203 918/309/204 915/308/201 
f 915/308/201 919/311/202 920/310/199 
f 920/310/199 916/307/200 915/308/201 
f 919/311/202 921/313/214 922/312/213 
f 922/312/213 920/310/199 919/311/202 
f 923/315/212 924/314/211 922/312/213 
f 922/312/213 921/313/214 923/315/212 
f 925/317/210 926/316/209 924/314/211 
f 924/314/211 923/315/212 925/317/210 
f 926/321/209 925/320/210 927/319/208 
f 927/319/208 928/318/207 926/321/209 
f 929/322/205 928/318/207 927/319/208 
f 927/319/208 930/323/206 929/322/205 
f 917/306/203 929/322/205 930/323/206 
f 930/323/206 918/309/204 917/306/203 
f 931/324/215 915/308/201 918/309/204 
f 918/309/204 932/325/217 931/324/215 
f 933/326/216 919/311/202 915/308/201 
f 915/308/201 931/324/215 933/326/216 
f 933/326/216 934/327/222 921/313/214 
f 921/313/214 919/311/202 933/326/216 
f 934/327/222 935/328/221 923/315/212 
f 923/315/212 921/313/214 934/327/222 
f 936/329/220 925/317/210 923/315/212 
f 923/315/212 935/328/221 936/329/220 
f 937/330/219 927/319/208 925/320/210 
f 925/320/210 936/331/220 937/330/219 
f 927/319/208 937/330/219 938/332/218 
f 938/332/218 930/323/206 927/319/208 
f 932/325/217 918/309/204 930/323/206 
f 930/323/206 938/332/218 932/325/217 
f 932/325/217 939/334/225 940/333/223 
f 940/333/223 931/324/215 932/325/217 
f 933/326/216 931/324/215 940/333/223 
f 940/333/223 941/335/224 933/326/216 
f 941/335/224 942/336/230 934/327/222 
f 934/327/222 933/326/216 941/335/224 
f 943/337/229 935/328/221 934/327/222 
f 934/327/222 942/336/230 943/337/229 
f 943/337/229 944/338/228 936/329/220 
f 936/329/220 935/328/221 943/337/229 
f 937/330/219 936/331/220 944/340/228 
f 944/340/228 945/339/227 937/330/219 
f 946/341/226 938/332/218 937/330/219 
f 937/330/219 945/339/227 946/341/226 
f 939/334/225 932/325/217 938/332/218 
f 938/332/218 946/341/226 939/334/225 
f 947/343/231 940/342/223 939/345/225 
f 939/345/225 948/344/233 947/343/231 
f 949/347/232 941/346/224 940/342/223 
f 940/342/223 947/343/231 949/347/232 
f 950/349/238 942/348/230 941/346/224 
f 941/346/224 949/347/232 950/349/238 
f 943/351/229 942/348/230 950/349/238 
f 950/349/238 951/350/237 943/351/229 
f 951/350/237 952/353/236 944/352/228 
f 944/352/228 943/351/229 951/350/237 
f 945/354/227 944/357/228 952/356/236 
f 952/356/236 953/355/235 945/354/227 
f 953/355/235 954/359/234 946/358/226 
f 946/358/226 945/354/227 953/355/235 
f 948/344/233 939/345/225 946/358/226 
f 946/358/226 954/359/234 948/344/233 
f 955/361/241 956/360/239 947/343/231 
f 947/343/231 948/344/233 955/361/241 
f 957/362/240 949/347/232 947/343/231 
f 947/343/231 956/360/239 957/362/240 
f 957/362/240 958/363/246 950/349/238 
f 950/349/238 949/347/232 957/362/240 
f 958/363/246 959/364/245 951/350/237 
f 951/350/237 950/349/238 958/363/246 
f 959/364/245 960/365/244 952/353/236 
f 952/353/236 951/350/237 959/364/245 
f 952/356/236 960/367/244 961/366/243 
f 961/366/243 953/355/235 952/356/236 
f 962/368/242 954/359/234 953/355/235 
f 953/355/235 961/366/243 962/368/242 
f 955/361/241 948/344/233 954/359/234 
f 954/359/234 962/368/242 955/361/241 
f 955/361/241 963/370/249 964/369/247 
f 964/369/247 956/360/239 955/361/241 
f 956/360/239 964/369/247 965/371/248 
f 965/371/248 957/362/240 956/360/239 
f 957/362/240 965/371/248 966/372/254 
f 966/372/254 958/363/246 957/362/240 
f 967/373/253 959/364/245 958/363/246 
f 958/363/246 966/372/254 967/373/253 
f 967/373/253 968/374/252 960/365/244 
f 960/365/244 959/364/245 967/373/253 
f 968/376/252 969/375/251 961/366/243 
f 961/366/243 960/367/244 968/376/252 
f 969/375/251 970/377/250 962/368/242 
f 962/368/242 961/366/243 969/375/251 
f 962/368/242 970/377/250 963/370/249 
f 963/370/249 955/361/241 962/368/242 
f 916/307/200 971/378/255 917/306/203 
f 920/310/199 971/378/255 916/307/200 
f 922/312/213 971/378/255 920/310/199 
f 924/314/211 971/378/255 922/312/213 
f 926/316/209 971/378/255 924/314/211 
f 928/318/207 971/378/255 926/321/209 
f 929/322/205 971/378/255 928/318/207 
f 917/306/203 971/378/255 929/322/205 
f 963/370/249 972/379/256 964/369/247 
f 964/369/247 972/379/256 965/371/248 
f 965/371/248 972/379/256 966/372/254 
f 966/372/254 972/379/256 967/373/253 
f 967/373/253 972/379/256 968/374/252 
f 968/376/252 972/379/256 969/375/251 
f 969/375/251 972/379/256 970/377/250 
f 970/377/250 972/379/256 963/370/249 
# 224 faces

#
# object Bridge_Plane_01_low
#

v  2.2807 28.1334 66.7599
v  2.2807 24.9726 66.7599
v  2.2807 25.6840 65.2857
v  2.2807 28.1334 65.2857
v  2.2807 26.4011 63.2351
v  2.2807 28.1334 63.2351
v  2.2807 26.8165 61.5626
v  2.2807 28.1334 61.5626
v  2.2807 27.0951 59.8301
v  2.2807 28.1334 59.8301
v  2.2807 27.1825 58.0977
v  2.2807 28.1334 58.0977
v  2.2807 27.1701 56.3652
v  2.2807 28.1334 56.3652
v  2.2807 27.0113 54.7276
v  2.2807 28.1334 54.7276
v  -21.5558 28.1334 66.7599
v  -21.5558 28.1334 65.2857
v  -21.5558 25.6840 65.2857
v  -21.5558 24.9726 66.7599
v  -21.5558 28.1334 63.2351
v  -21.5558 26.4011 63.2351
v  -21.5558 28.1334 61.5626
v  -21.5558 26.8165 61.5626
v  -21.5558 28.1334 59.8301
v  -21.5558 27.0951 59.8301
v  -21.5558 28.1334 58.0977
v  -21.5558 27.1825 58.0977
v  -21.5558 28.1334 56.3652
v  -21.5558 27.1701 56.3652
v  -21.5558 28.1334 54.7276
v  -21.5558 27.0113 54.7276
v  2.2807 28.1334 42.5056
v  2.2807 28.1334 43.9798
v  2.2807 25.6840 43.9798
v  2.2807 24.9726 42.5056
v  2.2807 28.1334 46.0304
v  2.2807 26.4011 46.0304
v  2.2807 28.1334 47.7029
v  2.2807 26.8165 47.7029
v  2.2807 28.1334 49.4354
v  2.2807 27.0951 49.4354
v  2.2807 28.1334 51.1678
v  2.2807 27.1825 51.1678
v  2.2807 28.1334 52.9003
v  2.2807 27.1701 52.9003
v  2.2807 28.1334 54.5379
v  2.2807 27.0113 54.5379
v  -21.5558 28.1334 42.5056
v  -21.5558 24.9726 42.5056
v  -21.5558 25.6840 43.9798
v  -21.5558 28.1334 43.9798
v  -21.5558 26.4011 46.0304
v  -21.5558 28.1334 46.0304
v  -21.5558 26.8165 47.7029
v  -21.5558 28.1334 47.7029
v  -21.5558 27.0951 49.4354
v  -21.5558 28.1334 49.4354
v  -21.5558 27.1825 51.1678
v  -21.5558 28.1334 51.1678
v  -21.5558 27.1701 52.9003
v  -21.5558 28.1334 52.9003
v  -21.5558 27.0113 54.5379
v  -21.5558 28.1334 54.5379
# 64 vertices

vn 0.0000 0.0000 -1.0000
# 1 vertex normals

vt 0.7109 0.8934 0.0000
vt 0.6464 0.9008 0.0000
vt 0.6558 0.8550 0.0000
vt 0.7058 0.8492 0.0000
vt 0.6634 0.7919 0.0000
vt 0.6987 0.7878 0.0000
vt 0.6661 0.7409 0.0000
vt 0.6929 0.7378 0.0000
vt 0.6658 0.6883 0.0000
vt 0.6869 0.6859 0.0000
vt 0.6615 0.6363 0.0000
vt 0.6810 0.6340 0.0000
vt 0.6553 0.5844 0.0000
vt 0.6750 0.5821 0.0000
vt 0.6464 0.5358 0.0000
vt 0.6693 0.5331 0.0000
# 16 texture coords

o Bridge_Plane_01_low
g Bridge_Plane_01_low
usemtl Skylight_Glass
s off
f 973/380/257 974/381/257 975/382/257 
f 975/382/257 976/383/257 973/380/257 
f 976/383/257 975/382/257 977/384/257 
f 977/384/257 978/385/257 976/383/257 
f 978/385/257 977/384/257 979/386/257 
f 979/386/257 980/387/257 978/385/257 
f 980/387/257 979/386/257 981/388/257 
f 981/388/257 982/389/257 980/387/257 
f 982/389/257 981/388/257 983/390/257 
f 983/390/257 984/391/257 982/389/257 
f 983/390/257 985/392/257 986/393/257 
f 986/393/257 984/391/257 983/390/257 
f 985/392/257 987/394/257 988/395/257 
f 988/395/257 986/393/257 985/392/257 
f 989/380/257 990/383/257 991/382/257 
f 991/382/257 992/381/257 989/380/257 
f 990/383/257 993/385/257 994/384/257 
f 994/384/257 991/382/257 990/383/257 
f 993/385/257 995/387/257 996/386/257 
f 996/386/257 994/384/257 993/385/257 
f 995/387/257 997/389/257 998/388/257 
f 998/388/257 996/386/257 995/387/257 
f 997/389/257 999/391/257 1000/390/257 
f 1000/390/257 998/388/257 997/389/257 
f 1001/393/257 1002/392/257 1000/390/257 
f 1000/390/257 999/391/257 1001/393/257 
f 1003/395/257 1004/394/257 1002/392/257 
f 1002/392/257 1001/393/257 1003/395/257 
f 1005/380/257 1006/383/257 1007/382/257 
f 1007/382/257 1008/381/257 1005/380/257 
f 1006/383/257 1009/385/257 1010/384/257 
f 1010/384/257 1007/382/257 1006/383/257 
f 1009/385/257 1011/387/257 1012/386/257 
f 1012/386/257 1010/384/257 1009/385/257 
f 1011/387/257 1013/389/257 1014/388/257 
f 1014/388/257 1012/386/257 1011/387/257 
f 1013/389/257 1015/391/257 1016/390/257 
f 1016/390/257 1014/388/257 1013/389/257 
f 1017/393/257 1018/392/257 1016/390/257 
f 1016/390/257 1015/391/257 1017/393/257 
f 1019/395/257 1020/394/257 1018/392/257 
f 1018/392/257 1017/393/257 1019/395/257 
f 1021/380/257 1022/381/257 1023/382/257 
f 1023/382/257 1024/383/257 1021/380/257 
f 1024/383/257 1023/382/257 1025/384/257 
f 1025/384/257 1026/385/257 1024/383/257 
f 1026/385/257 1025/384/257 1027/386/257 
f 1027/386/257 1028/387/257 1026/385/257 
f 1028/387/257 1027/386/257 1029/388/257 
f 1029/388/257 1030/389/257 1028/387/257 
f 1030/389/257 1029/388/257 1031/390/257 
f 1031/390/257 1032/391/257 1030/389/257 
f 1031/390/257 1033/392/257 1034/393/257 
f 1034/393/257 1032/391/257 1031/390/257 
f 1033/392/257 1035/394/257 1036/395/257 
f 1036/395/257 1034/393/257 1033/392/257 
# 56 faces

#
# object Components
#

v  16.3183 28.5851 63.1356
v  16.7852 28.5851 63.1356
v  12.3156 31.6782 63.1356
v  12.3097 31.2546 63.1356
v  16.7852 28.5851 62.7261
v  11.8208 32.0299 62.7261
v  11.8149 31.6064 62.7261
v  16.3183 28.5851 62.7261
v  7.5227 34.5149 58.9657
v  16.3183 28.5851 58.9657
v  16.7852 28.5851 58.9657
v  7.5286 35.0010 58.9657
v  16.7852 28.5851 58.5562
v  7.0338 35.3528 58.5562
v  16.3183 28.5851 58.5562
v  7.0279 34.8667 58.5562
v  11.5623 28.5851 66.8833
v  11.5623 28.5851 67.2928
v  11.5623 32.0054 62.9723
v  11.5623 31.6049 62.9862
v  12.0291 28.5851 67.2928
v  12.0291 31.6871 63.3852
v  12.0291 31.2865 63.3991
v  12.0291 28.5851 66.8833
v  6.8006 34.8368 58.7616
v  6.8006 28.5851 66.8833
v  6.8006 28.5851 67.2928
v  6.8006 35.3229 58.7668
v  7.2675 35.0045 59.1797
v  7.2675 28.5851 67.2928
v  7.2675 28.5851 66.8833
v  7.2675 34.5184 59.1745
v  2.5057 38.3197 55.0085
v  2.5057 37.7113 55.0085
v  15.9960 28.5851 66.8855
v  16.4588 28.5851 67.2928
v  16.3183 28.5851 66.6066
v  2.7391 37.7113 54.8038
v  2.7391 38.3197 54.8038
v  16.7852 28.5851 67.0129
v  16.7834 28.5851 67.2943
v  2.6224 38.3197 54.9061
v  2.6224 37.7113 54.9061
v  16.3158 28.5851 66.8855
v  9.9793 33.3096 54.8038
v  9.9793 33.3105 61.3321
v  9.7601 32.7733 61.1398
v  9.7601 32.7724 54.8038
v  9.5671 33.5952 54.8038
v  9.5671 33.5961 60.9705
v  9.3479 33.0589 60.7783
v  9.3479 33.0580 54.8038
v  -9.6376 33.3114 61.3321
v  -9.6376 32.7742 61.1398
v  -9.6376 33.5970 60.9705
v  -9.6376 33.0598 60.7783
v  -7.4902 37.7113 55.0085
v  -7.4902 28.5851 66.8833
v  -7.4902 28.5851 67.2928
v  -7.4902 38.3197 55.0085
v  -7.0233 28.5851 67.2928
v  -7.0233 28.5851 66.8833
v  -7.0233 37.7113 55.0085
v  -7.0233 38.3197 55.0085
v  -2.7284 28.5851 66.8833
v  -2.7284 28.5851 67.2928
v  -2.7284 38.3197 55.0085
v  -2.7284 37.7113 55.0085
v  -2.2616 37.7113 55.0085
v  -2.2616 38.3197 55.0085
v  -2.2616 28.5851 67.2928
v  -2.2616 28.5851 66.8833
v  2.0332 37.7113 55.0085
v  2.0332 28.5851 66.8833
v  2.0332 28.5851 67.2928
v  2.0332 38.3197 55.0085
v  2.5001 38.3197 55.0085
v  2.5001 28.5851 67.2928
v  2.5001 28.5851 66.8833
v  2.5001 37.7113 55.0085
v  16.3183 28.5851 54.8038
v  16.7852 28.5851 54.8038
v  2.7391 37.7113 54.3943
v  2.7391 38.3197 54.3943
v  16.7852 28.5851 54.3943
v  16.3183 28.5851 54.3943
v  -9.6376 37.7113 55.0085
v  -9.6376 38.3197 55.0085
v  -9.6376 38.3197 54.1896
v  2.5057 38.3197 54.1896
v  2.5057 37.7113 54.1896
v  -9.6376 37.7113 54.1896
v  16.3183 26.1515 66.8833
v  16.7852 26.1515 67.2928
v  -9.6376 26.1515 67.2928
v  -9.6376 26.1515 66.8833
v  -9.6376 28.5851 67.2928
v  16.7852 28.5851 67.2928
v  16.3183 28.5851 66.8833
v  -9.6376 28.5851 66.8833
v  16.7852 26.1515 54.5990
v  16.7852 28.5851 54.5990
v  16.3183 26.1515 54.5990
v  16.3183 28.5851 54.5990
v  2.0332 28.5851 65.1167
v  2.0332 28.5851 66.5722
v  2.5001 28.5851 66.5722
v  2.5001 28.5851 65.1167
v  2.5001 28.1334 66.5722
v  2.5001 28.1334 65.1167
v  2.0332 25.6461 65.1167
v  2.5001 25.6461 65.1167
v  2.5001 24.9347 66.5722
v  2.0332 24.9347 66.5722
v  2.0332 28.1334 65.1167
v  2.0332 28.1334 66.5722
v  2.5001 28.1334 67.2928
v  2.5001 25.3402 67.2928
v  2.5001 25.3402 66.5722
v  2.5001 24.9347 67.2928
v  2.0332 24.9347 67.2928
v  2.0332 28.1334 67.2928
v  2.5001 28.5851 54.6927
v  2.5001 28.5851 54.5990
v  2.0332 28.5851 54.5990
v  2.0332 28.5851 54.6927
v  2.0332 28.1334 54.5990
v  2.0332 28.1334 54.6927
v  2.5001 27.1322 56.3095
v  2.0332 27.1322 56.3095
v  2.0332 26.9677 54.6927
v  2.5001 26.9677 54.6927
v  2.5001 28.1334 54.6927
v  2.5001 28.1334 54.5990
v  2.0332 28.5851 58.0200
v  2.5001 28.5851 58.0200
v  2.5001 28.5851 56.3095
v  2.0332 28.5851 56.3095
v  2.0332 28.1334 56.3095
v  2.0332 28.1334 58.0200
v  2.0332 27.1446 58.0200
v  2.5001 27.1446 58.0200
v  2.5001 28.1334 58.0200
v  2.5001 28.1334 56.3095
v  2.0332 28.5851 59.7304
v  2.5001 28.5851 59.7304
v  2.0332 28.1334 59.7304
v  2.5001 27.0572 59.7304
v  2.0332 27.0572 59.7304
v  2.5001 28.1334 59.7304
v  2.5001 28.5851 61.4409
v  2.0332 28.5851 61.4409
v  2.0332 28.1334 61.4409
v  2.5001 26.7786 61.4409
v  2.0332 26.7786 61.4409
v  2.5001 28.1334 61.4409
v  2.0332 28.5851 63.1513
v  2.5001 28.5851 63.1513
v  2.0332 28.1334 63.1513
v  2.5001 26.3633 63.1513
v  2.0332 26.3633 63.1513
v  2.5001 28.1334 63.1513
v  2.0332 25.3402 66.5722
v  2.0332 25.3402 67.2928
v  2.5001 25.9723 65.1167
v  2.5001 26.6476 63.1513
v  2.5001 27.0291 61.4409
v  2.5001 27.2518 59.7304
v  2.5001 27.3162 58.0200
v  2.5001 27.2900 56.3095
v  2.5001 27.1151 54.6927
v  2.0332 27.2900 56.3095
v  2.0332 27.1151 54.6927
v  2.0332 27.3162 58.0200
v  2.0332 27.2518 59.7304
v  2.0332 27.0291 61.4409
v  2.0332 26.6476 63.1513
v  2.0332 25.9723 65.1167
v  2.5001 26.9734 54.5990
v  2.5001 27.1197 54.5990
v  2.0332 27.1197 54.5990
v  2.0332 26.9734 54.5990
v  -31.5849 31.2546 63.1356
v  -31.5908 31.6782 63.1356
v  -36.0604 28.5851 63.1356
v  -35.5936 28.5851 63.1356
v  -36.0604 28.5851 62.7261
v  -31.0960 32.0299 62.7261
v  -31.0901 31.6064 62.7261
v  -35.5936 28.5851 62.7261
v  -26.7979 34.5149 58.9657
v  -26.8039 35.0010 58.9657
v  -36.0604 28.5851 58.9657
v  -35.5936 28.5851 58.9657
v  -36.0604 28.5851 58.5562
v  -26.3090 35.3528 58.5562
v  -26.3031 34.8667 58.5562
v  -35.5936 28.5851 58.5562
v  -30.8375 31.6049 62.9862
v  -30.8375 32.0054 62.9723
v  -30.8375 28.5851 67.2928
v  -30.8375 28.5851 66.8833
v  -31.3043 31.6871 63.3852
v  -31.3043 28.5851 67.2928
v  -31.3043 31.2865 63.3991
v  -31.3043 28.5851 66.8833
v  -26.0758 35.3229 58.7668
v  -26.0758 28.5851 67.2928
v  -26.0758 28.5851 66.8833
v  -26.0758 34.8368 58.7616
v  -26.5426 28.5851 67.2928
v  -26.5426 35.0045 59.1797
v  -26.5426 34.5184 59.1745
v  -26.5426 28.5851 66.8833
v  -35.2712 28.5851 66.8855
v  -21.7810 37.7113 55.0085
v  -21.7810 38.3197 55.0085
v  -35.7340 28.5851 67.2928
v  -36.0604 28.5851 67.0129
v  -22.0144 38.3197 54.8038
v  -22.0144 37.7113 54.8038
v  -35.5936 28.5851 66.6066
v  -36.0585 28.5851 67.2943
v  -21.8977 38.3197 54.9061
v  -21.8977 37.7113 54.9061
v  -35.5910 28.5851 66.8855
v  -29.0353 32.7724 54.8038
v  -29.0353 32.7733 61.1398
v  -29.2546 33.3105 61.3321
v  -29.2546 33.3096 54.8038
v  -28.8424 33.5961 60.9705
v  -28.8424 33.5952 54.8038
v  -28.6231 33.0589 60.7783
v  -28.6231 33.0580 54.8038
v  -11.7851 28.5851 67.2928
v  -11.7851 28.5851 66.8833
v  -11.7851 37.7113 55.0085
v  -11.7851 38.3197 55.0085
v  -12.2519 28.5851 67.2928
v  -12.2519 38.3197 55.0085
v  -12.2519 37.7113 55.0085
v  -12.2519 28.5851 66.8833
v  -16.5467 37.7113 55.0085
v  -16.5467 38.3197 55.0085
v  -16.5467 28.5851 67.2928
v  -16.5467 28.5851 66.8833
v  -17.0135 28.5851 67.2928
v  -17.0135 38.3197 55.0085
v  -17.0135 37.7113 55.0085
v  -17.0135 28.5851 66.8833
v  -21.3084 28.5851 67.2928
v  -21.3084 28.5851 66.8833
v  -21.3084 37.7113 55.0085
v  -21.3084 38.3197 55.0085
v  -21.7753 28.5851 66.8833
v  -21.7753 28.5851 67.2928
v  -21.7753 38.3197 55.0085
v  -21.7753 37.7113 55.0085
v  -36.0604 28.5851 54.8038
v  -35.5936 28.5851 54.8038
v  -22.0144 37.7113 54.3943
v  -35.5936 28.5851 54.3943
v  -36.0604 28.5851 54.3943
v  -22.0144 38.3197 54.3943
v  -21.7810 38.3197 54.1896
v  -21.7810 37.7113 54.1896
v  -36.0604 26.1515 67.2928
v  -35.5936 26.1515 66.8833
v  -36.0604 28.5851 67.2928
v  -35.5936 28.5851 66.8833
v  -36.0604 26.1515 54.5990
v  -36.0604 28.5851 54.5990
v  -35.5936 26.1515 54.5990
v  -35.5936 28.5851 54.5990
v  -21.3084 28.5851 66.5722
v  -21.3084 28.5851 65.1167
v  -21.7753 28.5851 65.1167
v  -21.7753 28.5851 66.5722
v  -21.7753 28.1334 66.5722
v  -21.7753 28.1334 65.1167
v  -21.3084 25.6461 65.1167
v  -21.3084 24.9347 66.5722
v  -21.7753 24.9347 66.5722
v  -21.7753 25.6461 65.1167
v  -21.3084 28.1334 66.5722
v  -21.3084 28.1334 65.1167
v  -21.7753 25.3402 66.5722
v  -21.7753 25.3402 67.2928
v  -21.7753 28.1334 67.2928
v  -21.3084 24.9347 67.2928
v  -21.7753 24.9347 67.2928
v  -21.3084 28.1334 67.2928
v  -21.7753 28.5851 54.5990
v  -21.7753 28.5851 54.6927
v  -21.3084 28.5851 54.6927
v  -21.3084 28.5851 54.5990
v  -21.3084 28.1334 54.5990
v  -21.3084 28.1334 54.6927
v  -21.7753 27.1322 56.3095
v  -21.7753 26.9677 54.6927
v  -21.3084 26.9677 54.6927
v  -21.3084 27.1322 56.3095
v  -21.7753 28.1334 54.5990
v  -21.7753 28.1334 54.6927
v  -21.7753 28.5851 56.3095
v  -21.7753 28.5851 58.0200
v  -21.3084 28.5851 58.0200
v  -21.3084 28.5851 56.3095
v  -21.3084 28.1334 58.0200
v  -21.3084 28.1334 56.3095
v  -21.7753 27.1446 58.0200
v  -21.3084 27.1446 58.0200
v  -21.7753 28.1334 56.3095
v  -21.7753 28.1334 58.0200
v  -21.7753 28.5851 59.7304
v  -21.3084 28.5851 59.7304
v  -21.3084 28.1334 59.7304
v  -21.7753 27.0572 59.7304
v  -21.3084 27.0572 59.7304
v  -21.7753 28.1334 59.7304
v  -21.7753 28.5851 61.4409
v  -21.3084 28.5851 61.4409
v  -21.3084 28.1334 61.4409
v  -21.3084 26.7786 61.4409
v  -21.7753 26.7786 61.4409
v  -21.7753 28.1334 61.4409
v  -21.7753 28.5851 63.1513
v  -21.3084 28.5851 63.1513
v  -21.3084 28.1334 63.1513
v  -21.3084 26.3633 63.1513
v  -21.7753 26.3633 63.1513
v  -21.7753 28.1334 63.1513
v  -21.3084 25.3402 67.2928
v  -21.3084 25.3402 66.5722
v  -21.7753 25.9723 65.1167
v  -21.7753 26.6476 63.1513
v  -21.7753 27.0291 61.4409
v  -21.7753 27.2518 59.7304
v  -21.7753 27.3162 58.0200
v  -21.7753 27.2900 56.3095
v  -21.7753 27.1151 54.6927
v  -21.3084 27.2900 56.3095
v  -21.3084 27.1151 54.6927
v  -21.3084 27.3162 58.0200
v  -21.3084 27.2518 59.7304
v  -21.3084 27.0291 61.4409
v  -21.3084 26.6476 63.1513
v  -21.3084 25.9723 65.1167
v  -21.7753 27.1197 54.5990
v  -21.7753 26.9734 54.5990
v  -21.3084 27.1197 54.5990
v  -21.3084 26.9734 54.5990
v  12.3097 31.2546 46.0626
v  12.3156 31.6782 46.0626
v  16.7852 28.5851 46.0626
v  16.3183 28.5851 46.0626
v  11.8208 32.0299 46.4721
v  16.7852 28.5851 46.4721
v  11.8149 31.6064 46.4721
v  16.3183 28.5851 46.4721
v  16.3183 28.5851 50.2324
v  7.5227 34.5149 50.2324
v  7.5286 35.0010 50.2324
v  16.7852 28.5851 50.2324
v  7.0338 35.3528 50.6419
v  16.7852 28.5851 50.6419
v  7.0279 34.8667 50.6419
v  16.3183 28.5851 50.6419
v  11.5623 31.6049 46.2119
v  11.5623 32.0054 46.2258
v  11.5623 28.5851 41.9053
v  11.5623 28.5851 42.3149
v  12.0291 28.5851 41.9053
v  12.0291 31.6871 45.8129
v  12.0291 31.2865 45.7990
v  12.0291 28.5851 42.3149
v  6.8006 34.8368 50.4365
v  6.8006 35.3229 50.4313
v  6.8006 28.5851 41.9053
v  6.8006 28.5851 42.3149
v  7.2675 35.0045 50.0184
v  7.2675 28.5851 41.9053
v  7.2675 34.5184 50.0236
v  7.2675 28.5851 42.3149
v  15.9960 28.5851 42.3126
v  16.4588 28.5851 41.9053
v  16.3183 28.5851 42.5915
v  16.7852 28.5851 42.1852
v  2.6224 38.3197 54.2919
v  16.7834 28.5851 41.9038
v  16.3158 28.5851 42.3126
v  2.6224 37.7113 54.2919
v  9.7601 32.7733 48.0583
v  9.9793 33.3105 47.8660
v  9.9793 33.3096 54.3943
v  9.7601 32.7724 54.3943
v  9.5671 33.5961 48.2276
v  9.5671 33.5952 54.3943
v  9.3479 33.0589 48.4198
v  9.3479 33.0580 54.3943
v  -9.6376 32.7742 48.0583
v  -9.6376 33.3114 47.8660
v  -9.6376 33.5970 48.2276
v  -9.6376 33.0598 48.4198
v  -7.4902 28.5851 41.9053
v  -7.4902 28.5851 42.3149
v  -7.4902 37.7113 54.1896
v  -7.4902 38.3197 54.1896
v  -7.0233 37.7113 54.1896
v  -7.0233 28.5851 42.3149
v  -7.0233 28.5851 41.9053
v  -7.0233 38.3197 54.1896
v  -2.7284 28.5851 41.9053
v  -2.7284 28.5851 42.3149
v  -2.7284 37.7113 54.1896
v  -2.7284 38.3197 54.1896
v  -2.2616 28.5851 41.9053
v  -2.2616 38.3197 54.1896
v  -2.2616 37.7113 54.1896
v  -2.2616 28.5851 42.3149
v  2.0332 37.7113 54.1896
v  2.0332 38.3197 54.1896
v  2.0332 28.5851 41.9053
v  2.0332 28.5851 42.3149
v  2.5001 28.5851 41.9053
v  2.5001 38.3197 54.1896
v  2.5001 37.7113 54.1896
v  2.5001 28.5851 42.3149
v  16.3183 26.1515 42.3149
v  -9.6376 26.1515 42.3149
v  -9.6376 26.1515 41.9053
v  16.7852 26.1515 41.9053
v  -9.6376 28.5851 41.9053
v  16.7852 28.5851 41.9053
v  16.3183 28.5851 42.3149
v  -9.6376 28.5851 42.3149
v  2.0332 28.5851 44.0813
v  2.5001 28.5851 44.0813
v  2.5001 28.5851 42.6259
v  2.0332 28.5851 42.6259
v  2.5001 28.1334 42.6259
v  2.5001 28.1334 44.0813
v  2.0332 25.6461 44.0813
v  2.0332 24.9347 42.6259
v  2.5001 24.9347 42.6259
v  2.5001 25.6461 44.0813
v  2.0332 28.1334 42.6259
v  2.0332 28.1334 44.0813
v  2.5001 25.3402 41.9053
v  2.5001 28.1334 41.9053
v  2.5001 25.3402 42.6259
v  2.5001 24.9347 41.9053
v  2.0332 24.9347 41.9053
v  2.0332 28.1334 41.9053
v  2.5001 28.5851 54.5054
v  2.0332 28.5851 54.5054
v  2.0332 28.1334 54.5054
v  2.0332 26.9677 54.5054
v  2.0332 27.1322 52.8886
v  2.5001 27.1322 52.8886
v  2.5001 26.9677 54.5054
v  2.5001 28.1334 54.5054
v  2.0332 28.5851 51.1781
v  2.0332 28.5851 52.8886
v  2.5001 28.5851 52.8886
v  2.5001 28.5851 51.1781
v  2.0332 28.1334 51.1781
v  2.0332 28.1334 52.8886
v  2.0332 27.1446 51.1781
v  2.5001 27.1446 51.1781
v  2.5001 28.1334 52.8886
v  2.5001 28.1334 51.1781
v  2.0332 28.5851 49.4677
v  2.5001 28.5851 49.4677
v  2.0332 28.1334 49.4677
v  2.0332 27.0572 49.4677
v  2.5001 27.0572 49.4677
v  2.5001 28.1334 49.4677
v  2.5001 28.5851 47.7572
v  2.0332 28.5851 47.7572
v  2.0332 28.1334 47.7572
v  2.0332 26.7786 47.7573
v  2.5001 26.7786 47.7573
v  2.5001 28.1334 47.7572
v  2.0332 28.5851 46.0468
v  2.5001 28.5851 46.0468
v  2.0332 28.1334 46.0468
v  2.0332 26.3633 46.0468
v  2.5001 26.3633 46.0468
v  2.5001 28.1334 46.0468
v  2.0332 25.3402 42.6259
v  2.0332 25.3402 41.9053
v  2.5001 25.9723 44.0813
v  2.5001 26.6476 46.0468
v  2.5001 27.0291 47.7573
v  2.5001 27.2518 49.4677
v  2.5001 27.3162 51.1781
v  2.5001 27.2900 52.8886
v  2.5001 27.1151 54.5054
v  2.0332 27.1151 54.5054
v  2.0332 27.2900 52.8886
v  2.0332 27.3162 51.1781
v  2.0332 27.2518 49.4677
v  2.0332 27.0291 47.7573
v  2.0332 26.6476 46.0468
v  2.0332 25.9723 44.0813
v  -36.0604 28.5851 46.0626
v  -31.5908 31.6782 46.0626
v  -31.5849 31.2546 46.0626
v  -35.5936 28.5851 46.0626
v  -31.0960 32.0299 46.4721
v  -36.0604 28.5851 46.4721
v  -35.5936 28.5851 46.4721
v  -31.0901 31.6064 46.4721
v  -36.0604 28.5851 50.2324
v  -26.8039 35.0010 50.2324
v  -26.7979 34.5149 50.2324
v  -35.5936 28.5851 50.2324
v  -36.0604 28.5851 50.6419
v  -26.3090 35.3528 50.6419
v  -35.5936 28.5851 50.6419
v  -26.3031 34.8667 50.6419
v  -30.8375 28.5851 41.9053
v  -30.8375 32.0054 46.2258
v  -30.8375 31.6049 46.2119
v  -30.8375 28.5851 42.3149
v  -31.3043 28.5851 41.9053
v  -31.3043 31.6871 45.8129
v  -31.3043 28.5851 42.3149
v  -31.3043 31.2865 45.7990
v  -26.0758 35.3229 50.4313
v  -26.0758 34.8368 50.4365
v  -26.0758 28.5851 42.3149
v  -26.0758 28.5851 41.9053
v  -26.5426 28.5851 41.9053
v  -26.5426 35.0045 50.0184
v  -26.5426 28.5851 42.3149
v  -26.5426 34.5184 50.0236
v  -35.2712 28.5851 42.3126
v  -35.7340 28.5851 41.9053
v  -35.5936 28.5851 42.5915
v  -36.0604 28.5851 42.1852
v  -21.8977 38.3197 54.2919
v  -36.0585 28.5851 41.9038
v  -35.5910 28.5851 42.3126
v  -21.8977 37.7113 54.2919
v  -29.0353 32.7724 54.3943
v  -29.2546 33.3096 54.3943
v  -29.2546 33.3105 47.8660
v  -29.0353 32.7733 48.0583
v  -28.8424 33.5952 54.3943
v  -28.8424 33.5961 48.2276
v  -28.6231 33.0589 48.4198
v  -28.6231 33.0580 54.3943
v  -11.7851 38.3197 54.1896
v  -11.7851 37.7113 54.1896
v  -11.7851 28.5851 42.3149
v  -11.7851 28.5851 41.9053
v  -12.2519 28.5851 41.9053
v  -12.2519 28.5851 42.3149
v  -12.2519 37.7113 54.1896
v  -12.2519 38.3197 54.1896
v  -16.5467 28.5851 42.3149
v  -16.5467 28.5851 41.9053
v  -16.5467 38.3197 54.1896
v  -16.5467 37.7113 54.1896
v  -17.0135 28.5851 41.9053
v  -17.0135 28.5851 42.3149
v  -17.0135 37.7113 54.1896
v  -17.0135 38.3197 54.1896
v  -21.3084 37.7113 54.1896
v  -21.3084 28.5851 42.3149
v  -21.3084 28.5851 41.9053
v  -21.3084 38.3197 54.1896
v  -21.7753 28.5851 42.3149
v  -21.7753 37.7113 54.1896
v  -21.7753 38.3197 54.1896
v  -21.7753 28.5851 41.9053
v  -35.5936 26.1515 42.3149
v  -36.0604 26.1515 41.9053
v  -36.0604 28.5851 41.9053
v  -35.5936 28.5851 42.3149
v  -21.3084 28.5851 42.6259
v  -21.7753 28.5851 42.6259
v  -21.7753 28.5851 44.0813
v  -21.3084 28.5851 44.0813
v  -21.7753 28.1334 42.6259
v  -21.7753 28.1334 44.0813
v  -21.7753 25.6461 44.0813
v  -21.7753 24.9347 42.6259
v  -21.3084 24.9347 42.6259
v  -21.3084 25.6461 44.0813
v  -21.3084 28.1334 42.6259
v  -21.3084 28.1334 44.0813
v  -21.7753 25.3402 42.6259
v  -21.7753 28.1334 41.9053
v  -21.7753 25.3402 41.9053
v  -21.7753 24.9347 41.9053
v  -21.3084 24.9347 41.9053
v  -21.3084 28.1334 41.9053
v  -21.3084 28.5851 54.5054
v  -21.7753 28.5851 54.5054
v  -21.3084 28.1334 54.5054
v  -21.7753 27.1322 52.8886
v  -21.3084 27.1322 52.8886
v  -21.3084 26.9677 54.5054
v  -21.7753 26.9677 54.5054
v  -21.7753 28.1334 54.5054
v  -21.7753 28.5851 51.1781
v  -21.7753 28.5851 52.8886
v  -21.3084 28.5851 52.8886
v  -21.3084 28.5851 51.1781
v  -21.3084 28.1334 52.8886
v  -21.3084 28.1334 51.1781
v  -21.7753 27.1446 51.1781
v  -21.3084 27.1446 51.1781
v  -21.7753 28.1334 51.1781
v  -21.7753 28.1334 52.8886
v  -21.3084 28.5851 49.4677
v  -21.7753 28.5851 49.4677
v  -21.3084 28.1334 49.4677
v  -21.3084 27.0572 49.4677
v  -21.7753 27.0572 49.4677
v  -21.7753 28.1334 49.4677
v  -21.7753 28.5851 47.7572
v  -21.3084 28.5851 47.7572
v  -21.3084 28.1334 47.7572
v  -21.7753 26.7786 47.7573
v  -21.3084 26.7786 47.7573
v  -21.7753 28.1334 47.7572
v  -21.3084 28.5851 46.0468
v  -21.7753 28.5851 46.0468
v  -21.3084 28.1334 46.0468
v  -21.3084 26.3633 46.0468
v  -21.7753 26.3633 46.0468
v  -21.7753 28.1334 46.0468
v  -21.3084 25.3402 42.6259
v  -21.3084 25.3402 41.9053
v  -21.7753 25.9723 44.0813
v  -21.7753 26.6476 46.0468
v  -21.7753 27.0291 47.7573
v  -21.7753 27.2518 49.4677
v  -21.7753 27.3162 51.1781
v  -21.7753 27.2900 52.8886
v  -21.7753 27.1151 54.5054
v  -21.3084 27.1151 54.5054
v  -21.3084 27.2900 52.8886
v  -21.3084 27.3162 51.1781
v  -21.3084 27.2518 49.4677
v  -21.3084 27.0291 47.7573
v  -21.3084 26.6476 46.0468
v  -21.3084 25.9723 44.0813
# 652 vertices

vn 0.0000 1.0000 -0.0000
vn 0.4695 0.0064 -0.8829
vn 0.0000 -1.0000 -0.0000
vn -0.4564 -0.0153 0.8897
vn 0.4698 0.0062 -0.8828
vn -0.4600 -0.0129 0.8878
vn -1.0000 0.0000 -0.0000
vn -0.0065 0.4707 -0.8823
vn 1.0000 0.0000 -0.0000
vn 0.0012 -0.4625 0.8866
vn -0.0059 0.4698 -0.8828
vn -0.0004 -0.4600 0.8879
vn -0.7084 0.7059 -0.0003
vn 0.7040 -0.7102 -0.0006
vn 0.2479 0.2490 -0.9362
vn 0.3830 0.1037 -0.9179
vn 0.2467 0.2502 -0.9362
vn -0.1001 -0.3746 0.9218
vn -0.2407 -0.2428 0.9397
vn -0.2416 -0.2420 0.9397
vn 0.1006 0.3864 -0.9168
vn -0.3722 -0.1021 0.9225
vn 0.8829 0.0000 0.4695
vn 0.4695 -0.0001 -0.8829
vn -0.8829 0.0000 -0.4695
vn -0.4695 0.0001 0.8829
vn 0.0000 0.8829 0.4695
vn 0.0000 0.4695 -0.8830
vn 0.0000 -0.8829 -0.4695
vn 0.0000 -0.4695 0.8830
vn 0.0000 0.4706 -0.8824
vn 0.0000 -0.4594 0.8882
vn 0.4695 0.0000 -0.8829
vn -0.4583 0.0000 0.8888
vn 0.0000 0.0000 -1.0000
vn 0.0000 0.0000 1.0000
vn 0.0000 -0.2706 0.9627
vn 0.0000 -0.2149 0.9766
vn 0.0000 0.0358 0.9994
vn 0.0000 0.0624 0.9981
vn 0.0000 -0.0148 0.9999
vn 0.0000 -0.0718 0.9974
vn 0.0000 -0.1353 0.9908
vn 0.0000 -0.2030 0.9792
vn 0.0000 0.2806 -0.9598
vn 0.0000 0.2253 -0.9743
vn 0.0000 0.1485 -0.9889
vn 0.0000 0.0873 -0.9962
vn 0.0000 0.0253 -0.9997
vn 0.0000 -0.0103 -0.9999
vn 0.0000 -0.0726 -0.9974
vn 0.0000 0.0414 0.9991
vn -0.4695 0.0064 -0.8829
vn 0.4564 -0.0153 0.8897
vn -0.4698 0.0062 -0.8828
vn 0.4600 -0.0129 0.8878
vn 0.0065 0.4707 -0.8823
vn -0.0012 -0.4625 0.8866
vn 0.0059 0.4698 -0.8828
vn 0.0004 -0.4600 0.8879
vn 0.7084 0.7059 -0.0003
vn -0.7040 -0.7102 -0.0006
vn -0.2479 0.2490 -0.9362
vn -0.2467 0.2502 -0.9362
vn -0.3830 0.1037 -0.9179
vn 0.2407 -0.2428 0.9397
vn 0.1001 -0.3746 0.9218
vn 0.2416 -0.2420 0.9397
vn -0.1006 0.3864 -0.9168
vn 0.3722 -0.1021 0.9225
vn -0.8829 0.0000 0.4695
vn -0.4695 -0.0001 -0.8829
vn 0.8829 0.0000 -0.4695
vn 0.4695 0.0001 0.8829
vn -0.4695 0.0000 -0.8829
vn 0.4583 0.0000 0.8888
vn 0.4695 -0.0064 -0.8829
vn -0.4564 0.0153 0.8897
vn 0.4698 -0.0062 -0.8828
vn -0.4600 0.0129 0.8878
vn -0.0065 -0.4707 -0.8823
vn 0.0012 0.4625 0.8866
vn -0.0059 -0.4698 -0.8828
vn -0.0004 0.4600 0.8879
vn -0.7084 -0.7059 -0.0003
vn 0.7040 0.7102 -0.0006
vn 0.2467 -0.2502 -0.9362
vn 0.3830 -0.1037 -0.9179
vn 0.2479 -0.2490 -0.9362
vn -0.2416 0.2420 0.9397
vn -0.2407 0.2428 0.9397
vn -0.1001 0.3746 0.9218
vn 0.1006 -0.3864 -0.9168
vn -0.3722 0.1021 0.9225
vn 0.4695 0.0001 -0.8829
vn -0.4695 -0.0001 0.8829
vn 0.0000 -0.8829 0.4695
vn 0.0000 -0.4695 -0.8830
vn 0.0000 0.8829 -0.4695
vn 0.0000 0.4695 0.8830
vn 0.0000 -0.4706 -0.8824
vn 0.0000 0.4594 0.8882
vn 0.0000 0.2706 0.9627
vn 0.0000 0.2149 0.9766
vn 0.0000 -0.0624 0.9981
vn 0.0000 -0.0358 0.9994
vn 0.0000 0.0148 0.9999
vn 0.0000 0.0718 0.9974
vn 0.0000 0.1353 0.9908
vn 0.0000 0.2030 0.9792
vn 0.0000 -0.2806 -0.9598
vn 0.0000 -0.2253 -0.9743
vn 0.0000 -0.1485 -0.9889
vn 0.0000 -0.0873 -0.9962
vn 0.0000 -0.0253 -0.9997
vn 0.0000 0.0103 -0.9999
vn 0.0000 0.0726 -0.9974
vn -0.4695 -0.0064 -0.8829
vn 0.4564 0.0153 0.8897
vn -0.4698 -0.0062 -0.8828
vn 0.4600 0.0129 0.8878
vn 0.0065 -0.4707 -0.8823
vn -0.0012 0.4625 0.8866
vn 0.0059 -0.4698 -0.8828
vn 0.0004 0.4600 0.8879
vn 0.7084 -0.7059 -0.0003
vn -0.7040 0.7102 -0.0006
vn -0.3830 -0.1037 -0.9179
vn -0.2467 -0.2502 -0.9362
vn -0.2479 -0.2490 -0.9362
vn 0.2416 0.2420 0.9397
vn 0.1001 0.3746 0.9218
vn 0.2407 0.2428 0.9397
vn -0.1006 -0.3864 -0.9168
vn 0.3722 0.1021 0.9225
vn -0.4695 0.0001 -0.8829
vn 0.4695 -0.0001 0.8829
# 137 vertex normals

vt 0.4406 0.1411 0.0000
vt 0.4347 0.1521 0.0000
vt 0.4347 0.0166 0.0000
vt 0.4425 0.0206 0.0000
vt 0.4751 0.0174 0.0000
vt 0.4711 0.1529 0.0000
vt 0.4586 0.1525 0.0000
vt 0.4631 0.0020 0.0000
vt 0.4552 0.0057 0.0000
vt 0.4531 0.1413 0.0000
vt 0.2781 0.0109 0.0000
vt 0.0131 0.0116 0.0000
vt 0.0020 0.0059 0.0000
vt 0.2825 0.0020 0.0000
vt 0.0020 0.0424 0.0000
vt 0.0021 0.0299 0.0000
vt 0.2977 0.0323 0.0000
vt 0.2825 0.0447 0.0000
vt 0.0131 0.0241 0.0000
vt 0.2932 0.0234 0.0000
vt 0.5024 0.1402 0.0000
vt 0.4968 0.1514 0.0000
vt 0.4940 0.0020 0.0000
vt 0.5011 0.0061 0.0000
vt 0.4843 0.1516 0.0000
vt 0.4818 0.0164 0.0000
vt 0.5138 0.0201 0.0000
vt 0.5208 0.0159 0.0000
vt 0.5208 0.1511 0.0000
vt 0.5149 0.1401 0.0000
vt 0.9653 0.5736 0.0000
vt 0.9536 0.5693 0.0000
vt 0.9541 0.0243 0.0000
vt 0.9601 0.0078 0.0000
vt 0.9413 0.0242 0.0000
vt 0.9448 0.5693 0.0000
vt 0.9331 0.5737 0.0000
vt 0.9351 0.0077 0.0000
vt 0.9286 0.0021 0.0000
vt 0.9286 0.5737 0.0000
vt 0.9492 0.5693 0.0000
vt 0.9477 0.0186 0.0000
vt 0.9666 0.0020 0.0000
vt 0.9698 0.5736 0.0000
vt 0.9142 0.0020 0.0000
vt 0.9212 0.1617 0.0000
vt 0.9081 0.1645 0.0000
vt 0.9009 0.0029 0.0000
vt 0.8628 0.0063 0.0000
vt 0.8755 0.0052 0.0000
vt 0.8819 0.1665 0.0000
vt 0.8693 0.1612 0.0000
vt 0.8953 0.1695 0.0000
vt 0.8880 0.0044 0.0000
vt 0.9159 0.6806 0.0000
vt 0.9026 0.6804 0.0000
vt 0.8760 0.6800 0.0000
vt 0.8628 0.6798 0.0000
vt 0.8893 0.6802 0.0000
vt 0.4212 0.7986 0.0000
vt 0.0131 0.7986 0.0000
vt 0.0020 0.7929 0.0000
vt 0.4269 0.7875 0.0000
vt 0.0020 0.8168 0.0000
vt 0.0131 0.8111 0.0000
vt 0.4212 0.8111 0.0000
vt 0.4269 0.8222 0.0000
vt 0.0020 0.8406 0.0000
vt 0.0020 0.8281 0.0000
vt 0.4270 0.8281 0.0000
vt 0.4270 0.8406 0.0000
vt 0.0077 0.9192 0.0000
vt 0.4168 0.9181 0.0000
vt 0.4280 0.9238 0.0000
vt 0.0020 0.9303 0.0000
vt 0.0077 0.9067 0.0000
vt 0.0020 0.8956 0.0000
vt 0.4279 0.8999 0.0000
vt 0.4168 0.9056 0.0000
vt 0.0021 0.8831 0.0000
vt 0.4280 0.8874 0.0000
vt 0.6289 0.8264 0.0000
vt 0.6289 0.5012 0.0000
vt 0.6414 0.5012 0.0000
vt 0.6414 0.8264 0.0000
vt 0.5914 0.8264 0.0000
vt 0.5664 0.8264 0.0000
vt 0.5664 0.5012 0.0000
vt 0.5727 0.4950 0.0000
vt 0.5852 0.4950 0.0000
vt 0.5914 0.5012 0.0000
vt 0.6039 0.5012 0.0000
vt 0.6039 0.8264 0.0000
vt 0.6102 0.4950 0.0000
vt 0.6227 0.4950 0.0000
vt 0.8436 0.0145 0.0000
vt 0.8561 0.0020 0.0000
vt 0.8561 0.7095 0.0000
vt 0.8436 0.7095 0.0000
vt 0.7811 0.7095 0.0000
vt 0.7311 0.7095 0.0000
vt 0.7311 0.0020 0.0000
vt 0.7811 0.0020 0.0000
vt 0.7936 0.0145 0.0000
vt 0.7936 0.7095 0.0000
vt 0.4847 0.7983 0.0000
vt 0.4347 0.7983 0.0000
vt 0.4347 0.4108 0.0000
vt 0.4847 0.4108 0.0000
vt 0.5472 0.7858 0.0000
vt 0.5472 0.4108 0.0000
vt 0.5597 0.4108 0.0000
vt 0.5597 0.7983 0.0000
vt 0.4972 0.7858 0.0000
vt 0.4972 0.4108 0.0000
vt 0.0705 0.8589 0.0000
vt 0.0239 0.8589 0.0000
vt 0.0239 0.8464 0.0000
vt 0.0705 0.8464 0.0000
vt 0.3705 0.7143 0.0000
vt 0.3255 0.7248 0.0000
vt 0.3258 0.7181 0.0000
vt 0.3710 0.7059 0.0000
vt 0.3231 0.7692 0.0000
vt 0.3674 0.7716 0.0000
vt 0.3669 0.7808 0.0000
vt 0.3226 0.7784 0.0000
vt 0.0020 0.8589 0.0000
vt 0.0020 0.8464 0.0000
vt 0.3925 0.7154 0.0000
vt 0.3894 0.7727 0.0000
vt 0.3889 0.7820 0.0000
vt 0.3906 0.8464 0.0000
vt 0.3934 0.8464 0.0000
vt 0.3934 0.8589 0.0000
vt 0.3906 0.8589 0.0000
vt 0.0020 0.7611 0.0000
vt 0.0025 0.7519 0.0000
vt 0.0053 0.7520 0.0000
vt 0.0048 0.7613 0.0000
vt 0.3413 0.8589 0.0000
vt 0.3413 0.8464 0.0000
vt 0.0064 0.7311 0.0000
vt 0.0036 0.7311 0.0000
vt 0.0037 0.7281 0.0000
vt 0.0066 0.7281 0.0000
vt 0.2892 0.8589 0.0000
vt 0.2892 0.8464 0.0000
vt 0.0546 0.7547 0.0000
vt 0.1067 0.7575 0.0000
vt 0.1062 0.7668 0.0000
vt 0.0541 0.7640 0.0000
vt 0.1076 0.7407 0.0000
vt 0.0555 0.7374 0.0000
vt 0.0557 0.7342 0.0000
vt 0.1078 0.7372 0.0000
vt 0.2371 0.8589 0.0000
vt 0.2371 0.8464 0.0000
vt 0.1584 0.7696 0.0000
vt 0.1589 0.7603 0.0000
vt 0.1601 0.7382 0.0000
vt 0.1598 0.7422 0.0000
vt 0.1848 0.8464 0.0000
vt 0.1848 0.8589 0.0000
vt 0.2110 0.7631 0.0000
vt 0.2105 0.7724 0.0000
vt 0.2125 0.7353 0.0000
vt 0.2122 0.7405 0.0000
vt 0.1321 0.8589 0.0000
vt 0.1321 0.8464 0.0000
vt 0.2626 0.7752 0.0000
vt 0.2631 0.7659 0.0000
vt 0.2651 0.7296 0.0000
vt 0.2648 0.7355 0.0000
vt 0.3929 0.7071 0.0000
vt 0.3030 0.0770 0.0000
vt 0.3030 0.0677 0.0000
vt 0.3155 0.0677 0.0000
vt 0.3155 0.0770 0.0000
vt 0.3155 0.0103 0.0000
vt 0.3030 0.0103 0.0000
vt 0.3030 0.0020 0.0000
vt 0.3155 0.0020 0.0000
vt 0.3679 0.8647 0.0000
vt 0.3679 0.8772 0.0000
vt 0.3217 0.8772 0.0000
vt 0.3217 0.8647 0.0000
vt 0.2603 0.8772 0.0000
vt 0.2603 0.8647 0.0000
vt 0.2077 0.8772 0.0000
vt 0.2077 0.8647 0.0000
vt 0.1554 0.8647 0.0000
vt 0.1554 0.8772 0.0000
vt 0.1034 0.8772 0.0000
vt 0.1034 0.8647 0.0000
vt 0.0513 0.8772 0.0000
vt 0.0513 0.8647 0.0000
vt 0.0020 0.8772 0.0000
vt 0.0020 0.8647 0.0000
vt 0.5288 0.0593 0.0000
vt 0.5288 0.0020 0.0000
vt 0.5413 0.0020 0.0000
vt 0.5413 0.0593 0.0000
vt 0.3218 0.0020 0.0000
vt 0.3343 0.0020 0.0000
vt 0.3343 0.0229 0.0000
vt 0.3218 0.0229 0.0000
# 207 texture coords

o Components
g Components
usemtl Skylight_Material__48
s off
f 1037/396/258 1038/397/258 1039/398/258 
f 1039/398/258 1040/399/258 1037/396/258 
f 1039/400/259 1038/401/259 1041/402/259 
f 1041/402/259 1042/403/259 1039/400/259 
f 1043/404/260 1042/403/260 1041/402/260 
f 1041/402/260 1044/405/260 1043/404/260 
f 1040/399/261 1043/404/261 1044/405/261 
f 1044/405/261 1037/396/261 1040/399/261 
f 1045/406/258 1046/407/258 1047/408/258 
f 1047/408/258 1048/409/258 1045/406/258 
f 1047/410/262 1049/411/262 1050/412/262 
f 1050/412/262 1048/413/262 1047/410/262 
f 1049/411/260 1051/414/260 1052/415/260 
f 1052/415/260 1050/412/260 1049/411/260 
f 1045/406/263 1052/415/263 1051/414/263 
f 1051/414/263 1046/407/263 1045/406/263 
f 1053/416/264 1054/417/264 1055/418/264 
f 1055/418/264 1056/419/264 1053/416/264 
f 1054/417/265 1057/420/265 1058/421/265 
f 1058/421/265 1055/418/265 1054/417/265 
f 1059/422/266 1058/423/266 1057/424/266 
f 1057/424/266 1060/425/266 1059/422/266 
f 1060/425/267 1053/416/267 1056/419/267 
f 1056/419/267 1059/422/267 1060/425/267 
f 1061/414/264 1062/415/264 1063/412/264 
f 1063/412/264 1064/411/264 1061/414/264 
f 1065/410/268 1064/411/268 1063/412/268 
f 1063/412/268 1066/413/268 1065/410/268 
f 1066/409/266 1067/406/266 1068/407/266 
f 1068/407/266 1065/408/266 1066/409/266 
f 1061/414/269 1068/407/269 1067/406/269 
f 1067/406/269 1062/415/269 1061/414/269 
f 1069/426/270 1070/427/270 1071/428/270 
f 1071/428/270 1072/429/270 1069/426/270 
f 1073/430/271 1074/431/271 1075/432/271 
f 1075/432/271 1076/433/271 1073/430/271 
f 1077/434/272 1076/433/273 1075/432/273 
f 1075/432/273 1078/435/274 1077/434/272 
f 1070/427/275 1079/436/276 1080/437/277 
f 1080/437/277 1071/428/275 1070/427/275 
f 1077/438/272 1078/439/274 1069/426/278 
f 1069/426/278 1072/429/278 1077/438/272 
f 1079/436/276 1074/431/279 1073/430/279 
f 1073/430/279 1080/437/277 1079/436/276 
f 1081/440/280 1082/441/280 1083/442/280 
f 1083/442/280 1084/443/280 1081/440/280 
f 1081/444/281 1085/445/281 1086/446/281 
f 1086/446/281 1082/447/281 1081/444/281 
f 1087/448/282 1086/446/282 1085/445/282 
f 1085/445/282 1088/449/282 1087/448/282 
f 1088/449/283 1084/443/283 1083/442/283 
f 1083/442/283 1087/448/283 1088/449/283 
f 1089/450/284 1090/451/284 1083/442/284 
f 1083/442/284 1082/441/284 1089/450/284 
f 1082/447/285 1086/446/285 1091/452/285 
f 1091/452/285 1089/453/285 1082/447/285 
f 1091/452/286 1086/446/286 1087/448/286 
f 1087/448/286 1092/454/286 1091/452/286 
f 1087/448/287 1083/442/287 1090/451/287 
f 1090/451/287 1092/454/287 1087/448/287 
f 1093/455/264 1094/456/264 1095/457/264 
f 1095/457/264 1096/458/264 1093/455/264 
f 1097/459/266 1098/460/266 1099/461/266 
f 1099/461/266 1100/462/266 1097/459/266 
f 1095/463/288 1097/464/288 1100/465/288 
f 1100/465/288 1096/466/288 1095/463/288 
f 1098/460/289 1094/456/289 1093/455/289 
f 1093/455/289 1099/461/289 1098/460/289 
f 1101/456/264 1102/457/264 1103/458/264 
f 1103/458/264 1104/455/264 1101/456/264 
f 1105/461/266 1106/462/266 1107/459/266 
f 1107/459/266 1108/460/266 1105/461/266 
f 1102/463/288 1107/464/288 1106/465/288 
f 1106/465/288 1103/466/288 1102/463/288 
f 1105/461/289 1108/460/289 1101/456/289 
f 1101/456/289 1104/455/289 1105/461/289 
f 1109/455/264 1110/456/264 1111/457/264 
f 1111/457/264 1112/458/264 1109/455/264 
f 1113/462/266 1114/459/266 1115/460/266 
f 1115/460/266 1116/461/266 1113/462/266 
f 1113/465/288 1112/466/288 1111/463/288 
f 1111/463/288 1114/464/288 1113/465/288 
f 1115/460/289 1110/456/289 1109/455/289 
f 1109/455/289 1116/461/289 1115/460/289 
f 1074/467/258 1117/468/258 1118/469/258 
f 1118/469/258 1075/470/258 1074/467/258 
f 1119/471/260 1120/472/260 1121/473/260 
f 1121/473/260 1122/474/260 1119/471/260 
f 1121/473/290 1120/472/290 1075/475/290 
f 1075/475/290 1118/476/290 1121/473/290 
f 1122/474/291 1117/468/291 1074/467/291 
f 1074/467/291 1119/471/291 1122/474/291 
f 1123/477/258 1070/478/258 1069/479/258 
f 1069/479/258 1124/480/258 1123/477/258 
f 1125/481/292 1124/482/292 1069/483/292 
f 1069/483/292 1075/484/292 1120/485/292 
f 1125/481/292 1069/483/292 1120/485/292 
f 1125/481/292 1120/485/292 1126/486/292 
f 1126/486/260 1127/487/260 1128/488/260 
f 1128/488/260 1125/481/260 1126/486/260 
f 1123/477/293 1128/488/293 1127/487/293 
f 1127/487/293 1119/489/293 1074/490/293 
f 1123/477/293 1127/487/293 1074/490/293 
f 1123/477/293 1074/490/293 1070/478/293 
f 1129/491/293 1130/492/293 1131/493/293 
f 1131/493/293 1132/494/293 1129/491/293 
f 1133/495/258 1131/496/258 1130/497/258 
f 1130/497/258 1134/498/258 1133/495/258 
f 1133/495/292 1134/498/292 1135/499/292 
f 1135/499/292 1136/500/292 1133/495/292 
f 1129/491/260 1132/494/260 1136/500/260 
f 1136/500/260 1135/499/260 1129/491/260 
f 1134/501/266 1130/502/266 1137/503/266 
f 1137/503/266 1138/504/266 1134/501/266 
f 1129/505/293 1139/506/293 1137/507/293 
f 1137/507/293 1130/508/293 1129/505/293 
f 1139/506/264 1129/505/264 1135/509/264 
f 1135/509/264 1140/510/264 1139/506/264 
f 1134/501/292 1138/504/292 1140/510/292 
f 1140/510/292 1135/509/292 1134/501/292 
f 1141/511/292 1142/512/292 1143/513/292 
f 1143/513/292 1144/514/292 1141/511/292 
f 1145/515/266 1146/516/266 1144/517/266 
f 1144/517/266 1143/518/266 1145/515/266 
f 1147/514/294 1148/511/294 1149/512/295 
f 1149/512/295 1150/513/295 1147/514/294 
f 1151/519/264 1152/520/264 1142/521/264 
f 1142/521/264 1141/522/264 1151/519/264 
f 1142/512/292 1111/523/292 1114/524/292 
f 1114/524/292 1143/513/292 1142/512/292 
f 1145/515/266 1153/525/266 1154/526/266 
f 1154/526/266 1155/520/266 1145/515/266 
f 1156/523/293 1157/524/293 1150/513/295 
f 1150/513/295 1149/512/295 1156/523/293 
f 1111/527/264 1142/521/264 1152/520/264 
f 1152/520/264 1158/526/264 1111/527/264 
f 1159/528/292 1160/529/292 1161/530/292 
f 1161/530/292 1162/531/292 1159/528/292 
f 1161/532/264 1163/533/264 1164/534/264 
f 1164/534/264 1162/535/264 1161/532/264 
f 1165/536/296 1166/537/296 1167/528/297 
f 1167/528/297 1168/531/297 1165/536/296 
f 1169/538/266 1170/539/266 1160/540/266 
f 1160/540/266 1159/541/266 1169/538/266 
f 1171/542/292 1172/543/292 1173/537/292 
f 1173/537/292 1174/536/292 1171/542/292 
f 1175/544/264 1176/545/264 1171/546/264 
f 1171/546/264 1174/547/264 1175/544/264 
f 1177/543/298 1166/537/296 1165/536/296 
f 1165/536/296 1178/542/298 1177/543/298 
f 1179/548/266 1180/549/266 1173/550/266 
f 1173/550/266 1172/551/266 1179/548/266 
f 1172/543/292 1171/542/292 1181/552/292 
f 1181/552/292 1182/553/292 1172/543/292 
f 1181/554/264 1171/546/264 1176/545/264 
f 1176/545/264 1183/555/264 1181/554/264 
f 1178/542/298 1184/552/299 1185/553/299 
f 1185/553/299 1177/543/298 1178/542/298 
f 1182/556/266 1186/557/266 1179/548/266 
f 1179/548/266 1172/551/266 1182/556/266 
f 1187/558/292 1182/553/292 1181/552/292 
f 1181/552/292 1188/559/292 1187/558/292 
f 1189/560/264 1188/561/264 1181/554/264 
f 1181/554/264 1183/555/264 1189/560/264 
f 1185/553/299 1184/552/299 1190/559/300 
f 1190/559/300 1191/558/300 1185/553/299 
f 1186/557/266 1182/556/266 1187/562/266 
f 1187/562/266 1192/563/266 1186/557/266 
f 1187/558/292 1188/559/292 1193/564/292 
f 1193/564/292 1194/565/292 1187/558/292 
f 1193/566/264 1188/561/264 1189/560/264 
f 1189/560/264 1195/567/264 1193/566/264 
f 1191/558/300 1190/559/300 1196/564/301 
f 1196/564/301 1197/565/301 1191/558/300 
f 1192/563/266 1187/562/266 1194/568/266 
f 1194/568/266 1198/569/266 1192/563/266 
f 1194/565/292 1193/564/292 1141/511/292 
f 1141/511/292 1144/514/292 1194/565/292 
f 1195/567/264 1151/519/264 1141/522/264 
f 1141/522/264 1193/566/264 1195/567/264 
f 1148/511/294 1147/514/294 1197/565/301 
f 1197/565/301 1196/564/301 1148/511/294 
f 1194/568/266 1144/517/266 1146/516/266 
f 1146/516/266 1198/569/266 1194/568/266 
f 1143/518/266 1114/570/266 1153/525/266 
f 1153/525/266 1145/515/266 1143/518/266 
f 1152/520/264 1199/515/264 1200/525/264 
f 1200/525/264 1158/526/264 1152/520/264 
f 1111/571/258 1158/572/258 1153/573/258 
f 1153/573/258 1114/574/258 1111/571/258 
f 1154/575/258 1153/573/258 1158/572/258 
f 1158/572/258 1200/576/258 1154/575/258 
f 1157/577/258 1156/578/258 1154/575/258 
f 1154/575/258 1200/576/258 1157/577/258 
f 1155/520/266 1154/526/266 1156/527/266 
f 1156/527/266 1149/521/266 1155/520/266 
f 1148/522/266 1201/519/266 1155/520/266 
f 1155/520/266 1149/521/266 1148/522/266 
f 1148/522/266 1196/566/266 1202/567/266 
f 1202/567/266 1201/519/266 1148/522/266 
f 1190/561/266 1203/560/266 1202/567/266 
f 1202/567/266 1196/566/266 1190/561/266 
f 1204/555/266 1203/560/266 1190/561/266 
f 1190/561/266 1184/554/266 1204/555/266 
f 1184/554/266 1178/546/266 1205/545/266 
f 1205/545/266 1204/555/266 1184/554/266 
f 1205/545/266 1178/546/266 1165/547/266 
f 1165/547/266 1206/544/266 1205/545/266 
f 1168/535/266 1207/534/266 1206/544/266 
f 1206/544/266 1165/547/266 1168/535/266 
f 1167/541/264 1166/550/264 1208/549/264 
f 1208/549/264 1209/538/264 1167/541/264 
f 1210/548/264 1208/549/264 1166/550/264 
f 1166/550/264 1177/551/264 1210/548/264 
f 1185/556/264 1211/557/264 1210/548/264 
f 1210/548/264 1177/551/264 1185/556/264 
f 1211/557/264 1185/556/264 1191/562/264 
f 1191/562/264 1212/563/264 1211/557/264 
f 1212/563/264 1191/562/264 1197/568/264 
f 1197/568/264 1213/569/264 1212/563/264 
f 1147/517/264 1214/516/264 1213/569/264 
f 1213/569/264 1197/568/264 1147/517/264 
f 1214/516/264 1147/517/264 1150/518/264 
f 1150/518/264 1199/515/264 1214/516/264 
f 1199/515/264 1150/518/264 1157/570/264 
f 1157/570/264 1200/525/264 1199/515/264 
f 1199/579/302 1155/580/302 1201/581/302 
f 1201/581/302 1214/582/302 1199/579/302 
f 1202/583/303 1213/584/303 1214/582/303 
f 1214/582/303 1201/581/303 1202/583/303 
f 1203/585/304 1212/586/304 1213/584/304 
f 1213/584/304 1202/583/304 1203/585/304 
f 1211/587/305 1212/586/305 1203/585/305 
f 1203/585/305 1204/588/305 1211/587/305 
f 1205/589/306 1210/590/306 1211/587/306 
f 1211/587/306 1204/588/306 1205/589/306 
f 1205/589/307 1206/591/307 1208/592/307 
f 1208/592/307 1210/590/307 1205/589/307 
f 1208/592/308 1206/591/308 1207/593/308 
f 1207/593/308 1209/594/308 1208/592/308 
f 1179/590/293 1176/589/293 1175/591/293 
f 1175/591/293 1180/592/293 1179/590/293 
f 1183/588/293 1176/589/293 1179/590/293 
f 1179/590/293 1186/587/293 1183/588/293 
f 1186/587/293 1192/586/293 1189/585/293 
f 1189/585/293 1183/588/293 1186/587/293 
f 1195/583/293 1189/585/293 1192/586/293 
f 1192/586/293 1198/584/293 1195/583/293 
f 1198/584/293 1146/582/293 1151/581/293 
f 1151/581/293 1195/583/293 1198/584/293 
f 1145/579/293 1152/580/293 1151/581/293 
f 1151/581/293 1146/582/293 1145/579/293 
f 1199/595/260 1152/596/260 1145/597/260 
f 1145/597/260 1155/598/260 1199/595/260 
f 1173/550/266 1180/549/266 1169/538/266 
f 1169/538/266 1159/541/266 1173/550/266 
f 1180/592/293 1175/591/293 1164/593/293 
f 1164/593/293 1169/594/293 1180/592/293 
f 1174/547/264 1162/535/264 1164/534/264 
f 1164/534/264 1175/544/264 1174/547/264 
f 1159/528/292 1162/531/292 1174/536/292 
f 1174/536/292 1173/537/292 1159/528/292 
f 1168/535/266 1215/532/266 1216/533/266 
f 1216/533/266 1207/534/266 1168/535/266 
f 1209/538/264 1217/539/264 1218/540/264 
f 1218/540/264 1167/541/264 1209/538/264 
f 1167/528/297 1218/529/309 1215/530/309 
f 1215/530/309 1168/531/297 1167/528/297 
f 1163/533/264 1217/539/264 1209/538/264 
f 1209/538/264 1164/534/264 1163/533/264 
f 1207/534/266 1216/533/266 1170/539/266 
f 1170/539/266 1169/538/266 1207/534/266 
f 1169/599/258 1164/600/258 1209/601/258 
f 1209/601/258 1207/602/258 1169/599/258 
f 1219/399/258 1220/398/258 1221/397/258 
f 1221/397/258 1222/396/258 1219/399/258 
f 1223/402/310 1221/401/310 1220/400/310 
f 1220/400/310 1224/403/310 1223/402/310 
f 1224/403/260 1225/404/260 1226/405/260 
f 1226/405/260 1223/402/260 1224/403/260 
f 1225/404/311 1219/399/311 1222/396/311 
f 1222/396/311 1226/405/311 1225/404/311 
f 1227/406/258 1228/409/258 1229/408/258 
f 1229/408/258 1230/407/258 1227/406/258 
f 1231/411/312 1229/410/312 1228/413/312 
f 1228/413/312 1232/412/312 1231/411/312 
f 1232/412/260 1233/415/260 1234/414/260 
f 1234/414/260 1231/411/260 1232/412/260 
f 1233/415/313 1227/406/313 1230/407/313 
f 1230/407/313 1234/414/313 1233/415/313 
f 1235/419/266 1236/418/266 1237/417/266 
f 1237/417/266 1238/416/266 1235/419/266 
f 1236/418/314 1239/421/314 1240/420/314 
f 1240/420/314 1237/417/314 1236/418/314 
f 1241/422/264 1242/425/264 1240/424/264 
f 1240/424/264 1239/423/264 1241/422/264 
f 1241/422/315 1235/419/315 1238/416/315 
f 1238/416/315 1242/425/315 1241/422/315 
f 1243/411/266 1244/412/266 1245/415/266 
f 1245/415/266 1246/414/266 1243/411/266 
f 1247/413/316 1244/412/316 1243/411/316 
f 1243/411/316 1248/410/316 1247/413/316 
f 1249/407/264 1250/406/264 1247/409/264 
f 1247/409/264 1248/408/264 1249/407/264 
f 1249/407/317 1246/414/317 1245/415/317 
f 1245/415/317 1250/406/317 1249/407/317 
f 1251/428/318 1252/427/318 1253/426/318 
f 1253/426/318 1254/429/318 1251/428/318 
f 1255/433/319 1256/432/319 1257/431/319 
f 1257/431/319 1258/430/319 1255/433/319 
f 1259/434/320 1260/435/321 1256/432/322 
f 1256/432/322 1255/433/322 1259/434/320 
f 1261/436/323 1252/427/324 1251/428/324 
f 1251/428/324 1262/437/325 1261/436/323 
f 1259/438/320 1254/429/326 1253/426/326 
f 1253/426/326 1260/439/321 1259/438/320 
f 1261/436/323 1262/437/325 1258/430/327 
f 1258/430/327 1257/431/327 1261/436/323 
f 1263/443/328 1264/442/328 1265/441/328 
f 1265/441/328 1266/440/328 1263/443/328 
f 1267/446/329 1268/445/329 1266/444/329 
f 1266/444/329 1265/447/329 1267/446/329 
f 1268/445/330 1267/446/330 1269/448/330 
f 1269/448/330 1270/449/330 1268/445/330 
f 1263/443/331 1270/449/331 1269/448/331 
f 1269/448/331 1264/442/331 1263/443/331 
f 1089/450/284 1265/441/284 1264/442/284 
f 1264/442/284 1090/451/284 1089/450/284 
f 1091/452/285 1267/446/285 1265/447/285 
f 1265/447/285 1089/453/285 1091/452/285 
f 1092/454/286 1269/448/286 1267/446/286 
f 1267/446/286 1091/452/286 1092/454/286 
f 1090/451/287 1264/442/287 1269/448/287 
f 1269/448/287 1092/454/287 1090/451/287 
f 1271/457/266 1272/456/266 1273/455/266 
f 1273/455/266 1274/458/266 1271/457/266 
f 1275/459/264 1276/462/264 1277/461/264 
f 1277/461/264 1278/460/264 1275/459/264 
f 1274/466/288 1276/465/288 1275/464/288 
f 1275/464/288 1271/463/288 1274/466/288 
f 1272/456/289 1278/460/289 1277/461/289 
f 1277/461/289 1273/455/289 1272/456/289 
f 1279/455/266 1280/458/266 1281/457/266 
f 1281/457/266 1282/456/266 1279/455/266 
f 1283/459/264 1284/462/264 1285/461/264 
f 1285/461/264 1286/460/264 1283/459/264 
f 1283/464/288 1281/463/288 1280/466/288 
f 1280/466/288 1284/465/288 1283/464/288 
f 1286/460/289 1285/461/289 1279/455/289 
f 1279/455/289 1282/456/289 1286/460/289 
f 1287/457/266 1288/456/266 1289/455/266 
f 1289/455/266 1290/458/266 1287/457/266 
f 1291/460/264 1292/459/264 1293/462/264 
f 1293/462/264 1294/461/264 1291/460/264 
f 1287/463/288 1290/466/288 1293/465/288 
f 1293/465/288 1292/464/288 1287/463/288 
f 1289/455/289 1288/456/289 1291/460/289 
f 1291/460/289 1294/461/289 1289/455/289 
f 1295/469/258 1296/468/258 1257/467/258 
f 1257/467/258 1256/470/258 1295/469/258 
f 1297/471/260 1298/474/260 1299/473/260 
f 1299/473/260 1300/472/260 1297/471/260 
f 1295/476/332 1256/475/332 1300/472/332 
f 1300/472/332 1299/473/332 1295/476/332 
f 1297/471/333 1257/467/333 1296/468/333 
f 1296/468/333 1298/474/333 1297/471/333 
f 1252/478/258 1123/477/258 1124/480/258 
f 1124/480/258 1253/479/258 1252/478/258 
f 1301/486/292 1300/485/292 1256/484/292 
f 1301/486/292 1256/484/292 1253/483/292 
f 1301/486/292 1253/483/292 1124/482/292 
f 1125/481/292 1301/486/292 1124/482/292 
f 1128/488/260 1302/487/260 1301/486/260 
f 1301/486/260 1125/481/260 1128/488/260 
f 1252/478/293 1257/490/293 1297/489/293 
f 1252/478/293 1297/489/293 1302/487/293 
f 1252/478/293 1302/487/293 1128/488/293 
f 1123/477/293 1252/478/293 1128/488/293 
f 1131/493/293 1303/492/293 1304/491/293 
f 1304/491/293 1132/494/293 1131/493/293 
f 1305/498/258 1303/497/258 1131/496/258 
f 1131/496/258 1133/495/258 1305/498/258 
f 1136/500/292 1306/499/292 1305/498/292 
f 1305/498/292 1133/495/292 1136/500/292 
f 1306/499/260 1136/500/260 1132/494/260 
f 1132/494/260 1304/491/260 1306/499/260 
f 1307/503/264 1303/502/264 1305/501/264 
f 1305/501/264 1308/504/264 1307/503/264 
f 1304/505/293 1303/508/293 1307/507/293 
f 1307/507/293 1309/506/293 1304/505/293 
f 1309/506/266 1310/510/266 1306/509/266 
f 1306/509/266 1304/505/266 1309/506/266 
f 1305/501/292 1306/509/292 1310/510/292 
f 1310/510/292 1308/504/292 1305/501/292 
f 1311/512/292 1312/511/292 1313/514/292 
f 1313/514/292 1314/513/292 1311/512/292 
f 1315/515/264 1314/518/264 1313/517/264 
f 1313/517/264 1316/516/264 1315/515/264 
f 1317/514/294 1318/513/295 1319/512/295 
f 1319/512/295 1320/511/294 1317/514/294 
f 1312/522/266 1311/521/266 1321/520/266 
f 1321/520/266 1322/519/266 1312/522/266 
f 1311/512/292 1314/513/292 1292/524/292 
f 1292/524/292 1287/523/292 1311/512/292 
f 1315/515/264 1323/520/264 1324/526/264 
f 1324/526/264 1325/525/264 1315/515/264 
f 1326/524/293 1327/523/293 1319/512/295 
f 1319/512/295 1318/513/295 1326/524/293 
f 1321/520/266 1311/521/266 1287/527/266 
f 1287/527/266 1328/526/266 1321/520/266 
f 1329/529/292 1330/528/292 1331/531/292 
f 1331/531/292 1332/530/292 1329/529/292 
f 1333/533/266 1332/532/266 1331/535/266 
f 1331/535/266 1334/534/266 1333/533/266 
f 1335/536/296 1336/531/297 1337/528/297 
f 1337/528/297 1338/537/296 1335/536/296 
f 1330/541/264 1329/540/264 1339/539/264 
f 1339/539/264 1340/538/264 1330/541/264 
f 1341/537/292 1342/543/292 1343/542/292 
f 1343/542/292 1344/536/292 1341/537/292 
f 1343/546/266 1345/545/266 1346/544/266 
f 1346/544/266 1344/547/266 1343/546/266 
f 1347/542/298 1335/536/296 1338/537/296 
f 1338/537/296 1348/543/298 1347/542/298 
f 1341/550/264 1349/549/264 1350/548/264 
f 1350/548/264 1342/551/264 1341/550/264 
f 1351/553/292 1352/552/292 1343/542/292 
f 1343/542/292 1342/543/292 1351/553/292 
f 1352/554/266 1353/555/266 1345/545/266 
f 1345/545/266 1343/546/266 1352/554/266 
f 1354/552/299 1347/542/298 1348/543/298 
f 1348/543/298 1355/553/299 1354/552/299 
f 1351/556/264 1342/551/264 1350/548/264 
f 1350/548/264 1356/557/264 1351/556/264 
f 1351/553/292 1357/558/292 1358/559/292 
f 1358/559/292 1352/552/292 1351/553/292 
f 1358/561/266 1359/560/266 1353/555/266 
f 1353/555/266 1352/554/266 1358/561/266 
f 1355/553/299 1360/558/300 1361/559/300 
f 1361/559/300 1354/552/299 1355/553/299 
f 1357/562/264 1351/556/264 1356/557/264 
f 1356/557/264 1362/563/264 1357/562/264 
f 1363/565/292 1364/564/292 1358/559/292 
f 1358/559/292 1357/558/292 1363/565/292 
f 1365/567/266 1359/560/266 1358/561/266 
f 1358/561/266 1364/566/266 1365/567/266 
f 1360/558/300 1366/565/301 1367/564/301 
f 1367/564/301 1361/559/300 1360/558/300 
f 1363/568/264 1357/562/264 1362/563/264 
f 1362/563/264 1368/569/264 1363/568/264 
f 1312/511/292 1364/564/292 1363/565/292 
f 1363/565/292 1313/514/292 1312/511/292 
f 1322/519/266 1365/567/266 1364/566/266 
f 1364/566/266 1312/522/266 1322/519/266 
f 1366/565/301 1317/514/294 1320/511/294 
f 1320/511/294 1367/564/301 1366/565/301 
f 1368/569/264 1316/516/264 1313/517/264 
f 1313/517/264 1363/568/264 1368/569/264 
f 1315/515/264 1325/525/264 1292/570/264 
f 1292/570/264 1314/518/264 1315/515/264 
f 1369/525/266 1370/515/266 1321/520/266 
f 1321/520/266 1328/526/266 1369/525/266 
f 1287/571/258 1292/574/258 1325/573/258 
f 1325/573/258 1328/572/258 1287/571/258 
f 1369/576/258 1328/572/258 1325/573/258 
f 1325/573/258 1324/575/258 1369/576/258 
f 1327/578/258 1326/577/258 1369/576/258 
f 1369/576/258 1324/575/258 1327/578/258 
f 1319/521/264 1327/527/264 1324/526/264 
f 1324/526/264 1323/520/264 1319/521/264 
f 1319/521/264 1323/520/264 1371/519/264 
f 1371/519/264 1320/522/264 1319/521/264 
f 1367/566/264 1320/522/264 1371/519/264 
f 1371/519/264 1372/567/264 1367/566/264 
f 1372/567/264 1373/560/264 1361/561/264 
f 1361/561/264 1367/566/264 1372/567/264 
f 1373/560/264 1374/555/264 1354/554/264 
f 1354/554/264 1361/561/264 1373/560/264 
f 1375/545/264 1347/546/264 1354/554/264 
f 1354/554/264 1374/555/264 1375/545/264 
f 1376/544/264 1335/547/264 1347/546/264 
f 1347/546/264 1375/545/264 1376/544/264 
f 1377/534/264 1336/535/264 1335/547/264 
f 1335/547/264 1376/544/264 1377/534/264 
f 1378/549/266 1338/550/266 1337/541/266 
f 1337/541/266 1379/538/266 1378/549/266 
f 1380/548/266 1348/551/266 1338/550/266 
f 1338/550/266 1378/549/266 1380/548/266 
f 1381/557/266 1355/556/266 1348/551/266 
f 1348/551/266 1380/548/266 1381/557/266 
f 1355/556/266 1381/557/266 1382/563/266 
f 1382/563/266 1360/562/266 1355/556/266 
f 1360/562/266 1382/563/266 1383/569/266 
f 1383/569/266 1366/568/266 1360/562/266 
f 1384/516/266 1317/517/266 1366/568/266 
f 1366/568/266 1383/569/266 1384/516/266 
f 1384/516/266 1370/515/266 1318/518/266 
f 1318/518/266 1317/517/266 1384/516/266 
f 1370/515/266 1369/525/266 1326/570/266 
f 1326/570/266 1318/518/266 1370/515/266 
f 1371/581/302 1323/580/302 1370/579/302 
f 1370/579/302 1384/582/302 1371/581/302 
f 1384/582/303 1383/584/303 1372/583/303 
f 1372/583/303 1371/581/303 1384/582/303 
f 1382/586/304 1373/585/304 1372/583/304 
f 1372/583/304 1383/584/304 1382/586/304 
f 1381/587/305 1374/588/305 1373/585/305 
f 1373/585/305 1382/586/305 1381/587/305 
f 1381/587/306 1380/590/306 1375/589/306 
f 1375/589/306 1374/588/306 1381/587/306 
f 1375/589/307 1380/590/307 1378/592/307 
f 1378/592/307 1376/591/307 1375/589/307 
f 1377/593/308 1376/591/308 1378/592/308 
f 1378/592/308 1379/594/308 1377/593/308 
f 1349/592/293 1346/591/293 1345/589/293 
f 1345/589/293 1350/590/293 1349/592/293 
f 1356/587/293 1350/590/293 1345/589/293 
f 1345/589/293 1353/588/293 1356/587/293 
f 1356/587/293 1353/588/293 1359/585/293 
f 1359/585/293 1362/586/293 1356/587/293 
f 1359/585/293 1365/583/293 1368/584/293 
f 1368/584/293 1362/586/293 1359/585/293 
f 1316/582/293 1368/584/293 1365/583/293 
f 1365/583/293 1322/581/293 1316/582/293 
f 1316/582/293 1322/581/293 1321/580/293 
f 1321/580/293 1315/579/293 1316/582/293 
f 1323/598/260 1315/597/260 1321/596/260 
f 1321/596/260 1370/595/260 1323/598/260 
f 1341/550/264 1330/541/264 1340/538/264 
f 1340/538/264 1349/549/264 1341/550/264 
f 1349/592/293 1340/594/293 1334/593/293 
f 1334/593/293 1346/591/293 1349/592/293 
f 1331/535/266 1344/547/266 1346/544/266 
f 1346/544/266 1334/534/266 1331/535/266 
f 1344/536/292 1331/531/292 1330/528/292 
f 1330/528/292 1341/537/292 1344/536/292 
f 1377/534/264 1385/533/264 1386/532/264 
f 1386/532/264 1336/535/264 1377/534/264 
f 1387/539/266 1379/538/266 1337/541/266 
f 1337/541/266 1388/540/266 1387/539/266 
f 1386/530/309 1388/529/309 1337/528/297 
f 1337/528/297 1336/531/297 1386/530/309 
f 1334/534/266 1379/538/266 1387/539/266 
f 1387/539/266 1333/533/266 1334/534/266 
f 1340/538/264 1339/539/264 1385/533/264 
f 1385/533/264 1377/534/264 1340/538/264 
f 1377/602/258 1379/601/258 1334/600/258 
f 1334/600/258 1340/599/258 1377/602/258 
f 1389/399/260 1390/398/260 1391/397/260 
f 1391/397/260 1392/396/260 1389/399/260 
f 1393/403/334 1394/402/334 1391/401/334 
f 1391/401/334 1390/400/334 1393/403/334 
f 1394/402/258 1393/403/258 1395/404/258 
f 1395/404/258 1396/405/258 1394/402/258 
f 1392/396/335 1396/405/335 1395/404/335 
f 1395/404/335 1389/399/335 1392/396/335 
f 1397/407/260 1398/406/260 1399/409/260 
f 1399/409/260 1400/408/260 1397/407/260 
f 1401/412/336 1402/411/336 1400/410/336 
f 1400/410/336 1399/413/336 1401/412/336 
f 1403/415/258 1404/414/258 1402/411/258 
f 1402/411/258 1401/412/258 1403/415/258 
f 1403/415/337 1398/406/337 1397/407/337 
f 1397/407/337 1404/414/337 1403/415/337 
f 1405/419/264 1406/418/264 1407/417/264 
f 1407/417/264 1408/416/264 1405/419/264 
f 1409/420/338 1407/417/338 1406/418/338 
f 1406/418/338 1410/421/338 1409/420/338 
f 1409/424/266 1410/423/266 1411/422/266 
f 1411/422/266 1412/425/266 1409/424/266 
f 1412/425/339 1411/422/339 1405/419/339 
f 1405/419/339 1408/416/339 1412/425/339 
f 1413/414/264 1414/411/264 1415/412/264 
f 1415/412/264 1416/415/264 1413/414/264 
f 1417/410/340 1418/413/340 1415/412/340 
f 1415/412/340 1414/411/340 1417/410/340 
f 1418/409/266 1417/408/266 1419/407/266 
f 1419/407/266 1420/406/266 1418/409/266 
f 1419/407/341 1413/414/341 1416/415/341 
f 1416/415/341 1420/406/341 1419/407/341 
f 1421/428/342 1127/427/342 1126/426/342 
f 1126/426/342 1422/429/342 1421/428/342 
f 1120/432/343 1119/431/343 1423/430/343 
f 1423/430/343 1424/433/343 1120/432/343 
f 1425/435/344 1120/432/345 1424/433/345 
f 1424/433/345 1426/434/346 1425/435/344 
f 1427/437/347 1428/436/348 1127/427/349 
f 1127/427/349 1421/428/349 1427/437/347 
f 1426/438/346 1422/429/350 1126/426/350 
f 1126/426/350 1425/439/344 1426/438/346 
f 1428/436/348 1427/437/347 1423/430/351 
f 1423/430/351 1119/431/351 1428/436/348 
f 1429/442/280 1430/441/280 1431/440/280 
f 1431/440/280 1432/443/280 1429/442/280 
f 1431/444/352 1430/447/352 1433/446/352 
f 1433/446/352 1434/445/352 1431/444/352 
f 1433/446/282 1435/448/282 1436/449/282 
f 1436/449/282 1434/445/282 1433/446/282 
f 1432/443/353 1436/449/353 1435/448/353 
f 1435/448/353 1429/442/353 1432/443/353 
f 1429/442/354 1437/451/354 1438/450/354 
f 1438/450/354 1430/441/354 1429/442/354 
f 1438/453/355 1439/452/355 1433/446/355 
f 1433/446/355 1430/447/355 1438/453/355 
f 1433/446/356 1439/452/356 1440/454/356 
f 1440/454/356 1435/448/356 1433/446/356 
f 1440/454/357 1437/451/357 1429/442/357 
f 1429/442/357 1435/448/357 1440/454/357 
f 1441/457/264 1442/456/264 1443/455/264 
f 1443/455/264 1444/458/264 1441/457/264 
f 1445/461/266 1446/460/266 1447/459/266 
f 1447/459/266 1448/462/266 1445/461/266 
f 1444/466/358 1448/465/358 1447/464/358 
f 1447/464/358 1441/463/358 1444/466/358 
f 1443/455/359 1442/456/359 1446/460/359 
f 1446/460/359 1445/461/359 1443/455/359 
f 1449/457/264 1450/456/264 1451/455/264 
f 1451/455/264 1452/458/264 1449/457/264 
f 1453/459/266 1454/462/266 1455/461/266 
f 1455/461/266 1456/460/266 1453/459/266 
f 1454/465/358 1453/464/358 1449/463/358 
f 1449/463/358 1452/466/358 1454/465/358 
f 1451/455/359 1450/456/359 1456/460/359 
f 1456/460/359 1455/461/359 1451/455/359 
f 1457/455/264 1458/458/264 1459/457/264 
f 1459/457/264 1460/456/264 1457/455/264 
f 1461/459/266 1462/462/266 1463/461/266 
f 1463/461/266 1464/460/266 1461/459/266 
f 1459/463/358 1458/466/358 1462/465/358 
f 1462/465/358 1461/464/358 1459/463/358 
f 1460/456/359 1464/460/359 1463/461/359 
f 1463/461/359 1457/455/359 1460/456/359 
f 1121/469/260 1122/468/260 1119/467/260 
f 1119/467/260 1120/470/260 1121/469/260 
f 1074/471/258 1117/474/258 1118/473/258 
f 1118/473/258 1075/472/258 1074/471/258 
f 1121/476/290 1120/475/290 1075/472/290 
f 1075/472/290 1118/473/290 1121/476/290 
f 1074/471/291 1119/467/291 1122/468/291 
f 1122/468/291 1117/474/291 1074/471/291 
f 1127/478/260 1128/477/260 1125/480/260 
f 1125/480/260 1126/479/260 1127/478/260 
f 1124/481/292 1069/486/292 1075/485/292 
f 1075/485/292 1120/484/292 1126/483/292 
f 1124/481/292 1075/485/292 1126/483/292 
f 1124/481/292 1126/483/292 1125/482/292 
f 1123/488/258 1070/487/258 1069/486/258 
f 1069/486/258 1124/481/258 1123/488/258 
f 1127/478/293 1119/490/293 1074/489/293 
f 1127/478/293 1074/489/293 1070/487/293 
f 1127/478/293 1070/487/293 1123/488/293 
f 1128/477/293 1127/478/293 1123/488/293 
f 1465/491/293 1466/494/293 1467/493/293 
f 1467/493/293 1468/492/293 1465/491/293 
f 1467/496/260 1469/495/260 1470/498/260 
f 1470/498/260 1468/497/260 1467/496/260 
f 1471/499/292 1470/498/292 1469/495/292 
f 1469/495/292 1472/500/292 1471/499/292 
f 1465/491/258 1471/499/258 1472/500/258 
f 1472/500/258 1466/494/258 1465/491/258 
f 1137/503/266 1468/502/266 1470/501/266 
f 1470/501/266 1138/504/266 1137/503/266 
f 1139/506/293 1465/505/293 1468/508/293 
f 1468/508/293 1137/507/293 1139/506/293 
f 1139/506/264 1140/510/264 1471/509/264 
f 1471/509/264 1465/505/264 1139/506/264 
f 1470/501/292 1471/509/292 1140/510/292 
f 1140/510/292 1138/504/292 1470/501/292 
f 1473/511/292 1474/514/292 1475/513/292 
f 1475/513/292 1476/512/292 1473/511/292 
f 1477/515/266 1475/518/266 1474/517/266 
f 1474/517/266 1478/516/266 1477/515/266 
f 1479/514/360 1480/513/361 1481/512/361 
f 1481/512/361 1482/511/360 1479/514/360 
f 1483/520/264 1484/519/264 1473/522/264 
f 1473/522/264 1476/521/264 1483/520/264 
f 1459/523/292 1476/512/292 1475/513/292 
f 1475/513/292 1461/524/292 1459/523/292 
f 1485/526/266 1486/525/266 1477/515/266 
f 1477/515/266 1487/520/266 1485/526/266 
f 1488/523/293 1481/512/361 1480/513/361 
f 1480/513/361 1489/524/293 1488/523/293 
f 1490/526/264 1483/520/264 1476/521/264 
f 1476/521/264 1459/527/264 1490/526/264 
f 1161/530/292 1160/529/292 1491/528/292 
f 1491/528/292 1492/531/292 1161/530/292 
f 1493/534/264 1163/533/264 1161/532/264 
f 1161/532/264 1492/535/264 1493/534/264 
f 1494/528/362 1495/537/363 1496/536/363 
f 1496/536/363 1497/531/362 1494/528/362 
f 1491/541/266 1160/540/266 1170/539/266 
f 1170/539/266 1498/538/266 1491/541/266 
f 1499/542/292 1500/536/292 1501/537/292 
f 1501/537/292 1502/543/292 1499/542/292 
f 1499/546/264 1503/545/264 1504/544/264 
f 1504/544/264 1500/547/264 1499/546/264 
f 1495/537/363 1505/543/364 1506/542/364 
f 1506/542/364 1496/536/363 1495/537/363 
f 1507/549/266 1508/548/266 1502/551/266 
f 1502/551/266 1501/550/266 1507/549/266 
f 1509/552/292 1499/542/292 1502/543/292 
f 1502/543/292 1510/553/292 1509/552/292 
f 1499/546/264 1509/554/264 1511/555/264 
f 1511/555/264 1503/545/264 1499/546/264 
f 1505/543/364 1512/553/365 1513/552/365 
f 1513/552/365 1506/542/364 1505/543/364 
f 1514/557/266 1510/556/266 1502/551/266 
f 1502/551/266 1508/548/266 1514/557/266 
f 1509/552/292 1510/553/292 1515/558/292 
f 1515/558/292 1516/559/292 1509/552/292 
f 1509/554/264 1516/561/264 1517/560/264 
f 1517/560/264 1511/555/264 1509/554/264 
f 1513/552/365 1512/553/365 1518/558/366 
f 1518/558/366 1519/559/366 1513/552/365 
f 1510/556/266 1514/557/266 1520/563/266 
f 1520/563/266 1515/562/266 1510/556/266 
f 1521/564/292 1516/559/292 1515/558/292 
f 1515/558/292 1522/565/292 1521/564/292 
f 1523/567/264 1517/560/264 1516/561/264 
f 1516/561/264 1521/566/264 1523/567/264 
f 1524/565/367 1525/564/367 1519/559/366 
f 1519/559/366 1518/558/366 1524/565/367 
f 1520/563/266 1526/569/266 1522/568/266 
f 1522/568/266 1515/562/266 1520/563/266 
f 1521/564/292 1522/565/292 1474/514/292 
f 1474/514/292 1473/511/292 1521/564/292 
f 1521/566/264 1473/522/264 1484/519/264 
f 1484/519/264 1523/567/264 1521/566/264 
f 1525/564/367 1524/565/367 1479/514/360 
f 1479/514/360 1482/511/360 1525/564/367 
f 1474/517/266 1522/568/266 1526/569/266 
f 1526/569/266 1478/516/266 1474/517/266 
f 1475/518/266 1477/515/266 1486/525/266 
f 1486/525/266 1461/570/266 1475/518/266 
f 1527/515/264 1483/520/264 1490/526/264 
f 1490/526/264 1528/525/264 1527/515/264 
f 1486/573/260 1490/572/260 1459/571/260 
f 1459/571/260 1461/574/260 1486/573/260 
f 1485/575/260 1528/576/260 1490/572/260 
f 1490/572/260 1486/573/260 1485/575/260 
f 1485/575/260 1488/578/260 1489/577/260 
f 1489/577/260 1528/576/260 1485/575/260 
f 1487/520/266 1481/521/266 1488/527/266 
f 1488/527/266 1485/526/266 1487/520/266 
f 1482/522/266 1481/521/266 1487/520/266 
f 1487/520/266 1529/519/266 1482/522/266 
f 1525/566/266 1482/522/266 1529/519/266 
f 1529/519/266 1530/567/266 1525/566/266 
f 1531/560/266 1519/561/266 1525/566/266 
f 1525/566/266 1530/567/266 1531/560/266 
f 1532/555/266 1513/554/266 1519/561/266 
f 1519/561/266 1531/560/266 1532/555/266 
f 1513/554/266 1532/555/266 1533/545/266 
f 1533/545/266 1506/546/266 1513/554/266 
f 1534/544/266 1496/547/266 1506/546/266 
f 1506/546/266 1533/545/266 1534/544/266 
f 1496/547/266 1534/544/266 1535/534/266 
f 1535/534/266 1497/535/266 1496/547/266 
f 1495/550/264 1494/541/264 1536/538/264 
f 1536/538/264 1537/549/264 1495/550/264 
f 1538/548/264 1505/551/264 1495/550/264 
f 1495/550/264 1537/549/264 1538/548/264 
f 1539/557/264 1512/556/264 1505/551/264 
f 1505/551/264 1538/548/264 1539/557/264 
f 1518/562/264 1512/556/264 1539/557/264 
f 1539/557/264 1540/563/264 1518/562/264 
f 1541/569/264 1524/568/264 1518/562/264 
f 1518/562/264 1540/563/264 1541/569/264 
f 1541/569/264 1542/516/264 1479/517/264 
f 1479/517/264 1524/568/264 1541/569/264 
f 1527/515/264 1480/518/264 1479/517/264 
f 1479/517/264 1542/516/264 1527/515/264 
f 1527/515/264 1528/525/264 1489/570/264 
f 1489/570/264 1480/518/264 1527/515/264 
f 1529/581/368 1487/580/368 1527/579/368 
f 1527/579/368 1542/582/368 1529/581/368 
f 1529/581/369 1542/582/369 1541/584/369 
f 1541/584/369 1530/583/369 1529/581/369 
f 1540/586/370 1531/585/370 1530/583/370 
f 1530/583/370 1541/584/370 1540/586/370 
f 1539/587/371 1532/588/371 1531/585/371 
f 1531/585/371 1540/586/371 1539/587/371 
f 1539/587/372 1538/590/372 1533/589/372 
f 1533/589/372 1532/588/372 1539/587/372 
f 1537/592/373 1534/591/373 1533/589/373 
f 1533/589/373 1538/590/373 1537/592/373 
f 1536/594/374 1535/593/374 1534/591/374 
f 1534/591/374 1537/592/374 1536/594/374 
f 1508/590/293 1507/592/293 1504/591/293 
f 1504/591/293 1503/589/293 1508/590/293 
f 1511/588/293 1514/587/293 1508/590/293 
f 1508/590/293 1503/589/293 1511/588/293 
f 1517/585/293 1520/586/293 1514/587/293 
f 1514/587/293 1511/588/293 1517/585/293 
f 1526/584/293 1520/586/293 1517/585/293 
f 1517/585/293 1523/583/293 1526/584/293 
f 1484/581/293 1478/582/293 1526/584/293 
f 1526/584/293 1523/583/293 1484/581/293 
f 1478/582/293 1484/581/293 1483/580/293 
f 1483/580/293 1477/579/293 1478/582/293 
f 1487/598/258 1477/597/258 1483/596/258 
f 1483/596/258 1527/595/258 1487/598/258 
f 1498/538/266 1507/549/266 1501/550/266 
f 1501/550/266 1491/541/266 1498/538/266 
f 1498/594/293 1493/593/293 1504/591/293 
f 1504/591/293 1507/592/293 1498/594/293 
f 1500/547/264 1504/544/264 1493/534/264 
f 1493/534/264 1492/535/264 1500/547/264 
f 1492/531/292 1491/528/292 1501/537/292 
f 1501/537/292 1500/536/292 1492/531/292 
f 1535/534/266 1216/533/266 1215/532/266 
f 1215/532/266 1497/535/266 1535/534/266 
f 1218/540/264 1217/539/264 1536/538/264 
f 1536/538/264 1494/541/264 1218/540/264 
f 1218/529/309 1494/528/362 1497/531/362 
f 1497/531/362 1215/530/309 1218/529/309 
f 1163/533/264 1493/534/264 1536/538/264 
f 1536/538/264 1217/539/264 1163/533/264 
f 1216/533/266 1535/534/266 1498/538/266 
f 1498/538/266 1170/539/266 1216/533/266 
f 1535/602/260 1536/601/260 1493/600/260 
f 1493/600/260 1498/599/260 1535/602/260 
f 1543/397/260 1544/398/260 1545/399/260 
f 1545/399/260 1546/396/260 1543/397/260 
f 1547/403/375 1544/400/375 1543/401/375 
f 1543/401/375 1548/402/375 1547/403/375 
f 1547/403/258 1548/402/258 1549/405/258 
f 1549/405/258 1550/404/258 1547/403/258 
f 1549/405/376 1546/396/376 1545/399/376 
f 1545/399/376 1550/404/376 1549/405/376 
f 1551/408/260 1552/409/260 1553/406/260 
f 1553/406/260 1554/407/260 1551/408/260 
f 1551/410/377 1555/411/377 1556/412/377 
f 1556/412/377 1552/413/377 1551/410/377 
f 1555/411/258 1557/414/258 1558/415/258 
f 1558/415/258 1556/412/258 1555/411/258 
f 1554/407/378 1553/406/378 1558/415/378 
f 1558/415/378 1557/414/378 1554/407/378 
f 1559/417/266 1560/418/266 1561/419/266 
f 1561/419/266 1562/416/266 1559/417/266 
f 1560/418/379 1559/417/379 1563/420/379 
f 1563/420/379 1564/421/379 1560/418/379 
f 1564/423/264 1563/424/264 1565/425/264 
f 1565/425/264 1566/422/264 1564/423/264 
f 1561/419/380 1566/422/380 1565/425/380 
f 1565/425/380 1562/416/380 1561/419/380 
f 1567/411/266 1568/414/266 1569/415/266 
f 1569/415/266 1570/412/266 1567/411/266 
f 1570/412/381 1571/413/381 1572/410/381 
f 1572/410/381 1567/411/381 1570/412/381 
f 1572/408/264 1571/409/264 1573/406/264 
f 1573/406/264 1574/407/264 1572/408/264 
f 1573/406/382 1569/415/382 1568/414/382 
f 1568/414/382 1574/407/382 1573/406/382 
f 1302/427/383 1575/428/383 1576/429/383 
f 1576/429/383 1301/426/383 1302/427/383 
f 1577/430/384 1297/431/384 1300/432/384 
f 1300/432/384 1578/433/384 1577/430/384 
f 1578/433/385 1300/432/385 1579/435/386 
f 1579/435/386 1580/434/387 1578/433/385 
f 1581/437/388 1575/428/389 1302/427/389 
f 1302/427/389 1582/436/390 1581/437/388 
f 1576/429/391 1580/438/387 1579/439/386 
f 1579/439/386 1301/426/391 1576/429/391 
f 1297/431/392 1577/430/392 1581/437/388 
f 1581/437/388 1582/436/390 1297/431/392 
f 1583/443/328 1584/440/328 1585/441/328 
f 1585/441/328 1586/442/328 1583/443/328 
f 1587/445/393 1588/446/393 1585/447/393 
f 1585/447/393 1584/444/393 1587/445/393 
f 1589/448/330 1588/446/330 1587/445/330 
f 1587/445/330 1590/449/330 1589/448/330 
f 1590/449/394 1583/443/394 1586/442/394 
f 1586/442/394 1589/448/394 1590/449/394 
f 1438/450/354 1437/451/354 1586/442/354 
f 1586/442/354 1585/441/354 1438/450/354 
f 1438/453/355 1585/447/355 1588/446/355 
f 1588/446/355 1439/452/355 1438/453/355 
f 1440/454/356 1439/452/356 1588/446/356 
f 1588/446/356 1589/448/356 1440/454/356 
f 1586/442/357 1437/451/357 1440/454/357 
f 1440/454/357 1589/448/357 1586/442/357 
f 1591/458/266 1592/455/266 1593/456/266 
f 1593/456/266 1594/457/266 1591/458/266 
f 1595/459/264 1596/460/264 1597/461/264 
f 1597/461/264 1598/462/264 1595/459/264 
f 1591/466/358 1594/463/358 1595/464/358 
f 1595/464/358 1598/465/358 1591/466/358 
f 1592/455/359 1597/461/359 1596/460/359 
f 1596/460/359 1593/456/359 1592/455/359 
f 1599/456/266 1600/457/266 1601/458/266 
f 1601/458/266 1602/455/266 1599/456/266 
f 1603/459/264 1604/460/264 1605/461/264 
f 1605/461/264 1606/462/264 1603/459/264 
f 1601/466/358 1600/463/358 1603/464/358 
f 1603/464/358 1606/465/358 1601/466/358 
f 1602/455/359 1605/461/359 1604/460/359 
f 1604/460/359 1599/456/359 1602/455/359 
f 1607/455/266 1608/456/266 1609/457/266 
f 1609/457/266 1610/458/266 1607/455/266 
f 1611/460/264 1612/461/264 1613/462/264 
f 1613/462/264 1614/459/264 1611/460/264 
f 1610/466/358 1609/463/358 1614/464/358 
f 1614/464/358 1613/465/358 1610/466/358 
f 1607/455/359 1612/461/359 1611/460/359 
f 1611/460/359 1608/456/359 1607/455/359 
f 1297/467/260 1298/468/260 1299/469/260 
f 1299/469/260 1300/470/260 1297/467/260 
f 1257/471/258 1256/472/258 1295/473/258 
f 1295/473/258 1296/474/258 1257/471/258 
f 1295/473/332 1256/472/332 1300/475/332 
f 1300/475/332 1299/476/332 1295/473/332 
f 1296/474/333 1298/468/333 1297/467/333 
f 1297/467/333 1257/471/333 1296/474/333 
f 1128/477/260 1302/478/260 1301/479/260 
f 1301/479/260 1125/480/260 1128/477/260 
f 1125/482/292 1301/483/292 1300/484/292 
f 1300/484/292 1256/485/292 1253/486/292 
f 1125/482/292 1300/484/292 1253/486/292 
f 1124/481/292 1125/482/292 1253/486/292 
f 1252/487/258 1123/488/258 1124/481/258 
f 1124/481/258 1253/486/258 1252/487/258 
f 1123/488/293 1252/487/293 1257/489/293 
f 1257/489/293 1297/490/293 1302/478/293 
f 1123/488/293 1257/489/293 1302/478/293 
f 1128/477/293 1123/488/293 1302/478/293 
f 1466/494/293 1615/491/293 1616/492/293 
f 1616/492/293 1467/493/293 1466/494/293 
f 1469/495/260 1467/496/260 1616/497/260 
f 1616/497/260 1617/498/260 1469/495/260 
f 1469/495/292 1617/498/292 1618/499/292 
f 1618/499/292 1472/500/292 1469/495/292 
f 1472/500/258 1618/499/258 1615/491/258 
f 1615/491/258 1466/494/258 1472/500/258 
f 1308/504/264 1617/501/264 1616/502/264 
f 1616/502/264 1307/503/264 1308/504/264 
f 1615/505/293 1309/506/293 1307/507/293 
f 1307/507/293 1616/508/293 1615/505/293 
f 1309/506/266 1615/505/266 1618/509/266 
f 1618/509/266 1310/510/266 1309/506/266 
f 1308/504/292 1310/510/292 1618/509/292 
f 1618/509/292 1617/501/292 1308/504/292 
f 1619/512/292 1620/513/292 1621/514/292 
f 1621/514/292 1622/511/292 1619/512/292 
f 1623/515/264 1624/516/264 1621/517/264 
f 1621/517/264 1620/518/264 1623/515/264 
f 1625/511/360 1626/512/361 1627/513/361 
f 1627/513/361 1628/514/360 1625/511/360 
f 1629/520/266 1619/521/266 1622/522/266 
f 1622/522/266 1630/519/266 1629/520/266 
f 1619/512/292 1609/523/292 1614/524/292 
f 1614/524/292 1620/513/292 1619/512/292 
f 1631/520/264 1623/515/264 1632/525/264 
f 1632/525/264 1633/526/264 1631/520/264 
f 1634/523/293 1635/524/293 1627/513/361 
f 1627/513/361 1626/512/361 1634/523/293 
f 1619/521/266 1629/520/266 1636/526/266 
f 1636/526/266 1609/527/266 1619/521/266 
f 1332/530/292 1637/531/292 1638/528/292 
f 1638/528/292 1329/529/292 1332/530/292 
f 1332/532/266 1333/533/266 1639/534/266 
f 1639/534/266 1637/535/266 1332/532/266 
f 1640/536/363 1641/537/363 1642/528/362 
f 1642/528/362 1643/531/362 1640/536/363 
f 1329/540/264 1638/541/264 1644/538/264 
f 1644/538/264 1339/539/264 1329/540/264 
f 1645/543/292 1646/537/292 1647/536/292 
f 1647/536/292 1648/542/292 1645/543/292 
f 1647/547/266 1649/544/266 1650/545/266 
f 1650/545/266 1648/546/266 1647/547/266 
f 1651/542/364 1652/543/364 1641/537/363 
f 1641/537/363 1640/536/363 1651/542/364 
f 1653/548/264 1654/549/264 1646/550/264 
f 1646/550/264 1645/551/264 1653/548/264 
f 1645/543/292 1648/542/292 1655/552/292 
f 1655/552/292 1656/553/292 1645/543/292 
f 1655/554/266 1648/546/266 1650/545/266 
f 1650/545/266 1657/555/266 1655/554/266 
f 1658/553/365 1652/543/364 1651/542/364 
f 1651/542/364 1659/552/365 1658/553/365 
f 1656/556/264 1660/557/264 1653/548/264 
f 1653/548/264 1645/551/264 1656/556/264 
f 1661/558/292 1656/553/292 1655/552/292 
f 1655/552/292 1662/559/292 1661/558/292 
f 1657/555/266 1663/560/266 1662/561/266 
f 1662/561/266 1655/554/266 1657/555/266 
f 1659/552/365 1664/559/366 1665/558/366 
f 1665/558/366 1658/553/365 1659/552/365 
f 1661/562/264 1666/563/264 1660/557/264 
f 1660/557/264 1656/556/264 1661/562/264 
f 1661/558/292 1662/559/292 1667/564/292 
f 1667/564/292 1668/565/292 1661/558/292 
f 1669/567/266 1667/566/266 1662/561/266 
f 1662/561/266 1663/560/266 1669/567/266 
f 1670/565/367 1665/558/366 1664/559/366 
f 1664/559/366 1671/564/367 1670/565/367 
f 1661/562/264 1668/568/264 1672/569/264 
f 1672/569/264 1666/563/264 1661/562/264 
f 1668/565/292 1667/564/292 1622/511/292 
f 1622/511/292 1621/514/292 1668/565/292 
f 1622/522/266 1667/566/266 1669/567/266 
f 1669/567/266 1630/519/266 1622/522/266 
f 1671/564/367 1625/511/360 1628/514/360 
f 1628/514/360 1670/565/367 1671/564/367 
f 1624/516/264 1672/569/264 1668/568/264 
f 1668/568/264 1621/517/264 1624/516/264 
f 1632/525/264 1623/515/264 1620/518/264 
f 1620/518/264 1614/570/264 1632/525/264 
f 1629/520/266 1673/515/266 1674/525/266 
f 1674/525/266 1636/526/266 1629/520/266 
f 1632/573/260 1614/574/260 1609/571/260 
f 1609/571/260 1636/572/260 1632/573/260 
f 1636/572/260 1674/576/260 1633/575/260 
f 1633/575/260 1632/573/260 1636/572/260 
f 1633/575/260 1674/576/260 1635/577/260 
f 1635/577/260 1634/578/260 1633/575/260 
f 1634/527/264 1626/521/264 1631/520/264 
f 1631/520/264 1633/526/264 1634/527/264 
f 1626/521/264 1625/522/264 1675/519/264 
f 1675/519/264 1631/520/264 1626/521/264 
f 1676/567/264 1675/519/264 1625/522/264 
f 1625/522/264 1671/566/264 1676/567/264 
f 1676/567/264 1671/566/264 1664/561/264 
f 1664/561/264 1677/560/264 1676/567/264 
f 1678/555/264 1677/560/264 1664/561/264 
f 1664/561/264 1659/554/264 1678/555/264 
f 1659/554/264 1651/546/264 1679/545/264 
f 1679/545/264 1678/555/264 1659/554/264 
f 1640/547/264 1680/544/264 1679/545/264 
f 1679/545/264 1651/546/264 1640/547/264 
f 1680/544/264 1640/547/264 1643/535/264 
f 1643/535/264 1681/534/264 1680/544/264 
f 1682/538/266 1642/541/266 1641/550/266 
f 1641/550/266 1683/549/266 1682/538/266 
f 1684/548/266 1683/549/266 1641/550/266 
f 1641/550/266 1652/551/266 1684/548/266 
f 1684/548/266 1652/551/266 1658/556/266 
f 1658/556/266 1685/557/266 1684/548/266 
f 1686/563/266 1685/557/266 1658/556/266 
f 1658/556/266 1665/562/266 1686/563/266 
f 1665/562/266 1670/568/266 1687/569/266 
f 1687/569/266 1686/563/266 1665/562/266 
f 1688/516/266 1687/569/266 1670/568/266 
f 1670/568/266 1628/517/266 1688/516/266 
f 1627/518/266 1673/515/266 1688/516/266 
f 1688/516/266 1628/517/266 1627/518/266 
f 1627/518/266 1635/570/266 1674/525/266 
f 1674/525/266 1673/515/266 1627/518/266 
f 1688/582/368 1673/579/368 1631/580/368 
f 1631/580/368 1675/581/368 1688/582/368 
f 1687/584/369 1688/582/369 1675/581/369 
f 1675/581/369 1676/583/369 1687/584/369 
f 1687/584/370 1676/583/370 1677/585/370 
f 1677/585/370 1686/586/370 1687/584/370 
f 1678/588/371 1685/587/371 1686/586/371 
f 1686/586/371 1677/585/371 1678/588/371 
f 1678/588/372 1679/589/372 1684/590/372 
f 1684/590/372 1685/587/372 1678/588/372 
f 1679/589/373 1680/591/373 1683/592/373 
f 1683/592/373 1684/590/373 1679/589/373 
f 1683/592/374 1680/591/374 1681/593/374 
f 1681/593/374 1682/594/374 1683/592/374 
f 1653/590/293 1650/589/293 1649/591/293 
f 1649/591/293 1654/592/293 1653/590/293 
f 1657/588/293 1650/589/293 1653/590/293 
f 1653/590/293 1660/587/293 1657/588/293 
f 1660/587/293 1666/586/293 1663/585/293 
f 1663/585/293 1657/588/293 1660/587/293 
f 1669/583/293 1663/585/293 1666/586/293 
f 1666/586/293 1672/584/293 1669/583/293 
f 1624/582/293 1630/581/293 1669/583/293 
f 1669/583/293 1672/584/293 1624/582/293 
f 1630/581/293 1624/582/293 1623/579/293 
f 1623/579/293 1629/580/293 1630/581/293 
f 1629/596/258 1623/597/258 1631/598/258 
f 1631/598/258 1673/595/258 1629/596/258 
f 1644/538/264 1638/541/264 1646/550/264 
f 1646/550/264 1654/549/264 1644/538/264 
f 1649/591/293 1639/593/293 1644/594/293 
f 1644/594/293 1654/592/293 1649/591/293 
f 1637/535/266 1639/534/266 1649/544/266 
f 1649/544/266 1647/547/266 1637/535/266 
f 1638/528/292 1637/531/292 1647/536/292 
f 1647/536/292 1646/537/292 1638/528/292 
f 1681/534/264 1643/535/264 1386/532/264 
f 1386/532/264 1385/533/264 1681/534/264 
f 1642/541/266 1682/538/266 1387/539/266 
f 1387/539/266 1388/540/266 1642/541/266 
f 1386/530/309 1643/531/362 1642/528/362 
f 1642/528/362 1388/529/309 1386/530/309 
f 1387/539/266 1682/538/266 1639/534/266 
f 1639/534/266 1333/533/266 1387/539/266 
f 1644/538/264 1681/534/264 1385/533/264 
f 1385/533/264 1339/539/264 1644/538/264 
f 1681/602/260 1644/599/260 1639/600/260 
f 1639/600/260 1682/601/260 1681/602/260 
# 1096 faces

#
# object Window_Plane_01_low
#

v  -9.6376 28.4726 67.2483
v  -9.6376 38.2878 54.8941
v  2.4337 38.2878 54.8941
v  16.4441 28.4726 67.2483
v  -21.7089 38.2878 54.8941
v  -35.7193 28.4726 67.2483
v  -9.6376 38.2878 54.3041
v  -9.6376 28.4726 41.9499
v  16.4441 28.4726 41.9499
v  2.4337 38.2878 54.3041
v  -35.7193 28.4726 41.9499
v  -21.7089 38.2878 54.3041
# 12 vertices

vn 0.0000 0.0000 1.0000
# 1 vertex normals

vt 0.4296 0.7000 0.0000
vt 0.0020 0.7007 0.0000
vt 0.0020 0.3771 0.0000
vt 0.4296 0.0020 0.0000
# 4 texture coords

o Window_Plane_01_low
g Window_Plane_01_low
usemtl Skylight_Material__47
s off
f 1689/603/395 1690/604/395 1691/605/395 
f 1691/605/395 1692/606/395 1689/603/395 
f 1693/605/395 1690/604/395 1689/603/395 
f 1689/603/395 1694/606/395 1693/605/395 
f 1695/604/395 1696/603/395 1697/606/395 
f 1697/606/395 1698/605/395 1695/604/395 
f 1699/606/395 1696/603/395 1695/604/395 
f 1695/604/395 1700/605/395 1699/606/395 
# 8 faces

#
# object Window_Plane_02_low
#

v  2.5476 38.3005 54.5990
v  16.6597 28.6302 54.5990
v  16.6597 28.6302 67.1648
v  2.5476 38.3005 54.7905
v  -35.9349 28.6302 54.5990
v  -21.8228 38.3005 54.5990
v  -21.8228 38.3005 54.7905
v  -35.9349 28.6302 67.1648
v  16.6597 28.6302 42.0333
v  2.5476 38.3005 54.4076
v  -21.8228 38.3005 54.4076
v  -35.9349 28.6302 42.0333
# 12 vertices

vn 0.0000 0.0000 1.0000
# 1 vertex normals

vt 0.7176 0.5759 0.0000
vt 0.4347 0.2561 0.0000
vt 0.7220 0.0020 0.0000
vt 0.7220 0.5720 0.0000
# 4 texture coords

o Window_Plane_02_low
g Window_Plane_02_low
usemtl Skylight_Material__47
s off
f 1701/607/396 1702/608/396 1703/609/396 
f 1703/609/396 1704/610/396 1701/607/396 
f 1705/608/396 1706/607/396 1707/610/396 
f 1707/610/396 1708/609/396 1705/608/396 
f 1709/609/396 1702/608/396 1701/607/396 
f 1701/607/396 1710/610/396 1709/609/396 
f 1711/610/396 1706/607/396 1705/608/396 
f 1705/608/396 1712/609/396 1711/610/396 
# 8 faces

