# 3ds Max Wavefront OBJ Exporter v0.99 - (c)2007 guruware
# File Created: 29.10.2025 12:36:25

mtllib Pixar Ball.mtl

#
# object Pixar_Ball
#

v  0.2603 1.1808 -7.0000
v  0.2600 1.2290 -7.0015
v  0.3168 1.2268 -7.0098
v  0.3133 1.1787 -7.0077
v  0.3719 2.1595 -6.3666
v  0.3799 2.1750 -6.3216
v  0.4697 2.1714 -6.3347
v  0.4632 2.1559 -6.3799
v  0.2609 1.1327 -6.9961
v  0.3100 1.1308 -7.0033
v  0.3642 2.1418 -6.4108
v  0.4567 2.1381 -6.4243
v  0.5618 1.8659 -5.2899
v  0.5670 1.8281 -5.2604
v  0.5665 1.8657 -5.2906
v  0.2620 1.0849 -6.9900
v  0.3070 1.0831 -6.9965
v  0.3565 2.1219 -6.4541
v  0.4501 2.1182 -6.4677
v  0.5563 1.9022 -5.3212
v  0.5656 1.9018 -5.3226
v  0.2635 1.0374 -6.9815
v  0.3043 1.0358 -6.9874
v  0.3491 2.0999 -6.4963
v  0.4434 2.0961 -6.5101
v  0.5505 1.9369 -5.3542
v  0.5644 1.9363 -5.3563
v  0.2654 0.9904 -6.9707
v  0.3019 0.9890 -6.9760
v  0.3418 2.0758 -6.5375
v  0.4367 2.0720 -6.5514
v  0.5443 1.9699 -5.3889
v  0.5629 1.9691 -5.3916
v  0.2677 0.9440 -6.9577
v  0.2999 0.9427 -6.9624
v  0.3348 2.0496 -6.5775
v  0.4300 2.0459 -6.5914
v  0.5380 2.0011 -5.4251
v  0.5611 2.0002 -5.4285
v  0.2704 0.8983 -6.9424
v  0.2981 0.8972 -6.9465
v  0.3280 2.0216 -6.6161
v  0.4233 2.0178 -6.6300
v  0.5313 2.0305 -5.4628
v  0.5590 2.0294 -5.4668
v  0.2735 0.8534 -6.9250
v  0.2967 0.8525 -6.9284
v  0.3214 1.9916 -6.6533
v  0.4167 1.9878 -6.6672
v  0.5244 2.0580 -5.5018
v  0.5566 2.0567 -5.5065
v  0.2769 0.8095 -6.9054
v  0.2955 0.8087 -6.9081
v  0.3151 1.9598 -6.6891
v  0.4100 1.9560 -6.7029
v  0.5173 2.0835 -5.5422
v  0.5538 2.0820 -5.5475
v  0.2808 0.7665 -6.8837
v  0.2948 0.7660 -6.8858
v  0.3091 1.9263 -6.7232
v  0.4034 1.9225 -6.7370
v  0.5100 2.1069 -5.5837
v  0.5508 2.1053 -5.5896
v  0.2849 0.7247 -6.8600
v  0.2943 0.7244 -6.8614
v  0.3033 1.8911 -6.7557
v  0.3969 1.8874 -6.7694
v  0.5025 2.1283 -5.6263
v  0.5474 2.1265 -5.6329
v  0.2895 0.6842 -6.8343
v  0.2942 0.6840 -6.8350
v  0.2979 1.8543 -6.7865
v  0.3904 1.8506 -6.8000
v  0.4948 2.1475 -5.6699
v  0.5438 2.1456 -5.6770
v  0.2944 0.6449 -6.8066
v  0.2928 1.8160 -6.8154
v  0.3841 1.8124 -6.8288
v  0.4870 2.1645 -5.7143
v  0.5399 2.1624 -5.7221
v  0.2880 1.7764 -6.8425
v  0.3778 1.7728 -6.8556
v  0.4790 2.1793 -5.7596
v  0.5358 2.1771 -5.7679
v  0.2836 1.7354 -6.8676
v  0.3717 1.7319 -6.8805
v  0.4709 2.1918 -5.8055
v  0.5314 2.1894 -5.8143
v  0.2795 1.6933 -6.8907
v  0.3658 1.6898 -6.9033
v  0.4627 2.2021 -5.8519
v  0.5268 2.1995 -5.8612
v  0.2758 1.6500 -6.9117
v  0.3599 1.6467 -6.9240
v  0.4544 2.2099 -5.8988
v  0.5219 2.2073 -5.9086
v  0.2725 1.6057 -6.9307
v  0.3543 1.6025 -6.9426
v  0.4461 2.2155 -5.9460
v  0.5168 2.2127 -5.9563
v  0.2695 1.5606 -6.9474
v  0.3488 1.5575 -6.9590
v  0.4378 2.2187 -5.9934
v  0.5115 2.2157 -6.0041
v  0.2670 1.5147 -6.9620
v  0.3436 1.5116 -6.9732
v  0.4294 2.2195 -6.0409
v  0.5060 2.2164 -6.0521
v  0.2648 1.4681 -6.9743
v  0.3385 1.4652 -6.9851
v  0.4210 2.2179 -6.0884
v  0.5003 2.2148 -6.1000
v  0.2630 1.4209 -6.9844
v  0.3337 1.4181 -6.9947
v  0.4127 2.2140 -6.1357
v  0.4945 2.2108 -6.1477
v  0.2616 1.3733 -6.9921
v  0.3291 1.3706 -7.0020
v  0.4043 2.2077 -6.1829
v  0.4885 2.2044 -6.1951
v  0.2607 1.3254 -6.9976
v  0.3247 1.3229 -7.0069
v  0.3961 2.1991 -6.2296
v  0.4823 2.1957 -6.2422
v  0.2601 1.2773 -7.0007
v  0.3206 1.2749 -7.0096
v  0.3879 2.1882 -6.2759
v  0.4761 2.1847 -6.2887
v  0.4677 1.7622 -6.8633
v  0.4599 1.7215 -6.8880
v  0.5927 2.1703 -5.7727
v  0.5920 2.1823 -5.8195
v  0.4520 1.6796 -6.9107
v  0.5909 2.1919 -5.8667
v  0.4441 1.6367 -6.9312
v  0.5894 2.1993 -5.9144
v  0.4362 1.5928 -6.9496
v  0.5875 2.2043 -5.9624
v  0.4282 1.5481 -6.9658
v  0.5853 2.2070 -6.0105
v  0.4202 1.5026 -6.9797
v  0.5827 2.2074 -6.0586
v  0.4123 1.4564 -6.9914
v  0.5797 2.2054 -6.1068
v  0.4044 1.4097 -7.0007
v  0.5763 2.2011 -6.1547
v  0.3966 1.3627 -7.0078
v  0.5726 2.1944 -6.2023
v  0.3888 1.3153 -7.0124
v  0.5686 2.1855 -6.2496
v  0.3812 1.2677 -7.0147
v  0.5642 2.1743 -6.2963
v  0.3737 1.2200 -7.0147
v  0.5596 2.1608 -6.3424
v  0.3663 1.1724 -7.0123
v  0.5546 2.1451 -6.3877
v  0.3590 1.1249 -7.0075
v  0.5493 2.1271 -6.4322
v  0.5712 1.8652 -5.2910
v  0.3520 1.0778 -7.0004
v  0.5437 2.1071 -6.4757
v  0.5750 1.9007 -5.3234
v  0.3451 1.0309 -6.9909
v  0.5378 2.0849 -6.5182
v  0.5785 1.9347 -5.3575
v  0.3385 0.9846 -6.9792
v  0.5317 2.0608 -6.5595
v  0.5816 1.9669 -5.3932
v  0.3320 0.9389 -6.9651
v  0.5254 2.0346 -6.5995
v  0.5843 1.9975 -5.4305
v  0.3258 0.8939 -6.9489
v  0.5188 2.0065 -6.6382
v  0.5867 2.0261 -5.4692
v  0.3199 0.8498 -6.9304
v  0.5120 1.9765 -6.6754
v  0.5887 2.0529 -5.5093
v  0.3142 0.8065 -6.9097
v  0.5050 1.9448 -6.7111
v  0.5903 2.0777 -5.5506
v  0.3088 0.7643 -6.8870
v  0.4978 1.9113 -6.7451
v  0.5916 2.1005 -5.5931
v  0.3036 0.7233 -6.8622
v  0.4905 1.8763 -6.7774
v  0.5924 2.1212 -5.6367
v  0.2988 0.6834 -6.8354
v  0.4830 1.8397 -6.8079
v  0.5929 2.1398 -5.6812
v  0.4754 1.8016 -6.8366
v  0.5930 2.1562 -5.7266
v  0.5376 1.6627 -6.9128
v  0.5276 1.6202 -6.9333
v  0.6544 2.1794 -5.8683
v  0.6563 2.1860 -5.9161
v  0.5173 1.5767 -6.9517
v  0.6576 2.1904 -5.9641
v  0.5069 1.5325 -6.9678
v  0.6584 2.1925 -6.0123
v  0.4962 1.4875 -6.9816
v  0.6586 2.1923 -6.0605
v  0.4854 1.4419 -6.9932
v  0.6583 2.1898 -6.1087
v  0.4745 1.3959 -7.0025
v  0.6575 2.1850 -6.1567
v  0.4635 1.3494 -7.0094
v  0.6561 2.1779 -6.2044
v  0.4524 1.3027 -7.0140
v  0.6541 2.1686 -6.2517
v  0.4412 1.2558 -7.0162
v  0.6516 2.1570 -6.2985
v  0.4300 1.2089 -7.0161
v  0.6486 2.1431 -6.3446
v  0.4188 1.1620 -7.0136
v  0.6451 2.1271 -6.3900
v  0.4077 1.1153 -7.0087
v  0.6410 2.1090 -6.4345
v  0.5758 1.8642 -5.2911
v  0.3966 1.0689 -7.0015
v  0.6365 2.0887 -6.4781
v  0.5843 1.8989 -5.3236
v  0.3856 1.0229 -6.9919
v  0.6314 2.0664 -6.5205
v  0.5923 1.9319 -5.3578
v  0.3747 0.9775 -6.9801
v  0.6259 2.0421 -6.5619
v  0.6000 1.9633 -5.3937
v  0.3639 0.9326 -6.9659
v  0.6199 2.0159 -6.6019
v  0.6073 1.9929 -5.4311
v  0.3533 0.8885 -6.9496
v  0.6134 1.9878 -6.6406
v  0.6142 2.0207 -5.4699
v  0.3428 0.8452 -6.9310
v  0.6065 1.9578 -6.6778
v  0.6206 2.0466 -5.5101
v  0.3326 0.8029 -6.9102
v  0.5991 1.9262 -6.7134
v  0.6265 2.0706 -5.5515
v  0.3226 0.7616 -6.8873
v  0.5914 1.8928 -6.7474
v  0.6320 2.0925 -5.5942
v  0.3129 0.7214 -6.8624
v  0.5833 1.8579 -6.7797
v  0.6370 2.1124 -5.6378
v  0.3035 0.6825 -6.8355
v  0.5748 1.8215 -6.8102
v  0.6415 2.1301 -5.6825
v  0.5659 1.7837 -6.8388
v  0.6455 2.1458 -5.7279
v  0.5568 1.7446 -6.8655
v  0.6490 2.1592 -5.7741
v  0.5473 1.7042 -6.8902
v  0.6520 2.1704 -5.8210
v  0.5969 1.5545 -6.9487
v  0.5841 1.5109 -6.9649
v  0.7264 2.1712 -5.9615
v  0.7302 2.1725 -6.0096
v  0.5708 1.4667 -6.9788
v  0.7332 2.1715 -6.0577
v  0.5572 1.4219 -6.9905
v  0.7355 2.1682 -6.1058
v  0.5433 1.3766 -6.9999
v  0.7371 2.1628 -6.1537
v  0.5291 1.3311 -7.0070
v  0.7380 2.1550 -6.2013
v  0.5147 1.2853 -7.0117
v  0.7381 2.1451 -6.2486
v  0.5001 1.2393 -7.0140
v  0.7374 2.1330 -6.2953
v  0.4853 1.1934 -7.0140
v  0.7360 2.1187 -6.3413
v  0.4704 1.1476 -7.0117
v  0.7339 2.1023 -6.3867
v  0.4554 1.1020 -7.0069
v  0.7311 2.0838 -6.4311
v  0.5804 1.8630 -5.2909
v  0.4403 1.0567 -6.9999
v  0.7275 2.0633 -6.4746
v  0.5934 1.8963 -5.3233
v  0.4253 1.0118 -6.9905
v  0.7232 2.0408 -6.5171
v  0.6060 1.9281 -5.3573
v  0.4102 0.9675 -6.9787
v  0.7183 2.0163 -6.5584
v  0.6181 1.9582 -5.3930
v  0.3952 0.9239 -6.9648
v  0.7126 1.9900 -6.5984
v  0.6299 1.9866 -5.4302
v  0.3802 0.8810 -6.9485
v  0.7062 1.9618 -6.6371
v  0.6411 2.0132 -5.4689
v  0.3654 0.8389 -6.9301
v  0.6992 1.9319 -6.6743
v  0.6519 2.0379 -5.5089
v  0.3507 0.7978 -6.9095
v  0.6915 1.9003 -6.7099
v  0.6621 2.0606 -5.5502
v  0.3363 0.7578 -6.8868
v  0.6832 1.8672 -6.7440
v  0.6717 2.0814 -5.5927
v  0.3220 0.7189 -6.8621
v  0.6743 1.8325 -6.7763
v  0.6808 2.1001 -5.6362
v  0.3080 0.6812 -6.8353
v  0.6648 1.7963 -6.8068
v  0.6893 2.1168 -5.6807
v  0.6548 1.7589 -6.8355
v  0.6971 2.1313 -5.7260
v  0.6442 1.7201 -6.8622
v  0.7043 2.1437 -5.7721
v  0.6331 1.6802 -6.8870
v  0.7109 2.1539 -5.8188
v  0.6215 1.6392 -6.9097
v  0.7167 2.1619 -5.8660
v  0.6094 1.5973 -6.9302
v  0.7219 2.1677 -5.9136
v  0.6432 1.4402 -6.9714
v  0.6269 1.3964 -6.9833
v  0.8057 2.1450 -6.0503
v  0.8105 2.1408 -6.0981
v  0.6101 1.3522 -6.9930
v  0.8145 2.1345 -6.1458
v  0.5929 1.3078 -7.0004
v  0.8175 2.1260 -6.1931
v  0.5753 1.2631 -7.0054
v  0.8196 2.1153 -6.2402
v  0.5573 1.2184 -7.0081
v  0.8207 2.1026 -6.2867
v  0.5391 1.1738 -7.0085
v  0.8210 2.0877 -6.3326
v  0.5205 1.1293 -7.0065
v  0.8202 2.0708 -6.3777
v  0.5018 1.0850 -7.0021
v  0.8186 2.0519 -6.4221
v  0.5848 1.8614 -5.2905
v  0.4829 1.0412 -6.9955
v  0.8160 2.0310 -6.4655
v  0.6022 1.8931 -5.3223
v  0.4638 0.9978 -6.9865
v  0.8125 2.0082 -6.5079
v  0.6192 1.9233 -5.3559
v  0.4447 0.9549 -6.9752
v  0.8080 1.9835 -6.5491
v  0.6357 1.9518 -5.3912
v  0.4255 0.9128 -6.9616
v  0.8027 1.9571 -6.5891
v  0.6518 1.9786 -5.4279
v  0.4064 0.8714 -6.9458
v  0.7964 1.9289 -6.6278
v  0.6673 2.0036 -5.4662
v  0.3873 0.8309 -6.9278
v  0.7893 1.8990 -6.6650
v  0.6822 2.0268 -5.5058
v  0.3683 0.7914 -6.9077
v  0.7813 1.8675 -6.7007
v  0.6966 2.0480 -5.5466
v  0.3495 0.7529 -6.8855
v  0.7725 1.8346 -6.7348
v  0.7103 2.0673 -5.5887
v  0.3309 0.7157 -6.8611
v  0.7628 1.8002 -6.7672
v  0.7233 2.0846 -5.6318
v  0.3125 0.6796 -6.8349
v  0.7523 1.7644 -6.7978
v  0.7356 2.0999 -5.6759
v  0.7411 1.7273 -6.8266
v  0.7472 2.1130 -5.7208
v  0.7291 1.6891 -6.8535
v  0.7580 2.1241 -5.7665
v  0.7164 1.6498 -6.8784
v  0.7681 2.1330 -5.8129
v  0.7030 1.6095 -6.9013
v  0.7773 2.1398 -5.8597
v  0.6890 1.5682 -6.9220
v  0.7857 2.1444 -5.9070
v  0.6743 1.5262 -6.9407
v  0.7932 2.1468 -5.9546
v  0.6590 1.4835 -6.9571
v  0.7999 2.1470 -6.0024
v  0.6743 1.3229 -6.9819
v  0.6542 1.2798 -6.9898
v  0.8888 2.1005 -6.1329
v  0.8939 2.0911 -6.1799
v  0.6335 1.2365 -6.9953
v  0.8979 2.0795 -6.2266
v  0.6123 1.1933 -6.9986
v  0.9008 2.0660 -6.2728
v  0.5907 1.1502 -6.9995
v  0.9026 2.0504 -6.3184
v  0.5687 1.1073 -6.9981
v  0.9032 2.0329 -6.3634
v  0.5463 1.0647 -6.9944
v  0.9027 2.0134 -6.4075
v  0.5890 1.8594 -5.2897
v  0.5237 1.0225 -6.9884
v  0.9010 1.9921 -6.4508
v  0.6107 1.8892 -5.3209
v  0.5009 0.9808 -6.9801
v  0.8982 1.9690 -6.4930
v  0.6319 1.9175 -5.3537
v  0.4779 0.9398 -6.9694
v  0.8943 1.9441 -6.5342
v  0.6526 1.9441 -5.3882
v  0.4547 0.8994 -6.9566
v  0.8892 1.9175 -6.5741
v  0.6728 1.9690 -5.4243
v  0.4316 0.8599 -6.9415
v  0.8831 1.8893 -6.6127
v  0.6925 1.9921 -5.4618
v  0.4084 0.8213 -6.9242
v  0.8759 1.8594 -6.6500
v  0.7114 2.0134 -5.5007
v  0.3852 0.7837 -6.9048
v  0.8675 1.8281 -6.6857
v  0.7298 2.0329 -5.5409
v  0.3622 0.7471 -6.8832
v  0.8582 1.7954 -6.7199
v  0.7473 2.0504 -5.5823
v  0.3394 0.7118 -6.8597
v  0.8478 1.7613 -6.7524
v  0.7642 2.0659 -5.6247
v  0.3167 0.6777 -6.8341
v  0.8364 1.7260 -6.7832
v  0.7802 2.0795 -5.6682
v  0.8240 1.6894 -6.8122
v  0.7954 2.0910 -5.7125
v  0.8107 1.6518 -6.8393
v  0.8097 2.1005 -5.7576
v  0.7965 1.6132 -6.8645
v  0.8231 2.1079 -5.8033
v  0.7814 1.5737 -6.8877
v  0.8355 2.1132 -5.8496
v  0.7654 1.5333 -6.9088
v  0.8470 2.1164 -5.8964
v  0.7486 1.4923 -6.9278
v  0.8574 2.1174 -5.9435
v  0.7311 1.4506 -6.9446
v  0.8669 2.1164 -5.9908
v  0.7128 1.4084 -6.9593
v  0.8753 2.1132 -6.0382
v  0.6939 1.3658 -6.9717
v  0.8826 2.1079 -6.0856
v  0.6888 1.2057 -6.9815
v  0.6645 1.1642 -6.9855
v  0.9723 2.0380 -6.2079
v  0.9769 2.0236 -6.2538
v  0.6397 1.1229 -6.9873
v  0.9801 2.0072 -6.2990
v  0.6144 1.0818 -6.9867
v  0.9819 1.9890 -6.3437
v  0.5887 1.0411 -6.9838
v  0.9825 1.9689 -6.3875
v  0.5931 1.8572 -5.2887
v  0.5625 1.0009 -6.9787
v  0.9817 1.9471 -6.4306
v  0.6188 1.8847 -5.3189
v  0.5361 0.9612 -6.9712
v  0.9796 1.9236 -6.4726
v  0.6440 1.9107 -5.3507
v  0.5094 0.9222 -6.9616
v  0.9762 1.8984 -6.5137
v  0.6687 1.9351 -5.3842
v  0.4825 0.8840 -6.9496
v  0.9714 1.8717 -6.5535
v  0.6928 1.9578 -5.4193
v  0.4554 0.8466 -6.9355
v  0.9654 1.8434 -6.5921
v  0.7164 1.9788 -5.4558
v  0.4284 0.8101 -6.9192
v  0.9581 1.8136 -6.6294
v  0.7392 1.9980 -5.4938
v  0.4013 0.7747 -6.9008
v  0.9495 1.7825 -6.6652
v  0.7613 2.0153 -5.5330
v  0.3743 0.7404 -6.8802
v  0.9396 1.7500 -6.6995
v  0.7825 2.0308 -5.5735
v  0.3474 0.7073 -6.8577
v  0.9285 1.7163 -6.7322
v  0.8030 2.0443 -5.6150
v  0.3208 0.6754 -6.8331
v  0.9162 1.6814 -6.7632
v  0.8225 2.0559 -5.6576
v  0.9028 1.6455 -6.7925
v  0.8411 2.0655 -5.7010
v  0.8882 1.6086 -6.8199
v  0.8587 2.0732 -5.7453
v  0.8725 1.5708 -6.8455
v  0.8753 2.0788 -5.7903
v  0.8558 1.5322 -6.8691
v  0.8908 2.0824 -5.8358
v  0.8380 1.4928 -6.8906
v  0.9052 2.0839 -5.8818
v  0.8192 1.4529 -6.9101
v  0.9184 2.0834 -5.9282
v  0.7995 1.4124 -6.9275
v  0.9305 2.0809 -5.9749
v  0.7790 1.3715 -6.9427
v  0.9414 2.0763 -6.0217
v  0.7575 1.3303 -6.9558
v  0.9510 2.0698 -6.0685
v  0.7353 1.2889 -6.9666
v  0.9594 2.0612 -6.1152
v  0.7124 1.2473 -6.9752
v  0.9665 2.0506 -6.1617
v  0.6857 1.0920 -6.9718
v  0.6573 1.0530 -6.9723
v  1.0527 1.9585 -6.2746
v  1.0558 1.9395 -6.3188
v  0.6283 1.0145 -6.9705
v  1.0573 1.9187 -6.3623
v  0.5969 1.8546 -5.2874
v  0.5989 0.9765 -6.9664
v  1.0574 1.8964 -6.4051
v  0.6263 1.8797 -5.3163
v  0.5691 0.9391 -6.9601
v  1.0559 1.8724 -6.4469
v  0.6553 1.9031 -5.3469
v  0.5389 0.9024 -6.9516
v  1.0530 1.8469 -6.4878
v  0.6838 1.9250 -5.3791
v  0.5085 0.8665 -6.9409
v  1.0485 1.8200 -6.5276
v  0.7116 1.9452 -5.4130
v  0.4778 0.8316 -6.9280
v  1.0426 1.7916 -6.5662
v  0.7387 1.9638 -5.4483
v  0.4471 0.7976 -6.9129
v  1.0351 1.7619 -6.6034
v  0.7652 1.9805 -5.4850
v  0.4163 0.7646 -6.8957
v  1.0262 1.7310 -6.6394
v  0.7908 1.9955 -5.5231
v  0.3856 0.7328 -6.8764
v  1.0159 1.6988 -6.6738
v  0.8155 2.0086 -5.5623
v  0.3550 0.7022 -6.8551
v  1.0042 1.6656 -6.7067
v  0.8393 2.0199 -5.6028
v  0.3245 0.6729 -6.8318
v  0.9911 1.6313 -6.7380
v  0.8622 2.0293 -5.6442
v  0.9766 1.5960 -6.7676
v  0.8840 2.0368 -5.6866
v  0.9609 1.5599 -6.7955
v  0.9047 2.0424 -5.7298
v  0.9438 1.5230 -6.8215
v  0.9242 2.0460 -5.7738
v  0.9255 1.4854 -6.8456
v  0.9426 2.0476 -5.8184
v  0.9060 1.4472 -6.8677
v  0.9597 2.0473 -5.8635
v  0.8854 1.4085 -6.8878
v  0.9756 2.0451 -5.9090
v  0.8637 1.3694 -6.9059
v  0.9901 2.0409 -5.9548
v  0.8409 1.3300 -6.9219
v  1.0034 2.0348 -6.0008
v  0.8172 1.2903 -6.9357
v  1.0152 2.0267 -6.0469
v  0.7925 1.2506 -6.9474
v  1.0256 2.0168 -6.0929
v  0.7669 1.2107 -6.9568
v  1.0346 2.0050 -6.1388
v  0.7406 1.1710 -6.9641
v  1.0421 1.9913 -6.1845
v  0.7135 1.1314 -6.9690
v  1.0481 1.9758 -6.2297
v  0.6650 0.9851 -6.9545
v  0.6325 0.9496 -6.9518
v  1.1265 1.8634 -6.3322
v  1.1273 1.8404 -6.3746
v  0.6004 1.8518 -5.2859
v  0.6333 1.8741 -5.3133
v  0.5995 0.9147 -6.9468
v  1.1264 1.8160 -6.4162
v  0.6658 1.8948 -5.3423
v  0.5662 0.8806 -6.9397
v  1.1239 1.7901 -6.4568
v  0.6977 1.9139 -5.3731
v  0.5325 0.8473 -6.9304
v  1.1197 1.7630 -6.4965
v  0.7289 1.9314 -5.4054
v  0.4985 0.8150 -6.9189
v  1.1138 1.7345 -6.5350
v  0.7594 1.9472 -5.4393
v  0.4644 0.7837 -6.9053
v  1.1063 1.7049 -6.5724
v  0.7892 1.9613 -5.4745
v  0.4303 0.7535 -6.8896
v  1.0972 1.6742 -6.6084
v  0.8181 1.9737 -5.5112
v  0.3961 0.7244 -6.8718
v  1.0864 1.6424 -6.6431
v  0.8460 1.9842 -5.5490
v  0.3620 0.6966 -6.8521
v  1.0741 1.6096 -6.6762
v  0.8729 1.9930 -5.5881
v  0.3280 0.6701 -6.8303
v  1.0602 1.5759 -6.7079
v  0.8988 2.0000 -5.6282
v  1.0448 1.5414 -6.7379
v  0.9236 2.0051 -5.6693
v  1.0280 1.5061 -6.7662
v  0.9471 2.0084 -5.7113
v  1.0097 1.4702 -6.7927
v  0.9694 2.0098 -5.7540
v  0.9899 1.4338 -6.8174
v  0.9905 2.0093 -5.7975
v  0.9689 1.3969 -6.8403
v  1.0101 2.0070 -5.8415
v  0.9465 1.3596 -6.8611
v  1.0284 2.0028 -5.8859
v  0.9230 1.3220 -6.8800
v  1.0452 1.9968 -5.9307
v  0.8982 1.2841 -6.8969
v  1.0606 1.9889 -5.9758
v  0.8723 1.2462 -6.9117
v  1.0744 1.9793 -6.0210
v  0.8453 1.2083 -6.9243
v  1.0867 1.9678 -6.0662
v  0.8173 1.1704 -6.9348
v  1.0974 1.9546 -6.1114
v  0.7884 1.1326 -6.9432
v  1.1065 1.9397 -6.1563
v  0.7587 1.0952 -6.9493
v  1.1140 1.9230 -6.2010
v  0.7281 1.0580 -6.9532
v  1.1198 1.9047 -6.2453
v  0.6969 1.0213 -6.9550
v  1.1240 1.8848 -6.2890
v  0.6272 0.8882 -6.9315
v  0.5909 0.8569 -6.9259
v  1.1904 1.7547 -6.3806
v  1.1883 1.7286 -6.4211
v  0.6753 1.8857 -5.3371
v  0.7103 1.9018 -5.3661
v  0.5543 0.8265 -6.9183
v  1.1843 1.7012 -6.4606
v  0.7446 1.9163 -5.3967
v  0.5173 0.7970 -6.9085
v  1.1785 1.6727 -6.4991
v  0.7782 1.9292 -5.4288
v  0.4802 0.7686 -6.8966
v  1.1709 1.6431 -6.5365
v  0.8110 1.9404 -5.4624
v  0.4429 0.7414 -6.8826
v  1.1615 1.6126 -6.5726
v  0.8428 1.9500 -5.4974
v  0.4056 0.7153 -6.8666
v  1.1504 1.5811 -6.6075
v  0.8737 1.9578 -5.5337
v  0.3683 0.6905 -6.8485
v  1.1375 1.5489 -6.6410
v  0.9034 1.9638 -5.5711
v  0.3312 0.6671 -6.8285
v  1.1230 1.5159 -6.6730
v  0.9321 1.9682 -5.6097
v  1.1067 1.4822 -6.7035
v  0.9595 1.9707 -5.6493
v  1.0889 1.4479 -6.7323
v  0.9857 1.9715 -5.6899
v  1.0694 1.4131 -6.7595
v  1.0105 1.9705 -5.7312
v  1.0484 1.3779 -6.7849
v  1.0339 1.9677 -5.7733
v  1.0259 1.3423 -6.8086
v  1.0559 1.9632 -5.8160
v  1.0020 1.3065 -6.8303
v  1.0763 1.9570 -5.8593
v  0.9767 1.2705 -6.8502
v  1.0952 1.9490 -5.9029
v  0.9501 1.2344 -6.8680
v  1.1126 1.9392 -5.9469
v  0.9223 1.1984 -6.8839
v  1.1282 1.9278 -5.9911
v  0.8932 1.1624 -6.8977
v  1.1422 1.9147 -6.0354
v  0.8631 1.1266 -6.9094
v  1.1545 1.9000 -6.0797
v  0.8319 1.0911 -6.9190
v  1.1650 1.8837 -6.1238
v  0.7997 1.0559 -6.9265
v  1.1738 1.8659 -6.1678
v  0.7667 1.0212 -6.9318
v  1.1807 1.8465 -6.2114
v  0.7328 0.9870 -6.9350
v  1.1859 1.8256 -6.2546
v  0.6982 0.9533 -6.9360
v  1.1892 1.8033 -6.2973
v  0.6035 1.8488 -5.2842
v  0.6630 0.9204 -6.9348
v  1.1907 1.7797 -6.3393
v  0.6396 1.8680 -5.3097
v  0.5736 0.8042 -6.9047
v  0.5340 0.7778 -6.8968
v  1.2417 1.6352 -6.4202
v  1.2360 1.6066 -6.4587
v  0.7586 1.9003 -5.3869
v  0.7949 1.9100 -5.4171
v  0.4941 0.7526 -6.8868
v  1.2283 1.5771 -6.4961
v  0.8303 1.9182 -5.4488
v  0.4541 0.7285 -6.8747
v  1.2188 1.5468 -6.5324
v  0.8648 1.9247 -5.4819
v  0.4140 0.7056 -6.8606
v  1.2073 1.5158 -6.5675
v  0.8982 1.9295 -5.5164
v  0.3739 0.6841 -6.8446
v  1.1939 1.4841 -6.6013
v  0.9305 1.9327 -5.5521
v  0.3340 0.6638 -6.8266
v  1.1787 1.4518 -6.6338
v  0.9616 1.9342 -5.5890
v  1.1617 1.4189 -6.6648
v  0.9914 1.9340 -5.6269
v  1.1430 1.3857 -6.6943
v  1.0199 1.9321 -5.6658
v  1.1225 1.3520 -6.7222
v  1.0469 1.9286 -5.7056
v  1.1004 1.3181 -6.7484
v  1.0725 1.9234 -5.7462
v  1.0766 1.2840 -6.7729
v  1.0965 1.9165 -5.7875
v  1.0513 1.2498 -6.7956
v  1.1189 1.9080 -5.8293
v  1.0245 1.2156 -6.8165
v  1.1397 1.8979 -5.8717
v  0.9963 1.1814 -6.8355
v  1.1587 1.8862 -5.9145
v  0.9667 1.1473 -6.8526
v  1.1760 1.8729 -5.9575
v  0.9358 1.1134 -6.8677
v  1.1915 1.8581 -6.0007
v  0.9037 1.0799 -6.8808
v  1.2052 1.8418 -6.0440
v  0.8705 1.0467 -6.8919
v  1.2170 1.8240 -6.0873
v  0.8362 1.0140 -6.9009
v  1.2269 1.8048 -6.1304
v  0.8009 0.9818 -6.9078
v  1.2348 1.7843 -6.1734
v  0.7647 0.9502 -6.9125
v  1.2409 1.7624 -6.2159
v  0.7278 0.9194 -6.9152
v  1.2450 1.7392 -6.2581
v  0.6064 1.8455 -5.2822
v  0.6901 0.8892 -6.9158
v  1.2471 1.7149 -6.2997
v  0.6453 1.8615 -5.3058
v  0.6518 0.8600 -6.9142
v  1.2473 1.6894 -6.3406
v  0.6837 1.8760 -5.3311
v  0.6129 0.8316 -6.9105
v  1.2455 1.6628 -6.3808
v  0.7215 1.8889 -5.3582
v  0.5062 0.7357 -6.8759
v  0.4638 0.7149 -6.8660
v  1.2780 1.5076 -6.4516
v  1.2683 1.4775 -6.4881
v  0.8471 1.8947 -5.4338
v  0.8838 1.8980 -5.4649
v  0.4213 0.6954 -6.8541
v  1.2565 1.4469 -6.5235
v  0.9195 1.8997 -5.4974
v  0.3788 0.6772 -6.8402
v  1.2427 1.4158 -6.5577
v  0.9540 1.8999 -5.5311
v  0.3365 0.6604 -6.8244
v  1.2270 1.3842 -6.5906
v  0.9872 1.8984 -5.5661
v  1.2093 1.3523 -6.6222
v  1.0191 1.8953 -5.6022
v  1.1898 1.3201 -6.6524
v  1.0495 1.8906 -5.6393
v  1.1685 1.2877 -6.6810
v  1.0785 1.8844 -5.6774
v  1.1454 1.2552 -6.7082
v  1.1059 1.8766 -5.7163
v  1.1205 1.2226 -6.7336
v  1.1317 1.8673 -5.7560
v  1.0940 1.1901 -6.7575
v  1.1558 1.8564 -5.7963
v  1.0659 1.1576 -6.7795
v  1.1781 1.8440 -5.8373
v  1.0363 1.1254 -6.7998
v  1.1987 1.8302 -5.8787
v  1.0052 1.0935 -6.8182
v  1.2174 1.8150 -5.9205
v  0.9727 1.0618 -6.8347
v  1.2342 1.7983 -5.9625
v  0.9389 1.0306 -6.8493
v  1.2490 1.7803 -6.0048
v  0.9039 0.9999 -6.8620
v  1.2619 1.7610 -6.0471
v  0.8677 0.9698 -6.8726
v  1.2728 1.7405 -6.0893
v  0.8305 0.9403 -6.8812
v  1.2817 1.7187 -6.1314
v  0.7924 0.9115 -6.8878
v  1.2885 1.6957 -6.1733
v  0.7533 0.8836 -6.8923
v  1.2932 1.6717 -6.2149
v  0.6088 1.8421 -5.2800
v  0.7135 0.8564 -6.8948
v  1.2959 1.6466 -6.2560
v  0.6502 1.8547 -5.3014
v  0.6730 0.8302 -6.8951
v  1.2965 1.6205 -6.2966
v  0.6910 1.8658 -5.3246
v  0.6319 0.8049 -6.8934
v  1.2950 1.5935 -6.3365
v  0.7312 1.8753 -5.3495
v  0.5904 0.7807 -6.8897
v  1.2914 1.5656 -6.3758
v  0.7707 1.8834 -5.3760
v  0.5484 0.7576 -6.8838
v  1.2857 1.5369 -6.4141
v  0.8093 1.8898 -5.4042
v  0.4274 0.6848 -6.8470
v  0.3829 0.6701 -6.8355
v  1.2975 1.3751 -6.4758
v  1.2834 1.3446 -6.5104
v  0.9372 1.8687 -5.4768
v  0.9735 1.8657 -5.5084
v  0.3385 0.6568 -6.8220
v  1.2672 1.3138 -6.5439
v  1.0085 1.8611 -5.5413
v  1.2490 1.2829 -6.5761
v  1.0421 1.8550 -5.5754
v  1.2289 1.2518 -6.6070
v  1.0742 1.8474 -5.6106
v  1.2068 1.2207 -6.6365
v  1.1048 1.8384 -5.6468
v  1.1829 1.1896 -6.6646
v  1.1338 1.8279 -5.6839
v  1.1571 1.1586 -6.6912
v  1.1610 1.8160 -5.7219
v  1.1296 1.1279 -6.7161
v  1.1865 1.8026 -5.7606
v  1.1004 1.0973 -6.7395
v  1.2102 1.7880 -5.8000
v  1.0696 1.0672 -6.7611
v  1.2320 1.7720 -5.8400
v  1.0372 1.0374 -6.7810
v  1.2519 1.7547 -5.8804
v  1.0034 1.0081 -6.7990
v  1.2698 1.7361 -5.9212
v  0.9682 0.9794 -6.8153
v  1.2856 1.7164 -5.9623
v  0.9318 0.9512 -6.8296
v  1.2994 1.6955 -6.0035
v  0.8941 0.9238 -6.8420
v  1.3111 1.6734 -6.0448
v  0.8553 0.8971 -6.8525
v  1.3207 1.6504 -6.0861
v  0.8154 0.8712 -6.8610
v  1.3282 1.6263 -6.1272
v  0.7747 0.8463 -6.8675
v  1.3335 1.6013 -6.1681
v  0.6108 1.8386 -5.2776
v  0.7331 0.8222 -6.8721
v  1.3366 1.5754 -6.2087
v  0.6542 1.8476 -5.2967
v  0.6908 0.7992 -6.8745
v  1.3375 1.5487 -6.2489
v  0.6971 1.8551 -5.3175
v  0.6478 0.7772 -6.8750
v  1.3363 1.5213 -6.2886
v  0.7393 1.8612 -5.3401
v  0.6044 0.7563 -6.8734
v  1.3328 1.4932 -6.3276
v  0.7808 1.8657 -5.3643
v  0.5605 0.7366 -6.8698
v  1.3272 1.4644 -6.3660
v  0.8214 1.8688 -5.3902
v  0.5163 0.7180 -6.8642
v  1.3195 1.4351 -6.4035
v  0.8611 1.8703 -5.4176
v  0.4719 0.7008 -6.8566
v  1.3095 1.4053 -6.4401
v  0.8997 1.8703 -5.4465
v  1.0254 1.8227 -5.5149
v  1.0604 1.8135 -5.5468
v  1.2126 1.1220 -6.6181
v  1.1861 1.0927 -6.6458
v  1.0938 1.8029 -5.5800
v  1.1578 1.0638 -6.6720
v  1.1257 1.7910 -5.6142
v  1.1277 1.0352 -6.6967
v  1.1558 1.7777 -5.6494
v  1.0960 1.0071 -6.7198
v  1.1843 1.7631 -5.6856
v  1.0626 0.9796 -6.7412
v  1.2109 1.7473 -5.7226
v  1.0278 0.9527 -6.7610
v  1.2356 1.7302 -5.7603
v  0.9915 0.9265 -6.7789
v  1.2584 1.7119 -5.7987
v  0.9538 0.9010 -6.7951
v  1.2792 1.6925 -5.8377
v  0.9149 0.8764 -6.8094
v  1.2979 1.6720 -5.8771
v  0.8748 0.8526 -6.8219
v  1.3146 1.6505 -5.9169
v  0.8337 0.8297 -6.8325
v  1.3291 1.6279 -5.9570
v  0.7916 0.8078 -6.8411
v  1.3596 1.5548 -6.0780
v  1.3654 1.5288 -6.1183
v  1.3415 1.6044 -5.9973
v  0.7486 0.7870 -6.8478
v  1.3688 1.5021 -6.1583
v  1.3517 1.5800 -6.0377
v  0.7048 0.7672 -6.8526
v  1.3700 1.4748 -6.1981
v  0.6604 0.7486 -6.8553
v  1.3690 1.4469 -6.2374
v  0.6124 1.8349 -5.2751
v  0.6154 0.7311 -6.8561
v  1.3657 1.4185 -6.2763
v  0.6574 1.8403 -5.2917
v  0.5700 0.7149 -6.8549
v  1.3601 1.3897 -6.3146
v  0.7019 1.8442 -5.3100
v  0.5243 0.6999 -6.8517
v  1.3523 1.3605 -6.3522
v  0.7457 1.8466 -5.3301
v  0.4783 0.6862 -6.8466
v  1.3423 1.3310 -6.3890
v  0.7887 1.8476 -5.3518
v  0.4322 0.6738 -6.8395
v  1.3300 1.3012 -6.4250
v  0.8309 1.8471 -5.3753
v  0.3861 0.6628 -6.8305
v  1.3156 1.2713 -6.4600
v  0.8721 1.8451 -5.4003
v  0.3401 0.6532 -6.8195
v  1.2991 1.2413 -6.4940
v  0.9123 1.8417 -5.4268
v  1.2805 1.2114 -6.5269
v  0.9513 1.8368 -5.4548
v  1.2598 1.1814 -6.5586
v  0.9890 1.8304 -5.4842
v  1.2372 1.1516 -6.5890
v  1.2012 1.7092 -5.6473
v  1.2286 1.6908 -5.6825
v  1.1783 0.9984 -6.6256
v  1.1476 0.9718 -6.6517
v  1.2541 1.6713 -5.7185
v  1.1152 0.9459 -6.6764
v  1.2776 1.6507 -5.7553
v  1.0811 0.9207 -6.6994
v  1.2991 1.6292 -5.7927
v  1.0455 0.8963 -6.7209
v  1.3185 1.6066 -5.8307
v  1.0084 0.8726 -6.7407
v  1.3357 1.5832 -5.8692
v  0.9699 0.8499 -6.7588
v  1.3508 1.5590 -5.9081
v  0.9301 0.8280 -6.7751
v  1.3636 1.5340 -5.9473
v  0.8891 0.8072 -6.7897
v  1.3742 1.5083 -5.9868
v  0.8470 0.7874 -6.8024
v  1.3825 1.4819 -6.0263
v  0.8039 0.7687 -6.8133
v  1.3886 1.4549 -6.0658
v  0.6136 1.8312 -5.2724
v  0.7598 0.7511 -6.8223
v  1.3923 1.4274 -6.1053
v  0.6598 1.8328 -5.2863
v  0.7150 0.7346 -6.8294
v  1.3937 1.3994 -6.1446
v  0.7054 1.8330 -5.3021
v  0.6696 0.7194 -6.8346
v  1.3928 1.3711 -6.1836
v  0.7504 1.8317 -5.3195
v  0.6235 0.7054 -6.8379
v  1.3895 1.3424 -6.2223
v  0.7946 1.8291 -5.3387
v  0.5770 0.6928 -6.8392
v  1.3840 1.3135 -6.2605
v  0.8379 1.8250 -5.3596
v  0.5301 0.6814 -6.8386
v  1.3762 1.2843 -6.2981
v  0.8802 1.8194 -5.3820
v  0.4830 0.6713 -6.8360
v  1.3660 1.2551 -6.3352
v  0.9214 1.8125 -5.4061
v  0.4357 0.6626 -6.8316
v  1.3537 1.2258 -6.3715
v  0.9615 1.8042 -5.4317
v  0.3885 0.6553 -6.8251
v  1.3391 1.1966 -6.4069
v  1.0003 1.7945 -5.4587
v  0.3413 0.6494 -6.8168
v  1.3223 1.1674 -6.4415
v  1.0377 1.7835 -5.4871
v  1.3034 1.1384 -6.4751
v  1.0737 1.7711 -5.5168
v  1.2823 1.1097 -6.5077
v  1.1081 1.7575 -5.5477
v  1.2593 1.0812 -6.5391
v  1.1408 1.7426 -5.5799
v  1.2342 1.0531 -6.5692
v  1.1719 1.7265 -5.6131
v  1.2072 1.0255 -6.5981
v  1.2655 1.6118 -5.6750
v  1.2894 1.5889 -5.7101
v  1.1270 0.8841 -6.6312
v  1.0925 0.8612 -6.6559
v  1.3113 1.5652 -5.7459
v  1.0564 0.8392 -6.6792
v  1.3311 1.5406 -5.7824
v  1.0188 0.8182 -6.7009
v  1.3487 1.5154 -5.8196
v  0.9798 0.7982 -6.7210
v  1.3641 1.4894 -5.8573
v  0.9394 0.7792 -6.7394
v  1.3772 1.4629 -5.8953
v  0.8979 0.7614 -6.7562
v  1.3881 1.4358 -5.9338
v  0.8552 0.7446 -6.7712
v  1.3966 1.4082 -5.9724
v  0.8114 0.7291 -6.7844
v  1.4028 1.3803 -6.0112
v  0.6143 1.8274 -5.2697
v  0.7668 0.7148 -6.7958
v  1.4067 1.3519 -6.0501
v  0.6612 1.8252 -5.2808
v  0.7213 0.7017 -6.8054
v  1.4083 1.3233 -6.0889
v  0.7076 1.8217 -5.2938
v  0.6752 0.6900 -6.8131
v  1.4074 1.2945 -6.1276
v  0.7532 1.8167 -5.3085
v  0.6285 0.6795 -6.8189
v  1.4043 1.2655 -6.1661
v  0.7981 1.8104 -5.3250
v  0.5812 0.6704 -6.8229
v  1.3987 1.2365 -6.2042
v  0.8421 1.8026 -5.3432
v  0.5337 0.6627 -6.8249
v  1.3909 1.2075 -6.2419
v  0.8852 1.7935 -5.3631
v  0.4858 0.6563 -6.8251
v  1.3807 1.1785 -6.2792
v  0.9271 1.7831 -5.3846
v  0.4379 0.6513 -6.8233
v  1.3682 1.1497 -6.3158
v  0.9678 1.7713 -5.4076
v  0.3899 0.6478 -6.8196
v  1.3535 1.1211 -6.3517
v  1.0072 1.7582 -5.4321
v  0.3420 0.6457 -6.8141
v  1.3366 1.0928 -6.3869
v  1.0453 1.7439 -5.4581
v  1.3175 1.0648 -6.4213
v  1.0818 1.7284 -5.4855
v  1.2962 1.0372 -6.4547
v  1.1168 1.7117 -5.5142
v  1.2729 1.0101 -6.4871
v  1.1502 1.6938 -5.5442
v  1.2475 0.9836 -6.5184
v  1.1818 1.6748 -5.5753
v  1.2202 0.9577 -6.5485
v  1.2116 1.6548 -5.6075
v  1.1909 0.9324 -6.5774
v  1.2395 1.6338 -5.6408
v  1.1598 0.9079 -6.6050
v  1.3158 1.5012 -5.6977
v  1.3357 1.4746 -5.7328
v  1.0604 0.7822 -6.6363
v  1.0226 0.7638 -6.6599
v  1.3535 1.4475 -5.7685
v  0.9834 0.7465 -6.6821
v  1.3690 1.4199 -5.8049
v  0.9429 0.7304 -6.7027
v  1.3822 1.3918 -5.8418
v  0.9011 0.7155 -6.7217
v  1.3932 1.3634 -5.8792
v  0.8582 0.7019 -6.7390
v  1.4018 1.3346 -5.9170
v  0.8142 0.6895 -6.7546
v  1.4081 1.3056 -5.9550
v  0.6146 1.8236 -5.2668
v  0.7693 0.6785 -6.7685
v  1.4120 1.2765 -5.9933
v  0.6618 1.8177 -5.2752
v  0.7237 0.6688 -6.7806
v  1.4136 1.2472 -6.0316
v  0.7084 1.8104 -5.2853
v  0.6773 0.6605 -6.7909
v  1.4128 1.2179 -6.0699
v  0.7543 1.8017 -5.2972
v  0.6303 0.6536 -6.7994
v  1.4097 1.1887 -6.1082
v  0.7994 1.7917 -5.3109
v  0.5828 0.6481 -6.8061
v  1.4041 1.1596 -6.1463
v  0.8437 1.7803 -5.3264
v  0.5350 0.6440 -6.8109
v  1.3963 1.1306 -6.1841
v  0.8870 1.7676 -5.3436
v  0.4869 0.6413 -6.8138
v  1.3861 1.1020 -6.2215
v  0.9291 1.7536 -5.3624
v  0.4387 0.6401 -6.8148
v  1.3736 1.0736 -6.2585
v  0.9701 1.7384 -5.3828
v  0.3904 0.6402 -6.8140
v  1.3588 1.0456 -6.2949
v  1.0098 1.7220 -5.4048
v  0.3423 0.6419 -6.8112
v  1.3418 1.0181 -6.3307
v  1.0481 1.7044 -5.4283
v  1.3226 0.9912 -6.3658
v  1.0849 1.6856 -5.4533
v  1.3013 0.9648 -6.4001
v  1.1201 1.6658 -5.4797
v  1.2779 0.9390 -6.4335
v  1.1536 1.6450 -5.5074
v  1.2524 0.9140 -6.4660
v  1.1854 1.6232 -5.5364
v  1.2249 0.8898 -6.4974
v  1.2154 1.6004 -5.5666
v  1.1956 0.8664 -6.5277
v  1.2435 1.5768 -5.5979
v  1.1643 0.8439 -6.5568
v  1.2697 1.5523 -5.6302
v  1.1314 0.8223 -6.5846
v  1.2938 1.5271 -5.6635
v  1.0967 0.8017 -6.6111
v  1.3500 1.3803 -5.7165
v  1.3654 1.3510 -5.7515
v  0.9807 0.6953 -6.6424
v  0.9403 0.6821 -6.6652
v  1.3785 1.3214 -5.7873
v  0.8987 0.6701 -6.6865
v  1.3894 1.2916 -5.8237
v  0.8560 0.6596 -6.7062
v  1.3980 1.2617 -5.8605
v  0.8122 0.6504 -6.7243
v  1.4042 1.2317 -5.8978
v  0.6144 1.8199 -5.2639
v  0.7675 0.6426 -6.7407
v  1.4081 1.2017 -5.9354
v  0.6614 1.8102 -5.2694
v  0.7220 0.6363 -6.7554
v  1.4097 1.1718 -5.9732
v  0.7078 1.7992 -5.2766
v  0.6757 0.6314 -6.7683
v  1.4089 1.1421 -6.0112
v  0.7535 1.7868 -5.2857
v  0.6289 0.6279 -6.7795
v  1.4057 1.1126 -6.0493
v  0.7985 1.7732 -5.2966
v  0.5817 0.6260 -6.7889
v  1.4002 1.0834 -6.0873
v  0.8426 1.7582 -5.3093
v  0.5340 0.6255 -6.7965
v  1.3923 1.0545 -6.1251
v  0.8856 1.7419 -5.3237
v  0.4861 0.6264 -6.8023
v  1.3821 1.0261 -6.1628
v  0.9276 1.7245 -5.3398
v  0.4381 0.6289 -6.8061
v  1.3697 0.9982 -6.2001
v  0.9684 1.7058 -5.3576
v  0.3900 0.6328 -6.8082
v  1.3549 0.9709 -6.2371
v  1.0079 1.6860 -5.3770
v  0.3421 0.6381 -6.8083
v  1.3380 0.9442 -6.2735
v  1.0460 1.6652 -5.3980
v  1.3189 0.9182 -6.3094
v  1.0826 1.6433 -5.4205
v  1.2976 0.8930 -6.3446
v  1.1177 1.6204 -5.4445
v  1.2742 0.8686 -6.3790
v  1.1511 1.5967 -5.4700
v  1.2488 0.8451 -6.4126
v  1.1828 1.5720 -5.4968
v  1.2214 0.8226 -6.4454
v  1.2126 1.5465 -5.5248
v  1.1922 0.8010 -6.4771
v  1.2406 1.5203 -5.5541
v  1.1610 0.7805 -6.5077
v  1.2666 1.4934 -5.5846
v  1.1282 0.7611 -6.5372
v  1.2906 1.4659 -5.6161
v  1.0936 0.7428 -6.5655
v  1.3125 1.4378 -5.6487
v  1.0575 0.7258 -6.5925
v  1.3323 1.4093 -5.6821
v  1.0198 0.7099 -6.6182
v  1.3662 1.2524 -5.7323
v  1.3769 1.2212 -5.7676
v  0.8908 0.6256 -6.6510
v  0.8486 0.6180 -6.6731
v  1.3853 1.1902 -5.8036
v  0.8053 0.6119 -6.6937
v  1.3913 1.1592 -5.8400
v  0.6138 1.8162 -5.2610
v  0.7612 0.6074 -6.7126
v  1.3951 1.1284 -5.8770
v  0.6601 1.8029 -5.2635
v  0.7163 0.6043 -6.7299
v  1.3965 1.0979 -5.9144
v  0.7058 1.7883 -5.2679
v  0.6707 0.6028 -6.7456
v  1.3956 1.0677 -5.9520
v  0.7509 1.7723 -5.2741
v  0.6245 0.6028 -6.7595
v  1.3924 1.0379 -5.9898
v  0.7952 1.7550 -5.2821
v  0.5778 0.6043 -6.7717
v  1.3869 1.0086 -6.0277
v  0.8387 1.7365 -5.2920
v  0.5308 0.6073 -6.7821
v  1.3790 0.9799 -6.0657
v  0.8812 1.7167 -5.3036
v  0.4835 0.6119 -6.7906
v  1.3689 0.9517 -6.1035
v  0.9225 1.6959 -5.3170
v  0.4361 0.6179 -6.7974
v  1.3565 0.9243 -6.1412
v  0.9627 1.6739 -5.3321
v  0.3887 0.6255 -6.8023
v  1.3419 0.8976 -6.1787
v  1.0016 1.6508 -5.3489
v  0.3414 0.6345 -6.8054
v  1.3251 0.8717 -6.2158
v  1.0392 1.6268 -5.3674
v  1.3061 0.8467 -6.2524
v  1.0753 1.6018 -5.3875
v  1.2850 0.8227 -6.2885
v  1.1098 1.5759 -5.4091
v  1.2619 0.7996 -6.3240
v  1.1427 1.5492 -5.4322
v  1.2368 0.7776 -6.3588
v  1.1738 1.5218 -5.4568
v  1.2097 0.7567 -6.3929
v  1.2032 1.4937 -5.4827
v  1.1807 0.7369 -6.4260
v  1.2307 1.4649 -5.5100
v  1.1500 0.7184 -6.4582
v  1.2563 1.4357 -5.5386
v  1.1175 0.7011 -6.4894
v  1.2799 1.4059 -5.5683
v  1.0833 0.6851 -6.5195
v  1.3015 1.3757 -5.5992
v  1.0476 0.6704 -6.5484
v  1.3209 1.3452 -5.6311
v  1.0104 0.6571 -6.5761
v  1.3382 1.3144 -5.6640
v  0.9718 0.6451 -6.6025
v  1.3533 1.2834 -5.6977
v  0.9319 0.6347 -6.6275
v  1.3637 1.1208 -5.7466
v  1.3695 1.0888 -5.7824
v  0.6126 1.8126 -5.2581
v  0.7938 0.5747 -6.6631
v  0.7506 0.5732 -6.6846
v  1.3730 1.0573 -5.8187
v  0.6579 1.7958 -5.2577
v  0.7066 0.5733 -6.7045
v  1.3743 1.0261 -5.8555
v  0.7025 1.7776 -5.2592
v  0.6620 0.5750 -6.7228
v  1.3732 0.9955 -5.8928
v  0.7465 1.7581 -5.2625
v  0.6169 0.5783 -6.7394
v  1.3699 0.9655 -5.9304
v  0.7898 1.7374 -5.2677
v  0.5713 0.5832 -6.7544
v  1.3644 0.9361 -5.9683
v  0.8322 1.7154 -5.2747
v  0.5253 0.5897 -6.7676
v  1.3565 0.9074 -6.0063
v  0.8736 1.6923 -5.2836
v  0.4791 0.5977 -6.7790
v  1.3465 0.8796 -6.0443
v  0.9139 1.6681 -5.2943
v  0.4328 0.6073 -6.7887
v  1.3342 0.8525 -6.0824
v  0.9531 1.6428 -5.3067
v  0.3865 0.6183 -6.7965
v  1.3198 0.8265 -6.1203
v  0.9910 1.6166 -5.3209
v  0.3403 0.6309 -6.8025
v  1.3032 0.8014 -6.1581
v  1.0276 1.5895 -5.3368
v  1.2846 0.7773 -6.1955
v  1.0627 1.5615 -5.3544
v  1.2638 0.7544 -6.2325
v  1.0964 1.5327 -5.3737
v  1.2411 0.7326 -6.2691
v  1.1284 1.5032 -5.3945
v  1.2164 0.7120 -6.3051
v  1.1587 1.4731 -5.4168
v  1.1898 0.6927 -6.3404
v  1.1873 1.4424 -5.4407
v  1.1614 0.6747 -6.3750
v  1.2140 1.4112 -5.4660
v  1.1313 0.6581 -6.4088
v  1.2389 1.3796 -5.4926
v  1.0994 0.6428 -6.4416
v  1.2618 1.3476 -5.5205
v  1.0659 0.6290 -6.4735
v  1.2827 1.3154 -5.5497
v  1.0309 0.6166 -6.5044
v  1.3016 1.2830 -5.5801
v  0.9945 0.6058 -6.5340
v  1.3184 1.2504 -5.6115
v  0.9567 0.5964 -6.5625
v  1.3330 1.2179 -5.6440
v  0.9176 0.5886 -6.5897
v  1.3454 1.1853 -5.6774
v  0.8774 0.5824 -6.6156
v  1.3557 1.1530 -5.7116
v  0.8361 0.5777 -6.6401
v  1.3421 0.9890 -5.7610
v  1.3431 0.9573 -5.7973
v  0.6548 1.7890 -5.2519
v  0.6979 1.7674 -5.2505
v  0.6932 0.5435 -6.6793
v  0.6500 0.5484 -6.7003
v  1.3419 0.9262 -5.8342
v  0.7404 1.7445 -5.2510
v  0.6063 0.5549 -6.7196
v  1.3385 0.8959 -5.8716
v  0.7821 1.7204 -5.2534
v  0.5621 0.5630 -6.7373
v  1.3328 0.8664 -5.9094
v  0.8230 1.6952 -5.2576
v  0.5177 0.5728 -6.7533
v  1.3251 0.8379 -5.9475
v  0.8630 1.6688 -5.2638
v  0.4730 0.5841 -6.7676
v  1.3151 0.8102 -5.9858
v  0.9019 1.6414 -5.2717
v  0.4282 0.5970 -6.7800
v  1.3031 0.7837 -6.0242
v  0.9396 1.6131 -5.2816
v  0.3834 0.6115 -6.7907
v  1.2889 0.7581 -6.0626
v  0.9762 1.5838 -5.2932
v  0.3388 0.6275 -6.7996
v  1.2727 0.7338 -6.1010
v  1.0114 1.5537 -5.3066
v  1.2544 0.7107 -6.1392
v  1.0452 1.5228 -5.3217
v  1.2342 0.6888 -6.1771
v  1.0776 1.4912 -5.3386
v  1.2120 0.6682 -6.2147
v  1.1084 1.4590 -5.3571
v  1.1879 0.6490 -6.2519
v  1.1375 1.4263 -5.3773
v  1.1621 0.6313 -6.2885
v  1.1650 1.3931 -5.3991
v  1.1344 0.6150 -6.3245
v  1.1907 1.3596 -5.4224
v  1.1051 0.6002 -6.3598
v  1.2145 1.3257 -5.4471
v  1.0741 0.5869 -6.3944
v  1.2365 1.2917 -5.4733
v  1.0416 0.5752 -6.4280
v  1.2565 1.2575 -5.5008
v  1.0076 0.5650 -6.4608
v  1.2746 1.2232 -5.5296
v  0.9722 0.5565 -6.4924
v  1.2906 1.1890 -5.5596
v  0.9355 0.5497 -6.5230
v  1.3045 1.1549 -5.5908
v  0.8976 0.5445 -6.5524
v  1.3163 1.1210 -5.6230
v  0.8586 0.5409 -6.5806
v  1.3260 1.0874 -5.6562
v  0.8185 0.5390 -6.6074
v  1.3336 1.0541 -5.6903
v  0.7776 0.5389 -6.6328
v  1.3389 1.0213 -5.7253
v  0.6111 1.8092 -5.2552
v  0.7357 0.5403 -6.6568
v  1.3019 0.8605 -5.7769
v  1.2983 0.8299 -5.8140
v  0.7325 1.7316 -5.2398
v  0.7724 1.7044 -5.2394
v  0.5927 0.5326 -6.7002
v  0.5504 0.5438 -6.7206
v  1.2927 0.8004 -5.8518
v  0.8113 1.6760 -5.2409
v  0.5079 0.5567 -6.7393
v  1.2849 0.7719 -5.8899
v  0.8494 1.6466 -5.2443
v  0.4651 0.5712 -6.7563
v  1.2751 0.7445 -5.9284
v  0.8865 1.6162 -5.2497
v  0.4223 0.5873 -6.7716
v  1.2633 0.7183 -5.9672
v  0.9225 1.5848 -5.2569
v  0.3795 0.6050 -6.7851
v  1.2495 0.6933 -6.0061
v  0.9572 1.5526 -5.2660
v  0.3368 0.6243 -6.7968
v  1.2337 0.6697 -6.0451
v  0.9908 1.5197 -5.2769
v  1.2160 0.6474 -6.0840
v  1.0229 1.4861 -5.2897
v  1.1963 0.6266 -6.1228
v  1.0537 1.4519 -5.3043
v  1.1749 0.6072 -6.1615
v  1.0829 1.4171 -5.3206
v  1.1516 0.5893 -6.1998
v  1.1106 1.3819 -5.3386
v  1.1266 0.5730 -6.2377
v  1.1366 1.3464 -5.3583
v  1.0999 0.5583 -6.2751
v  1.1609 1.3106 -5.3796
v  1.0716 0.5452 -6.3119
v  1.1835 1.2747 -5.4026
v  1.0418 0.5338 -6.3481
v  1.2042 1.2386 -5.4270
v  1.0105 0.5241 -6.3835
v  1.2231 1.2025 -5.4529
v  0.9778 0.5161 -6.4180
v  1.2401 1.1666 -5.4802
v  0.9438 0.5098 -6.4517
v  1.2551 1.1307 -5.5088
v  0.9085 0.5053 -6.4843
v  1.2682 1.0952 -5.5387
v  0.8721 0.5025 -6.5158
v  1.2792 1.0600 -5.5697
v  0.8347 0.5015 -6.5462
v  1.2882 1.0252 -5.6019
v  0.7962 0.5023 -6.5754
v  1.2951 0.9909 -5.6352
v  0.7569 0.5049 -6.6032
v  1.2999 0.9572 -5.6694
v  0.6091 1.8060 -5.2524
v  0.7168 0.5092 -6.6297
v  1.3027 0.9242 -5.7044
v  0.6508 1.7825 -5.2463
v  0.6760 0.5153 -6.6547
v  1.3033 0.8919 -5.7403
v  0.6920 1.7577 -5.2421
v  0.6346 0.5231 -6.6782
v  1.2442 0.7385 -5.7959
v  1.2365 0.7101 -5.8341
v  0.7973 1.6581 -5.2247
v  0.8331 1.6257 -5.2255
v  0.4961 0.5417 -6.7257
v  0.4557 0.5591 -6.7454
v  1.2269 0.6829 -5.8728
v  0.8679 1.5925 -5.2283
v  0.4152 0.5783 -6.7634
v  1.2154 0.6571 -5.9119
v  0.9017 1.5584 -5.2330
v  0.3747 0.5990 -6.7796
v  1.2019 0.6326 -5.9513
v  0.9344 1.5235 -5.2396
v  0.3344 0.6212 -6.7940
v  1.1867 0.6097 -5.9908
v  0.9658 1.4879 -5.2482
v  1.1696 0.5882 -6.0305
v  0.9960 1.4517 -5.2586
v  1.1507 0.5683 -6.0702
v  1.0248 1.4150 -5.2710
v  1.1301 0.5500 -6.1098
v  1.0521 1.3779 -5.2851
v  1.1078 0.5334 -6.1492
v  1.0780 1.3404 -5.3011
v  1.0838 0.5184 -6.1884
v  1.1023 1.3027 -5.3188
v  1.0583 0.5052 -6.2271
v  1.1250 1.2648 -5.3382
v  1.0313 0.4938 -6.2654
v  1.1460 1.2268 -5.3593
v  1.0029 0.4841 -6.3032
v  1.1653 1.1889 -5.3821
v  0.9730 0.4762 -6.3403
v  1.1828 1.1511 -5.4064
v  0.9419 0.4702 -6.3766
v  1.1985 1.1135 -5.4322
v  0.9095 0.4661 -6.4121
v  1.2124 1.0762 -5.4595
v  0.8760 0.4637 -6.4468
v  1.2243 1.0392 -5.4881
v  0.8414 0.4633 -6.4804
v  1.2344 1.0028 -5.5181
v  0.8058 0.4647 -6.5129
v  1.2425 0.9669 -5.5493
v  0.7693 0.4680 -6.5443
v  1.2487 0.9317 -5.5817
v  0.7320 0.4731 -6.5745
v  1.2529 0.8972 -5.6151
v  0.6068 1.8029 -5.2497
v  0.6939 0.4800 -6.6033
v  1.2551 0.8635 -5.6496
v  0.6461 1.7764 -5.2408
v  0.6553 0.4888 -6.6308
v  1.2554 0.8307 -5.6850
v  0.6849 1.7486 -5.2339
v  0.6160 0.4994 -6.6568
v  1.2536 0.7989 -5.7212
v  0.7231 1.7196 -5.2289
v  0.5764 0.5117 -6.6814
v  1.2499 0.7681 -5.7582
v  0.7606 1.6894 -5.2258
v  0.5364 0.5258 -6.7043
v  1.1708 0.6261 -5.8194
v  1.1596 0.6006 -5.8588
v  0.8464 1.5706 -5.2078
v  0.8776 1.5340 -5.2101
v  0.4069 0.5699 -6.7555
v  0.3692 0.5934 -6.7744
v  1.1467 0.5767 -5.8987
v  0.9078 1.4966 -5.2144
v  0.3317 0.6184 -6.7914
v  1.1320 0.5543 -5.9388
v  0.9369 1.4585 -5.2206
v  1.1157 0.5336 -5.9792
v  0.9647 1.4200 -5.2289
v  1.0976 0.5146 -6.0197
v  0.9912 1.3810 -5.2390
v  1.0780 0.4973 -6.0603
v  1.0164 1.3417 -5.2511
v  1.0569 0.4818 -6.1008
v  1.0402 1.3021 -5.2651
v  1.0342 0.4681 -6.1411
v  1.0625 1.2623 -5.2809
v  1.0100 0.4563 -6.1811
v  1.0832 1.2225 -5.2985
v  0.9845 0.4463 -6.2209
v  1.1024 1.1827 -5.3179
v  0.9576 0.4382 -6.2601
v  1.1200 1.1430 -5.3390
v  0.9295 0.4321 -6.2988
v  1.1360 1.1036 -5.3618
v  0.9001 0.4279 -6.3369
v  1.1502 1.0645 -5.3862
v  0.8697 0.4257 -6.3742
v  1.1627 1.0258 -5.4122
v  0.8381 0.4254 -6.4108
v  1.1734 0.9876 -5.4397
v  0.8056 0.4271 -6.4464
v  1.1824 0.9500 -5.4686
v  0.7722 0.4307 -6.4810
v  1.1895 0.9132 -5.4988
v  0.7380 0.4362 -6.5145
v  1.1948 0.8770 -5.5304
v  0.7030 0.4437 -6.5469
v  1.1983 0.8418 -5.5631
v  0.6040 1.8001 -5.2470
v  0.6674 0.4531 -6.5780
v  1.1999 0.8075 -5.5970
v  0.6406 1.7708 -5.2356
v  0.6312 0.4644 -6.6079
v  1.1996 0.7742 -5.6320
v  0.6766 1.7402 -5.2260
v  0.5945 0.4775 -6.6363
v  1.1975 0.7421 -5.6679
v  0.7121 1.7084 -5.2184
v  0.5574 0.4925 -6.6633
v  1.1936 0.7111 -5.7047
v  0.7469 1.6755 -5.2128
v  0.5200 0.5093 -6.6888
v  1.1878 0.6814 -5.7422
v  0.7809 1.6415 -5.2091
v  0.4824 0.5278 -6.7127
v  1.1802 0.6530 -5.7805
v  0.8141 1.6065 -5.2075
v  0.4447 0.5480 -6.7349
v  1.0843 0.5259 -5.8488
v  1.0703 0.5041 -5.8895
v  0.8778 1.4722 -5.1904
v  0.9042 1.4319 -5.1945
v  0.3286 0.6159 -6.7889
v  1.0548 0.4841 -5.9306
v  0.9293 1.3912 -5.2006
v  1.0377 0.4658 -5.9719
v  0.9533 1.3502 -5.2088
v  1.0193 0.4495 -6.0133
v  0.9760 1.3088 -5.2189
v  0.9993 0.4350 -6.0548
v  0.9974 1.2673 -5.2309
v  0.9781 0.4225 -6.0963
v  1.0175 1.2257 -5.2449
v  0.9555 0.4119 -6.1376
v  1.0361 1.1842 -5.2609
v  0.9316 0.4033 -6.1786
v  1.0533 1.1427 -5.2786
v  0.9065 0.3967 -6.2193
v  1.0689 1.1015 -5.2982
v  0.8803 0.3921 -6.2595
v  1.0831 1.0606 -5.3196
v  0.8530 0.3896 -6.2992
v  1.0956 1.0201 -5.3426
v  0.8247 0.3891 -6.3383
v  1.1066 0.9802 -5.3674
v  0.7954 0.3907 -6.3766
v  1.1159 0.9409 -5.3937
v  0.7653 0.3942 -6.4141
v  1.1236 0.9022 -5.4216
v  0.7343 0.3999 -6.4507
v  1.1296 0.8644 -5.4510
v  0.7026 0.4075 -6.4863
v  1.1339 0.8275 -5.4817
v  0.6703 0.4171 -6.5208
v  1.1366 0.7916 -5.5138
v  0.6009 1.7976 -5.2445
v  0.6374 0.4287 -6.5541
v  1.1375 0.7567 -5.5472
v  0.6343 1.7658 -5.2306
v  0.6040 0.4423 -6.5861
v  1.1367 0.7230 -5.5817
v  0.6673 1.7326 -5.2186
v  0.5701 0.4577 -6.6169
v  1.1342 0.6906 -5.6173
v  0.6997 1.6983 -5.2085
v  0.5360 0.4751 -6.6462
v  1.1301 0.6594 -5.6539
v  0.7314 1.6629 -5.2004
v  0.5015 0.4943 -6.6740
v  1.1242 0.6297 -5.6914
v  0.7625 1.6265 -5.1944
v  0.4670 0.5152 -6.7003
v  1.1167 0.6014 -5.7298
v  0.7927 1.5891 -5.1903
v  0.4323 0.5379 -6.7250
v  1.1075 0.5746 -5.7689
v  0.8220 1.5508 -5.1883
v  0.3976 0.5623 -6.7481
v  1.0967 0.5494 -5.8086
v  0.8504 1.5118 -5.1884
v  0.3630 0.5883 -6.7694
v  0.9875 0.4402 -5.8851
v  0.9716 0.4226 -5.9272
v  0.8903 1.3658 -5.1742
v  0.9114 1.3228 -5.1805
v  0.9543 0.4071 -5.9694
v  0.9314 1.2797 -5.1887
v  0.9358 0.3935 -6.0119
v  0.9502 1.2365 -5.1990
v  0.9161 0.3820 -6.0544
v  0.9678 1.1933 -5.2114
v  0.8952 0.3725 -6.0968
v  0.9840 1.1501 -5.2257
v  0.8731 0.3651 -6.1391
v  0.9989 1.1072 -5.2419
v  0.8501 0.3598 -6.1811
v  1.0125 1.0646 -5.2600
v  0.8260 0.3566 -6.2228
v  1.0246 1.0224 -5.2801
v  0.8009 0.3556 -6.2640
v  1.0353 0.9808 -5.3019
v  0.7750 0.3567 -6.3047
v  1.0446 0.9397 -5.3255
v  0.7482 0.3598 -6.3447
v  1.0524 0.8994 -5.3508
v  0.7207 0.3651 -6.3840
v  1.0586 0.8598 -5.3777
v  0.6924 0.3725 -6.4224
v  1.0634 0.8212 -5.4062
v  0.6636 0.3820 -6.4599
v  1.0666 0.7836 -5.4363
v  0.6342 0.3935 -6.4964
v  1.0684 0.7471 -5.4678
v  0.5974 1.7954 -5.2422
v  0.6042 0.4071 -6.5317
v  1.0685 0.7117 -5.5006
v  0.6274 1.7613 -5.2259
v  0.5739 0.4227 -6.5658
v  1.0672 0.6776 -5.5347
v  0.6570 1.7259 -5.2116
v  0.5432 0.4402 -6.5987
v  1.0643 0.6449 -5.5700
v  0.6860 1.6894 -5.1992
v  0.5123 0.4596 -6.6302
v  1.0599 0.6136 -5.6065
v  0.7143 1.6518 -5.1889
v  0.4811 0.4809 -6.6602
v  1.0539 0.5838 -5.6439
v  0.7420 1.6131 -5.1806
v  0.4499 0.5041 -6.6888
v  1.0465 0.5555 -5.6823
v  0.7690 1.5736 -5.1743
v  0.4186 0.5290 -6.7158
v  1.0375 0.5289 -5.7216
v  0.7951 1.5333 -5.1701
v  0.3873 0.5556 -6.7411
v  1.0272 0.5040 -5.7616
v  0.8204 1.4922 -5.1680
v  0.3561 0.5838 -6.7647
v  1.0153 0.4809 -5.8022
v  0.8447 1.4505 -5.1680
v  0.3251 0.6136 -6.7866
v  1.0021 0.4596 -5.8435
v  0.8680 1.4084 -5.1701
v  0.7670 0.3260 -6.1890
v  0.7444 0.3262 -6.2316
v  0.9612 0.9895 -5.2437
v  0.9699 0.9468 -5.2644
v  0.7210 0.3286 -6.2738
v  0.9773 0.9048 -5.2869
v  0.6970 0.3332 -6.3153
v  0.9834 0.8636 -5.3112
v  0.6723 0.3400 -6.3562
v  0.9881 0.8233 -5.3373
v  0.6470 0.3489 -6.3963
v  0.9916 0.7839 -5.3650
v  0.6212 0.3600 -6.4356
v  0.9936 0.7457 -5.3944
v  0.5949 0.3732 -6.4739
v  0.9943 0.7087 -5.4253
v  0.5937 1.7934 -5.2400
v  0.5683 0.3884 -6.5111
v  0.9937 0.6729 -5.4577
v  0.6200 1.7574 -5.2216
v  0.5413 0.4057 -6.5471
v  0.9917 0.6385 -5.4914
v  0.6458 1.7201 -5.2052
v  0.5140 0.4250 -6.5819
v  0.9883 0.6055 -5.5265
v  0.6711 1.6817 -5.1907
v  0.4866 0.4463 -6.6154
v  0.9836 0.5740 -5.5628
v  0.6958 1.6421 -5.1783
v  0.4590 0.4694 -6.6475
v  0.9776 0.5442 -5.6002
v  0.7199 1.6016 -5.1679
v  0.4313 0.4944 -6.6782
v  0.9703 0.5160 -5.6386
v  0.7433 1.5603 -5.1596
v  0.4037 0.5212 -6.7072
v  0.9616 0.4895 -5.6780
v  0.7659 1.5181 -5.1534
v  0.3761 0.5498 -6.7347
v  0.9517 0.4649 -5.7183
v  0.7878 1.4753 -5.1493
v  0.3486 0.5799 -6.7604
v  0.9405 0.4421 -5.7593
v  0.8087 1.4319 -5.1474
v  0.3214 0.6117 -6.7844
v  0.9281 0.4212 -5.8010
v  0.8288 1.3880 -5.1476
v  0.9145 0.4023 -5.8433
v  0.8479 1.3437 -5.1499
v  0.8997 0.3853 -5.8860
v  0.8660 1.2992 -5.1544
v  0.8838 0.3705 -5.9290
v  0.8830 1.2546 -5.1610
v  0.8668 0.3577 -5.9723
v  0.8990 1.2099 -5.1696
v  0.8488 0.3471 -6.0158
v  0.9138 1.1653 -5.1804
v  0.8297 0.3385 -6.0593
v  0.9275 1.1208 -5.1932
v  0.8097 0.3322 -6.1027
v  0.9399 1.0766 -5.2081
v  0.7888 0.3280 -6.1460
v  0.9512 1.0328 -5.2249
v  0.6633 0.3054 -6.2458
v  0.6422 0.3111 -6.2888
v  0.9054 0.8757 -5.2520
v  0.9096 0.8338 -5.2754
v  0.6205 0.3191 -6.3311
v  0.9128 0.7928 -5.3007
v  0.5984 0.3293 -6.3728
v  0.9148 0.7529 -5.3278
v  0.5759 0.3417 -6.4136
v  0.9156 0.7142 -5.3565
v  0.5530 0.3562 -6.4535
v  0.9152 0.6767 -5.3869
v  0.5897 1.7918 -5.2381
v  0.5298 0.3729 -6.4924
v  0.9137 0.6406 -5.4188
v  0.6120 1.7542 -5.2177
v  0.5064 0.3916 -6.5302
v  0.9110 0.6059 -5.4523
v  0.6338 1.7153 -5.1994
v  0.4828 0.4124 -6.5668
v  0.9072 0.5727 -5.4871
v  0.6552 1.6752 -5.1830
v  0.4591 0.4352 -6.6021
v  0.9022 0.5411 -5.5232
v  0.6760 1.6341 -5.1686
v  0.4353 0.4599 -6.6361
v  0.8960 0.5112 -5.5606
v  0.6962 1.5921 -5.1564
v  0.4115 0.4864 -6.6685
v  0.8888 0.4831 -5.5991
v  0.7158 1.5492 -5.1463
v  0.3878 0.5148 -6.6995
v  0.8804 0.4567 -5.6386
v  0.7347 1.5055 -5.1383
v  0.3641 0.5449 -6.7289
v  0.8710 0.4323 -5.6791
v  0.7529 1.4612 -5.1324
v  0.3406 0.5767 -6.7565
v  0.8605 0.4098 -5.7205
v  0.7703 1.4163 -5.1287
v  0.3174 0.6101 -6.7825
v  0.8490 0.3892 -5.7626
v  0.7869 1.3711 -5.1272
v  0.8364 0.3707 -5.8054
v  0.8026 1.3254 -5.1279
v  0.8229 0.3543 -5.8487
v  0.8174 1.2796 -5.1308
v  0.8085 0.3401 -5.8924
v  0.8313 1.2337 -5.1359
v  0.7931 0.3279 -5.9365
v  0.8442 1.1878 -5.1431
v  0.7768 0.3180 -5.9809
v  0.8561 1.1420 -5.1524
v  0.7598 0.3103 -6.0253
v  0.8670 1.0964 -5.1639
v  0.7419 0.3048 -6.0698
v  0.8769 1.0512 -5.1775
v  0.7233 0.3016 -6.1142
v  0.8857 1.0064 -5.1931
v  0.7039 0.3006 -6.1584
v  0.8934 0.9621 -5.2108
v  0.6839 0.3018 -6.2023
v  0.8999 0.9185 -5.2304
v  0.5659 0.3026 -6.3089
v  0.5471 0.3138 -6.3519
v  0.8333 0.7688 -5.2684
v  0.8337 0.7285 -5.2948
v  0.5281 0.3273 -6.3941
v  0.8332 0.6893 -5.3230
v  0.5088 0.3429 -6.4355
v  0.8317 0.6515 -5.3529
v  0.5854 1.7905 -5.2364
v  0.4893 0.3607 -6.4759
v  0.8293 0.6151 -5.3845
v  0.6035 1.7516 -5.2143
v  0.4696 0.3805 -6.5152
v  0.8259 0.5802 -5.4176
v  0.6212 1.7115 -5.1942
v  0.4499 0.4025 -6.5534
v  0.8215 0.5469 -5.4522
v  0.6384 1.6702 -5.1761
v  0.4301 0.4264 -6.5903
v  0.8162 0.5152 -5.4882
v  0.6551 1.6278 -5.1601
v  0.4103 0.4523 -6.6259
v  0.8100 0.4853 -5.5255
v  0.6712 1.5845 -5.1462
v  0.3906 0.4801 -6.6600
v  0.8028 0.4572 -5.5641
v  0.6868 1.5404 -5.1345
v  0.3710 0.5097 -6.6927
v  0.7948 0.4309 -5.6038
v  0.7018 1.4956 -5.1248
v  0.3515 0.5411 -6.7237
v  0.7859 0.4066 -5.6445
v  0.7161 1.4501 -5.1174
v  0.3322 0.5742 -6.7531
v  0.7761 0.3843 -5.6861
v  0.7297 1.4041 -5.1122
v  0.3131 0.6088 -6.7808
v  0.7655 0.3640 -5.7286
v  0.7426 1.3577 -5.1092
v  0.7541 0.3459 -5.7718
v  0.7548 1.3110 -5.1085
v  0.7419 0.3299 -5.8157
v  0.7661 1.2642 -5.1099
v  0.7289 0.3161 -5.8601
v  0.7767 1.2172 -5.1136
v  0.7153 0.3045 -5.9049
v  0.7864 1.1703 -5.1195
v  0.7009 0.2951 -5.9500
v  0.7953 1.1236 -5.1276
v  0.6859 0.2880 -5.9953
v  0.8033 1.0772 -5.1379
v  0.6703 0.2832 -6.0407
v  0.8104 1.0311 -5.1504
v  0.6541 0.2807 -6.0861
v  0.8166 0.9855 -5.1650
v  0.6374 0.2805 -6.1313
v  0.8218 0.9405 -5.1816
v  0.6202 0.2826 -6.1763
v  0.8261 0.8963 -5.2004
v  0.6025 0.2870 -6.2210
v  0.8295 0.8528 -5.2211
v  0.5844 0.2937 -6.2652
v  0.8319 0.8103 -5.2438
v  0.4782 0.3169 -6.3774
v  0.4626 0.3333 -6.4200
v  0.7474 0.6714 -5.2942
v  0.7447 0.6334 -5.3237
v  0.5810 1.7896 -5.2349
v  0.4470 0.3518 -6.4617
v  0.7413 0.5968 -5.3549
v  0.5947 1.7498 -5.2114
v  0.4313 0.3725 -6.5023
v  0.7372 0.5617 -5.3878
v  0.6080 1.7087 -5.1898
v  0.4156 0.3953 -6.5419
v  0.7323 0.5282 -5.4222
v  0.6209 1.6665 -5.1703
v  0.3999 0.4201 -6.5802
v  0.7266 0.4965 -5.4581
v  0.6333 1.6233 -5.1528
v  0.3843 0.4469 -6.6171
v  0.7203 0.4666 -5.4954
v  0.6452 1.5791 -5.1375
v  0.3688 0.4756 -6.6527
v  0.7133 0.4385 -5.5340
v  0.6566 1.5341 -5.1243
v  0.3535 0.5061 -6.6868
v  0.7055 0.4123 -5.5738
v  0.6675 1.4884 -5.1133
v  0.3383 0.5384 -6.7193
v  0.6972 0.3881 -5.6147
v  0.6777 1.4421 -5.1045
v  0.3234 0.5723 -6.7502
v  0.6881 0.3659 -5.6566
v  0.6874 1.3953 -5.0980
v  0.3087 0.6079 -6.7793
v  0.6785 0.3459 -5.6994
v  0.6965 1.3481 -5.0937
v  0.6682 0.3280 -5.7430
v  0.7049 1.3006 -5.0917
v  0.6574 0.3123 -5.7873
v  0.7127 1.2530 -5.0920
v  0.6461 0.2988 -5.8322
v  0.7198 1.2054 -5.0945
v  0.6342 0.2875 -5.8776
v  0.7262 1.1578 -5.0993
v  0.6218 0.2786 -5.9234
v  0.7319 1.1104 -5.1063
v  0.6090 0.2720 -5.9694
v  0.7368 1.0633 -5.1156
v  0.5957 0.2677 -6.0156
v  0.7410 1.0166 -5.1271
v  0.5821 0.2657 -6.0619
v  0.7445 0.9705 -5.1408
v  0.5681 0.2660 -6.1080
v  0.7472 0.9250 -5.1566
v  0.5537 0.2687 -6.1540
v  0.7492 0.8802 -5.1745
v  0.5391 0.2738 -6.1997
v  0.7504 0.8363 -5.1945
v  0.5242 0.2811 -6.2450
v  0.7508 0.7934 -5.2165
v  0.5090 0.2908 -6.2898
v  0.7504 0.7516 -5.2405
v  0.4937 0.3027 -6.3339
v  0.7493 0.7109 -5.2664
v  0.4034 0.3465 -6.4499
v  0.3917 0.3677 -6.4917
v  0.6506 0.5857 -5.3304
v  0.6457 0.5505 -5.3631
v  0.5857 1.7487 -5.2089
v  0.5944 1.7071 -5.1861
v  0.3802 0.3910 -6.5323
v  0.6402 0.5170 -5.3974
v  0.6028 1.6643 -5.1654
v  0.3687 0.4163 -6.5717
v  0.6342 0.4852 -5.4332
v  0.6108 1.6205 -5.1467
v  0.3574 0.4436 -6.6099
v  0.6278 0.4553 -5.4705
v  0.6184 1.5758 -5.1302
v  0.3463 0.4728 -6.6466
v  0.6209 0.4272 -5.5091
v  0.6254 1.5303 -5.1159
v  0.3354 0.5039 -6.6819
v  0.6135 0.4010 -5.5489
v  0.6321 1.4841 -5.1038
v  0.3248 0.5367 -6.7156
v  0.6057 0.3769 -5.5900
v  0.6382 1.4373 -5.0939
v  0.3143 0.5712 -6.7477
v  0.5974 0.3549 -5.6321
v  0.6438 1.3900 -5.0862
v  0.3042 0.6073 -6.7781
v  0.5888 0.3349 -5.6752
v  0.6489 1.3423 -5.0809
v  0.5797 0.3172 -5.7191
v  0.6535 1.2943 -5.0779
v  0.5703 0.3016 -5.7638
v  0.6576 1.2463 -5.0771
v  0.5606 0.2883 -5.8092
v  0.6611 1.1982 -5.0787
v  0.5506 0.2773 -5.8551
v  0.6641 1.1502 -5.0825
v  0.5403 0.2686 -5.9014
v  0.6665 1.1024 -5.0887
v  0.5297 0.2623 -5.9480
v  0.6683 1.0549 -5.0971
v  0.5188 0.2583 -5.9949
v  0.6695 1.0079 -5.1078
v  0.5078 0.2566 -6.0418
v  0.6702 0.9614 -5.1207
v  0.4966 0.2573 -6.0887
v  0.6703 0.9156 -5.1358
v  0.4852 0.2604 -6.1355
v  0.6698 0.8705 -5.1531
v  0.4737 0.2658 -6.1820
v  0.6688 0.8264 -5.1725
v  0.4620 0.2735 -6.2282
v  0.6672 0.7832 -5.1940
v  0.4504 0.2836 -6.2739
v  0.6650 0.7411 -5.2174
v  0.4386 0.2960 -6.3191
v  0.6622 0.7002 -5.2429
v  0.4268 0.3106 -6.3635
v  0.6589 0.6606 -5.2703
v  0.4151 0.3275 -6.4072
v  0.6550 0.6224 -5.2995
v  0.5765 1.7890 -5.2337
v  0.3440 0.3895 -6.5248
v  0.3369 0.4150 -6.5652
v  0.5463 0.5132 -5.3779
v  0.5400 0.4814 -5.4137
v  0.5844 1.6636 -5.1616
v  0.5879 1.6196 -5.1420
v  0.3300 0.4425 -6.6042
v  0.5334 0.4515 -5.4509
v  0.5910 1.5747 -5.1246
v  0.3234 0.4719 -6.6419
v  0.5266 0.4234 -5.4896
v  0.5936 1.5290 -5.1093
v  0.3170 0.5032 -6.6781
v  0.5195 0.3973 -5.5295
v  0.5959 1.4826 -5.0963
v  0.3109 0.5362 -6.7128
v  0.5123 0.3732 -5.5707
v  0.5978 1.4356 -5.0855
v  0.3051 0.5708 -6.7458
v  0.5048 0.3511 -5.6129
v  0.5993 1.3882 -5.0770
v  0.2996 0.6071 -6.7771
v  0.4972 0.3313 -5.6562
v  0.6004 1.3403 -5.0709
v  0.4894 0.3135 -5.7004
v  0.6011 1.2922 -5.0670
v  0.4815 0.2981 -5.7454
v  0.6014 1.2440 -5.0655
v  0.4734 0.2848 -5.7911
v  0.6012 1.1958 -5.0663
v  0.4653 0.2739 -5.8374
v  0.6007 1.1476 -5.0694
v  0.4570 0.2653 -5.8842
v  0.5997 1.0997 -5.0749
v  0.4487 0.2590 -5.9313
v  0.5983 1.0521 -5.0826
v  0.4404 0.2551 -5.9786
v  0.5966 1.0050 -5.0927
v  0.4320 0.2536 -6.0261
v  0.5944 0.9584 -5.1050
v  0.4236 0.2544 -6.0736
v  0.5918 0.9124 -5.1196
v  0.4152 0.2576 -6.1210
v  0.5889 0.8673 -5.1363
v  0.4069 0.2631 -6.1682
v  0.5855 0.8230 -5.1553
v  0.3987 0.2710 -6.2151
v  0.5818 0.7798 -5.1763
v  0.3905 0.2812 -6.2615
v  0.5778 0.7376 -5.1994
v  0.3824 0.2937 -6.3074
v  0.5733 0.6967 -5.2245
v  0.3744 0.3085 -6.3527
v  0.5686 0.6570 -5.2516
v  0.3666 0.3255 -6.3971
v  0.5634 0.6187 -5.2805
v  0.5719 1.7889 -5.2327
v  0.3589 0.3447 -6.4407
v  0.5580 0.5820 -5.3113
v  0.5764 1.7483 -5.2070
v  0.3514 0.3661 -6.4833
v  0.5523 0.5468 -5.3438
v  0.5806 1.7065 -5.1833
v  0.3024 0.4436 -6.6002
v  0.3002 0.4728 -6.6385
v  0.4380 0.4553 -5.4370
v  0.4313 0.4272 -5.4756
v  0.5633 1.5758 -5.1205
v  0.5615 1.5303 -5.1046
v  0.2984 0.5039 -6.6754
v  0.4246 0.4010 -5.5156
v  0.5594 1.4841 -5.0910
v  0.2969 0.5367 -6.7107
v  0.4179 0.3769 -5.5569
v  0.5571 1.4373 -5.0796
v  0.2957 0.5712 -6.7444
v  0.4113 0.3549 -5.5993
v  0.5544 1.3900 -5.0705
v  0.2949 0.6073 -6.7764
v  0.4047 0.3349 -5.6427
v  0.5514 1.3423 -5.0637
v  0.3981 0.3172 -5.6871
v  0.5481 1.2943 -5.0593
v  0.3917 0.3016 -5.7323
v  0.5445 1.2463 -5.0572
v  0.3853 0.2883 -5.7783
v  0.5407 1.1982 -5.0574
v  0.3790 0.2773 -5.8248
v  0.5366 1.1502 -5.0601
v  0.3729 0.2686 -5.8719
v  0.5323 1.1024 -5.0650
v  0.3669 0.2623 -5.9193
v  0.5277 1.0549 -5.0723
v  0.3611 0.2583 -5.9670
v  0.5228 1.0079 -5.0819
v  0.3554 0.2566 -6.0149
v  0.5178 0.9614 -5.0938
v  0.3499 0.2573 -6.0629
v  0.5125 0.9156 -5.1080
v  0.3446 0.2604 -6.1107
v  0.5071 0.8705 -5.1244
v  0.3395 0.2658 -6.1584
v  0.5014 0.8264 -5.1430
v  0.3346 0.2735 -6.2058
v  0.4956 0.7832 -5.1637
v  0.3300 0.2836 -6.2527
v  0.4896 0.7411 -5.1865
v  0.3256 0.2960 -6.2991
v  0.4835 0.7002 -5.2114
v  0.3214 0.3106 -6.3449
v  0.4773 0.6606 -5.2382
v  0.3175 0.3275 -6.3900
v  0.4709 0.6224 -5.2670
v  0.5672 1.7890 -5.2320
v  0.3139 0.3465 -6.4341
v  0.4645 0.5857 -5.2976
v  0.5671 1.7487 -5.2056
v  0.3106 0.3677 -6.4774
v  0.4579 0.5505 -5.3300
v  0.5666 1.7071 -5.1812
v  0.3075 0.3910 -6.5195
v  0.4514 0.5170 -5.3641
v  0.5658 1.6643 -5.1589
v  0.3048 0.4163 -6.5605
v  0.4447 0.4852 -5.3998
v  0.5647 1.6205 -5.1386
v  0.2798 0.5061 -6.6738
v  0.2829 0.5384 -6.7095
v  0.3296 0.4123 -5.5075
v  0.3235 0.3881 -5.5488
v  0.5229 1.4884 -5.0878
v  0.5162 1.4421 -5.0761
v  0.2864 0.5723 -6.7436
v  0.3177 0.3659 -5.5913
v  0.5094 1.3953 -5.0666
v  0.2902 0.6079 -6.7760
v  0.3121 0.3459 -5.6348
v  0.5023 1.3481 -5.0595
v  0.3068 0.3280 -5.6793
v  0.4951 1.3006 -5.0547
v  0.3018 0.3123 -5.7246
v  0.4877 1.2530 -5.0523
v  0.2971 0.2988 -5.7707
v  0.4802 1.2054 -5.0523
v  0.2927 0.2875 -5.8174
v  0.4725 1.1578 -5.0546
v  0.2887 0.2786 -5.8647
v  0.4648 1.1104 -5.0592
v  0.2850 0.2720 -5.9123
v  0.4569 1.0633 -5.0663
v  0.2817 0.2677 -5.9602
v  0.4491 1.0166 -5.0756
v  0.2787 0.2657 -6.0084
v  0.4411 0.9705 -5.0873
v  0.2761 0.2660 -6.0565
v  0.4332 0.9250 -5.1012
v  0.2738 0.2687 -6.1047
v  0.4252 0.8802 -5.1174
v  0.2720 0.2738 -6.1526
v  0.4172 0.8363 -5.1358
v  0.2705 0.2811 -6.2003
v  0.4093 0.7934 -5.1563
v  0.2694 0.2908 -6.2475
v  0.4014 0.7516 -5.1790
v  0.2687 0.3027 -6.2943
v  0.3936 0.7109 -5.2037
v  0.2684 0.3169 -6.3404
v  0.3859 0.6714 -5.2304
v  0.2685 0.3333 -6.3858
v  0.3783 0.6334 -5.2591
v  0.5625 1.7896 -5.2316
v  0.2689 0.3518 -6.4303
v  0.3709 0.5968 -5.2896
v  0.5577 1.7498 -5.2048
v  0.2698 0.3725 -6.4739
v  0.3635 0.5617 -5.3219
v  0.5526 1.7087 -5.1800
v  0.2710 0.3953 -6.5164
v  0.3564 0.5282 -5.3559
v  0.5472 1.6665 -5.1573
v  0.2726 0.4201 -6.5577
v  0.3494 0.4965 -5.3916
v  0.5415 1.6233 -5.1366
v  0.2747 0.4469 -6.5978
v  0.3426 0.4666 -5.4288
v  0.5356 1.5791 -5.1181
v  0.2770 0.4756 -6.6365
v  0.3360 0.4385 -5.4675
v  0.5294 1.5341 -5.1019
v  0.2771 0.5742 -6.7434
v  0.2856 0.6088 -6.7759
v  0.2249 0.3843 -5.5889
v  0.2203 0.3640 -5.6325
v  0.4648 1.4041 -5.0655
v  0.4537 1.3577 -5.0583
v  0.2163 0.3459 -5.6770
v  0.4425 1.3110 -5.0534
v  0.2127 0.3299 -5.7224
v  0.4313 1.2642 -5.0509
v  0.2097 0.3161 -5.7685
v  0.4201 1.2172 -5.0508
v  0.2072 0.3045 -5.8153
v  0.4090 1.1703 -5.0530
v  0.2053 0.2951 -5.8626
v  0.3979 1.1236 -5.0576
v  0.2039 0.2880 -5.9103
v  0.3869 1.0772 -5.0645
v  0.2030 0.2832 -5.9583
v  0.3759 1.0311 -5.0738
v  0.2027 0.2807 -6.0065
v  0.3651 0.9855 -5.0854
v  0.2030 0.2805 -6.0547
v  0.3545 0.9405 -5.0992
v  0.2038 0.2826 -6.1029
v  0.3440 0.8963 -5.1154
v  0.2051 0.2870 -6.1509
v  0.3338 0.8528 -5.1337
v  0.2070 0.2937 -6.1987
v  0.3238 0.8103 -5.1542
v  0.2094 0.3026 -6.2460
v  0.3140 0.7688 -5.1768
v  0.2123 0.3138 -6.2929
v  0.3046 0.7285 -5.2015
v  0.2158 0.3273 -6.3391
v  0.2954 0.6893 -5.2282
v  0.2198 0.3429 -6.3845
v  0.2866 0.6515 -5.2568
v  0.5579 1.7905 -5.2315
v  0.2243 0.3607 -6.4292
v  0.2781 0.6151 -5.2873
v  0.5484 1.7516 -5.2046
v  0.2293 0.3805 -6.4728
v  0.2700 0.5802 -5.3196
v  0.5387 1.7115 -5.1797
v  0.2348 0.4025 -6.5155
v  0.2622 0.5469 -5.3536
v  0.5287 1.6702 -5.1568
v  0.2408 0.4264 -6.5569
v  0.2549 0.5152 -5.3892
v  0.5185 1.6278 -5.1360
v  0.2472 0.4523 -6.5971
v  0.2480 0.4853 -5.4265
v  0.5081 1.5845 -5.1175
v  0.2540 0.4801 -6.6360
v  0.2415 0.4572 -5.4651
v  0.4975 1.5404 -5.1011
v  0.2613 0.5097 -6.6733
v  0.2355 0.4309 -5.5052
v  0.4867 1.4956 -5.0869
v  0.2690 0.5411 -6.7092
v  0.2299 0.4066 -5.5465
v  0.4758 1.4501 -5.0751
v  0.1274 0.3707 -5.6804
v  0.1253 0.3543 -5.7257
v  0.3909 1.3254 -5.0554
v  0.3760 1.2796 -5.0530
v  0.1239 0.3401 -5.7717
v  0.3613 1.2337 -5.0530
v  0.1233 0.3279 -5.8184
v  0.3466 1.1878 -5.0553
v  0.1234 0.3180 -5.8657
v  0.3322 1.1420 -5.0600
v  0.1242 0.3103 -5.9133
v  0.3181 1.0964 -5.0671
v  0.1258 0.3048 -5.9612
v  0.3042 1.0512 -5.0765
v  0.1281 0.3016 -6.0093
v  0.2906 1.0064 -5.0882
v  0.1312 0.3006 -6.0574
v  0.2773 0.9621 -5.1021
v  0.1350 0.3018 -6.1055
v  0.2644 0.9185 -5.1183
v  0.1394 0.3054 -6.1534
v  0.2519 0.8757 -5.1368
v  0.1446 0.3111 -6.2010
v  0.2399 0.8338 -5.1573
v  0.1505 0.3191 -6.2482
v  0.2283 0.7928 -5.1800
v  0.1570 0.3293 -6.2949
v  0.2172 0.7529 -5.2048
v  0.1642 0.3417 -6.3410
v  0.2066 0.7142 -5.2315
v  0.1721 0.3562 -6.3863
v  0.1965 0.6767 -5.2602
v  0.5533 1.7918 -5.2317
v  0.1806 0.3729 -6.4308
v  0.1870 0.6406 -5.2907
v  0.5393 1.7542 -5.2049
v  0.1896 0.3916 -6.4743
v  0.1781 0.6059 -5.3230
v  0.5251 1.7153 -5.1802
v  0.1993 0.4124 -6.5168
v  0.1698 0.5727 -5.3571
v  0.5106 1.6752 -5.1575
v  0.2095 0.4352 -6.5581
v  0.1621 0.5411 -5.3927
v  0.4960 1.6341 -5.1369
v  0.2202 0.4599 -6.5981
v  0.1551 0.5112 -5.4299
v  0.4811 1.5921 -5.1185
v  0.2315 0.4864 -6.6368
v  0.1488 0.4831 -5.4686
v  0.4662 1.5492 -5.1022
v  0.2432 0.5148 -6.6740
v  0.1431 0.4567 -5.5086
v  0.4512 1.5055 -5.0883
v  0.2554 0.5449 -6.7097
v  0.1381 0.4323 -5.5499
v  0.4361 1.4612 -5.0766
v  0.2680 0.5767 -6.7437
v  0.1338 0.4098 -5.5924
v  0.4210 1.4163 -5.0672
v  0.2810 0.6101 -6.7761
v  0.1303 0.3892 -5.6359
v  0.4059 1.3711 -5.0601
v  0.0406 0.3705 -5.7803
v  0.0418 0.3577 -5.8268
v  0.3040 1.2546 -5.0589
v  0.2861 1.2099 -5.0616
v  0.0439 0.3471 -5.8739
v  0.2685 1.1653 -5.0666
v  0.0469 0.3385 -5.9213
v  0.2512 1.1208 -5.0740
v  0.0508 0.3322 -5.9689
v  0.2344 1.0766 -5.0837
v  0.0557 0.3280 -6.0167
v  0.2181 1.0328 -5.0956
v  0.0615 0.3260 -6.0646
v  0.2023 0.9895 -5.1099
v  0.0681 0.3262 -6.1124
v  0.1871 0.9468 -5.1263
v  0.0757 0.3286 -6.1600
v  0.1724 0.9048 -5.1450
v  0.0841 0.3332 -6.2073
v  0.1583 0.8636 -5.1657
v  0.0933 0.3400 -6.2541
v  0.1449 0.8233 -5.1886
v  0.1033 0.3489 -6.3005
v  0.1322 0.7839 -5.2135
v  0.1141 0.3600 -6.3462
v  0.1203 0.7457 -5.2404
v  0.1257 0.3732 -6.3911
v  0.1090 0.7087 -5.2692
v  0.5489 1.7934 -5.2322
v  0.1380 0.3884 -6.4352
v  0.0986 0.6729 -5.2998
v  0.5305 1.7574 -5.2059
v  0.1511 0.4057 -6.4783
v  0.0889 0.6385 -5.3322
v  0.5119 1.7201 -5.1816
v  0.1648 0.4250 -6.5204
v  0.0801 0.6055 -5.3663
v  0.4930 1.6817 -5.1593
v  0.1791 0.4463 -6.5612
v  0.0721 0.5740 -5.4020
v  0.4740 1.6421 -5.1392
v  0.1941 0.4694 -6.6008
v  0.0649 0.5442 -5.4392
v  0.4550 1.6016 -5.1212
v  0.2096 0.4944 -6.6391
v  0.0587 0.5160 -5.4779
v  0.4358 1.5603 -5.1054
v  0.2256 0.5212 -6.6758
v  0.0533 0.4895 -5.5179
v  0.4167 1.5181 -5.0918
v  0.2422 0.5498 -6.7111
v  0.0489 0.4649 -5.5591
v  0.3975 1.4753 -5.0805
v  0.2592 0.5799 -6.7447
v  0.0454 0.4421 -5.6015
v  0.3785 1.4319 -5.0715
v  0.2766 0.6117 -6.7765
v  0.0428 0.4212 -5.6449
v  0.3596 1.3880 -5.0649
v  0.0411 0.4023 -5.6893
v  0.3408 1.3437 -5.0605
v  0.0404 0.3853 -5.7344
v  0.3223 1.2992 -5.0585
v  -0.0326 0.3820 -5.8871
v  -0.0274 0.3725 -5.9341
v  0.2072 1.1933 -5.0772
v  0.1870 1.1501 -5.0851
v  -0.0212 0.3651 -5.9814
v  0.1674 1.1072 -5.0953
v  -0.0139 0.3598 -6.0288
v  0.1485 1.0646 -5.1077
v  -0.0055 0.3566 -6.0762
v  0.1303 1.0224 -5.1224
v  0.0039 0.3556 -6.1235
v  0.1127 0.9808 -5.1392
v  0.0144 0.3567 -6.1706
v  0.0960 0.9397 -5.1582
v  0.0259 0.3598 -6.2174
v  0.0800 0.8994 -5.1793
v  0.0383 0.3651 -6.2637
v  0.0649 0.8598 -5.2025
v  0.0517 0.3725 -6.3094
v  0.0506 0.8212 -5.2277
v  0.0660 0.3820 -6.3545
v  0.0373 0.7836 -5.2548
v  0.0812 0.3935 -6.3988
v  0.0250 0.7471 -5.2838
v  0.5446 1.7954 -5.2329
v  0.0972 0.4071 -6.4423
v  0.0136 0.7117 -5.3146
v  0.5220 1.7613 -5.2073
v  0.1140 0.4227 -6.4847
v  0.0032 0.6776 -5.3471
v  0.4991 1.7259 -5.1838
v  0.1316 0.4402 -6.5261
v  -0.0062 0.6449 -5.3813
v  0.4761 1.6894 -5.1622
v  0.1499 0.4596 -6.5663
v  -0.0145 0.6136 -5.4170
v  0.4530 1.6518 -5.1428
v  0.1689 0.4809 -6.6052
v  -0.0217 0.5838 -5.4543
v  0.4298 1.6131 -5.1255
v  0.1885 0.5041 -6.6427
v  -0.0279 0.5555 -5.4929
v  0.4066 1.5736 -5.1104
v  0.2087 0.5290 -6.6788
v  -0.0329 0.5289 -5.5328
v  0.3835 1.5333 -5.0976
v  0.2295 0.5556 -6.7133
v  -0.0368 0.5040 -5.5740
v  0.3605 1.4922 -5.0870
v  0.2507 0.5838 -6.7461
v  -0.0396 0.4809 -5.6162
v  0.3376 1.4505 -5.0786
v  0.2723 0.6136 -6.7773
v  -0.0413 0.4596 -5.6595
v  0.3150 1.4084 -5.0726
v  -0.0418 0.4402 -5.7036
v  0.2927 1.3658 -5.0689
v  -0.0412 0.4226 -5.7486
v  0.2707 1.3228 -5.0675
v  -0.0395 0.4071 -5.7942
v  0.2491 1.2797 -5.0684
v  -0.0366 0.3935 -5.8404
v  0.2279 1.2365 -5.0717
v  -0.0897 0.4033 -5.9985
v  -0.0800 0.3967 -6.0454
v  0.1038 1.1427 -5.1112
v  0.0824 1.1015 -5.1243
v  -0.0691 0.3921 -6.0921
v  0.0618 1.0606 -5.1395
v  -0.0571 0.3896 -6.1388
v  0.0421 1.0201 -5.1569
v  -0.0438 0.3891 -6.1852
v  0.0234 0.9802 -5.1764
v  -0.0294 0.3907 -6.2312
v  0.0056 0.9409 -5.1980
v  -0.0139 0.3942 -6.2767
v  -0.0112 0.9022 -5.2215
v  0.0027 0.3999 -6.3217
v  -0.0269 0.8644 -5.2471
v  0.0203 0.4075 -6.3660
v  -0.0414 0.8275 -5.2745
v  0.0389 0.4171 -6.4094
v  -0.0549 0.7916 -5.3038
v  0.5406 1.7976 -5.2339
v  0.0584 0.4287 -6.4520
v  -0.0672 0.7567 -5.3348
v  0.5139 1.7658 -5.2093
v  0.0788 0.4423 -6.4935
v  -0.0782 0.7230 -5.3675
v  0.4871 1.7326 -5.1868
v  0.1001 0.4577 -6.5340
v  -0.0881 0.6906 -5.4018
v  0.4601 1.6983 -5.1663
v  0.1222 0.4751 -6.5732
v  -0.0967 0.6594 -5.4376
v  0.4330 1.6629 -5.1478
v  0.1450 0.4943 -6.6112
v  -0.1040 0.6297 -5.4749
v  0.4059 1.6265 -5.1315
v  0.1685 0.5152 -6.6477
v  -0.1101 0.6014 -5.5135
v  0.3789 1.5891 -5.1174
v  0.1927 0.5379 -6.6828
v  -0.1148 0.5746 -5.5533
v  0.3520 1.5508 -5.1055
v  0.2174 0.5623 -6.7163
v  -0.1183 0.5494 -5.5944
v  0.3253 1.5118 -5.0958
v  0.2426 0.5883 -6.7481
v  -0.1204 0.5259 -5.6364
v  0.2988 1.4722 -5.0883
v  0.2683 0.6159 -6.7783
v  -0.1211 0.5041 -5.6795
v  0.2727 1.4319 -5.0832
v  -0.1206 0.4841 -5.7233
v  0.2470 1.3912 -5.0803
v  -0.1187 0.4658 -5.7680
v  0.2216 1.3502 -5.0797
v  -0.1155 0.4495 -5.8133
v  0.1968 1.3088 -5.0815
v  -0.1110 0.4350 -5.8591
v  0.1726 1.2673 -5.0855
v  -0.1052 0.4225 -5.9053
v  0.1490 1.2257 -5.0918
v  -0.0980 0.4119 -5.9518
v  0.1260 1.1842 -5.1004
v  -0.1288 0.4321 -6.1122
v  -0.1142 0.4279 -6.1580
v  -0.0023 1.1036 -5.1611
v  -0.0241 1.0645 -5.1792
v  -0.0984 0.4257 -6.2035
v  -0.0447 1.0258 -5.1993
v  -0.0812 0.4254 -6.2486
v  -0.0642 0.9876 -5.2214
v  -0.0629 0.4271 -6.2932
v  -0.0825 0.9500 -5.2455
v  -0.0433 0.4307 -6.3372
v  -0.0995 0.9132 -5.2715
v  -0.0226 0.4362 -6.3804
v  -0.1153 0.8770 -5.2994
v  -0.0008 0.4437 -6.4228
v  -0.1297 0.8418 -5.3290
v  0.5368 1.8001 -5.2352
v  0.0220 0.4531 -6.4642
v  -0.1428 0.8075 -5.3603
v  0.5064 1.7708 -5.2119
v  0.0458 0.4644 -6.5047
v  -0.1546 0.7742 -5.3932
v  0.4757 1.7402 -5.1906
v  0.0706 0.4775 -6.5439
v  -0.1649 0.7421 -5.4276
v  0.4450 1.7084 -5.1713
v  0.0962 0.4925 -6.5820
v  -0.1738 0.7111 -5.4636
v  0.4142 1.6755 -5.1541
v  0.1226 0.5093 -6.6187
v  -0.1812 0.6814 -5.5009
v  0.3835 1.6415 -5.1391
v  0.1498 0.5278 -6.6540
v  -0.1871 0.6530 -5.5394
v  0.3529 1.6065 -5.1261
v  0.1776 0.5480 -6.6879
v  -0.1916 0.6261 -5.5792
v  0.3225 1.5706 -5.1154
v  0.2061 0.5699 -6.7201
v  -0.1946 0.6006 -5.6201
v  0.2923 1.5340 -5.1069
v  0.2350 0.5934 -6.7507
v  -0.1960 0.5767 -5.6619
v  0.2625 1.4966 -5.1006
v  0.2645 0.6184 -6.7796
v  -0.1960 0.5543 -5.7047
v  0.2330 1.4585 -5.0965
v  -0.1944 0.5336 -5.7482
v  0.2041 1.4200 -5.0948
v  -0.1914 0.5146 -5.7924
v  0.1757 1.3810 -5.0952
v  -0.1868 0.4973 -5.8373
v  0.1479 1.3417 -5.0980
v  -0.1807 0.4818 -5.8825
v  0.1208 1.3021 -5.1030
v  -0.1732 0.4681 -5.9282
v  0.0944 1.2623 -5.1102
v  -0.1642 0.4563 -5.9741
v  0.0689 1.2225 -5.1196
v  -0.1538 0.4463 -6.0201
v  0.0442 1.1827 -5.1313
v  -0.1420 0.4382 -6.0662
v  0.0204 1.1430 -5.1451
v  -0.1488 0.4661 -6.2255
v  -0.1291 0.4637 -6.2695
v  -0.1075 1.0762 -5.2267
v  -0.1286 1.0392 -5.2496
v  -0.1081 0.4633 -6.3130
v  -0.1483 1.0028 -5.2743
v  -0.0858 0.4647 -6.3557
v  -0.1666 0.9669 -5.3008
v  -0.0622 0.4680 -6.3977
v  -0.1835 0.9317 -5.3291
v  -0.0375 0.4731 -6.4388
v  -0.1989 0.8972 -5.3591
v  0.5333 1.8029 -5.2367
v  -0.0116 0.4800 -6.4789
v  -0.2127 0.8635 -5.3908
v  0.4994 1.7764 -5.2149
v  0.0154 0.4888 -6.5180
v  -0.2251 0.8307 -5.4240
v  0.4653 1.7486 -5.1952
v  0.0433 0.4994 -6.5558
v  -0.2358 0.7989 -5.4586
v  0.4311 1.7196 -5.1774
v  0.0722 0.5117 -6.5925
v  -0.2450 0.7681 -5.4946
v  0.3969 1.6894 -5.1617
v  0.1019 0.5258 -6.6277
v  -0.2525 0.7385 -5.5320
v  0.3628 1.6581 -5.1481
v  0.1325 0.5417 -6.6616
v  -0.2583 0.7101 -5.5705
v  0.3289 1.6257 -5.1366
v  0.1637 0.5591 -6.6939
v  -0.2625 0.6829 -5.6102
v  0.2952 1.5925 -5.1273
v  0.1956 0.5783 -6.7247
v  -0.2651 0.6571 -5.6508
v  0.2618 1.5584 -5.1202
v  0.2281 0.5990 -6.7537
v  -0.2659 0.6326 -5.6924
v  0.2289 1.5235 -5.1152
v  0.2610 0.6212 -6.7811
v  -0.2651 0.6097 -5.7348
v  0.1964 1.4879 -5.1125
v  -0.2626 0.5882 -5.7780
v  0.1645 1.4517 -5.1120
v  -0.2585 0.5683 -5.8217
v  0.1332 1.4150 -5.1138
v  -0.2526 0.5500 -5.8660
v  0.1027 1.3779 -5.1177
v  -0.2452 0.5334 -5.9107
v  0.0729 1.3404 -5.1238
v  -0.2361 0.5184 -5.9556
v  0.0440 1.3027 -5.1322
v  -0.2254 0.5052 -6.0008
v  0.0161 1.2648 -5.1427
v  -0.2131 0.4938 -6.0460
v  -0.0109 1.2268 -5.1553
v  -0.1992 0.4841 -6.0912
v  -0.0368 1.1889 -5.1701
v  -0.1839 0.4762 -6.1363
v  -0.0616 1.1511 -5.1870
v  -0.1670 0.4702 -6.1811
v  -0.0852 1.1135 -5.2059
v  -0.1491 0.5025 -6.3358
v  -0.1243 0.5015 -6.3771
v  -0.2081 1.0600 -5.3075
v  -0.2275 1.0252 -5.3347
v  -0.0981 0.5023 -6.4177
v  -0.2454 0.9909 -5.3635
v  -0.0707 0.5049 -6.4573
v  -0.2616 0.9572 -5.3940
v  0.5301 1.8060 -5.2385
v  -0.0421 0.5092 -6.4959
v  -0.2762 0.9242 -5.4260
v  0.4930 1.7825 -5.2185
v  -0.0123 0.5153 -6.5333
v  -0.2891 0.8919 -5.4595
v  0.4558 1.7577 -5.2004
v  0.0186 0.5231 -6.5696
v  -0.3002 0.8605 -5.4944
v  0.4185 1.7316 -5.1844
v  0.0504 0.5326 -6.6046
v  -0.3096 0.8299 -5.5305
v  0.3812 1.7044 -5.1704
v  0.0831 0.5438 -6.6382
v  -0.3172 0.8004 -5.5679
v  0.3440 1.6760 -5.1585
v  0.1167 0.5567 -6.6703
v  -0.3229 0.7719 -5.6064
v  0.3071 1.6466 -5.1487
v  0.1511 0.5712 -6.7009
v  -0.3269 0.7445 -5.6459
v  0.2704 1.6162 -5.1411
v  0.1861 0.5873 -6.7299
v  -0.3291 0.7183 -5.6864
v  0.2342 1.5848 -5.1355
v  0.2217 0.6050 -6.7573
v  -0.3294 0.6933 -5.7277
v  0.1984 1.5526 -5.1322
v  0.2578 0.6243 -6.7828
v  -0.3279 0.6697 -5.7697
v  0.1631 1.5197 -5.1310
v  -0.3245 0.6474 -5.8124
v  0.1286 1.4861 -5.1320
v  -0.3194 0.6266 -5.8556
v  0.0947 1.4519 -5.1352
v  -0.3124 0.6072 -5.8992
v  0.0616 1.4171 -5.1405
v  -0.3036 0.5893 -5.9432
v  0.0295 1.3819 -5.1480
v  -0.2931 0.5730 -5.9873
v  -0.0017 1.3464 -5.1576
v  -0.2808 0.5583 -6.0316
v  -0.0319 1.3106 -5.1693
v  -0.2669 0.5452 -6.0759
v  -0.0609 1.2747 -5.1831
v  -0.2512 0.5338 -6.1201
v  -0.0888 1.2386 -5.1990
v  -0.2339 0.5241 -6.1641
v  -0.1154 1.2025 -5.2169
v  -0.2150 0.5161 -6.2077
v  -0.1407 1.1666 -5.2367
v  -0.1945 0.5098 -6.2510
v  -0.1646 1.1307 -5.2584
v  -0.1725 0.5053 -6.2937
v  -0.1871 1.0952 -5.2821
v  -0.1301 0.5390 -6.4401
v  -0.1003 0.5389 -6.4781
v  -0.3004 1.0541 -5.4022
v  -0.3174 1.0213 -5.4332
v  0.5273 1.8092 -5.2404
v  -0.0692 0.5403 -6.5149
v  -0.3326 0.9890 -5.4657
v  0.4874 1.7890 -5.2224
v  -0.0369 0.5435 -6.5506
v  -0.3459 0.9573 -5.4995
v  0.4474 1.7674 -5.2064
v  -0.0034 0.5484 -6.5851
v  -0.3574 0.9262 -5.5346
v  0.4073 1.7445 -5.1923
v  0.0310 0.5549 -6.6182
v  -0.3670 0.8959 -5.5709
v  0.3672 1.7204 -5.1802
v  0.0665 0.5630 -6.6499
v  -0.3746 0.8664 -5.6083
v  0.3274 1.6952 -5.1703
v  0.1028 0.5728 -6.6801
v  -0.3804 0.8379 -5.6468
v  0.2877 1.6688 -5.1623
v  0.1399 0.5841 -6.7088
v  -0.3841 0.8102 -5.6862
v  0.2484 1.6414 -5.1565
v  0.1777 0.5970 -6.7359
v  -0.3859 0.7837 -5.7264
v  0.2096 1.6131 -5.1528
v  0.2161 0.6115 -6.7612
v  -0.3858 0.7581 -5.7673
v  0.1713 1.5838 -5.1512
v  0.2550 0.6275 -6.7848
v  -0.3836 0.7338 -5.8089
v  0.1336 1.5537 -5.1518
v  -0.3795 0.7107 -5.8511
v  0.0966 1.5228 -5.1545
v  -0.3735 0.6888 -5.8936
v  0.0604 1.4912 -5.1593
v  -0.3655 0.6682 -5.9366
v  0.0252 1.4590 -5.1661
v  -0.3556 0.6490 -5.9797
v  -0.0091 1.4263 -5.1751
v  -0.3438 0.6313 -6.0230
v  -0.0424 1.3931 -5.1862
v  -0.3302 0.6150 -6.0663
v  -0.0745 1.3596 -5.1993
v  -0.3147 0.6002 -6.1095
v  -0.1054 1.3257 -5.2144
v  -0.2974 0.5869 -6.1526
v  -0.1350 1.2917 -5.2315
v  -0.2783 0.5752 -6.1953
v  -0.1632 1.2575 -5.2505
v  -0.2576 0.5650 -6.2377
v  -0.1900 1.2232 -5.2714
v  -0.2352 0.5565 -6.2795
v  -0.2153 1.1890 -5.2941
v  -0.2111 0.5497 -6.3208
v  -0.2390 1.1549 -5.3186
v  -0.1856 0.5445 -6.3614
v  -0.2612 1.1210 -5.3448
v  -0.1585 0.5409 -6.4012
v  -0.2816 1.0874 -5.3727
v  -0.0926 0.5732 -6.5359
v  -0.0581 0.5733 -6.5696
v  -0.3813 1.0573 -5.5093
v  -0.3951 1.0261 -5.5435
v  0.4825 1.7958 -5.2268
v  0.4401 1.7776 -5.2129
v  -0.0225 0.5750 -6.6021
v  -0.4069 0.9955 -5.5789
v  0.3976 1.7581 -5.2010
v  0.0143 0.5783 -6.6332
v  -0.4167 0.9655 -5.6154
v  0.3552 1.7374 -5.1911
v  0.0520 0.5832 -6.6628
v  -0.4244 0.9361 -5.6529
v  0.3129 1.7154 -5.1832
v  0.0907 0.5897 -6.6910
v  -0.4300 0.9074 -5.6912
v  0.2710 1.6923 -5.1773
v  0.1302 0.5977 -6.7175
v  -0.4336 0.8796 -5.7305
v  0.2294 1.6681 -5.1736
v  0.1704 0.6073 -6.7424
v  -0.4351 0.8525 -5.7704
v  0.1883 1.6428 -5.1719
v  0.2112 0.6183 -6.7656
v  -0.4345 0.8265 -5.8110
v  0.1478 1.6166 -5.1722
v  0.2526 0.6309 -6.7870
v  -0.4319 0.8014 -5.8521
v  0.1080 1.5895 -5.1747
v  -0.4271 0.7773 -5.8937
v  0.0690 1.5615 -5.1792
v  -0.4203 0.7544 -5.9356
v  0.0308 1.5327 -5.1858
v  -0.4115 0.7326 -5.9777
v  -0.0064 1.5032 -5.1944
v  -0.4006 0.7120 -6.0200
v  -0.0425 1.4731 -5.2050
v  -0.3877 0.6927 -6.0622
v  -0.0775 1.4424 -5.2177
v  -0.3728 0.6747 -6.1045
v  -0.1113 1.4112 -5.2323
v  -0.3560 0.6581 -6.1465
v  -0.1438 1.3796 -5.2488
v  -0.3373 0.6428 -6.1883
v  -0.1749 1.3476 -5.2672
v  -0.3168 0.6290 -6.2297
v  -0.2045 1.3154 -5.2875
v  -0.2944 0.6166 -6.2707
v  -0.2326 1.2830 -5.3095
v  -0.2703 0.6058 -6.3110
v  -0.2591 1.2504 -5.3334
v  -0.2445 0.5964 -6.3507
v  -0.2840 1.2179 -5.3588
v  -0.2171 0.5886 -6.3897
v  -0.3071 1.1853 -5.3860
v  -0.1882 0.5824 -6.4277
v  -0.3285 1.1530 -5.4146
v  -0.1577 0.5777 -6.4649
v  -0.3480 1.1208 -5.4448
v  -0.1258 0.5747 -6.5009
v  -0.3656 1.0888 -5.4764
v  0.5249 1.8126 -5.2426
v  -0.0384 0.6028 -6.6205
v  0.0003 0.6028 -6.6494
v  -0.4482 1.0677 -5.6269
v  -0.4581 1.0379 -5.6635
v  0.3895 1.7723 -5.2104
v  0.3451 1.7550 -5.2028
v  0.0400 0.6043 -6.6768
v  -0.4659 1.0086 -5.7010
v  0.3009 1.7365 -5.1972
v  0.0806 0.6073 -6.7027
v  -0.4715 0.9799 -5.7394
v  0.2570 1.7167 -5.1936
v  0.1221 0.6119 -6.7269
v  -0.4749 0.9517 -5.7784
v  0.2135 1.6959 -5.1920
v  0.1643 0.6179 -6.7495
v  -0.4762 0.9243 -5.8181
v  0.1706 1.6739 -5.1925
v  0.2071 0.6255 -6.7703
v  -0.4752 0.8976 -5.8583
v  0.1283 1.6508 -5.1949
v  0.2505 0.6345 -6.7894
v  -0.4721 0.8717 -5.8989
v  0.0867 1.6268 -5.1995
v  -0.4668 0.8467 -5.9398
v  0.0459 1.6018 -5.2060
v  -0.4594 0.8227 -5.9809
v  0.0061 1.5759 -5.2145
v  -0.4498 0.7996 -6.0222
v  -0.0327 1.5492 -5.2250
v  -0.4381 0.7776 -6.0635
v  -0.0704 1.5218 -5.2374
v  -0.4243 0.7567 -6.1047
v  -0.1069 1.4937 -5.2517
v  -0.4084 0.7369 -6.1458
v  -0.1421 1.4649 -5.2680
v  -0.3905 0.7184 -6.1866
v  -0.1759 1.4357 -5.2860
v  -0.3706 0.7011 -6.2270
v  -0.2082 1.4059 -5.3059
v  -0.3488 0.6851 -6.2670
v  -0.2390 1.3757 -5.3275
v  -0.3252 0.6704 -6.3064
v  -0.2682 1.3452 -5.3509
v  -0.2997 0.6571 -6.3451
v  -0.2957 1.3144 -5.3759
v  -0.2724 0.6452 -6.3831
v  -0.3215 1.2834 -5.4024
v  -0.2435 0.6347 -6.4202
v  -0.3455 1.2524 -5.4305
v  -0.2129 0.6256 -6.4564
v  -0.3675 1.2212 -5.4600
v  -0.1808 0.6180 -6.4916
v  -0.3877 1.1902 -5.4909
v  -0.1472 0.6119 -6.5257
v  -0.4059 1.1592 -5.5232
v  0.5228 1.8162 -5.2450
v  -0.1122 0.6074 -6.5586
v  -0.4220 1.1284 -5.5566
v  0.4785 1.8029 -5.2315
v  -0.0759 0.6043 -6.5903
v  -0.4362 1.0979 -5.5912
v  0.4340 1.7883 -5.2200
v  0.0304 0.6260 -6.6917
v  0.0726 0.6255 -6.7152
v  -0.4987 1.0834 -5.7524
v  -0.5043 1.0545 -5.7907
v  0.2913 1.7582 -5.2121
v  0.2459 1.7419 -5.2109
v  0.1157 0.6264 -6.7369
v  -0.5076 1.0261 -5.8296
v  0.2010 1.7245 -5.2117
v  0.1595 0.6289 -6.7570
v  -0.5087 0.9982 -5.8689
v  0.1565 1.7058 -5.2144
v  0.2039 0.6328 -6.7754
v  -0.5075 0.9709 -5.9087
v  0.1128 1.6860 -5.2192
v  0.2489 0.6381 -6.7919
v  -0.5040 0.9442 -5.9487
v  0.0698 1.6652 -5.2259
v  -0.4983 0.9182 -5.9890
v  0.0277 1.6433 -5.2345
v  -0.4903 0.8930 -6.0293
v  -0.0135 1.6204 -5.2451
v  -0.4802 0.8686 -6.0697
v  -0.0536 1.5967 -5.2576
v  -0.4678 0.8451 -6.1100
v  -0.0925 1.5720 -5.2719
v  -0.4532 0.8226 -6.1501
v  -0.1301 1.5465 -5.2881
v  -0.4366 0.8010 -6.1899
v  -0.1664 1.5203 -5.3060
v  -0.4178 0.7805 -6.2293
v  -0.2013 1.4934 -5.3258
v  -0.3970 0.7611 -6.2683
v  -0.2346 1.4659 -5.3472
v  -0.3742 0.7428 -6.3067
v  -0.2664 1.4378 -5.3703
v  -0.3495 0.7258 -6.3444
v  -0.2964 1.4093 -5.3950
v  -0.3229 0.7099 -6.3814
v  -0.3247 1.3803 -5.4212
v  -0.2945 0.6953 -6.4176
v  -0.3512 1.3510 -5.4489
v  -0.2643 0.6821 -6.4528
v  -0.3758 1.3214 -5.4780
v  -0.2325 0.6701 -6.4870
v  -0.3985 1.2916 -5.5084
v  -0.1990 0.6596 -6.5202
v  -0.4191 1.2617 -5.5401
v  -0.1641 0.6504 -6.5521
v  -0.4378 1.2317 -5.5730
v  0.5212 1.8199 -5.2475
v  -0.1277 0.6426 -6.5828
v  -0.4543 1.2017 -5.6070
v  0.4752 1.8102 -5.2366
v  -0.0899 0.6363 -6.6122
v  -0.4687 1.1718 -5.6420
v  0.4292 1.7992 -5.2275
v  -0.0509 0.6314 -6.6402
v  -0.4809 1.1421 -5.6780
v  0.3831 1.7868 -5.2204
v  -0.0108 0.6279 -6.6667
v  -0.4909 1.1126 -5.7148
v  0.3371 1.7732 -5.2153
v  0.1110 0.6413 -6.7475
v  0.1560 0.6401 -6.7650
v  -0.5314 1.1020 -5.8834
v  -0.5323 1.0736 -5.9224
v  0.1918 1.7536 -5.2324
v  0.1463 1.7384 -5.2376
v  0.2016 0.6402 -6.7807
v  -0.5309 1.0456 -5.9617
v  0.1015 1.7220 -5.2447
v  0.2477 0.6419 -6.7946
v  -0.5272 1.0181 -6.0012
v  0.0575 1.7044 -5.2537
v  -0.5212 0.9912 -6.0407
v  0.0144 1.6856 -5.2646
v  -0.5128 0.9648 -6.0803
v  -0.0277 1.6658 -5.2773
v  -0.5022 0.9390 -6.1197
v  -0.0687 1.6450 -5.2919
v  -0.4894 0.9140 -6.1589
v  -0.1085 1.6232 -5.3082
v  -0.4743 0.8898 -6.1978
v  -0.1470 1.6004 -5.3263
v  -0.4571 0.8664 -6.2363
v  -0.1841 1.5768 -5.3461
v  -0.4377 0.8439 -6.2743
v  -0.2198 1.5523 -5.3676
v  -0.4162 0.8223 -6.3117
v  -0.2538 1.5271 -5.3906
v  -0.3927 0.8017 -6.3485
v  -0.2862 1.5012 -5.4153
v  -0.3672 0.7822 -6.3845
v  -0.3169 1.4746 -5.4414
v  -0.3398 0.7638 -6.4197
v  -0.3458 1.4475 -5.4689
v  -0.3105 0.7465 -6.4539
v  -0.3728 1.4199 -5.4978
v  -0.2795 0.7304 -6.4871
v  -0.3979 1.3918 -5.5279
v  -0.2467 0.7155 -6.5193
v  -0.4210 1.3634 -5.5593
v  -0.2123 0.7019 -6.5502
v  -0.4420 1.3346 -5.5919
v  -0.1764 0.6895 -6.5799
v  -0.4609 1.3056 -5.6255
v  0.5201 1.8236 -5.2502
v  -0.1389 0.6785 -6.6083
v  -0.4777 1.2765 -5.6601
v  0.4729 1.8177 -5.2419
v  -0.1002 0.6688 -6.6354
v  -0.4923 1.2472 -5.6955
v  0.4256 1.8104 -5.2354
v  -0.0601 0.6605 -6.6609
v  -0.5047 1.2179 -5.7318
v  0.3784 1.8017 -5.2310
v  -0.0188 0.6536 -6.6850
v  -0.5148 1.1887 -5.7689
v  0.3313 1.7917 -5.2284
v  0.0235 0.6481 -6.7074
v  -0.5226 1.1596 -5.8065
v  0.2844 1.7803 -5.2278
v  0.0668 0.6440 -6.7283
v  -0.5282 1.1306 -5.8447
v  0.2379 1.7676 -5.2291
v  0.2001 0.6478 -6.7862
v  0.2470 0.6457 -6.7973
v  -0.5454 1.1211 -6.0169
v  -0.5415 1.0928 -6.0558
v  0.0946 1.7582 -5.2712
v  0.0499 1.7439 -5.2826
v  -0.5353 1.0648 -6.0946
v  0.0062 1.7284 -5.2958
v  -0.5267 1.0372 -6.1332
v  -0.0365 1.7117 -5.3108
v  -0.5159 1.0101 -6.1717
v  -0.0781 1.6938 -5.3276
v  -0.5027 0.9836 -6.2097
v  -0.1184 1.6748 -5.3460
v  -0.4873 0.9577 -6.2474
v  -0.1574 1.6548 -5.3661
v  -0.4697 0.9324 -6.2846
v  -0.1950 1.6338 -5.3878
v  -0.4500 0.9079 -6.3211
v  -0.2312 1.6118 -5.4111
v  -0.4281 0.8841 -6.3569
v  -0.2657 1.5889 -5.4359
v  -0.4041 0.8612 -6.3920
v  -0.2985 1.5652 -5.4621
v  -0.3781 0.8392 -6.4262
v  -0.3296 1.5406 -5.4896
v  -0.3502 0.8182 -6.4595
v  -0.3588 1.5154 -5.5185
v  -0.3204 0.7982 -6.4917
v  -0.3861 1.4894 -5.5486
v  -0.2888 0.7792 -6.5228
v  -0.4115 1.4629 -5.5799
v  -0.2555 0.7614 -6.5528
v  -0.4349 1.4358 -5.6123
v  -0.2205 0.7446 -6.5815
v  -0.4561 1.4082 -5.6457
v  -0.1839 0.7291 -6.6089
v  -0.4752 1.3803 -5.6801
v  0.5193 1.8274 -5.2529
v  -0.1459 0.7148 -6.6349
v  -0.4922 1.3519 -5.7153
v  0.4715 1.8252 -5.2474
v  -0.1064 0.7017 -6.6594
v  -0.5069 1.3233 -5.7512
v  0.4235 1.8217 -5.2437
v  -0.0657 0.6900 -6.6825
v  -0.5193 1.2945 -5.7879
v  0.3755 1.8167 -5.2419
v  -0.0238 0.6795 -6.7039
v  -0.5295 1.2655 -5.8251
v  0.3277 1.8104 -5.2421
v  0.0192 0.6704 -6.7238
v  -0.5374 1.2365 -5.8628
v  0.2801 1.8026 -5.2441
v  0.0632 0.6627 -6.7420
v  -0.5429 1.2075 -5.9009
v  0.2329 1.7935 -5.2481
v  0.1081 0.6563 -6.7585
v  -0.5461 1.1785 -5.9394
v  0.1862 1.7831 -5.2539
v  0.1538 0.6513 -6.7732
v  -0.5469 1.1497 -5.9781
v  0.1400 1.7713 -5.2616
v  -0.5404 1.1384 -6.1500
v  -0.5318 1.1097 -6.1878
v  0.0032 1.7711 -5.3280
v  -0.0397 1.7575 -5.3453
v  -0.5208 1.0812 -6.2252
v  -0.0815 1.7426 -5.3643
v  -0.5076 1.0531 -6.2621
v  -0.1220 1.7265 -5.3849
v  -0.4921 1.0255 -6.2985
v  -0.1613 1.7092 -5.4071
v  -0.4744 0.9984 -6.3342
v  -0.1991 1.6908 -5.4307
v  -0.4545 0.9718 -6.3693
v  -0.2353 1.6713 -5.4559
v  -0.4324 0.9459 -6.4035
v  -0.2700 1.6507 -5.4824
v  -0.4083 0.9207 -6.4368
v  -0.3030 1.6292 -5.5102
v  -0.3822 0.8963 -6.4691
v  -0.3342 1.6066 -5.5393
v  -0.3541 0.8726 -6.5004
v  -0.3636 1.5832 -5.5696
v  -0.3241 0.8499 -6.5306
v  -0.3910 1.5590 -5.6010
v  -0.2923 0.8280 -6.5596
v  -0.4165 1.5340 -5.6335
v  -0.2587 0.8072 -6.5873
v  -0.4399 1.5083 -5.6669
v  -0.2235 0.7874 -6.6137
v  -0.4613 1.4819 -5.7012
v  -0.1867 0.7687 -6.6387
v  -0.4805 1.4549 -5.7363
v  0.5191 1.8312 -5.2558
v  -0.1484 0.7511 -6.6622
v  -0.4975 1.4274 -5.7721
v  0.4709 1.8328 -5.2530
v  -0.1088 0.7346 -6.6842
v  -0.5122 1.3994 -5.8085
v  0.4227 1.8330 -5.2522
v  -0.0678 0.7194 -6.7046
v  -0.5247 1.3711 -5.8455
v  0.3745 1.8317 -5.2532
v  -0.0256 0.7054 -6.7234
v  -0.5349 1.3424 -5.8829
v  0.3264 1.8291 -5.2561
v  0.0176 0.6928 -6.7406
v  -0.5428 1.3135 -5.9207
v  0.2786 1.8250 -5.2609
v  0.0619 0.6814 -6.7561
v  -0.5483 1.2843 -5.9588
v  0.2311 1.8194 -5.2676
v  0.1071 0.6713 -6.7698
v  -0.5515 1.2551 -5.9971
v  0.1841 1.8125 -5.2761
v  0.1530 0.6626 -6.7817
v  -0.5522 1.2258 -6.0354
v  0.1377 1.8042 -5.2864
v  0.1996 0.6553 -6.7918
v  -0.5507 1.1966 -6.0737
v  0.0920 1.7945 -5.2985
v  0.2468 0.6494 -6.8002
v  -0.5467 1.1674 -6.1120
v  0.0472 1.7835 -5.3124
v  -0.5172 1.1516 -6.2797
v  -0.5040 1.1220 -6.3155
v  -0.0790 1.7910 -5.4018
v  -0.1194 1.7777 -5.4246
v  -0.4886 1.0927 -6.3505
v  -0.1585 1.7631 -5.4488
v  -0.4710 1.0638 -6.3849
v  -0.1961 1.7473 -5.4745
v  -0.4512 1.0352 -6.4183
v  -0.2323 1.7302 -5.5015
v  -0.4292 1.0071 -6.4509
v  -0.2668 1.7119 -5.5298
v  -0.4052 0.9796 -6.4824
v  -0.2997 1.6925 -5.5593
v  -0.3792 0.9527 -6.5129
v  -0.3308 1.6720 -5.5899
v  -0.3512 0.9265 -6.5422
v  -0.3601 1.6505 -5.6216
v  -0.3214 0.9010 -6.5702
v  -0.3874 1.6279 -5.6544
v  -0.2897 0.8764 -6.5970
v  -0.4128 1.6044 -5.6880
v  -0.2563 0.8526 -6.6225
v  -0.4362 1.5800 -5.7224
v  -0.2213 0.8297 -6.6465
v  -0.4575 1.5548 -5.7576
v  -0.1847 0.8078 -6.6690
v  -0.4766 1.5288 -5.7935
v  0.5193 1.8349 -5.2587
v  -0.1466 0.7870 -6.6900
v  -0.4936 1.5021 -5.8299
v  0.4713 1.8403 -5.2588
v  -0.1071 0.7672 -6.7094
v  -0.5083 1.4748 -5.8669
v  0.4233 1.8442 -5.2609
v  -0.0663 0.7486 -6.7272
v  -0.5208 1.4469 -5.9042
v  0.3752 1.8466 -5.2647
v  -0.0243 0.7311 -6.7433
v  -0.5310 1.4185 -5.9419
v  0.3274 1.8476 -5.2705
v  0.0188 0.7149 -6.7577
v  -0.5388 1.3897 -5.9797
v  0.2797 1.8471 -5.2781
v  0.0629 0.6999 -6.7704
v  -0.5443 1.3605 -6.0177
v  0.2324 1.8451 -5.2875
v  0.1078 0.6862 -6.7813
v  -0.5475 1.3310 -6.0558
v  0.1856 1.8417 -5.2987
v  0.1536 0.6738 -6.7904
v  -0.5483 1.3012 -6.0938
v  0.1394 1.8368 -5.3116
v  0.2000 0.6628 -6.7976
v  -0.5468 1.2713 -6.1316
v  0.0939 1.8304 -5.3263
v  0.2470 0.6532 -6.8031
v  -0.5429 1.2413 -6.1692
v  0.0492 1.8227 -5.3427
v  -0.5366 1.2114 -6.2065
v  0.0054 1.8135 -5.3608
v  -0.5281 1.1814 -6.2433
v  -0.0374 1.8029 -5.3805
v  -0.4769 1.1586 -6.4030
v  -0.4596 1.1279 -6.4359
v  -0.1491 1.8160 -5.4909
v  -0.1863 1.8026 -5.5186
v  -0.4401 1.0973 -6.4678
v  -0.2220 1.7880 -5.5475
v  -0.4185 1.0672 -6.4987
v  -0.2561 1.7720 -5.5776
v  -0.3949 1.0374 -6.5284
v  -0.2886 1.7547 -5.6088
v  -0.3694 1.0081 -6.5570
v  -0.3194 1.7361 -5.6410
v  -0.3418 0.9794 -6.5843
v  -0.3483 1.7164 -5.6741
v  -0.3125 0.9512 -6.6102
v  -0.3754 1.6955 -5.7082
v  -0.2813 0.9238 -6.6348
v  -0.4006 1.6734 -5.7430
v  -0.2484 0.8971 -6.6579
v  -0.4237 1.6504 -5.7785
v  -0.2139 0.8712 -6.6795
v  -0.4448 1.6263 -5.8146
v  -0.1778 0.8463 -6.6996
v  -0.4637 1.6013 -5.8512
v  0.5199 1.8386 -5.2616
v  -0.1403 0.8222 -6.7181
v  -0.4805 1.5754 -5.8883
v  0.4726 1.8476 -5.2647
v  -0.1014 0.7992 -6.7349
v  -0.4952 1.5487 -5.9258
v  0.4252 1.8551 -5.2696
v  -0.0612 0.7772 -6.7500
v  -0.5075 1.5213 -5.9635
v  0.3778 1.8612 -5.2764
v  -0.0198 0.7563 -6.7634
v  -0.5177 1.4932 -6.0013
v  0.3306 1.8657 -5.2850
v  0.0227 0.7366 -6.7750
v  -0.5255 1.4644 -6.0393
v  0.2836 1.8688 -5.2953
v  0.0661 0.7180 -6.7849
v  -0.5310 1.4351 -6.0772
v  0.2369 1.8703 -5.3075
v  0.1104 0.7008 -6.7929
v  -0.5343 1.4053 -6.1150
v  0.1907 1.8703 -5.3214
v  0.1555 0.6848 -6.7991
v  -0.5352 1.3751 -6.1527
v  0.1451 1.8687 -5.3371
v  0.2013 0.6701 -6.8035
v  -0.5337 1.3446 -6.1900
v  0.1002 1.8657 -5.3544
v  0.2476 0.6568 -6.8060
v  -0.5300 1.3138 -6.2270
v  0.0560 1.8611 -5.3733
v  -0.5239 1.2829 -6.2635
v  0.0128 1.8550 -5.3939
v  -0.5155 1.2518 -6.2994
v  -0.0294 1.8474 -5.4160
v  -0.5049 1.2207 -6.3347
v  -0.0705 1.8384 -5.4395
v  -0.4920 1.1896 -6.3693
v  -0.1104 1.8279 -5.4645
v  -0.0918 0.8302 -6.7603
v  -0.0526 0.8049 -6.7727
v  -0.2046 1.8440 -5.5935
v  -0.2380 1.8302 -5.6254
v  -0.0122 0.7807 -6.7834
v  -0.2699 1.8150 -5.6582
v  0.0292 0.7576 -6.7923
v  -0.3001 1.7983 -5.6920
v  0.0716 0.7357 -6.7993
v  -0.3285 1.7803 -5.7266
v  0.1148 0.7149 -6.8045
v  -0.3551 1.7610 -5.7619
v  0.1588 0.6954 -6.8078
v  -0.3798 1.7405 -5.7979
v  0.2035 0.6772 -6.8093
v  -0.4025 1.7187 -5.8345
v  0.2487 0.6604 -6.8089
v  -0.4232 1.6957 -5.8715
v  -0.4419 1.6717 -5.9089
v  0.5210 1.8421 -5.2645
v  -0.4585 1.6466 -5.9467
v  0.4748 1.8547 -5.2705
v  -0.5024 1.3523 -6.3204
v  -0.4943 1.3201 -6.3554
v  -0.4729 1.6205 -5.9846
v  0.4285 1.8658 -5.2783
v  -0.4841 1.2877 -6.3896
v  -0.4851 1.5935 -6.0227
v  -0.4716 1.2552 -6.4230
v  0.3822 1.8753 -5.2880
v  -0.4952 1.5656 -6.0607
v  -0.4570 1.2226 -6.4555
v  0.3361 1.8834 -5.2994
v  -0.5030 1.5369 -6.0987
v  -0.4402 1.1901 -6.4869
v  0.2901 1.8898 -5.3126
v  -0.5086 1.5076 -6.1366
v  -0.4214 1.1576 -6.5173
v  0.2445 1.8947 -5.3276
v  -0.5119 1.4775 -6.1742
v  -0.4005 1.1254 -6.5465
v  0.1993 1.8980 -5.3442
v  -0.5129 1.4469 -6.2115
v  -0.3775 1.0935 -6.5744
v  0.1547 1.8997 -5.3625
v  -0.5116 1.4158 -6.2483
v  0.1108 1.8999 -5.3824
v  -0.3527 1.0618 -6.6010
v  -0.5081 1.3842 -6.2846
v  0.0676 1.8984 -5.4039
v  -0.3259 1.0306 -6.6263
v  0.0253 1.8953 -5.4269
v  -0.2973 0.9999 -6.6502
v  -0.0160 1.8906 -5.4514
v  -0.2670 0.9698 -6.6725
v  -0.0563 1.8844 -5.4773
v  -0.2350 0.9403 -6.6933
v  -0.2014 0.9115 -6.7126
v  -0.0953 1.8766 -5.5045
v  -0.1663 0.8836 -6.7302
v  -0.1331 1.8673 -5.5330
v  -0.1297 0.8564 -6.7461
v  -0.1696 1.8564 -5.5626
v  0.3884 1.8889 -5.2994
v  0.3437 1.9003 -5.3137
v  -0.0016 0.8042 -6.8032
v  0.0383 0.7778 -6.8094
v  -0.4637 1.6352 -6.1195
v  -0.4715 1.6066 -6.1576
v  0.2992 1.9100 -5.3297
v  0.0792 0.7526 -6.8136
v  -0.4771 1.5771 -6.1954
v  0.2551 1.9182 -5.3474
v  0.1210 0.7285 -6.8160
v  -0.4805 1.5468 -6.2328
v  0.2114 1.9247 -5.3667
v  0.1635 0.7056 -6.8165
v  -0.4817 1.5158 -6.2697
v  0.1682 1.9295 -5.3877
v  0.2066 0.6841 -6.8151
v  -0.4808 1.4841 -6.3060
v  0.1256 1.9327 -5.4102
v  0.2503 0.6638 -6.8118
v  -0.4776 1.4518 -6.3417
v  0.0838 1.9342 -5.4342
v  -0.4722 1.4189 -6.3767
v  0.0428 1.9340 -5.4596
v  -0.4647 1.3857 -6.4108
v  0.0028 1.9321 -5.4864
v  -0.4550 1.3520 -6.4440
v  -0.0363 1.9286 -5.5146
v  -0.4432 1.3181 -6.4762
v  -0.0742 1.9234 -5.5440
v  -0.4292 1.2840 -6.5074
v  -0.1109 1.9165 -5.5746
v  -0.4132 1.2498 -6.5374
v  -0.1462 1.9080 -5.6063
v  -0.3952 1.2156 -6.5662
v  -0.1802 1.8979 -5.6390
v  -0.3752 1.1814 -6.5937
v  -0.2127 1.8862 -5.6726
v  -0.3532 1.1473 -6.6199
v  -0.2437 1.8729 -5.7072
v  -0.3293 1.1134 -6.6446
v  -0.2731 1.8581 -5.7425
v  -0.3036 1.0799 -6.6679
v  -0.3007 1.8418 -5.7785
v  -0.2762 1.0467 -6.6897
v  -0.3266 1.8240 -5.8151
v  -0.2470 1.0140 -6.7099
v  -0.3506 1.8048 -5.8523
v  -0.2162 0.9818 -6.7284
v  -0.3728 1.7843 -5.8899
v  -0.1839 0.9502 -6.7453
v  -0.3931 1.7624 -5.9278
v  -0.1501 0.9194 -6.7604
v  -0.4113 1.7392 -5.9660
v  0.5226 1.8455 -5.2674
v  -0.1148 0.8892 -6.7738
v  -0.4276 1.7149 -6.0044
v  0.4779 1.8615 -5.2763
v  -0.0783 0.8600 -6.7855
v  -0.4417 1.6894 -6.0428
v  0.4332 1.8760 -5.2870
v  -0.0405 0.8316 -6.7953
v  -0.4538 1.6628 -6.0812
v  0.3109 1.9292 -5.3464
v  0.2686 1.9404 -5.3668
v  0.0890 0.7686 -6.8276
v  0.1288 0.7414 -6.8272
v  -0.4369 1.6431 -6.2530
v  -0.4405 1.6126 -6.2901
v  0.2268 1.9500 -5.3888
v  0.1694 0.7153 -6.8249
v  -0.4420 1.5811 -6.3267
v  0.1854 1.9578 -5.4123
v  0.2105 0.6905 -6.8207
v  -0.4413 1.5489 -6.3626
v  0.1446 1.9638 -5.4373
v  0.2522 0.6671 -6.8146
v  -0.4386 1.5159 -6.3977
v  0.1045 1.9682 -5.4638
v  -0.4338 1.4822 -6.4318
v  0.0651 1.9707 -5.4916
v  -0.4268 1.4479 -6.4651
v  0.0267 1.9715 -5.5208
v  -0.4179 1.4131 -6.4973
v  -0.0108 1.9705 -5.5512
v  -0.4068 1.3779 -6.5283
v  -0.0472 1.9677 -5.5827
v  -0.3938 1.3423 -6.5582
v  -0.0824 1.9632 -5.6153
v  -0.3787 1.3065 -6.5869
v  -0.1165 1.9570 -5.6490
v  -0.3618 1.2705 -6.6141
v  -0.1492 1.9490 -5.6835
v  -0.3429 1.2344 -6.6400
v  -0.1805 1.9392 -5.7189
v  -0.3221 1.1984 -6.6645
v  -0.2103 1.9278 -5.7551
v  -0.2996 1.1624 -6.6874
v  -0.2386 1.9147 -5.7919
v  -0.2752 1.1266 -6.7087
v  -0.2653 1.9000 -5.8293
v  -0.2492 1.0911 -6.7284
v  -0.2903 1.8837 -5.8672
v  -0.2215 1.0559 -6.7464
v  -0.3135 1.8659 -5.9055
v  -0.1923 1.0212 -6.7627
v  -0.3350 1.8465 -5.9442
v  -0.1616 0.9870 -6.7773
v  -0.3546 1.8256 -5.9830
v  -0.1294 0.9533 -6.7901
v  -0.3723 1.8033 -6.0219
v  0.5245 1.8488 -5.2702
v  -0.0959 0.9204 -6.8010
v  -0.3881 1.7797 -6.0609
v  0.4819 1.8680 -5.2819
v  -0.0611 0.8882 -6.8101
v  -0.4020 1.7547 -6.0998
v  0.4390 1.8857 -5.2954
v  -0.0251 0.8569 -6.8173
v  -0.4138 1.7286 -6.1386
v  0.3962 1.9018 -5.3107
v  0.0119 0.8265 -6.8227
v  -0.4236 1.7012 -6.1771
v  0.3535 1.9163 -5.3277
v  0.0500 0.7970 -6.8261
v  -0.4313 1.6727 -6.2152
v  0.2453 1.9737 -5.4102
v  0.2061 1.9842 -5.4362
v  0.1765 0.7244 -6.8331
v  0.2153 0.6966 -6.8262
v  -0.3940 1.6424 -6.3820
v  -0.3938 1.6096 -6.4174
v  0.1674 1.9930 -5.4637
v  0.2546 0.6701 -6.8174
v  -0.3915 1.5759 -6.4519
v  0.1294 2.0000 -5.4925
v  -0.3873 1.5414 -6.4853
v  0.0921 2.0051 -5.5227
v  -0.3812 1.5061 -6.5177
v  0.0556 2.0084 -5.5541
v  -0.3730 1.4703 -6.5489
v  0.0200 2.0098 -5.5866
v  -0.3630 1.4338 -6.5789
v  -0.0146 2.0093 -5.6202
v  -0.3510 1.3969 -6.6075
v  -0.0481 2.0070 -5.6549
v  -0.3372 1.3596 -6.6348
v  -0.0805 2.0028 -5.6904
v  -0.3214 1.3220 -6.6606
v  -0.1117 1.9968 -5.7267
v  -0.3039 1.2841 -6.6849
v  -0.1415 1.9889 -5.7638
v  -0.2846 1.2462 -6.7077
v  -0.1700 1.9793 -5.8016
v  -0.2636 1.2083 -6.7288
v  -0.1970 1.9678 -5.8399
v  -0.2409 1.1704 -6.7482
v  -0.2225 1.9546 -5.8786
v  -0.2166 1.1326 -6.7659
v  -0.2464 1.9397 -5.9178
v  -0.1908 1.0952 -6.7819
v  -0.2687 1.9230 -5.9572
v  -0.1634 1.0580 -6.7960
v  -0.2893 1.9047 -5.9968
v  -0.1346 1.0213 -6.8084
v  -0.3082 1.8848 -6.0365
v  -0.1045 0.9851 -6.8188
v  -0.3253 1.8634 -6.0762
v  0.5269 1.8518 -5.2730
v  -0.0730 0.9496 -6.8274
v  -0.3406 1.8404 -6.1157
v  0.4866 1.8741 -5.2874
v  -0.0404 0.9147 -6.8340
v  -0.3540 1.8160 -6.1551
v  0.4462 1.8948 -5.3036
v  -0.0066 0.8806 -6.8387
v  -0.3655 1.7901 -6.1942
v  0.4057 1.9139 -5.3216
v  0.0283 0.8473 -6.8415
v  -0.3751 1.7630 -6.2329
v  0.3653 1.9314 -5.3413
v  0.0641 0.8150 -6.8423
v  -0.3828 1.7345 -6.2711
v  0.3250 1.9472 -5.3627
v  0.1008 0.7837 -6.8412
v  -0.3885 1.7049 -6.3088
v  0.2850 1.9613 -5.3856
v  0.1383 0.7535 -6.8381
v  -0.3922 1.6742 -6.3458
v  0.1940 2.0199 -5.4890
v  0.1584 2.0293 -5.5201
v  0.2574 0.6729 -6.8200
v  -0.3369 1.6313 -6.5039
v  -0.3334 1.5960 -6.5366
v  0.1234 2.0368 -5.5525
v  -0.3281 1.5599 -6.5682
v  0.0891 2.0424 -5.5860
v  -0.3210 1.5230 -6.5984
v  0.0557 2.0460 -5.6206
v  -0.3121 1.4854 -6.6273
v  0.0232 2.0476 -5.6562
v  -0.3013 1.4472 -6.6548
v  -0.0083 2.0473 -5.6928
v  -0.2888 1.4085 -6.6808
v  -0.0388 2.0451 -5.7301
v  -0.2746 1.3694 -6.7052
v  -0.0681 2.0409 -5.7682
v  -0.2587 1.3300 -6.7280
v  -0.0963 2.0348 -5.8069
v  -0.2411 1.2903 -6.7491
v  -0.1231 2.0267 -5.8461
v  -0.2219 1.2506 -6.7685
v  -0.1487 2.0168 -5.8859
v  -0.2011 1.2107 -6.7861
v  -0.1728 2.0050 -5.9259
v  -0.1788 1.1710 -6.8019
v  -0.1955 1.9913 -5.9662
v  -0.1550 1.1314 -6.8159
v  -0.2167 1.9758 -6.0067
v  -0.1299 1.0920 -6.8280
v  -0.2363 1.9585 -6.0473
v  -0.1033 1.0530 -6.8381
v  -0.2543 1.9395 -6.0878
v  -0.0755 1.0145 -6.8464
v  -0.2707 1.9187 -6.1282
v  0.5297 1.8546 -5.2756
v  -0.0465 0.9765 -6.8526
v  -0.2853 1.8964 -6.1683
v  0.4921 1.8797 -5.2927
v  -0.0163 0.9391 -6.8569
v  -0.2983 1.8724 -6.2082
v  0.4544 1.9031 -5.3115
v  0.0150 0.9024 -6.8592
v  -0.3095 1.8469 -6.2476
v  0.4167 1.9250 -5.3321
v  0.0472 0.8665 -6.8595
v  -0.3189 1.8200 -6.2865
v  0.3789 1.9452 -5.3543
v  0.0804 0.8316 -6.8579
v  -0.3265 1.7916 -6.3248
v  0.3413 1.9638 -5.3782
v  0.1145 0.7976 -6.8542
v  -0.3323 1.7619 -6.3623
v  0.3040 1.9805 -5.4037
v  0.1493 0.7646 -6.8486
v  -0.3362 1.7310 -6.3991
v  0.2669 1.9955 -5.4307
v  0.1847 0.7328 -6.8410
v  -0.3383 1.6988 -6.4350
v  0.2302 2.0086 -5.4591
v  0.2208 0.7022 -6.8314
v  -0.3385 1.6656 -6.4700
v  0.1587 2.0655 -5.5807
v  0.1270 2.0732 -5.6163
v  -0.2682 1.6086 -6.6160
v  -0.2622 1.5708 -6.6454
v  0.0961 2.0788 -5.6529
v  -0.2546 1.5322 -6.6733
v  0.0659 2.0824 -5.6904
v  -0.2452 1.4928 -6.6996
v  0.0367 2.0839 -5.7287
v  -0.2343 1.4529 -6.7244
v  0.0084 2.0834 -5.7678
v  -0.2217 1.4124 -6.7474
v  -0.0189 2.0809 -5.8075
v  -0.2076 1.3715 -6.7688
v  -0.0452 2.0763 -5.8477
v  -0.1919 1.3303 -6.7884
v  -0.0702 2.0698 -5.8884
v  -0.1747 1.2889 -6.8061
v  -0.0941 2.0612 -5.9294
v  -0.1561 1.2473 -6.8221
v  -0.1167 2.0506 -5.9707
v  -0.1361 1.2057 -6.8361
v  -0.1380 2.0380 -6.0122
v  -0.1147 1.1642 -6.8481
v  -0.1579 2.0236 -6.0537
v  -0.0920 1.1229 -6.8582
v  -0.1764 2.0072 -6.0951
v  -0.0680 1.0818 -6.8664
v  -0.1934 1.9890 -6.1364
v  -0.0428 1.0411 -6.8725
v  -0.2089 1.9689 -6.1775
v  0.5328 1.8572 -5.2781
v  -0.0165 1.0009 -6.8766
v  -0.2229 1.9471 -6.2182
v  0.4984 1.8847 -5.2976
v  0.0109 0.9612 -6.8786
v  -0.2353 1.9236 -6.2584
v  0.4638 1.9107 -5.3189
v  0.0393 0.9222 -6.8787
v  -0.2462 1.8984 -6.2981
v  0.4291 1.9351 -5.3420
v  0.0687 0.8840 -6.8767
v  -0.2553 1.8717 -6.3372
v  0.3944 1.9578 -5.3667
v  0.0989 0.8466 -6.8726
v  -0.2629 1.8434 -6.3756
v  0.3598 1.9788 -5.3930
v  0.1299 0.8101 -6.8666
v  -0.2687 1.8136 -6.4131
v  0.3254 1.9980 -5.4208
v  0.1617 0.7747 -6.8585
v  -0.2729 1.7825 -6.4497
v  0.2912 2.0153 -5.4501
v  0.1941 0.7404 -6.8484
v  -0.2754 1.7500 -6.4853
v  0.2574 2.0308 -5.4809
v  0.2270 0.7073 -6.8364
v  -0.2761 1.7163 -6.5198
v  0.2240 2.0443 -5.5129
v  0.2605 0.6754 -6.8225
v  -0.2752 1.6814 -6.5532
v  0.1911 2.0559 -5.5462
v  -0.2726 1.6455 -6.5853
v  0.1407 2.1079 -5.6830
v  0.1131 2.1132 -5.7223
v  -0.1910 1.5737 -6.7162
v  -0.1832 1.5333 -6.7415
v  0.0864 2.1164 -5.7623
v  -0.1740 1.4923 -6.7651
v  0.0604 2.1174 -5.8030
v  -0.1633 1.4506 -6.7869
v  0.0354 2.1164 -5.8442
v  -0.1511 1.4084 -6.8070
v  0.0113 2.1132 -5.8859
v  -0.1376 1.3658 -6.8251
v  -0.0118 2.1079 -5.9279
v  -0.1227 1.3229 -6.8414
v  -0.0338 2.1005 -5.9702
v  -0.1064 1.2798 -6.8556
v  -0.0547 2.0911 -6.0126
v  -0.0889 1.2365 -6.8680
v  -0.0744 2.0795 -6.0551
v  -0.0701 1.1933 -6.8783
v  -0.0929 2.0660 -6.0976
v  -0.0501 1.1502 -6.8865
v  -0.1102 2.0504 -6.1398
v  -0.0289 1.1073 -6.8928
v  -0.1261 2.0329 -6.1819
v  -0.0067 1.0647 -6.8969
v  -0.1408 2.0134 -6.2235
v  0.5363 1.8594 -5.2804
v  0.0167 1.0225 -6.8990
v  -0.1540 1.9921 -6.2648
v  0.5053 1.8892 -5.3023
v  0.0410 0.9808 -6.8990
v  -0.1658 1.9690 -6.3054
v  0.4741 1.9175 -5.3259
v  0.0662 0.9398 -6.8969
v  -0.1762 1.9441 -6.3454
v  0.4428 1.9441 -5.3512
v  0.0924 0.8994 -6.8927
v  -0.1851 1.9175 -6.3847
v  0.4115 1.9690 -5.3782
v  0.1193 0.8599 -6.8864
v  -0.1926 1.8893 -6.4231
v  0.3802 1.9921 -5.4068
v  0.1470 0.8213 -6.8781
v  -0.1985 1.8594 -6.4605
v  0.3491 2.0134 -5.4368
v  0.1754 0.7837 -6.8678
v  -0.2029 1.8281 -6.4970
v  0.3181 2.0329 -5.4683
v  0.2044 0.7471 -6.8554
v  -0.2058 1.7954 -6.5323
v  0.2874 2.0504 -5.5012
v  0.2339 0.7118 -6.8411
v  -0.2072 1.7613 -6.5664
v  0.2571 2.0659 -5.5353
v  0.2639 0.6777 -6.8248
v  -0.2070 1.7260 -6.5993
v  0.2272 2.0795 -5.5707
v  -0.2053 1.6894 -6.6307
v  0.1978 2.0910 -5.6071
v  -0.2020 1.6518 -6.6608
v  0.1689 2.1005 -5.6446
v  -0.1973 1.6132 -6.6893
v  0.1403 2.1444 -5.7932
v  0.1170 2.1468 -5.8354
v  -0.1085 1.5262 -6.8026
v  -0.0998 1.4835 -6.8233
v  0.0944 2.1470 -5.8780
v  -0.0898 1.4402 -6.8421
v  0.0726 2.1450 -5.9210
v  -0.0786 1.3964 -6.8589
v  0.0517 2.1408 -5.9643
v  -0.0661 1.3522 -6.8738
v  0.0316 2.1345 -6.0077
v  -0.0525 1.3078 -6.8866
v  0.0126 2.1260 -6.0512
v  -0.0376 1.2631 -6.8974
v  -0.0055 2.1153 -6.0947
v  -0.0217 1.2184 -6.9060
v  -0.0225 2.1026 -6.1380
v  -0.0046 1.1738 -6.9126
v  -0.0384 2.0877 -6.1810
v  0.0135 1.1293 -6.9171
v  -0.0531 2.0708 -6.2237
v  0.0326 1.0850 -6.9194
v  -0.0667 2.0519 -6.2660
v  0.5400 1.8614 -5.2826
v  0.0526 1.0412 -6.9196
v  -0.0791 2.0310 -6.3077
v  0.5127 1.8931 -5.3066
v  0.0736 0.9978 -6.9177
v  -0.0903 2.0082 -6.3487
v  0.4853 1.9233 -5.3323
v  0.0954 0.9549 -6.9136
v  -0.1003 1.9835 -6.3890
v  0.4577 1.9518 -5.3598
v  0.1181 0.9128 -6.9074
v  -0.1089 1.9571 -6.4284
v  0.4300 1.9786 -5.3888
v  0.1415 0.8714 -6.8991
v  -0.1163 1.9289 -6.4668
v  0.4024 2.0036 -5.4195
v  0.1655 0.8309 -6.8887
v  -0.1223 1.8990 -6.5042
v  0.3748 2.0268 -5.4516
v  0.1903 0.7914 -6.8763
v  -0.1270 1.8675 -6.5405
v  0.3473 2.0480 -5.4851
v  0.2156 0.7529 -6.8618
v  -0.1303 1.8346 -6.5756
v  0.3201 2.0673 -5.5199
v  0.2414 0.7157 -6.8454
v  -0.1323 1.8002 -6.6093
v  0.2931 2.0846 -5.5559
v  0.2677 0.6796 -6.8270
v  -0.1330 1.7644 -6.6417
v  0.2664 2.0999 -5.5932
v  -0.1323 1.7273 -6.6726
v  0.2402 2.1130 -5.6314
v  -0.1302 1.6891 -6.7020
v  0.2144 2.1241 -5.6707
v  -0.1268 1.6498 -6.7297
v  0.1891 2.1330 -5.7108
v  -0.1220 1.6095 -6.7558
v  0.1644 2.1398 -5.7517
v  -0.1159 1.5682 -6.7801
v  0.1574 2.1725 -5.9086
v  0.1381 2.1715 -5.9528
v  -0.0243 1.4667 -6.8739
v  -0.0155 1.4219 -6.8895
v  0.1195 2.1682 -5.9972
v  -0.0057 1.3766 -6.9031
v  0.1016 2.1627 -6.0417
v  0.0052 1.3311 -6.9146
v  0.0845 2.1550 -6.0861
v  0.0172 1.2853 -6.9239
v  0.0683 2.1451 -6.1305
v  0.0301 1.2393 -6.9311
v  0.0529 2.1330 -6.1746
v  0.0440 1.1934 -6.9362
v  0.0384 2.1187 -6.2183
v  0.0588 1.1476 -6.9391
v  0.0249 2.1023 -6.2616
v  0.0745 1.1020 -6.9398
v  0.0124 2.0838 -6.3044
v  0.5440 1.8630 -5.2845
v  0.0911 1.0567 -6.9383
v  0.0009 2.0633 -6.3465
v  0.5207 1.8963 -5.3105
v  0.1085 1.0118 -6.9346
v  -0.0096 2.0408 -6.3879
v  0.4972 1.9281 -5.3381
v  0.1266 0.9675 -6.9288
v  -0.0191 2.0163 -6.4284
v  0.4736 1.9582 -5.3675
v  0.1455 0.9239 -6.9208
v  -0.0274 1.9900 -6.4679
v  0.4498 1.9866 -5.3985
v  0.1651 0.8810 -6.9106
v  -0.0347 1.9618 -6.5064
v  0.4260 2.0132 -5.4310
v  0.1854 0.8389 -6.8984
v  -0.0408 1.9319 -6.5438
v  0.4023 2.0379 -5.4649
v  0.2062 0.7978 -6.8840
v  -0.0458 1.9003 -6.5799
v  0.3785 2.0606 -5.5002
v  0.2275 0.7578 -6.8676
v  -0.0497 1.8672 -6.6147
v  0.3549 2.0814 -5.5368
v  0.2494 0.7189 -6.8493
v  -0.0523 1.8325 -6.6482
v  0.3315 2.1001 -5.5746
v  0.2717 0.6812 -6.8289
v  -0.0539 1.7963 -6.6801
v  0.3084 2.1168 -5.6135
v  -0.0542 1.7589 -6.7105
v  0.2855 2.1313 -5.6534
v  -0.0534 1.7201 -6.7392
v  0.2630 2.1437 -5.6942
v  -0.0514 1.6802 -6.7663
v  0.2408 2.1539 -5.7359
v  -0.0483 1.6392 -6.7916
v  0.2192 2.1619 -5.7782
v  -0.0440 1.5973 -6.8150
v  0.1980 2.1677 -5.8212
v  -0.0386 1.5545 -6.8366
v  0.1774 2.1712 -5.8647
v  -0.0320 1.5109 -6.8562
v  0.1910 2.1898 -6.0263
v  0.1754 2.1850 -6.0717
v  0.0581 1.3959 -6.9291
v  0.0661 1.3494 -6.9394
v  0.1604 2.1779 -6.1170
v  0.0749 1.3027 -6.9475
v  0.1461 2.1686 -6.1621
v  0.0847 1.2558 -6.9534
v  0.1324 2.1570 -6.2069
v  0.0952 1.2089 -6.9571
v  0.1195 2.1431 -6.2513
v  0.1066 1.1620 -6.9585
v  0.1073 2.1271 -6.2952
v  0.1187 1.1153 -6.9578
v  0.0959 2.1090 -6.3384
v  0.5482 1.8642 -5.2862
v  0.1316 1.0689 -6.9548
v  0.0852 2.0887 -6.3809
v  0.5292 1.8989 -5.3139
v  0.1453 1.0229 -6.9496
v  0.0755 2.0664 -6.4225
v  0.5099 1.9319 -5.3433
v  0.1596 0.9775 -6.9422
v  0.0666 2.0421 -6.4632
v  0.4904 1.9633 -5.3743
v  0.1745 0.9326 -6.9326
v  0.0585 2.0159 -6.5029
v  0.4708 1.9929 -5.4070
v  0.1901 0.8885 -6.9208
v  0.0514 1.9878 -6.5415
v  0.4510 2.0207 -5.4411
v  0.2063 0.8452 -6.9069
v  0.0451 1.9578 -6.5788
v  0.4312 2.0466 -5.4767
v  0.2230 0.8029 -6.8909
v  0.0398 1.9262 -6.6148
v  0.4115 2.0706 -5.5136
v  0.2402 0.7616 -6.8728
v  0.0355 1.8928 -6.6494
v  0.3917 2.0925 -5.5518
v  0.2578 0.7214 -6.8527
v  0.0321 1.8579 -6.6825
v  0.3721 2.1124 -5.5911
v  0.2759 0.6825 -6.8306
v  0.0296 1.8215 -6.7141
v  0.3526 2.1301 -5.6315
v  0.0281 1.7837 -6.7440
v  0.3333 2.1458 -5.6729
v  0.0276 1.7445 -6.7722
v  0.3142 2.1592 -5.7151
v  0.0281 1.7042 -6.7986
v  0.2954 2.1704 -5.7581
v  0.0295 1.6627 -6.8232
v  0.2770 2.1794 -5.8018
v  0.0319 1.6202 -6.8459
v  0.2589 2.1860 -5.8460
v  0.0352 1.5767 -6.8667
v  0.2412 2.1904 -5.8907
v  0.0396 1.5325 -6.8854
v  0.2239 2.1925 -5.9357
v  0.0448 1.4875 -6.9020
v  0.2072 2.1923 -5.9809
v  0.0510 1.4419 -6.9166
v  0.2395 2.1944 -6.1436
v  0.2272 2.1855 -6.1894
v  0.1352 1.3153 -6.9677
v  0.1416 1.2677 -6.9725
v  0.2153 2.1743 -6.2348
v  0.1487 1.2200 -6.9750
v  0.2039 2.1608 -6.2797
v  0.1564 1.1724 -6.9753
v  0.1931 2.1451 -6.3240
v  0.1649 1.1249 -6.9733
v  0.1829 2.1271 -6.3676
v  0.5526 1.8652 -5.2877
v  0.1739 1.0778 -6.9690
v  0.1732 2.1071 -6.4104
v  0.5380 1.9007 -5.3168
v  0.1836 1.0309 -6.9625
v  0.1642 2.0849 -6.4523
v  0.5230 1.9347 -5.3477
v  0.1939 0.9846 -6.9537
v  0.1558 2.0608 -6.4932
v  0.5079 1.9669 -5.3802
v  0.2048 0.9389 -6.9427
v  0.1481 2.0346 -6.5330
v  0.4925 1.9975 -5.4143
v  0.2162 0.8939 -6.9295
v  0.1411 2.0065 -6.5716
v  0.4771 2.0261 -5.4499
v  0.2281 0.8498 -6.9142
v  0.1347 1.9765 -6.6089
v  0.4615 2.0529 -5.4869
v  0.2405 0.8065 -6.8967
v  0.1291 1.9448 -6.6448
v  0.4458 2.0777 -5.5251
v  0.2533 0.7643 -6.8772
v  0.1242 1.9113 -6.6792
v  0.4301 2.1005 -5.5647
v  0.2666 0.7233 -6.8556
v  0.1200 1.8763 -6.7121
v  0.4144 2.1212 -5.6053
v  0.2803 0.6834 -6.8321
v  0.1166 1.8397 -6.7433
v  0.3987 2.1398 -5.6470
v  0.1140 1.8016 -6.7729
v  0.3831 2.1562 -5.6896
v  0.1121 1.7622 -6.8006
v  0.3677 2.1703 -5.7331
v  0.1109 1.7215 -6.8265
v  0.3523 2.1823 -5.7772
v  0.1106 1.6796 -6.8505
v  0.3372 2.1919 -5.8220
v  0.1110 1.6367 -6.8725
v  0.3223 2.1993 -5.8673
v  0.1122 1.5928 -6.8925
v  0.3076 2.2043 -5.9130
v  0.1141 1.5481 -6.9104
v  0.2933 2.2070 -5.9590
v  0.1169 1.5026 -6.9262
v  0.2793 2.2074 -6.0052
v  0.1203 1.4564 -6.9399
v  0.2656 2.2054 -6.0514
v  0.1245 1.4097 -6.9514
v  0.2524 2.2011 -6.0976
v  0.1295 1.3627 -6.9607
v  0.3007 2.1847 -6.2578
v  0.2910 2.1714 -6.3032
v  0.2038 1.2268 -6.9899
v  0.2078 1.1787 -6.9891
v  0.2816 2.1559 -6.3479
v  0.2124 1.1308 -6.9861
v  0.2726 2.1381 -6.3918
v  0.5572 1.8657 -5.2889
v  0.2175 1.0831 -6.9808
v  0.2639 2.1182 -6.4349
v  0.5470 1.9018 -5.3193
v  0.2232 1.0358 -6.9731
v  0.2557 2.0961 -6.4770
v  0.5366 1.9363 -5.3514
v  0.2293 0.9890 -6.9632
v  0.2479 2.0720 -6.5181
v  0.5259 1.9691 -5.3851
v  0.2359 0.9427 -6.9511
v  0.2405 2.0459 -6.5579
v  0.5150 2.0002 -5.4204
v  0.2430 0.8972 -6.9368
v  0.2336 2.0178 -6.5966
v  0.5039 2.0294 -5.4571
v  0.2505 0.8525 -6.9203
v  0.2271 1.9878 -6.6338
v  0.4926 2.0567 -5.4953
v  0.2585 0.8087 -6.9016
v  0.2211 1.9560 -6.6696
v  0.4812 2.0820 -5.5347
v  0.2669 0.7660 -6.8809
v  0.2157 1.9225 -6.7039
v  0.4696 2.1053 -5.5753
v  0.2757 0.7244 -6.8581
v  0.2108 1.8874 -6.7366
v  0.4580 2.1265 -5.6171
v  0.2848 0.6840 -6.8333
v  0.2063 1.8506 -6.7675
v  0.4463 2.1456 -5.6598
v  0.2025 1.8124 -6.7967
v  0.4345 2.1624 -5.7035
v  0.1992 1.7728 -6.8241
v  0.4228 2.1771 -5.7479
v  0.1964 1.7319 -6.8496
v  0.4110 2.1894 -5.7931
v  0.1942 1.6898 -6.8730
v  0.3993 2.1995 -5.8388
v  0.1926 1.6467 -6.8945
v  0.3877 2.2073 -5.8850
v  0.1915 1.6025 -6.9139
v  0.3762 2.2127 -5.9315
v  0.1910 1.5575 -6.9312
v  0.3648 2.2157 -5.9783
v  0.1911 1.5116 -6.9463
v  0.3536 2.2164 -6.0252
v  0.1918 1.4652 -6.9592
v  0.3425 2.2148 -6.0721
v  0.1931 1.4181 -6.9699
v  0.3317 2.2108 -6.1190
v  0.1949 1.3706 -6.9783
v  0.3211 2.2044 -6.1656
v  0.1973 1.3229 -6.9845
v  0.3108 2.1957 -6.2119
v  0.2003 1.2749 -6.9883
# 4034 vertices

vn -0.1734 -0.0561 -0.9832
vn -0.1736 -0.0070 -0.9848
vn -0.1158 -0.0093 -0.9932
vn -0.1194 -0.0582 -0.9911
vn -0.0598 0.9388 -0.3391
vn -0.0517 0.9546 -0.2933
vn 0.0396 0.9510 -0.3066
vn 0.0331 0.9352 -0.3526
vn -0.1727 -0.1050 -0.9794
vn -0.1228 -0.1070 -0.9866
vn -0.0677 0.9208 -0.3840
vn 0.0264 0.9171 -0.3977
vn 0.1333 0.6408 0.7560
vn 0.1387 0.6018 0.7865
vn 0.1381 0.6407 0.7553
vn -0.1716 -0.1536 -0.9731
vn -0.1258 -0.1554 -0.9798
vn -0.0755 0.9006 -0.4280
vn 0.0197 0.8968 -0.4419
vn 0.1277 0.6777 0.7241
vn 0.1373 0.6774 0.7227
vn -0.1701 -0.2019 -0.9645
vn -0.1285 -0.2036 -0.9706
vn -0.0830 0.8782 -0.4709
vn 0.0129 0.8744 -0.4850
vn 0.1218 0.7130 0.6905
vn 0.1360 0.7124 0.6884
vn -0.1681 -0.2497 -0.9536
vn -0.1310 -0.2512 -0.9590
vn -0.0904 0.8537 -0.5128
vn 0.0061 0.8499 -0.5269
vn 0.1155 0.7465 0.6552
vn 0.1345 0.7458 0.6524
vn -0.1658 -0.2969 -0.9404
vn -0.1331 -0.2982 -0.9452
vn -0.0976 0.8272 -0.5534
vn -0.0007 0.8233 -0.5675
vn 0.1090 0.7783 0.6184
vn 0.1327 0.7773 0.6149
vn -0.1631 -0.3434 -0.9249
vn -0.1349 -0.3445 -0.9290
vn -0.1045 0.7986 -0.5927
vn -0.0075 0.7948 -0.6068
vn 0.1023 0.8081 0.5800
vn 0.1305 0.8070 0.5759
vn -0.1600 -0.3890 -0.9072
vn -0.1363 -0.3900 -0.9107
vn -0.1112 0.7682 -0.6305
vn -0.0143 0.7643 -0.6446
vn 0.0953 0.8361 0.5403
vn 0.1280 0.8348 0.5355
vn -0.1565 -0.4338 -0.8873
vn -0.1375 -0.4345 -0.8901
vn -0.1176 0.7358 -0.6668
vn -0.0210 0.7320 -0.6809
vn 0.0880 0.8620 0.4992
vn 0.1252 0.8605 0.4938
vn -0.1526 -0.4775 -0.8653
vn -0.1383 -0.4780 -0.8674
vn -0.1237 0.7018 -0.7016
vn -0.0277 0.6979 -0.7156
vn 0.0806 0.8858 0.4570
vn 0.1221 0.8841 0.4509
vn -0.1483 -0.5200 -0.8412
vn -0.1387 -0.5204 -0.8426
vn -0.1295 0.6660 -0.7346
vn -0.0344 0.6622 -0.7485
vn 0.0729 0.9075 0.4136
vn 0.1187 0.9057 0.4070
vn -0.1437 -0.5613 -0.8150
vn -0.1389 -0.5615 -0.8158
vn -0.1350 0.6286 -0.7659
vn -0.0409 0.6249 -0.7796
vn 0.0651 0.9270 0.3693
vn 0.1150 0.9250 0.3620
vn -0.1387 -0.6018 -0.7865
vn -0.1402 0.5897 -0.7953
vn -0.0474 0.5861 -0.8089
vn 0.0571 0.9443 0.3241
vn 0.1111 0.9421 0.3162
vn -0.1451 0.5494 -0.8228
vn -0.0537 0.5458 -0.8362
vn 0.0490 0.9593 0.2781
vn 0.1069 0.9570 0.2696
vn -0.1496 0.5078 -0.8484
vn -0.0600 0.5042 -0.8615
vn 0.0408 0.9720 0.2314
vn 0.1024 0.9695 0.2224
vn -0.1537 0.4649 -0.8719
vn -0.0660 0.4614 -0.8847
vn 0.0325 0.9823 0.1842
vn 0.0977 0.9797 0.1747
vn -0.1575 0.4210 -0.8933
vn -0.0719 0.4176 -0.9058
vn 0.0241 0.9903 0.1365
vn 0.0927 0.9876 0.1265
vn -0.1609 0.3760 -0.9125
vn -0.0777 0.3727 -0.9247
vn 0.0156 0.9959 0.0885
vn 0.0875 0.9931 0.0780
vn -0.1639 0.3301 -0.9296
vn -0.0832 0.3269 -0.9414
vn 0.0071 0.9991 0.0403
vn 0.0821 0.9962 0.0294
vn -0.1665 0.2834 -0.9444
vn -0.0886 0.2803 -0.9558
vn -0.0014 0.9999 -0.0080
vn 0.0765 0.9969 -0.0193
vn -0.1687 0.2360 -0.9570
vn -0.0937 0.2331 -0.9679
vn -0.0099 0.9983 -0.0563
vn 0.0708 0.9951 -0.0680
vn -0.1705 0.1881 -0.9672
vn -0.0986 0.1853 -0.9777
vn -0.0184 0.9943 -0.1044
vn 0.0648 0.9910 -0.1166
vn -0.1719 0.1397 -0.9751
vn -0.1033 0.1370 -0.9852
vn -0.0269 0.9879 -0.1523
vn 0.0587 0.9846 -0.1648
vn -0.1729 0.0910 -0.9807
vn -0.1077 0.0884 -0.9902
vn -0.0352 0.9792 -0.1998
vn 0.0525 0.9757 -0.2126
vn -0.1735 0.0420 -0.9839
vn -0.1119 0.0396 -0.9929
vn -0.0435 0.9681 -0.2469
vn 0.0461 0.9645 -0.2599
vn 0.0377 0.5350 -0.8440
vn 0.0298 0.4936 -0.8691
vn 0.1648 0.9501 0.2647
vn 0.1640 0.9622 0.2171
vn 0.0218 0.4511 -0.8922
vn 0.1629 0.9720 0.1691
vn 0.0137 0.4074 -0.9131
vn 0.1614 0.9795 0.1206
vn 0.0056 0.3628 -0.9318
vn 0.1595 0.9846 0.0719
vn -0.0025 0.3173 -0.9483
vn 0.1572 0.9873 0.0229
vn -0.0105 0.2711 -0.9625
vn 0.1546 0.9876 -0.0260
vn -0.0186 0.2242 -0.9743
vn 0.1515 0.9856 -0.0750
vn -0.0267 0.1767 -0.9839
vn 0.1481 0.9812 -0.1237
vn -0.0346 0.1288 -0.9910
vn 0.1444 0.9744 -0.1721
vn -0.0425 0.0807 -0.9958
vn 0.1403 0.9653 -0.2201
vn -0.0503 0.0323 -0.9982
vn 0.1358 0.9539 -0.2676
vn -0.0579 -0.0162 -0.9982
vn 0.1311 0.9401 -0.3145
vn -0.0654 -0.0646 -0.9957
vn 0.1260 0.9242 -0.3606
vn -0.0728 -0.1129 -0.9909
vn 0.1206 0.9059 -0.4058
vn 0.1430 0.6401 0.7549
vn -0.0800 -0.1609 -0.9837
vn 0.1149 0.8855 -0.4500
vn 0.1468 0.6762 0.7219
vn -0.0869 -0.2085 -0.9741
vn 0.1090 0.8631 -0.4932
vn 0.1504 0.7107 0.6872
vn -0.0937 -0.2556 -0.9622
vn 0.1028 0.8384 -0.5352
vn 0.1535 0.7435 0.6508
vn -0.1003 -0.3021 -0.9480
vn 0.0963 0.8118 -0.5759
vn 0.1563 0.7745 0.6129
vn -0.1066 -0.3479 -0.9315
vn 0.0896 0.7833 -0.6152
vn 0.1588 0.8037 0.5735
vn -0.1127 -0.3928 -0.9127
vn 0.0827 0.7528 -0.6530
vn 0.1608 0.8309 0.5327
vn -0.1185 -0.4368 -0.8917
vn 0.0756 0.7206 -0.6892
vn 0.1624 0.8561 0.4906
vn -0.1240 -0.4797 -0.8686
vn 0.0683 0.6866 -0.7238
vn 0.1637 0.8792 0.4474
vn -0.1292 -0.5215 -0.8434
vn 0.0609 0.6509 -0.7566
vn 0.1646 0.9002 0.4030
vn -0.1341 -0.5620 -0.8162
vn 0.0533 0.6137 -0.7877
vn 0.1650 0.9191 0.3577
vn 0.0455 0.5750 -0.8168
vn 0.1651 0.9357 0.3116
vn 0.1088 0.4338 -0.8944
vn 0.0986 0.3906 -0.9152
vn 0.2276 0.9592 0.1675
vn 0.2295 0.9660 0.1189
vn 0.0882 0.3465 -0.9339
vn 0.2309 0.9704 0.0701
vn 0.0776 0.3015 -0.9503
vn 0.2316 0.9725 0.0211
vn 0.0668 0.2558 -0.9644
vn 0.2319 0.9723 -0.0280
vn 0.0558 0.2095 -0.9762
vn 0.2316 0.9698 -0.0770
vn 0.0447 0.1626 -0.9857
vn 0.2307 0.9648 -0.1258
vn 0.0335 0.1154 -0.9927
vn 0.2293 0.9576 -0.1742
vn 0.0222 0.0679 -0.9974
vn 0.2273 0.9481 -0.2223
vn 0.0108 0.0202 -0.9997
vn 0.2248 0.9363 -0.2698
vn -0.0005 -0.0275 -0.9996
vn 0.2217 0.9222 -0.3167
vn -0.0119 -0.0752 -0.9971
vn 0.2181 0.9059 -0.3629
vn -0.0233 -0.1227 -0.9922
vn 0.2140 0.8875 -0.4081
vn 0.1478 0.6391 0.7548
vn -0.0345 -0.1699 -0.9848
vn 0.2093 0.8669 -0.4524
vn 0.1563 0.6743 0.7216
vn -0.0458 -0.2166 -0.9752
vn 0.2042 0.8442 -0.4956
vn 0.1646 0.7079 0.6868
vn -0.0568 -0.2629 -0.9631
vn 0.1986 0.8195 -0.5376
vn 0.1724 0.7398 0.6503
vn -0.0678 -0.3085 -0.9488
vn 0.1924 0.7928 -0.5783
vn 0.1798 0.7699 0.6123
vn -0.0786 -0.3534 -0.9322
vn 0.1858 0.7642 -0.6176
vn 0.1867 0.7982 0.5728
vn -0.0892 -0.3974 -0.9133
vn 0.1788 0.7338 -0.6554
vn 0.1933 0.8244 0.5319
vn -0.0996 -0.4405 -0.8922
vn 0.1714 0.7016 -0.6916
vn 0.1993 0.8488 0.4897
vn -0.1098 -0.4825 -0.8690
vn 0.1635 0.6678 -0.7262
vn 0.2049 0.8711 0.4463
vn -0.1197 -0.5234 -0.8436
vn 0.1553 0.6323 -0.7590
vn 0.2100 0.8913 0.4019
vn -0.1293 -0.5630 -0.8163
vn 0.1466 0.5953 -0.7900
vn 0.2146 0.9093 0.3565
vn 0.1376 0.5568 -0.8191
vn 0.2186 0.9252 0.3103
vn 0.1283 0.5170 -0.8462
vn 0.2221 0.9388 0.2632
vn 0.1187 0.4760 -0.8714
vn 0.2251 0.9501 0.2156
vn 0.1692 0.3238 -0.9308
vn 0.1561 0.2795 -0.9473
vn 0.3009 0.9509 0.0727
vn 0.3047 0.9521 0.0238
vn 0.1427 0.2346 -0.9616
vn 0.3078 0.9511 -0.0251
vn 0.1288 0.1890 -0.9734
vn 0.3101 0.9478 -0.0740
vn 0.1147 0.1430 -0.9830
vn 0.3117 0.9422 -0.1227
vn 0.1003 0.0967 -0.9902
vn 0.3126 0.9343 -0.1711
vn 0.0857 0.0501 -0.9950
vn 0.3127 0.9242 -0.2191
vn 0.0708 0.0034 -0.9974
vn 0.3120 0.9119 -0.2666
vn 0.0558 -0.0433 -0.9975
vn 0.3106 0.8973 -0.3134
vn 0.0406 -0.0899 -0.9951
vn 0.3085 0.8807 -0.3595
vn 0.0254 -0.1363 -0.9903
vn 0.3056 0.8618 -0.4047
vn 0.1525 0.6378 0.7549
vn 0.0100 -0.1823 -0.9832
vn 0.3020 0.8410 -0.4489
vn 0.1657 0.6717 0.7220
vn -0.0053 -0.2279 -0.9737
vn 0.2976 0.8181 -0.4920
vn 0.1785 0.7040 0.6873
vn -0.0206 -0.2730 -0.9618
vn 0.2926 0.7932 -0.5340
vn 0.1909 0.7346 0.6510
vn -0.0359 -0.3174 -0.9476
vn 0.2868 0.7664 -0.5747
vn 0.2028 0.7635 0.6132
vn -0.0511 -0.3611 -0.9311
vn 0.2803 0.7378 -0.6140
vn 0.2142 0.7905 0.5738
vn -0.0662 -0.4039 -0.9124
vn 0.2732 0.7075 -0.6518
vn 0.2251 0.8155 0.5331
vn -0.0811 -0.4457 -0.8915
vn 0.2654 0.6754 -0.6881
vn 0.2355 0.8387 0.4910
vn -0.0958 -0.4864 -0.8684
vn 0.2569 0.6416 -0.7227
vn 0.2453 0.8598 0.4478
vn -0.1103 -0.5260 -0.8433
vn 0.2479 0.6064 -0.7555
vn 0.2546 0.8788 0.4036
vn -0.1246 -0.5643 -0.8161
vn 0.2383 0.5696 -0.7866
vn 0.2632 0.8957 0.3583
vn 0.2280 0.5316 -0.8157
vn 0.2711 0.9105 0.3122
vn 0.2173 0.4922 -0.8429
vn 0.2784 0.9230 0.2654
vn 0.2060 0.4516 -0.8681
vn 0.2851 0.9334 0.2179
vn 0.1942 0.4100 -0.8912
vn 0.2911 0.9415 0.1699
vn 0.1819 0.3673 -0.9121
vn 0.2963 0.9473 0.1214
vn 0.2164 0.2076 -0.9539
vn 0.1998 0.1631 -0.9661
vn 0.3815 0.9242 -0.0175
vn 0.3864 0.9199 -0.0661
vn 0.1827 0.1182 -0.9760
vn 0.3904 0.9134 -0.1146
vn 0.1652 0.0730 -0.9835
vn 0.3935 0.9048 -0.1628
vn 0.1473 0.0276 -0.9887
vn 0.3956 0.8939 -0.2105
vn 0.1291 -0.0178 -0.9914
vn 0.3968 0.8809 -0.2578
vn 0.1105 -0.0632 -0.9918
vn 0.3970 0.8658 -0.3045
vn 0.0916 -0.1085 -0.9899
vn 0.3963 0.8486 -0.3504
vn 0.0726 -0.1535 -0.9855
vn 0.3946 0.8294 -0.3955
vn 0.1570 0.6362 0.7554
vn 0.0533 -0.1981 -0.9787
vn 0.3919 0.8081 -0.4396
vn 0.1747 0.6684 0.7229
vn 0.0340 -0.2423 -0.9696
vn 0.3884 0.7849 -0.4827
vn 0.1920 0.6991 0.6887
vn 0.0145 -0.2858 -0.9581
vn 0.3839 0.7599 -0.5246
vn 0.2088 0.7281 0.6529
vn -0.0049 -0.3287 -0.9444
vn 0.3784 0.7330 -0.5653
vn 0.2252 0.7553 0.6155
vn -0.0244 -0.3708 -0.9284
vn 0.3721 0.7043 -0.6045
vn 0.2409 0.7807 0.5766
vn -0.0438 -0.4120 -0.9101
vn 0.3648 0.6740 -0.6424
vn 0.2561 0.8042 0.5362
vn -0.0632 -0.4522 -0.8896
vn 0.3567 0.6420 -0.6786
vn 0.2707 0.8258 0.4947
vn -0.0823 -0.4914 -0.8670
vn 0.3477 0.6085 -0.7133
vn 0.2846 0.8454 0.4519
vn -0.1013 -0.5293 -0.8423
vn 0.3379 0.5735 -0.7462
vn 0.2979 0.8630 0.4080
vn -0.1200 -0.5660 -0.8156
vn 0.3273 0.5371 -0.7774
vn 0.3104 0.8785 0.3632
vn 0.3158 0.4995 -0.8067
vn 0.3221 0.8919 0.3175
vn 0.3037 0.4606 -0.8340
vn 0.3331 0.9030 0.2710
vn 0.2908 0.4207 -0.8593
vn 0.3434 0.9121 0.2239
vn 0.2771 0.3797 -0.8826
vn 0.3527 0.9190 0.1762
vn 0.2629 0.3378 -0.9037
vn 0.3612 0.9236 0.1281
vn 0.2479 0.2951 -0.9227
vn 0.3689 0.9260 0.0797
vn 0.2324 0.2517 -0.9395
vn 0.3756 0.9262 0.0311
vn 0.2481 0.0883 -0.9647
vn 0.2276 0.0445 -0.9727
vn 0.4661 0.8789 -0.1015
vn 0.4713 0.8692 -0.1493
vn 0.2065 0.0005 -0.9784
vn 0.4754 0.8575 -0.1967
vn 0.1850 -0.0434 -0.9817
vn 0.4783 0.8437 -0.2437
vn 0.1630 -0.0873 -0.9827
vn 0.4800 0.8279 -0.2901
vn 0.1407 -0.1309 -0.9813
vn 0.4807 0.8100 -0.3358
vn 0.1180 -0.1743 -0.9776
vn 0.4801 0.7903 -0.3807
vn 0.1614 0.6341 0.7562
vn 0.0950 -0.2171 -0.9715
vn 0.4784 0.7686 -0.4246
vn 0.1835 0.6644 0.7244
vn 0.0717 -0.2595 -0.9630
vn 0.4756 0.7451 -0.4676
vn 0.2050 0.6932 0.6910
vn 0.0483 -0.3013 -0.9523
vn 0.4716 0.7198 -0.5094
vn 0.2261 0.7202 0.6559
vn 0.0248 -0.3423 -0.9392
vn 0.4665 0.6927 -0.5500
vn 0.2466 0.7455 0.6192
vn 0.0012 -0.3826 -0.9239
vn 0.4602 0.6640 -0.5892
vn 0.2666 0.7690 0.5810
vn -0.0224 -0.4219 -0.9064
vn 0.4529 0.6337 -0.6271
vn 0.2859 0.7906 0.5414
vn -0.0459 -0.4601 -0.8866
vn 0.4444 0.6019 -0.6634
vn 0.3045 0.8104 0.5005
vn -0.0693 -0.4973 -0.8648
vn 0.4349 0.5686 -0.6982
vn 0.3224 0.8282 0.4585
vn -0.0925 -0.5333 -0.8408
vn 0.4244 0.5340 -0.7313
vn 0.3395 0.8440 0.4153
vn -0.1156 -0.5680 -0.8149
vn 0.4128 0.4981 -0.7626
vn 0.3558 0.8577 0.3711
vn 0.4002 0.4609 -0.7920
vn 0.3712 0.8694 0.3260
vn 0.3867 0.4227 -0.8196
vn 0.3857 0.8790 0.2801
vn 0.3722 0.3834 -0.8452
vn 0.3993 0.8865 0.2336
vn 0.3569 0.3432 -0.8688
vn 0.4119 0.8919 0.1865
vn 0.3406 0.3022 -0.8903
vn 0.4236 0.8951 0.1389
vn 0.3236 0.2605 -0.9096
vn 0.4342 0.8962 0.0911
vn 0.3058 0.2181 -0.9267
vn 0.4438 0.8950 0.0430
vn 0.2872 0.1753 -0.9417
vn 0.4523 0.8918 -0.0052
vn 0.2680 0.1319 -0.9543
vn 0.4598 0.8864 -0.0534
vn 0.2628 -0.0308 -0.9643
vn 0.2382 -0.0730 -0.9684
vn 0.5511 0.8153 -0.1778
vn 0.5557 0.8005 -0.2243
vn 0.2130 -0.1151 -0.9702
vn 0.5589 0.7839 -0.2704
vn 0.1872 -0.1569 -0.9697
vn 0.5608 0.7654 -0.3157
vn 0.1610 -0.1983 -0.9668
vn 0.5614 0.7450 -0.3603
vn 0.1656 0.6318 0.7572
vn 0.1345 -0.2392 -0.9616
vn 0.5606 0.7228 -0.4041
vn 0.1917 0.6598 0.7265
vn 0.1076 -0.2795 -0.9541
vn 0.5584 0.6989 -0.4468
vn 0.2174 0.6863 0.6941
vn 0.0804 -0.3192 -0.9442
vn 0.5549 0.6733 -0.4885
vn 0.2425 0.7110 0.6600
vn 0.0531 -0.3581 -0.9322
vn 0.5501 0.6461 -0.5291
vn 0.2670 0.7341 0.6243
vn 0.0256 -0.3961 -0.9178
vn 0.5440 0.6173 -0.5683
vn 0.2909 0.7554 0.5871
vn -0.0020 -0.4332 -0.9013
vn 0.5365 0.5871 -0.6062
vn 0.3142 0.7749 0.5485
vn -0.0295 -0.4693 -0.8825
vn 0.5278 0.5554 -0.6426
vn 0.3366 0.7925 0.5086
vn -0.0570 -0.5042 -0.8617
vn 0.5177 0.5224 -0.6775
vn 0.3582 0.8082 0.4674
vn -0.0843 -0.5379 -0.8388
vn 0.5065 0.4882 -0.7107
vn 0.3790 0.8219 0.4251
vn -0.1114 -0.5703 -0.8138
vn 0.4940 0.4528 -0.7422
vn 0.3989 0.8337 0.3819
vn 0.4803 0.4163 -0.7720
vn 0.4177 0.8435 0.3377
vn 0.4655 0.3787 -0.7999
vn 0.4356 0.8512 0.2926
vn 0.4496 0.3403 -0.8258
vn 0.4525 0.8569 0.2469
vn 0.4326 0.3010 -0.8498
vn 0.4682 0.8605 0.2006
vn 0.4145 0.2611 -0.8718
vn 0.4828 0.8621 0.1538
vn 0.3954 0.2204 -0.8916
vn 0.4963 0.8615 0.1066
vn 0.3754 0.1793 -0.9093
vn 0.5086 0.8589 0.0592
vn 0.3545 0.1377 -0.9248
vn 0.5196 0.8543 0.0116
vn 0.3327 0.0959 -0.9381
vn 0.5294 0.8476 -0.0360
vn 0.3102 0.0537 -0.9491
vn 0.5379 0.8388 -0.0835
vn 0.2868 0.0115 -0.9579
vn 0.5452 0.8280 -0.1308
vn 0.2598 -0.1465 -0.9545
vn 0.2309 -0.1862 -0.9550
vn 0.6328 0.7343 -0.2455
vn 0.6359 0.7150 -0.2904
vn 0.2014 -0.2254 -0.9532
vn 0.6375 0.6939 -0.3347
vn 0.1695 0.6292 0.7585
vn 0.1715 -0.2640 -0.9491
vn 0.6376 0.6712 -0.3782
vn 0.1995 0.6546 0.7291
vn 0.1412 -0.3021 -0.9427
vn 0.6361 0.6468 -0.4207
vn 0.2290 0.6785 0.6980
vn 0.1105 -0.3394 -0.9341
vn 0.6330 0.6209 -0.4622
vn 0.2579 0.7007 0.6652
vn 0.0796 -0.3759 -0.9232
vn 0.6285 0.5935 -0.5026
vn 0.2862 0.7213 0.6307
vn 0.0484 -0.4114 -0.9101
vn 0.6224 0.5647 -0.5419
vn 0.3138 0.7401 0.5948
vn 0.0172 -0.4461 -0.8948
vn 0.6149 0.5345 -0.5797
vn 0.3407 0.7571 0.5574
vn -0.0141 -0.4796 -0.8774
vn 0.6059 0.5031 -0.6163
vn 0.3667 0.7723 0.5187
vn -0.0454 -0.5119 -0.8578
vn 0.5954 0.4704 -0.6513
vn 0.3918 0.7856 0.4788
vn -0.0765 -0.5431 -0.8361
vn 0.5835 0.4366 -0.6848
vn 0.4160 0.7971 0.4376
vn -0.1075 -0.5729 -0.8125
vn 0.5702 0.4017 -0.7166
vn 0.4392 0.8066 0.3955
vn 0.5555 0.3659 -0.7467
vn 0.4614 0.8142 0.3524
vn 0.5394 0.3292 -0.7750
vn 0.4824 0.8198 0.3084
vn 0.5221 0.2916 -0.8014
vn 0.5023 0.8235 0.2637
vn 0.5035 0.2534 -0.8260
vn 0.5210 0.8251 0.2183
vn 0.4837 0.2146 -0.8484
vn 0.5384 0.8248 0.1725
vn 0.4628 0.1753 -0.8690
vn 0.5545 0.8225 0.1262
vn 0.4407 0.1355 -0.8873
vn 0.5693 0.8182 0.0796
vn 0.4176 0.0955 -0.9036
vn 0.5827 0.8120 0.0329
vn 0.3934 0.0551 -0.9177
vn 0.5947 0.8038 -0.0140
vn 0.3683 0.0147 -0.9295
vn 0.6053 0.7937 -0.0608
vn 0.3424 -0.0258 -0.9392
vn 0.6144 0.7816 -0.1075
vn 0.3156 -0.0662 -0.9466
vn 0.6220 0.7677 -0.1539
vn 0.2880 -0.1065 -0.9517
vn 0.6282 0.7519 -0.1999
vn 0.2388 -0.2552 -0.9369
vn 0.2058 -0.2914 -0.9342
vn 0.7078 0.6376 -0.3040
vn 0.7087 0.6142 -0.3471
vn 0.1731 0.6263 0.7601
vn 0.2066 0.6489 0.7323
vn 0.1722 -0.3269 -0.9292
vn 0.7078 0.5894 -0.3894
vn 0.2396 0.6699 0.7027
vn 0.1383 -0.3616 -0.9220
vn 0.7052 0.5631 -0.4307
vn 0.2721 0.6894 0.6714
vn 0.1041 -0.3955 -0.9126
vn 0.7009 0.5355 -0.4710
vn 0.3038 0.7071 0.6385
vn 0.0695 -0.4284 -0.9009
vn 0.6950 0.5066 -0.5102
vn 0.3349 0.7232 0.6040
vn 0.0348 -0.4602 -0.8871
vn 0.6873 0.4765 -0.5481
vn 0.3651 0.7375 0.5681
vn 0.0001 -0.4910 -0.8712
vn 0.6780 0.4453 -0.5848
vn 0.3945 0.7500 0.5308
vn -0.0347 -0.5205 -0.8531
vn 0.6671 0.4129 -0.6200
vn 0.4229 0.7608 0.4923
vn -0.0694 -0.5488 -0.8330
vn 0.6546 0.3796 -0.6537
vn 0.4503 0.7697 0.4526
vn -0.1039 -0.5758 -0.8109
vn 0.6405 0.3454 -0.6859
vn 0.4766 0.7767 0.4118
vn 0.6249 0.3103 -0.7164
vn 0.5017 0.7819 0.3700
vn 0.6077 0.2745 -0.7452
vn 0.5257 0.7852 0.3272
vn 0.5891 0.2380 -0.7722
vn 0.5483 0.7866 0.2838
vn 0.5691 0.2009 -0.7973
vn 0.5697 0.7861 0.2396
vn 0.5477 0.1634 -0.8205
vn 0.5897 0.7837 0.1949
vn 0.5250 0.1255 -0.8418
vn 0.6082 0.7795 0.1497
vn 0.5010 0.0872 -0.8610
vn 0.6253 0.7733 0.1041
vn 0.4758 0.0488 -0.8782
vn 0.6409 0.7654 0.0583
vn 0.4495 0.0103 -0.8932
vn 0.6550 0.7555 0.0123
vn 0.4221 -0.0283 -0.9061
vn 0.6675 0.7438 -0.0336
vn 0.3937 -0.0669 -0.9168
vn 0.6783 0.7304 -0.0796
vn 0.3643 -0.1052 -0.9253
vn 0.6876 0.7152 -0.1253
vn 0.3340 -0.1433 -0.9316
vn 0.6952 0.6983 -0.1707
vn 0.3030 -0.1811 -0.9356
vn 0.7011 0.6796 -0.2157
vn 0.2712 -0.2184 -0.9374
vn 0.7053 0.6594 -0.2602
vn 0.2004 -0.3539 -0.9135
vn 0.1635 -0.3857 -0.9080
vn 0.7729 0.5271 -0.3532
vn 0.7707 0.5005 -0.3943
vn 0.2494 0.6606 0.7080
vn 0.2850 0.6770 0.6785
vn 0.1263 -0.4167 -0.9002
vn 0.7666 0.4726 -0.4345
vn 0.3199 0.6918 0.6474
vn 0.0887 -0.4467 -0.8903
vn 0.7608 0.4437 -0.4736
vn 0.3540 0.7049 0.6146
vn 0.0509 -0.4755 -0.8782
vn 0.7530 0.4137 -0.5116
vn 0.3874 0.7163 0.5804
vn 0.0130 -0.5033 -0.8640
vn 0.7435 0.3826 -0.5484
vn 0.4197 0.7259 0.5448
vn -0.0250 -0.5298 -0.8477
vn 0.7322 0.3507 -0.5838
vn 0.4511 0.7338 0.5080
vn -0.0629 -0.5550 -0.8294
vn 0.7191 0.3179 -0.6179
vn 0.4813 0.7400 0.4698
vn -0.1006 -0.5790 -0.8091
vn 0.7043 0.2843 -0.6504
vn 0.5104 0.7443 0.4306
vn 0.6878 0.2500 -0.6814
vn 0.5383 0.7469 0.3903
vn 0.6697 0.2152 -0.7107
vn 0.5649 0.7477 0.3490
vn 0.6499 0.1798 -0.7384
vn 0.5901 0.7466 0.3070
vn 0.6286 0.1440 -0.7643
vn 0.6139 0.7438 0.2642
vn 0.6057 0.1079 -0.7883
vn 0.6362 0.7392 0.2207
vn 0.5814 0.0715 -0.8104
vn 0.6570 0.7328 0.1768
vn 0.5557 0.0349 -0.8306
vn 0.6762 0.7246 0.1324
vn 0.5287 -0.0018 -0.8488
vn 0.6938 0.7148 0.0877
vn 0.5004 -0.0384 -0.8649
vn 0.7097 0.7031 0.0427
vn 0.4709 -0.0750 -0.8790
vn 0.7239 0.6898 -0.0023
vn 0.4402 -0.1114 -0.8909
vn 0.7364 0.6748 -0.0473
vn 0.4085 -0.1475 -0.9007
vn 0.7471 0.6583 -0.0922
vn 0.3758 -0.1833 -0.9084
vn 0.7560 0.6401 -0.1369
vn 0.3422 -0.2186 -0.9138
vn 0.7630 0.6204 -0.1812
vn 0.3078 -0.2534 -0.9171
vn 0.7683 0.5992 -0.2252
vn 0.2726 -0.2876 -0.9181
vn 0.7717 0.5765 -0.2685
vn 0.1764 0.6232 0.7619
vn 0.2368 -0.3211 -0.9169
vn 0.7732 0.5525 -0.3113
vn 0.2131 0.6427 0.7359
vn 0.1460 -0.4394 -0.8863
vn 0.1057 -0.4662 -0.8783
vn 0.8251 0.4055 -0.3934
vn 0.8192 0.3765 -0.4325
vn 0.3341 0.6754 0.6574
vn 0.3710 0.6853 0.6266
vn 0.0651 -0.4919 -0.8682
vn 0.8115 0.3465 -0.4705
vn 0.4071 0.6936 0.5943
vn 0.0244 -0.5164 -0.8559
vn 0.8017 0.3157 -0.5075
vn 0.4421 0.7001 0.5606
vn -0.0164 -0.5397 -0.8417
vn 0.7901 0.2842 -0.5432
vn 0.4761 0.7050 0.5256
vn -0.0571 -0.5617 -0.8253
vn 0.7765 0.2519 -0.5775
vn 0.5089 0.7082 0.4892
vn -0.0977 -0.5823 -0.8071
vn 0.7611 0.2191 -0.6105
vn 0.5405 0.7097 0.4517
vn 0.7438 0.1857 -0.6420
vn 0.5708 0.7095 0.4132
vn 0.7248 0.1519 -0.6720
vn 0.5998 0.7076 0.3736
vn 0.7039 0.1177 -0.7004
vn 0.6272 0.7040 0.3331
vn 0.6815 0.0832 -0.7271
vn 0.6532 0.6987 0.2918
vn 0.6573 0.0486 -0.7520
vn 0.6776 0.6917 0.2498
vn 0.6316 0.0138 -0.7751
vn 0.7004 0.6830 0.2072
vn 0.6044 -0.0210 -0.7964
vn 0.7215 0.6727 0.1642
vn 0.5757 -0.0558 -0.8157
vn 0.7408 0.6607 0.1207
vn 0.5456 -0.0904 -0.8331
vn 0.7584 0.6472 0.0769
vn 0.5142 -0.1248 -0.8485
vn 0.7741 0.6322 0.0330
vn 0.4816 -0.1590 -0.8618
vn 0.7880 0.6155 -0.0110
vn 0.4478 -0.1927 -0.8731
vn 0.8000 0.5975 -0.0550
vn 0.4129 -0.2260 -0.8822
vn 0.8100 0.5780 -0.0989
vn 0.3771 -0.2587 -0.8893
vn 0.8181 0.5571 -0.1425
vn 0.3403 -0.2908 -0.8942
vn 0.8242 0.5348 -0.1858
vn 0.3027 -0.3222 -0.8969
vn 0.8284 0.5113 -0.2286
vn 0.1793 0.6198 0.7640
vn 0.2644 -0.3529 -0.8975
vn 0.8306 0.4865 -0.2709
vn 0.2189 0.6360 0.7399
vn 0.2255 -0.3827 -0.8959
vn 0.8307 0.4606 -0.3125
vn 0.2580 0.6507 0.7141
vn 0.1859 -0.4115 -0.8922
vn 0.8289 0.4336 -0.3534
vn 0.2964 0.6639 0.6866
vn 0.0775 -0.5092 -0.8571
vn 0.0343 -0.5303 -0.8471
vn 0.8620 0.2758 -0.4253
vn 0.8521 0.2452 -0.4624
vn 0.4242 0.6696 0.6096
vn 0.4615 0.6730 0.5780
vn -0.0089 -0.5502 -0.8350
vn 0.8401 0.2141 -0.4983
vn 0.4978 0.6747 0.5449
vn -0.0521 -0.5687 -0.8209
vn 0.8261 0.1824 -0.5331
vn 0.5328 0.6748 0.5106
vn -0.0952 -0.5859 -0.8048
vn 0.8101 0.1504 -0.5666
vn 0.5666 0.6733 0.4751
vn 0.7922 0.1179 -0.5987
vn 0.5990 0.6701 0.4383
vn 0.7724 0.0852 -0.6294
vn 0.6299 0.6653 0.4006
vn 0.7507 0.0523 -0.6585
vn 0.6594 0.6590 0.3618
vn 0.7272 0.0192 -0.6861
vn 0.6872 0.6510 0.3222
vn 0.7020 -0.0139 -0.7120
vn 0.7134 0.6415 0.2819
vn 0.6750 -0.0470 -0.7363
vn 0.7379 0.6305 0.2408
vn 0.6465 -0.0799 -0.7587
vn 0.7606 0.6179 0.1992
vn 0.6163 -0.1127 -0.7794
vn 0.7815 0.6038 0.1571
vn 0.5847 -0.1452 -0.7981
vn 0.8005 0.5883 0.1146
vn 0.5517 -0.1774 -0.8149
vn 0.8175 0.5714 0.0719
vn 0.5174 -0.2091 -0.8298
vn 0.8326 0.5531 0.0289
vn 0.4818 -0.2403 -0.8427
vn 0.8457 0.5334 -0.0141
vn 0.4451 -0.2710 -0.8535
vn 0.8567 0.5125 -0.0570
vn 0.4073 -0.3010 -0.8623
vn 0.8657 0.4904 -0.0999
vn 0.3684 -0.3302 -0.8690
vn 0.8727 0.4670 -0.1425
vn 0.3288 -0.3587 -0.8736
vn 0.8775 0.4426 -0.1847
vn 0.1818 0.6163 0.7662
vn 0.2883 -0.3863 -0.8761
vn 0.8802 0.4170 -0.2265
vn 0.2239 0.6290 0.7444
vn 0.2471 -0.4130 -0.8766
vn 0.8808 0.3905 -0.2677
vn 0.2654 0.6403 0.7208
vn 0.2053 -0.4387 -0.8748
vn 0.8792 0.3631 -0.3083
vn 0.3063 0.6500 0.6954
vn 0.1631 -0.4633 -0.8710
vn 0.8756 0.3347 -0.3482
vn 0.3465 0.6581 0.6684
vn 0.1204 -0.4869 -0.8651
vn 0.8698 0.3056 -0.3872
vn 0.3858 0.6647 0.6398
vn -0.0027 -0.5611 -0.8277
vn -0.0479 -0.5760 -0.8160
vn 0.8819 0.1411 -0.4499
vn 0.8675 0.1101 -0.4850
vn 0.5159 0.6431 0.5659
vn 0.5527 0.6400 0.5337
vn -0.0931 -0.5895 -0.8024
vn 0.8511 0.0788 -0.5190
vn 0.5883 0.6353 0.5003
vn 0.8326 0.0473 -0.5518
vn 0.6225 0.6291 0.4656
vn 0.8121 0.0157 -0.5832
vn 0.6551 0.6213 0.4298
vn 0.7897 -0.0159 -0.6132
vn 0.6862 0.6121 0.3930
vn 0.7653 -0.0475 -0.6418
vn 0.7156 0.6015 0.3552
vn 0.7392 -0.0790 -0.6688
vn 0.7433 0.5893 0.3166
vn 0.7112 -0.1103 -0.6942
vn 0.7692 0.5758 0.2772
vn 0.6815 -0.1413 -0.7179
vn 0.7932 0.5608 0.2371
vn 0.6502 -0.1720 -0.7400
vn 0.8154 0.5445 0.1965
vn 0.6174 -0.2023 -0.7602
vn 0.8356 0.5269 0.1554
vn 0.5830 -0.2321 -0.7786
vn 0.8537 0.5081 0.1139
vn 0.5473 -0.2613 -0.7951
vn 0.8698 0.4880 0.0722
vn 0.5102 -0.2899 -0.8097
vn 0.8839 0.4667 0.0303
vn 0.4719 -0.3178 -0.8224
vn 0.8958 0.4443 -0.0117
vn 0.4324 -0.3450 -0.8330
vn 0.9055 0.4209 -0.0537
vn 0.3919 -0.3713 -0.8417
vn 0.9131 0.3964 -0.0955
vn 0.3505 -0.3967 -0.8484
vn 0.9184 0.3710 -0.1371
vn 0.1839 0.6126 0.7687
vn 0.3082 -0.4211 -0.8530
vn 0.9216 0.3447 -0.1784
vn 0.2281 0.6217 0.7492
vn 0.2652 -0.4446 -0.8556
vn 0.9225 0.3175 -0.2192
vn 0.2717 0.6294 0.7280
vn 0.2215 -0.4670 -0.8560
vn 0.9213 0.2897 -0.2596
vn 0.3146 0.6355 0.7050
vn 0.1773 -0.4882 -0.8545
vn 0.9178 0.2610 -0.2993
vn 0.3568 0.6402 0.6804
vn 0.1327 -0.5083 -0.8509
vn 0.9121 0.2318 -0.3382
vn 0.3981 0.6432 0.6541
vn 0.0878 -0.5272 -0.8452
vn 0.9042 0.2020 -0.3763
vn 0.4384 0.6447 0.6262
vn 0.0426 -0.5448 -0.8375
vn 0.8941 0.1718 -0.4136
vn 0.4777 0.6447 0.5968
vn 0.6055 0.5962 0.5272
vn 0.6410 0.5868 0.4947
vn 0.7956 -0.1163 -0.5945
vn 0.7687 -0.1461 -0.6227
vn 0.6750 0.5760 0.4610
vn 0.7399 -0.1755 -0.6494
vn 0.7074 0.5639 0.4261
vn 0.7094 -0.2046 -0.6745
vn 0.7380 0.5504 0.3903
vn 0.6771 -0.2331 -0.6980
vn 0.7669 0.5355 0.3536
vn 0.6432 -0.2611 -0.7197
vn 0.7940 0.5194 0.3159
vn 0.6078 -0.2884 -0.7398
vn 0.8191 0.5020 0.2775
vn 0.5709 -0.3151 -0.7581
vn 0.8422 0.4835 0.2385
vn 0.5326 -0.3410 -0.7746
vn 0.8633 0.4637 0.1989
vn 0.4931 -0.3661 -0.7892
vn 0.8824 0.4428 0.1588
vn 0.4524 -0.3903 -0.8019
vn 0.8993 0.4209 0.1183
vn 0.4105 -0.4136 -0.8127
vn 0.9141 0.3980 0.0775
vn 0.3677 -0.4358 -0.8215
vn 0.9451 0.3236 -0.0455
vn 0.9509 0.2972 -0.0864
vn 0.9266 0.3741 0.0366
vn 0.3240 -0.4570 -0.8283
vn 0.9544 0.2701 -0.1271
vn 0.9370 0.3493 -0.0045
vn 0.2795 -0.4771 -0.8332
vn 0.9556 0.2423 -0.1675
vn 0.2343 -0.4961 -0.8360
vn 0.9545 0.2140 -0.2075
vn 0.1856 0.6088 0.7713
vn 0.1886 -0.5139 -0.8368
vn 0.9511 0.1851 -0.2470
vn 0.2314 0.6142 0.7544
vn 0.1424 -0.5304 -0.8357
vn 0.9455 0.1558 -0.2859
vn 0.2766 0.6182 0.7357
vn 0.0959 -0.5457 -0.8325
vn 0.9375 0.1261 -0.3241
vn 0.3211 0.6206 0.7153
vn 0.0492 -0.5597 -0.8272
vn 0.9273 0.0961 -0.3616
vn 0.3649 0.6216 0.6931
vn 0.0023 -0.5723 -0.8200
vn 0.9149 0.0659 -0.3981
vn 0.4078 0.6211 0.6693
vn -0.0446 -0.5835 -0.8109
vn 0.9003 0.0355 -0.4337
vn 0.4497 0.6191 0.6438
vn -0.0914 -0.5933 -0.7998
vn 0.8835 0.0050 -0.4683
vn 0.4905 0.6155 0.6168
vn 0.8646 -0.0255 -0.5018
vn 0.5302 0.6106 0.5883
vn 0.8436 -0.0559 -0.5340
vn 0.5685 0.6041 0.5584
vn 0.8206 -0.0862 -0.5649
vn 0.7841 0.4807 0.3925
vn 0.8120 0.4619 0.3567
vn 0.7608 -0.2420 -0.6022
vn 0.7296 -0.2690 -0.6287
vn 0.8379 0.4421 0.3201
vn 0.6966 -0.2954 -0.6537
vn 0.8618 0.4212 0.2827
vn 0.6621 -0.3210 -0.6772
vn 0.8836 0.3992 0.2446
vn 0.6258 -0.3459 -0.6990
vn 0.9033 0.3763 0.2060
vn 0.5881 -0.3699 -0.7192
vn 0.9208 0.3525 0.1668
vn 0.5490 -0.3931 -0.7376
vn 0.9361 0.3279 0.1273
vn 0.5085 -0.4153 -0.7542
vn 0.9491 0.3024 0.0874
vn 0.4669 -0.4365 -0.7691
vn 0.9599 0.2763 0.0473
vn 0.4240 -0.4566 -0.7821
vn 0.9683 0.2495 0.0072
vn 0.3802 -0.4757 -0.7932
vn 0.9745 0.2220 -0.0330
vn 0.1868 0.6050 0.7740
vn 0.3355 -0.4936 -0.8023
vn 0.9782 0.1941 -0.0732
vn 0.2338 0.6066 0.7598
vn 0.2899 -0.5103 -0.8096
vn 0.9796 0.1657 -0.1131
vn 0.2802 0.6067 0.7438
vn 0.2437 -0.5258 -0.8149
vn 0.9787 0.1368 -0.1528
vn 0.3259 0.6055 0.7261
vn 0.1968 -0.5401 -0.8183
vn 0.9754 0.1077 -0.1921
vn 0.3708 0.6027 0.7065
vn 0.1495 -0.5530 -0.8196
vn 0.9698 0.0783 -0.2309
vn 0.4149 0.5985 0.6853
vn 0.1018 -0.5646 -0.8190
vn 0.9618 0.0487 -0.2692
vn 0.4579 0.5929 0.6624
vn 0.0539 -0.5748 -0.8165
vn 0.9516 0.0190 -0.3068
vn 0.4998 0.5858 0.6379
vn 0.0059 -0.5837 -0.8119
vn 0.9390 -0.0108 -0.3437
vn 0.5406 0.5774 0.6119
vn -0.0422 -0.5911 -0.8054
vn 0.9242 -0.0405 -0.3798
vn 0.5800 0.5675 0.5844
vn -0.0902 -0.5972 -0.7970
vn 0.9071 -0.0702 -0.4149
vn 0.6180 0.5563 0.5555
vn 0.8879 -0.0997 -0.4491
vn 0.6545 0.5437 0.5253
vn 0.8665 -0.1289 -0.4822
vn 0.6895 0.5298 0.4938
vn 0.8431 -0.1578 -0.5141
vn 0.7228 0.5146 0.4611
vn 0.8176 -0.1864 -0.5448
vn 0.7544 0.4983 0.4273
vn 0.7901 -0.2144 -0.5742
vn 0.8495 0.3815 0.3644
vn 0.8738 0.3583 0.3287
vn 0.7087 -0.3583 -0.6077
vn 0.6736 -0.3815 -0.6329
vn 0.8961 0.3341 0.2922
vn 0.6370 -0.4039 -0.6566
vn 0.9161 0.3092 0.2551
vn 0.5987 -0.4253 -0.6787
vn 0.9340 0.2835 0.2173
vn 0.5590 -0.4457 -0.6991
vn 0.9496 0.2571 0.1790
vn 0.5181 -0.4650 -0.7179
vn 0.9630 0.2301 0.1403
vn 0.4758 -0.4831 -0.7349
vn 0.9740 0.2026 0.1012
vn 0.4324 -0.5002 -0.7502
vn 0.9827 0.1746 0.0619
vn 0.3879 -0.5160 -0.7637
vn 0.9890 0.1461 0.0225
vn 0.1876 0.6011 0.7769
vn 0.3425 -0.5306 -0.7753
vn 0.9929 0.1173 -0.0170
vn 0.2353 0.5989 0.7655
vn 0.2963 -0.5439 -0.7851
vn 0.9945 0.0882 -0.0565
vn 0.2824 0.5952 0.7523
vn 0.2494 -0.5558 -0.7930
vn 0.9936 0.0589 -0.0958
vn 0.3288 0.5902 0.7373
vn 0.2019 -0.5665 -0.7989
vn 0.9904 0.0295 -0.1349
vn 0.3745 0.5837 0.7205
vn 0.1539 -0.5758 -0.8030
vn 0.9848 0.0000 -0.1736
vn 0.4192 0.5758 0.7019
vn 0.1055 -0.5837 -0.8051
vn 0.9768 -0.0295 -0.2120
vn 0.4630 0.5665 0.6817
vn 0.0568 -0.5902 -0.8053
vn 0.9665 -0.0589 -0.2498
vn 0.5056 0.5558 0.6598
vn 0.0081 -0.5952 -0.8035
vn 0.9538 -0.0882 -0.2871
vn 0.5470 0.5439 0.6364
vn -0.0407 -0.5989 -0.7998
vn 0.9389 -0.1173 -0.3236
vn 0.5871 0.5306 0.6114
vn -0.0895 -0.6011 -0.7942
vn 0.9217 -0.1461 -0.3594
vn 0.6257 0.5160 0.5850
vn 0.9022 -0.1746 -0.3943
vn 0.6629 0.5002 0.5571
vn 0.8806 -0.2026 -0.4283
vn 0.6985 0.4831 0.5279
vn 0.8569 -0.2301 -0.4612
vn 0.7323 0.4650 0.4974
vn 0.8311 -0.2571 -0.4930
vn 0.7645 0.4457 0.4658
vn 0.8033 -0.2835 -0.5237
vn 0.7947 0.4253 0.4330
vn 0.7736 -0.3092 -0.5530
vn 0.8231 0.4039 0.3991
vn 0.7421 -0.3341 -0.5811
vn 0.9006 0.2690 0.3412
vn 0.9208 0.2420 0.3056
vn 0.6410 -0.4619 -0.6129
vn 0.6026 -0.4807 -0.6370
vn 0.9389 0.2144 0.2693
vn 0.5627 -0.4983 -0.6595
vn 0.9546 0.1864 0.2323
vn 0.5215 -0.5146 -0.6805
vn 0.9680 0.1578 0.1947
vn 0.4791 -0.5298 -0.6998
vn 0.9792 0.1289 0.1567
vn 0.4355 -0.5437 -0.7175
vn 0.9879 0.0997 0.1183
vn 0.3907 -0.5563 -0.7334
vn 0.9943 0.0702 0.0796
vn 0.1878 0.5972 0.7798
vn 0.3451 -0.5675 -0.7475
vn 0.9983 0.0405 0.0408
vn 0.2358 0.5911 0.7713
vn 0.2987 -0.5774 -0.7599
vn 0.9999 0.0108 0.0018
vn 0.2832 0.5837 0.7610
vn 0.2515 -0.5858 -0.7704
vn 0.9991 -0.0190 -0.0371
vn 0.3299 0.5748 0.7488
vn 0.2037 -0.5929 -0.7790
vn 0.9959 -0.0487 -0.0760
vn 0.3758 0.5646 0.7348
vn 0.1555 -0.5985 -0.7859
vn 0.9903 -0.0783 -0.1147
vn 0.4208 0.5530 0.7191
vn 0.1068 -0.6027 -0.7908
vn 0.9823 -0.1077 -0.1531
vn 0.4648 0.5401 0.7016
vn 0.0579 -0.6055 -0.7937
vn 0.9720 -0.1368 -0.1912
vn 0.5077 0.5258 0.6824
vn 0.0089 -0.6067 -0.7948
vn 0.9592 -0.1657 -0.2288
vn 0.5493 0.5103 0.6616
vn -0.0402 -0.6066 -0.7940
vn 0.9443 -0.1941 -0.2658
vn 0.5897 0.4936 0.6392
vn -0.0892 -0.6050 -0.7912
vn 0.9270 -0.2220 -0.3022
vn 0.6286 0.4757 0.6153
vn 0.9075 -0.2495 -0.3379
vn 0.6659 0.4566 0.5899
vn 0.8858 -0.2763 -0.3728
vn 0.7017 0.4365 0.5630
vn 0.8620 -0.3024 -0.4068
vn 0.7358 0.4153 0.5348
vn 0.8361 -0.3279 -0.4398
vn 0.7681 0.3931 0.5054
vn 0.8082 -0.3525 -0.4717
vn 0.7986 0.3699 0.4747
vn 0.7784 -0.3763 -0.5025
vn 0.8272 0.3459 0.4428
vn 0.7466 -0.3992 -0.5321
vn 0.8537 0.3210 0.4099
vn 0.7131 -0.4212 -0.5604
vn 0.8782 0.2954 0.3760
vn 0.6779 -0.4421 -0.5874
vn 0.9353 0.1461 0.3222
vn 0.9510 0.1163 0.2866
vn 0.5600 -0.5504 -0.6192
vn 0.5190 -0.5639 -0.6424
vn 0.9643 0.0862 0.2502
vn 0.4767 -0.5760 -0.6640
vn 0.9754 0.0559 0.2133
vn 0.4332 -0.5868 -0.6841
vn 0.9841 0.0255 0.1758
vn 0.3887 -0.5962 -0.7025
vn 0.9904 -0.0050 0.1379
vn 0.1876 0.5933 0.7828
vn 0.3432 -0.6041 -0.7192
vn 0.9944 -0.0355 0.0997
vn 0.2354 0.5835 0.7772
vn 0.2970 -0.6106 -0.7342
vn 0.9959 -0.0659 0.0612
vn 0.2826 0.5723 0.7698
vn 0.2500 -0.6155 -0.7474
vn 0.9951 -0.0961 0.0226
vn 0.3291 0.5597 0.7605
vn 0.2024 -0.6191 -0.7588
vn 0.9919 -0.1261 -0.0161
vn 0.3748 0.5457 0.7494
vn 0.1543 -0.6211 -0.7684
vn 0.9863 -0.1558 -0.0547
vn 0.4197 0.5304 0.7366
vn 0.1058 -0.6216 -0.7761
vn 0.9783 -0.1851 -0.0932
vn 0.4635 0.5139 0.7218
vn 0.0571 -0.6206 -0.7820
vn 0.9679 -0.2140 -0.1315
vn 0.5061 0.4961 0.7054
vn 0.0083 -0.6182 -0.7860
vn 0.9553 -0.2423 -0.1694
vn 0.5476 0.4771 0.6873
vn -0.0406 -0.6142 -0.7880
vn 0.9403 -0.2701 -0.2070
vn 0.5878 0.4570 0.6676
vn -0.0894 -0.6088 -0.7883
vn 0.9231 -0.2972 -0.2440
vn 0.6265 0.4358 0.6462
vn 0.9036 -0.3236 -0.2805
vn 0.6637 0.4136 0.6232
vn 0.8820 -0.3493 -0.3163
vn 0.6993 0.3903 0.5988
vn 0.8583 -0.3741 -0.3513
vn 0.7333 0.3661 0.5729
vn 0.8325 -0.3980 -0.3855
vn 0.7654 0.3410 0.5457
vn 0.8047 -0.4209 -0.4187
vn 0.7958 0.3151 0.5171
vn 0.7749 -0.4428 -0.4510
vn 0.8242 0.2884 0.4873
vn 0.7433 -0.4637 -0.4822
vn 0.8506 0.2611 0.4563
vn 0.7099 -0.4835 -0.5122
vn 0.8750 0.2331 0.4243
vn 0.6748 -0.5020 -0.5409
vn 0.8973 0.2046 0.3912
vn 0.6380 -0.5194 -0.5684
vn 0.9174 0.1755 0.3571
vn 0.5997 -0.5355 -0.5945
vn 0.9518 0.0159 0.3062
vn 0.9626 -0.0157 0.2703
vn 0.4686 -0.6213 -0.6279
vn 0.4257 -0.6291 -0.6504
vn 0.9711 -0.0473 0.2337
vn 0.3817 -0.6353 -0.6713
vn 0.9773 -0.0788 0.1966
vn 0.1870 0.5895 0.7858
vn 0.3368 -0.6400 -0.6906
vn 0.9811 -0.1101 0.1591
vn 0.2341 0.5760 0.7832
vn 0.2912 -0.6431 -0.7082
vn 0.9825 -0.1411 0.1211
vn 0.2806 0.5611 0.7787
vn 0.2448 -0.6447 -0.7241
vn 0.9816 -0.1718 0.0829
vn 0.3265 0.5448 0.7724
vn 0.1978 -0.6447 -0.7383
vn 0.9784 -0.2020 0.0444
vn 0.3715 0.5272 0.7642
vn 0.1504 -0.6432 -0.7508
vn 0.9727 -0.2318 0.0059
vn 0.4157 0.5083 0.7542
vn 0.1025 -0.6402 -0.7614
vn 0.9648 -0.2610 -0.0327
vn 0.4589 0.4882 0.7423
vn 0.0545 -0.6355 -0.7701
vn 0.9545 -0.2897 -0.0712
vn 0.5009 0.4670 0.7287
vn 0.0063 -0.6294 -0.7770
vn 0.9419 -0.3175 -0.1095
vn 0.5418 0.4446 0.7133
vn -0.0419 -0.6217 -0.7821
vn 0.9270 -0.3447 -0.1475
vn 0.5814 0.4211 0.6961
vn -0.0901 -0.6126 -0.7852
vn 0.9099 -0.3710 -0.1852
vn 0.6195 0.3967 0.6774
vn 0.8907 -0.3964 -0.2225
vn 0.6562 0.3713 0.6569
vn 0.8693 -0.4209 -0.2592
vn 0.6913 0.3450 0.6349
vn 0.8457 -0.4443 -0.2953
vn 0.7247 0.3178 0.6114
vn 0.8202 -0.4667 -0.3307
vn 0.7563 0.2899 0.5864
vn 0.7927 -0.4880 -0.3653
vn 0.7862 0.2613 0.5600
vn 0.7633 -0.5081 -0.3990
vn 0.8142 0.2321 0.5322
vn 0.7320 -0.5269 -0.4318
vn 0.8402 0.2023 0.5032
vn 0.6990 -0.5445 -0.4635
vn 0.8641 0.1720 0.4729
vn 0.6643 -0.5608 -0.4941
vn 0.8860 0.1413 0.4415
vn 0.6280 -0.5758 -0.5235
vn 0.9058 0.1103 0.4091
vn 0.5902 -0.5893 -0.5517
vn 0.9233 0.0790 0.3757
vn 0.5509 -0.6015 -0.5785
vn 0.9387 0.0475 0.3413
vn 0.5104 -0.6121 -0.6039
vn 0.9492 -0.1179 0.2916
vn 0.9551 -0.1504 0.2553
vn 0.1858 0.5859 0.7888
vn 0.3699 -0.6733 -0.6402
vn 0.3260 -0.6748 -0.6620
vn 0.9586 -0.1824 0.2184
vn 0.2318 0.5687 0.7892
vn 0.2814 -0.6747 -0.6823
vn 0.9599 -0.2141 0.1810
vn 0.2772 0.5502 0.7877
vn 0.2360 -0.6730 -0.7010
vn 0.9588 -0.2452 0.1431
vn 0.3220 0.5303 0.7843
vn 0.1901 -0.6696 -0.7179
vn 0.9555 -0.2758 0.1048
vn 0.3660 0.5092 0.7790
vn 0.1437 -0.6647 -0.7332
vn 0.9498 -0.3056 0.0664
vn 0.4090 0.4869 0.7718
vn 0.0970 -0.6581 -0.7466
vn 0.9419 -0.3347 0.0277
vn 0.4512 0.4633 0.7627
vn 0.0500 -0.6500 -0.7583
vn 0.9317 -0.3631 -0.0110
vn 0.4922 0.4387 0.7518
vn 0.0029 -0.6403 -0.7681
vn 0.9192 -0.3905 -0.0497
vn 0.5320 0.4130 0.7392
vn -0.0442 -0.6290 -0.7761
vn 0.9045 -0.4170 -0.0882
vn 0.5706 0.3863 0.7247
vn -0.0912 -0.6163 -0.7822
vn 0.8877 -0.4426 -0.1266
vn 0.6077 0.3587 0.7085
vn 0.8688 -0.4670 -0.1646
vn 0.6434 0.3302 0.6906
vn 0.8477 -0.4904 -0.2023
vn 0.6776 0.3010 0.6710
vn 0.8246 -0.5125 -0.2394
vn 0.7101 0.2710 0.6498
vn 0.7995 -0.5334 -0.2760
vn 0.7410 0.2403 0.6271
vn 0.7725 -0.5531 -0.3119
vn 0.7700 0.2091 0.6028
vn 0.7436 -0.5714 -0.3471
vn 0.7972 0.1774 0.5771
vn 0.7130 -0.5883 -0.3815
vn 0.8224 0.1452 0.5500
vn 0.6806 -0.6038 -0.4149
vn 0.8457 0.1127 0.5216
vn 0.6466 -0.6179 -0.4473
vn 0.8670 0.0799 0.4919
vn 0.6110 -0.6305 -0.4787
vn 0.8861 0.0470 0.4610
vn 0.5740 -0.6415 -0.5089
vn 0.9032 0.0139 0.4290
vn 0.5355 -0.6510 -0.5379
vn 0.9180 -0.0192 0.3961
vn 0.4958 -0.6590 -0.5655
vn 0.9306 -0.0523 0.3621
vn 0.4549 -0.6653 -0.5919
vn 0.9411 -0.0852 0.3272
vn 0.4129 -0.6701 -0.6168
vn 0.9272 -0.2519 0.2771
vn 0.9282 -0.2842 0.2402
vn 0.2286 0.5617 0.7951
vn 0.2725 0.5397 0.7965
vn 0.2676 -0.7050 -0.6567
vn 0.2237 -0.7001 -0.6780
vn 0.9269 -0.3157 0.2026
vn 0.3157 0.5164 0.7960
vn 0.1793 -0.6936 -0.6977
vn 0.9235 -0.3465 0.1646
vn 0.3582 0.4919 0.7935
vn 0.1344 -0.6853 -0.7157
vn 0.9178 -0.3765 0.1262
vn 0.3997 0.4662 0.7892
vn 0.0892 -0.6754 -0.7320
vn 0.9099 -0.4055 0.0875
vn 0.4404 0.4394 0.7829
vn 0.0437 -0.6639 -0.7466
vn 0.8998 -0.4336 0.0486
vn 0.4799 0.4115 0.7748
vn -0.0018 -0.6507 -0.7593
vn 0.8875 -0.4606 0.0096
vn 0.5183 0.3827 0.7648
vn -0.0474 -0.6360 -0.7702
vn 0.8731 -0.4865 -0.0295
vn 0.5554 0.3529 0.7529
vn -0.0928 -0.6198 -0.7792
vn 0.8566 -0.5113 -0.0685
vn 0.5912 0.3222 0.7393
vn 0.8381 -0.5348 -0.1073
vn 0.6256 0.2908 0.7239
vn 0.8175 -0.5571 -0.1459
vn 0.6585 0.2587 0.7067
vn 0.7950 -0.5780 -0.1841
vn 0.6898 0.2260 0.6878
vn 0.7705 -0.5975 -0.2219
vn 0.7194 0.1927 0.6673
vn 0.7442 -0.6156 -0.2591
vn 0.7473 0.1590 0.6451
vn 0.7161 -0.6322 -0.2958
vn 0.7734 0.1248 0.6215
vn 0.6863 -0.6472 -0.3317
vn 0.7977 0.0904 0.5962
vn 0.6548 -0.6607 -0.3668
vn 0.8200 0.0558 0.5696
vn 0.6218 -0.6727 -0.4010
vn 0.8403 0.0210 0.5416
vn 0.5872 -0.6830 -0.4343
vn 0.8586 -0.0138 0.5124
vn 0.5513 -0.6917 -0.4665
vn 0.8749 -0.0486 0.4818
vn 0.5140 -0.6987 -0.4976
vn 0.8890 -0.0832 0.4502
vn 0.4755 -0.7040 -0.5275
vn 0.9010 -0.1177 0.4174
vn 0.4358 -0.7076 -0.5562
vn 0.9109 -0.1519 0.3836
vn 0.3951 -0.7095 -0.5835
vn 0.9185 -0.1857 0.3489
vn 0.3534 -0.7097 -0.6094
vn 0.9240 -0.2191 0.3134
vn 0.1842 0.5823 0.7918
vn 0.3109 -0.7082 -0.6338
vn 0.8862 -0.3826 0.2610
vn 0.8826 -0.4137 0.2232
vn 0.3077 0.5033 0.8075
vn 0.3482 0.4755 0.8078
vn 0.1655 -0.7163 -0.6779
vn 0.1225 -0.7049 -0.6987
vn 0.8769 -0.4437 0.1849
vn 0.3878 0.4467 0.8063
vn 0.0792 -0.6918 -0.7177
vn 0.8690 -0.4726 0.1461
vn 0.4265 0.4167 0.8027
vn 0.0357 -0.6770 -0.7351
vn 0.8591 -0.5005 0.1070
vn 0.4642 0.3857 0.7973
vn -0.0078 -0.6606 -0.7506
vn 0.8471 -0.5271 0.0676
vn 0.5008 0.3539 0.7899
vn -0.0514 -0.6427 -0.7644
vn 0.8330 -0.5525 0.0280
vn 0.5361 0.3211 0.7806
vn -0.0948 -0.6232 -0.7763
vn 0.8170 -0.5765 -0.0116
vn 0.5702 0.2876 0.7695
vn 0.7990 -0.5992 -0.0512
vn 0.6029 0.2534 0.7565
vn 0.7790 -0.6204 -0.0907
vn 0.6341 0.2186 0.7416
vn 0.7572 -0.6401 -0.1299
vn 0.6638 0.1833 0.7250
vn 0.7336 -0.6583 -0.1689
vn 0.6919 0.1475 0.7067
vn 0.7082 -0.6748 -0.2074
vn 0.7184 0.1114 0.6866
vn 0.6811 -0.6898 -0.2454
vn 0.7431 0.0750 0.6649
vn 0.6523 -0.7031 -0.2829
vn 0.7660 0.0384 0.6416
vn 0.6220 -0.7148 -0.3197
vn 0.7871 0.0018 0.6168
vn 0.5902 -0.7246 -0.3557
vn 0.8063 -0.0349 0.5904
vn 0.5569 -0.7328 -0.3908
vn 0.8236 -0.0715 0.5627
vn 0.5224 -0.7392 -0.4250
vn 0.8388 -0.1079 0.5336
vn 0.4865 -0.7438 -0.4582
vn 0.8521 -0.1440 0.5032
vn 0.4495 -0.7466 -0.4903
vn 0.8632 -0.1798 0.4716
vn 0.4115 -0.7477 -0.5212
vn 0.8724 -0.2152 0.4388
vn 0.3724 -0.7469 -0.5509
vn 0.8794 -0.2500 0.4051
vn 0.3324 -0.7443 -0.5792
vn 0.8843 -0.2843 0.3703
vn 0.1822 0.5790 0.7947
vn 0.2916 -0.7400 -0.6061
vn 0.8871 -0.3179 0.3346
vn 0.2246 0.5550 0.8009
vn 0.2501 -0.7338 -0.6316
vn 0.8877 -0.3507 0.2982
vn 0.2665 0.5298 0.8051
vn 0.2080 -0.7259 -0.6555
vn 0.8276 -0.5066 0.2418
vn 0.8197 -0.5355 0.2029
vn 0.3735 0.4284 0.8228
vn 0.4099 0.3955 0.8219
vn 0.0672 -0.7071 -0.7039
vn 0.0261 -0.6894 -0.7239
vn 0.8100 -0.5631 0.1636
vn 0.4453 0.3616 0.8191
vn -0.0151 -0.6699 -0.7422
vn 0.7983 -0.5894 0.1238
vn 0.4797 0.3269 0.8143
vn -0.0563 -0.6489 -0.7588
vn 0.7846 -0.6142 0.0838
vn 0.5129 0.2914 0.8075
vn -0.0973 -0.6263 -0.7735
vn 0.7691 -0.6376 0.0436
vn 0.5448 0.2552 0.7988
vn 0.7518 -0.6594 0.0032
vn 0.5754 0.2184 0.7881
vn 0.7325 -0.6796 -0.0371
vn 0.6047 0.1811 0.7756
vn 0.7116 -0.6983 -0.0774
vn 0.6325 0.1433 0.7611
vn 0.6889 -0.7152 -0.1175
vn 0.6588 0.1052 0.7449
vn 0.6646 -0.7304 -0.1572
vn 0.6835 0.0669 0.7269
vn 0.6387 -0.7438 -0.1967
vn 0.7065 0.0283 0.7071
vn 0.6113 -0.7555 -0.2356
vn 0.7279 -0.0103 0.6856
vn 0.5824 -0.7654 -0.2740
vn 0.7475 -0.0488 0.6625
vn 0.5520 -0.7733 -0.3117
vn 0.7653 -0.0872 0.6377
vn 0.5204 -0.7795 -0.3487
vn 0.7812 -0.1255 0.6115
vn 0.4875 -0.7837 -0.3848
vn 0.7953 -0.1634 0.5837
vn 0.4534 -0.7861 -0.4200
vn 0.8074 -0.2009 0.5546
vn 0.4182 -0.7866 -0.4542
vn 0.8177 -0.2380 0.5241
vn 0.3820 -0.7852 -0.4873
vn 0.8259 -0.2745 0.4924
vn 0.3449 -0.7819 -0.5192
vn 0.8322 -0.3103 0.4595
vn 0.3070 -0.7767 -0.5499
vn 0.8365 -0.3454 0.4255
vn 0.1797 0.5758 0.7976
vn 0.2683 -0.7697 -0.5793
vn 0.8387 -0.3796 0.3904
vn 0.2197 0.5488 0.8065
vn 0.2290 -0.7608 -0.6072
vn 0.8389 -0.4129 0.3544
vn 0.2592 0.5205 0.8135
vn 0.1891 -0.7500 -0.6337
vn 0.8372 -0.4453 0.3176
vn 0.2980 0.4910 0.8186
vn 0.1488 -0.7375 -0.6587
vn 0.8333 -0.4765 0.2800
vn 0.3362 0.4602 0.8217
vn 0.1081 -0.7232 -0.6821
vn 0.7530 -0.6209 0.2178
vn 0.7416 -0.6468 0.1778
vn 0.4233 0.3394 0.8400
vn 0.4551 0.3021 0.8376
vn -0.0236 -0.6785 -0.7342
vn -0.0619 -0.6546 -0.7534
vn 0.7284 -0.6712 0.1373
vn 0.4858 0.2640 0.8332
vn -0.1001 -0.6292 -0.7708
vn 0.7135 -0.6939 0.0965
vn 0.5153 0.2254 0.8268
vn 0.6969 -0.7150 0.0554
vn 0.5436 0.1862 0.8184
vn 0.6786 -0.7343 0.0142
vn 0.5705 0.1465 0.8081
vn 0.6587 -0.7519 -0.0270
vn 0.5961 0.1065 0.7958
vn 0.6371 -0.7677 -0.0682
vn 0.6203 0.0662 0.7816
vn 0.6141 -0.7816 -0.1091
vn 0.6429 0.0258 0.7655
vn 0.5896 -0.7937 -0.1499
vn 0.6640 -0.0147 0.7475
vn 0.5636 -0.8038 -0.1902
vn 0.6836 -0.0551 0.7278
vn 0.5363 -0.8120 -0.2302
vn 0.7014 -0.0955 0.7063
vn 0.5077 -0.8182 -0.2695
vn 0.7176 -0.1355 0.6831
vn 0.4779 -0.8225 -0.3082
vn 0.7321 -0.1753 0.6583
vn 0.4469 -0.8248 -0.3462
vn 0.7447 -0.2146 0.6318
vn 0.4149 -0.8251 -0.3834
vn 0.7557 -0.2534 0.6039
vn 0.3818 -0.8235 -0.4196
vn 0.7647 -0.2916 0.5745
vn 0.3479 -0.8198 -0.4548
vn 0.7720 -0.3292 0.5437
vn 0.3131 -0.8142 -0.4889
vn 0.7773 -0.3659 0.5117
vn 0.2775 -0.8066 -0.5219
vn 0.7809 -0.4017 0.4784
vn 0.1769 0.5729 0.8003
vn 0.2413 -0.7971 -0.5535
vn 0.7825 -0.4366 0.4439
vn 0.2141 0.5431 0.8119
vn 0.2045 -0.7856 -0.5839
vn 0.7823 -0.4704 0.4084
vn 0.2508 0.5119 0.8216
vn 0.1672 -0.7723 -0.6128
vn 0.7801 -0.5031 0.3719
vn 0.2868 0.4796 0.8293
vn 0.1295 -0.7571 -0.6403
vn 0.7761 -0.5345 0.3345
vn 0.3222 0.4461 0.8350
vn 0.0915 -0.7401 -0.6662
vn 0.7702 -0.5647 0.2963
vn 0.3568 0.4114 0.8387
vn 0.0532 -0.7213 -0.6906
vn 0.7625 -0.5935 0.2574
vn 0.3905 0.3759 0.8403
vn 0.0148 -0.7007 -0.7132
vn 0.6650 -0.7228 0.1880
vn 0.6508 -0.7450 0.1466
vn 0.4553 0.2392 0.8576
vn 0.4820 0.1983 0.8534
vn -0.1033 -0.6318 -0.7682
vn 0.6350 -0.7654 0.1049
vn 0.5076 0.1569 0.8472
vn 0.6176 -0.7839 0.0629
vn 0.5320 0.1151 0.8389
vn 0.5989 -0.8006 0.0208
vn 0.5550 0.0730 0.8286
vn 0.5786 -0.8153 -0.0214
vn 0.5768 0.0308 0.8163
vn 0.5570 -0.8280 -0.0635
vn 0.5971 -0.0115 0.8020
vn 0.5340 -0.8388 -0.1055
vn 0.6161 -0.0537 0.7858
vn 0.5098 -0.8476 -0.1472
vn 0.6335 -0.0959 0.7677
vn 0.4843 -0.8543 -0.1886
vn 0.6494 -0.1377 0.7478
vn 0.4577 -0.8589 -0.2295
vn 0.6638 -0.1793 0.7261
vn 0.4299 -0.8615 -0.2699
vn 0.6765 -0.2204 0.7026
vn 0.4011 -0.8621 -0.3096
vn 0.6877 -0.2611 0.6774
vn 0.3714 -0.8605 -0.3486
vn 0.6971 -0.3010 0.6506
vn 0.3407 -0.8569 -0.3867
vn 0.7049 -0.3403 0.6223
vn 0.3093 -0.8512 -0.4240
vn 0.7110 -0.3787 0.5924
vn 0.2771 -0.8435 -0.4602
vn 0.7154 -0.4163 0.5611
vn 0.2442 -0.8337 -0.4952
vn 0.7181 -0.4528 0.5285
vn 0.1737 0.5703 0.8029
vn 0.2107 -0.8219 -0.5291
vn 0.7190 -0.4882 0.4946
vn 0.2077 0.5379 0.8170
vn 0.1768 -0.8082 -0.5618
vn 0.7182 -0.5224 0.4595
vn 0.2412 0.5042 0.8292
vn 0.1424 -0.7925 -0.5930
vn 0.7157 -0.5554 0.4233
vn 0.2741 0.4693 0.8394
vn 0.1076 -0.7749 -0.6229
vn 0.7115 -0.5871 0.3861
vn 0.3064 0.4332 0.8476
vn 0.0726 -0.7554 -0.6512
vn 0.7055 -0.6173 0.3480
vn 0.3380 0.3961 0.8537
vn 0.0374 -0.7341 -0.6780
vn 0.6979 -0.6461 0.3090
vn 0.3687 0.3581 0.8578
vn 0.0021 -0.7110 -0.7031
vn 0.6886 -0.6733 0.2693
vn 0.3985 0.3192 0.8598
vn -0.0331 -0.6863 -0.7266
vn 0.6776 -0.6989 0.2289
vn 0.4274 0.2795 0.8597
vn -0.0683 -0.6598 -0.7483
vn 0.5665 -0.8100 0.1511
vn 0.5503 -0.8279 0.1084
vn 0.4678 0.1309 0.8740
vn 0.4893 0.0873 0.8677
vn 0.5328 -0.8437 0.0654
vn 0.5097 0.0434 0.8593
vn 0.5140 -0.8575 0.0223
vn 0.5287 -0.0005 0.8488
vn 0.4939 -0.8692 -0.0209
vn 0.5466 -0.0445 0.8362
vn 0.4727 -0.8789 -0.0641
vn 0.5630 -0.0883 0.8217
vn 0.4503 -0.8864 -0.1071
vn 0.5782 -0.1319 0.8051
vn 0.4268 -0.8918 -0.1498
vn 0.5920 -0.1753 0.7866
vn 0.4024 -0.8950 -0.1922
vn 0.6043 -0.2181 0.7663
vn 0.3769 -0.8962 -0.2341
vn 0.6152 -0.2605 0.7441
vn 0.3505 -0.8951 -0.2755
vn 0.6246 -0.3022 0.7201
vn 0.3233 -0.8919 -0.3162
vn 0.6325 -0.3432 0.6943
vn 0.2954 -0.8865 -0.3561
vn 0.6388 -0.3834 0.6669
vn 0.2667 -0.8790 -0.3951
vn 0.6437 -0.4227 0.6379
vn 0.2373 -0.8694 -0.4333
vn 0.6470 -0.4609 0.6074
vn 0.2074 -0.8577 -0.4704
vn 0.6487 -0.4981 0.5754
vn 0.1701 0.5680 0.8053
vn 0.1770 -0.8440 -0.5063
vn 0.6489 -0.5340 0.5420
vn 0.2006 0.5333 0.8218
vn 0.1461 -0.8282 -0.5411
vn 0.6475 -0.5686 0.5073
vn 0.2306 0.4973 0.8363
vn 0.1149 -0.8104 -0.5745
vn 0.6445 -0.6019 0.4714
vn 0.2601 0.4601 0.8489
vn 0.0835 -0.7906 -0.6065
vn 0.6400 -0.6337 0.4344
vn 0.2890 0.4219 0.8594
vn 0.0518 -0.7690 -0.6372
vn 0.6340 -0.6640 0.3963
vn 0.3172 0.3826 0.8678
vn 0.0200 -0.7455 -0.6662
vn 0.6264 -0.6927 0.3573
vn 0.3446 0.3423 0.8741
vn -0.0119 -0.7202 -0.6937
vn 0.6174 -0.7198 0.3174
vn 0.3711 0.3013 0.8783
vn -0.0437 -0.6932 -0.7194
vn 0.6068 -0.7451 0.2767
vn 0.3968 0.2595 0.8804
vn -0.0754 -0.6644 -0.7435
vn 0.5948 -0.7686 0.2354
vn 0.4215 0.2171 0.8804
vn -0.1069 -0.6341 -0.7658
vn 0.5814 -0.7903 0.1935
vn 0.4452 0.1743 0.8783
vn 0.3423 -0.9262 -0.1577
vn 0.3194 -0.9260 -0.2011
vn 0.5397 -0.2517 0.8033
vn 0.5486 -0.2951 0.7823
vn 0.2956 -0.9236 -0.2439
vn 0.5561 -0.3378 0.7593
vn 0.2712 -0.9190 -0.2862
vn 0.5623 -0.3797 0.7346
vn 0.2461 -0.9121 -0.3278
vn 0.5671 -0.4207 0.7081
vn 0.2204 -0.9030 -0.3686
vn 0.5706 -0.4606 0.6799
vn 0.1941 -0.8919 -0.4085
vn 0.5727 -0.4995 0.6500
vn 0.1674 -0.8785 -0.4475
vn 0.5734 -0.5371 0.6186
vn 0.1662 0.5660 0.8075
vn 0.1403 -0.8630 -0.4853
vn 0.5727 -0.5735 0.5857
vn 0.1929 0.5293 0.8262
vn 0.1129 -0.8454 -0.5220
vn 0.5707 -0.6085 0.5514
vn 0.2192 0.4914 0.8429
vn 0.0852 -0.8258 -0.5574
vn 0.5673 -0.6420 0.5157
vn 0.2449 0.4522 0.8576
vn 0.0573 -0.8042 -0.5915
vn 0.5625 -0.6740 0.4789
vn 0.2701 0.4120 0.8702
vn 0.0292 -0.7807 -0.6242
vn 0.5564 -0.7043 0.4408
vn 0.2946 0.3708 0.8807
vn 0.0011 -0.7553 -0.6554
vn 0.5489 -0.7330 0.4018
vn 0.3184 0.3287 0.8891
vn -0.0271 -0.7281 -0.6849
vn 0.5401 -0.7599 0.3617
vn 0.3414 0.2858 0.8954
vn -0.0551 -0.6991 -0.7129
vn 0.5300 -0.7849 0.3207
vn 0.3635 0.2423 0.8995
vn -0.0831 -0.6684 -0.7391
vn 0.5187 -0.8081 0.2791
vn 0.3849 0.1981 0.9014
vn -0.1108 -0.6362 -0.7635
vn 0.5061 -0.8294 0.2367
vn 0.4052 0.1535 0.9012
vn 0.4922 -0.8486 0.1937
vn 0.4247 0.1085 0.8988
vn 0.4772 -0.8658 0.1504
vn 0.4430 0.0632 0.8942
vn 0.4611 -0.8809 0.1066
vn 0.4604 0.0178 0.8875
vn 0.4438 -0.8939 0.0625
vn 0.4766 -0.0276 0.8787
vn 0.4255 -0.9048 0.0184
vn 0.4917 -0.0730 0.8677
vn 0.4061 -0.9134 -0.0259
vn 0.5055 -0.1182 0.8546
vn 0.3857 -0.9199 -0.0700
vn 0.5182 -0.1631 0.8395
vn 0.3645 -0.9242 -0.1140
vn 0.5296 -0.2076 0.8224
vn 0.2369 -0.9473 -0.2155
vn 0.2154 -0.9415 -0.2592
vn 0.4829 -0.3673 0.7949
vn 0.4873 -0.4100 0.7710
vn 0.1934 -0.9334 -0.3022
vn 0.4905 -0.4516 0.7453
vn 0.1709 -0.9230 -0.3446
vn 0.4925 -0.4922 0.7178
vn 0.1480 -0.9105 -0.3861
vn 0.4933 -0.5316 0.6885
vn 0.1247 -0.8957 -0.4267
vn 0.4929 -0.5696 0.6576
vn 0.1621 0.5643 0.8095
vn 0.1012 -0.8788 -0.4663
vn 0.4913 -0.6064 0.6252
vn 0.1847 0.5260 0.8302
vn 0.0774 -0.8598 -0.5048
vn 0.4886 -0.6416 0.5912
vn 0.2070 0.4864 0.8488
vn 0.0534 -0.8387 -0.5420
vn 0.4847 -0.6754 0.5558
vn 0.2287 0.4457 0.8655
vn 0.0292 -0.8155 -0.5779
vn 0.4796 -0.7075 0.5191
vn 0.2498 0.4039 0.8800
vn 0.0051 -0.7905 -0.6125
vn 0.4734 -0.7378 0.4811
vn 0.2704 0.3611 0.8924
vn -0.0192 -0.7635 -0.6455
vn 0.4660 -0.7664 0.4420
vn 0.2903 0.3174 0.9027
vn -0.0433 -0.7346 -0.6770
vn 0.4576 -0.7932 0.4018
vn 0.3095 0.2730 0.9108
vn -0.0674 -0.7040 -0.7069
vn 0.4479 -0.8181 0.3606
vn 0.3280 0.2279 0.9167
vn -0.0913 -0.6717 -0.7351
vn 0.4373 -0.8410 0.3186
vn 0.3457 0.1823 0.9204
vn -0.1149 -0.6378 -0.7615
vn 0.4256 -0.8618 0.2758
vn 0.3625 0.1363 0.9219
vn 0.4128 -0.8807 0.2323
vn 0.3785 0.0899 0.9212
vn 0.3991 -0.8973 0.1883
vn 0.3936 0.0433 0.9182
vn 0.3844 -0.9119 0.1438
vn 0.4077 -0.0034 0.9131
vn 0.3688 -0.9242 0.0989
vn 0.4208 -0.0501 0.9057
vn 0.3522 -0.9343 0.0539
vn 0.4329 -0.0967 0.8962
vn 0.3349 -0.9422 0.0087
vn 0.4440 -0.1430 0.8845
vn 0.3167 -0.9478 -0.0365
vn 0.4540 -0.1890 0.8707
vn 0.2978 -0.9511 -0.0817
vn 0.4629 -0.2346 0.8548
vn 0.2782 -0.9521 -0.1266
vn 0.4707 -0.2795 0.8368
vn 0.2579 -0.9509 -0.1712
vn 0.4774 -0.3238 0.8168
vn 0.1378 -0.9501 -0.2796
vn 0.1187 -0.9388 -0.3233
vn 0.4096 -0.4760 0.7782
vn 0.4100 -0.5170 0.7513
vn 0.0993 -0.9252 -0.3663
vn 0.4095 -0.5568 0.7226
vn 0.0797 -0.9093 -0.4084
vn 0.4080 -0.5953 0.6922
vn 0.1577 0.5630 0.8113
vn 0.0599 -0.8913 -0.4495
vn 0.4055 -0.6323 0.6601
vn 0.1761 0.5234 0.8337
vn 0.0399 -0.8711 -0.4895
vn 0.4020 -0.6678 0.6265
vn 0.1940 0.4825 0.8541
vn 0.0198 -0.8488 -0.5283
vn 0.3976 -0.7016 0.5913
vn 0.2115 0.4405 0.8725
vn -0.0003 -0.8244 -0.5659
vn 0.3922 -0.7338 0.5547
vn 0.2285 0.3974 0.8887
vn -0.0204 -0.7982 -0.6021
vn 0.3859 -0.7642 0.5167
vn 0.2449 0.3534 0.9028
vn -0.0405 -0.7699 -0.6369
vn 0.3786 -0.7928 0.4776
vn 0.2608 0.3085 0.9147
vn -0.0604 -0.7398 -0.6701
vn 0.3704 -0.8195 0.4372
vn 0.2760 0.2629 0.9245
vn -0.0803 -0.7079 -0.7017
vn 0.3613 -0.8442 0.3959
vn 0.2905 0.2166 0.9320
vn -0.0999 -0.6743 -0.7316
vn 0.3514 -0.8669 0.3535
vn 0.3044 0.1699 0.9373
vn -0.1193 -0.6391 -0.7598
vn 0.3407 -0.8875 0.3103
vn 0.3175 0.1227 0.9403
vn 0.3290 -0.9059 0.2664
vn 0.3298 0.0752 0.9410
vn 0.3167 -0.9222 0.2218
vn 0.3414 0.0275 0.9395
vn 0.3035 -0.9363 0.1767
vn 0.3521 -0.0202 0.9357
vn 0.2896 -0.9481 0.1312
vn 0.3620 -0.0679 0.9297
vn 0.2750 -0.9576 0.0853
vn 0.3710 -0.1154 0.9214
vn 0.2598 -0.9648 0.0393
vn 0.3791 -0.1626 0.9109
vn 0.2439 -0.9697 -0.0069
vn 0.3863 -0.2095 0.8982
vn 0.2275 -0.9723 -0.0530
vn 0.3926 -0.2558 0.8834
vn 0.2105 -0.9725 -0.0990
vn 0.3979 -0.3015 0.8664
vn 0.1930 -0.9704 -0.1448
vn 0.4023 -0.3465 0.8474
vn 0.1750 -0.9660 -0.1902
vn 0.4057 -0.3906 0.8263
vn 0.1566 -0.9592 -0.2352
vn 0.4081 -0.4338 0.8032
vn 0.0486 -0.9357 -0.3493
vn 0.0327 -0.9191 -0.3926
vn 0.3222 -0.5750 0.7520
vn 0.3195 -0.6137 0.7220
vn 0.1532 0.5620 0.8128
vn 0.0168 -0.9002 -0.4350
vn 0.3160 -0.6509 0.6902
vn 0.1671 0.5215 0.8367
vn 0.0008 -0.8792 -0.4764
vn 0.3118 -0.6866 0.6568
vn 0.1806 0.4797 0.8586
vn -0.0152 -0.8561 -0.5166
vn 0.3068 -0.7206 0.6218
vn 0.1937 0.4368 0.8785
vn -0.0311 -0.8309 -0.5555
vn 0.3010 -0.7528 0.5853
vn 0.2063 0.3928 0.8962
vn -0.0470 -0.8037 -0.5932
vn 0.2946 -0.7833 0.5474
vn 0.2184 0.3479 0.9117
vn -0.0627 -0.7745 -0.6294
vn 0.2874 -0.8118 0.5082
vn 0.2300 0.3021 0.9251
vn -0.0783 -0.7435 -0.6641
vn 0.2796 -0.8384 0.4677
vn 0.2410 0.2556 0.9362
vn -0.0937 -0.7107 -0.6972
vn 0.2711 -0.8631 0.4262
vn 0.2515 0.2085 0.9451
vn -0.1089 -0.6762 -0.7286
vn 0.2619 -0.8855 0.3836
vn 0.2613 0.1609 0.9517
vn -0.1238 -0.6401 -0.7582
vn 0.2521 -0.9059 0.3401
vn 0.2705 0.1129 0.9561
vn 0.2417 -0.9242 0.2957
vn 0.2791 0.0646 0.9581
vn 0.2307 -0.9401 0.2507
vn 0.2870 0.0162 0.9578
vn 0.2192 -0.9539 0.2050
vn 0.2942 -0.0323 0.9552
vn 0.2071 -0.9653 0.1589
vn 0.3007 -0.0807 0.9503
vn 0.1945 -0.9744 0.1124
vn 0.3064 -0.1288 0.9431
vn 0.1815 -0.9812 0.0656
vn 0.3115 -0.1767 0.9337
vn 0.1680 -0.9856 0.0186
vn 0.3157 -0.2242 0.9220
vn 0.1542 -0.9876 -0.0284
vn 0.3193 -0.2711 0.9080
vn 0.1399 -0.9873 -0.0753
vn 0.3220 -0.3173 0.8919
vn 0.1253 -0.9846 -0.1221
vn 0.3240 -0.3628 0.8737
vn 0.1104 -0.9795 -0.1686
vn 0.3252 -0.4074 0.8533
vn 0.0953 -0.9720 -0.2146
vn 0.3256 -0.4511 0.8310
vn 0.0799 -0.9622 -0.2601
vn 0.3252 -0.4936 0.8065
vn 0.0643 -0.9501 -0.3051
vn 0.3241 -0.5350 0.7802
vn -0.0276 -0.9057 -0.4230
vn -0.0395 -0.8841 -0.4655
vn 0.2237 -0.6622 0.7151
vn 0.2187 -0.6979 0.6819
vn 0.1578 0.5204 0.8392
vn 0.1667 0.4780 0.8624
vn -0.0512 -0.8605 -0.5068
vn 0.2131 -0.7320 0.6471
vn 0.1752 0.4345 0.8834
vn -0.0629 -0.8348 -0.5470
vn 0.2071 -0.7643 0.6106
vn 0.1833 0.3900 0.9024
vn -0.0743 -0.8070 -0.5858
vn 0.2005 -0.7948 0.5728
vn 0.1910 0.3445 0.9191
vn -0.0857 -0.7773 -0.6232
vn 0.1935 -0.8233 0.5335
vn 0.1982 0.2982 0.9337
vn -0.0968 -0.7458 -0.6591
vn 0.1860 -0.8499 0.4930
vn 0.2049 0.2512 0.9460
vn -0.1076 -0.7124 -0.6934
vn 0.1780 -0.8744 0.4513
vn 0.2112 0.2036 0.9560
vn -0.1182 -0.6774 -0.7261
vn 0.1696 -0.8968 0.4085
vn 0.2169 0.1554 0.9637
vn -0.1285 -0.6407 -0.7570
vn 0.1608 -0.9171 0.3647
vn 0.2221 0.1070 0.9691
vn 0.1517 -0.9352 0.3200
vn 0.2268 0.0582 0.9722
vn 0.1421 -0.9510 0.2746
vn 0.2309 0.0093 0.9729
vn 0.1322 -0.9645 0.2285
vn 0.2344 -0.0396 0.9713
vn 0.1220 -0.9757 0.1818
vn 0.2374 -0.0884 0.9674
vn 0.1116 -0.9846 0.1348
vn 0.2399 -0.1370 0.9611
vn 0.1008 -0.9910 0.0874
vn 0.2417 -0.1853 0.9525
vn 0.0898 -0.9951 0.0397
vn 0.2430 -0.2331 0.9416
vn 0.0785 -0.9969 -0.0080
vn 0.2437 -0.2803 0.9284
vn 0.0671 -0.9962 -0.0557
vn 0.2438 -0.3269 0.9131
vn 0.0555 -0.9931 -0.1033
vn 0.2433 -0.3727 0.8955
vn 0.0439 -0.9876 -0.1506
vn 0.2422 -0.4176 0.8757
vn 0.0320 -0.9797 -0.1976
vn 0.2405 -0.4614 0.8539
vn 0.0201 -0.9695 -0.2440
vn 0.2383 -0.5042 0.8300
vn 0.0082 -0.9570 -0.2899
vn 0.2355 -0.5458 0.8041
vn -0.0038 -0.9421 -0.3352
vn 0.2321 -0.5861 0.7763
vn -0.0157 -0.9250 -0.3795
vn 0.2282 -0.6249 0.7466
vn 0.1485 0.5615 0.8141
vn -0.0880 -0.8620 -0.4992
vn -0.0953 -0.8361 -0.5403
vn 0.1176 -0.7358 0.6668
vn 0.1112 -0.7682 0.6305
vn 0.1565 0.4338 0.8873
vn 0.1600 0.3890 0.9072
vn -0.1023 -0.8081 -0.5800
vn 0.1045 -0.7986 0.5927
vn 0.1631 0.3434 0.9249
vn -0.1090 -0.7783 -0.6184
vn 0.0976 -0.8272 0.5534
vn 0.1658 0.2969 0.9404
vn -0.1155 -0.7465 -0.6552
vn 0.0904 -0.8537 0.5128
vn 0.1681 0.2497 0.9536
vn -0.1218 -0.7130 -0.6905
vn 0.0830 -0.8782 0.4709
vn 0.1701 0.2019 0.9645
vn -0.1277 -0.6777 -0.7241
vn 0.0755 -0.9006 0.4280
vn 0.1716 0.1536 0.9731
vn -0.1333 -0.6408 -0.7560
vn 0.0677 -0.9208 0.3840
vn 0.1727 0.1050 0.9794
vn 0.0598 -0.9388 0.3391
vn 0.1734 0.0561 0.9832
vn 0.0517 -0.9546 0.2933
vn 0.1736 0.0070 0.9848
vn 0.0435 -0.9681 0.2469
vn 0.1735 -0.0420 0.9839
vn 0.0352 -0.9792 0.1998
vn 0.1729 -0.0910 0.9807
vn 0.0269 -0.9879 0.1523
vn 0.1719 -0.1397 0.9751
vn 0.0184 -0.9943 0.1044
vn 0.1705 -0.1881 0.9672
vn 0.0099 -0.9983 0.0563
vn 0.1687 -0.2360 0.9570
vn 0.0014 -0.9999 0.0080
vn 0.1665 -0.2834 0.9444
vn -0.0071 -0.9991 -0.0403
vn 0.1639 -0.3301 0.9296
vn -0.0156 -0.9959 -0.0885
vn 0.1609 -0.3760 0.9125
vn -0.0241 -0.9903 -0.1365
vn 0.1575 -0.4210 0.8933
vn -0.0325 -0.9823 -0.1842
vn 0.1537 -0.4649 0.8719
vn -0.0408 -0.9720 -0.2314
vn 0.1496 -0.5078 0.8484
vn -0.0490 -0.9593 -0.2781
vn 0.1451 -0.5494 0.8228
vn -0.0571 -0.9443 -0.3241
vn 0.1402 -0.5897 0.7953
vn -0.0651 -0.9270 -0.3693
vn 0.1350 -0.6286 0.7659
vn 0.1437 0.5613 0.8150
vn -0.0729 -0.9075 -0.4136
vn 0.1295 -0.6660 0.7346
vn 0.1483 0.5200 0.8412
vn -0.0806 -0.8858 -0.4570
vn 0.1237 -0.7018 0.7016
vn 0.1526 0.4775 0.8653
vn -0.1305 -0.8070 -0.5759
vn -0.1327 -0.7773 -0.6149
vn 0.0075 -0.7948 0.6068
vn 0.0007 -0.8233 0.5675
vn 0.1349 0.3445 0.9290
vn 0.1331 0.2982 0.9452
vn -0.1345 -0.7458 -0.6524
vn -0.0061 -0.8499 0.5269
vn 0.1310 0.2512 0.9590
vn -0.1360 -0.7124 -0.6884
vn -0.0129 -0.8744 0.4850
vn 0.1285 0.2036 0.9706
vn -0.1373 -0.6774 -0.7227
vn -0.0197 -0.8968 0.4419
vn 0.1258 0.1554 0.9798
vn -0.1381 -0.6407 -0.7553
vn -0.0264 -0.9171 0.3977
vn 0.1228 0.1070 0.9866
vn -0.0331 -0.9352 0.3526
vn 0.1194 0.0582 0.9911
vn -0.0396 -0.9510 0.3066
vn 0.1158 0.0093 0.9932
vn -0.0461 -0.9645 0.2599
vn 0.1119 -0.0396 0.9929
vn -0.0525 -0.9757 0.2126
vn 0.1077 -0.0884 0.9902
vn -0.0587 -0.9846 0.1648
vn 0.1033 -0.1370 0.9852
vn -0.0648 -0.9910 0.1166
vn 0.0986 -0.1853 0.9777
vn -0.0708 -0.9951 0.0680
vn 0.0937 -0.2331 0.9679
vn -0.0765 -0.9969 0.0193
vn 0.0886 -0.2803 0.9558
vn -0.0821 -0.9962 -0.0294
vn 0.0832 -0.3269 0.9414
vn -0.0875 -0.9931 -0.0780
vn 0.0777 -0.3727 0.9247
vn -0.0927 -0.9876 -0.1265
vn 0.0719 -0.4176 0.9058
vn -0.0977 -0.9797 -0.1747
vn 0.0660 -0.4614 0.8847
vn -0.1024 -0.9695 -0.2224
vn 0.0600 -0.5042 0.8615
vn -0.1069 -0.9570 -0.2696
vn 0.0537 -0.5458 0.8362
vn -0.1111 -0.9421 -0.3162
vn 0.0474 -0.5861 0.8089
vn -0.1150 -0.9250 -0.3620
vn 0.0409 -0.6249 0.7796
vn 0.1389 0.5615 0.8158
vn -0.1187 -0.9057 -0.4070
vn 0.0344 -0.6622 0.7485
vn 0.1387 0.5204 0.8426
vn -0.1221 -0.8841 -0.4509
vn 0.0277 -0.6979 0.7156
vn 0.1383 0.4780 0.8674
vn -0.1252 -0.8605 -0.4938
vn 0.0210 -0.7320 0.6809
vn 0.1375 0.4345 0.8901
vn -0.1280 -0.8348 -0.5355
vn 0.0143 -0.7643 0.6446
vn 0.1363 0.3900 0.9107
vn -0.1535 -0.7435 -0.6508
vn -0.1504 -0.7107 -0.6872
vn -0.1028 -0.8384 0.5352
vn -0.1090 -0.8631 0.4932
vn 0.0937 0.2556 0.9622
vn 0.0869 0.2085 0.9741
vn -0.1468 -0.6762 -0.7219
vn -0.1149 -0.8855 0.4500
vn 0.0800 0.1609 0.9837
vn -0.1430 -0.6401 -0.7549
vn -0.1206 -0.9059 0.4058
vn 0.0728 0.1129 0.9909
vn -0.1260 -0.9242 0.3606
vn 0.0654 0.0646 0.9957
vn -0.1311 -0.9401 0.3145
vn 0.0579 0.0162 0.9982
vn -0.1358 -0.9539 0.2676
vn 0.0503 -0.0323 0.9982
vn -0.1403 -0.9653 0.2201
vn 0.0425 -0.0807 0.9958
vn -0.1444 -0.9744 0.1721
vn 0.0346 -0.1288 0.9910
vn -0.1481 -0.9812 0.1237
vn 0.0267 -0.1767 0.9839
vn -0.1515 -0.9856 0.0750
vn 0.0186 -0.2242 0.9743
vn -0.1546 -0.9876 0.0260
vn 0.0105 -0.2711 0.9625
vn -0.1572 -0.9873 -0.0229
vn 0.0025 -0.3173 0.9483
vn -0.1595 -0.9846 -0.0719
vn -0.0056 -0.3628 0.9318
vn -0.1614 -0.9795 -0.1206
vn -0.0137 -0.4074 0.9131
vn -0.1629 -0.9720 -0.1691
vn -0.0218 -0.4511 0.8922
vn -0.1640 -0.9622 -0.2171
vn -0.0298 -0.4936 0.8691
vn -0.1648 -0.9501 -0.2647
vn -0.0377 -0.5350 0.8440
vn -0.1651 -0.9357 -0.3116
vn -0.0455 -0.5750 0.8168
vn -0.1650 -0.9191 -0.3578
vn -0.0533 -0.6137 0.7877
vn 0.1341 0.5620 0.8162
vn -0.1646 -0.9002 -0.4030
vn -0.0609 -0.6509 0.7566
vn 0.1292 0.5215 0.8434
vn -0.1637 -0.8792 -0.4474
vn -0.0683 -0.6866 0.7238
vn 0.1240 0.4797 0.8686
vn -0.1624 -0.8561 -0.4906
vn -0.0756 -0.7206 0.6892
vn 0.1185 0.4368 0.8917
vn -0.1608 -0.8309 -0.5327
vn -0.0827 -0.7528 0.6530
vn 0.1127 0.3928 0.9127
vn -0.1588 -0.8037 -0.5735
vn -0.0896 -0.7833 0.6152
vn 0.1066 0.3479 0.9315
vn -0.1563 -0.7745 -0.6129
vn -0.0963 -0.8118 0.5759
vn 0.1003 0.3021 0.9480
vn -0.1563 -0.6743 -0.7216
vn -0.1477 -0.6391 -0.7548
vn -0.2093 -0.8669 0.4524
vn -0.2140 -0.8875 0.4081
vn 0.0345 0.1699 0.9848
vn 0.0233 0.1227 0.9922
vn -0.2181 -0.9059 0.3629
vn 0.0119 0.0752 0.9971
vn -0.2217 -0.9222 0.3167
vn 0.0005 0.0275 0.9996
vn -0.2248 -0.9363 0.2698
vn -0.0108 -0.0202 0.9997
vn -0.2273 -0.9481 0.2223
vn -0.0222 -0.0679 0.9974
vn -0.2293 -0.9576 0.1742
vn -0.0335 -0.1154 0.9927
vn -0.2307 -0.9648 0.1258
vn -0.0447 -0.1626 0.9857
vn -0.2316 -0.9697 0.0769
vn -0.0558 -0.2095 0.9762
vn -0.2319 -0.9723 0.0280
vn -0.0668 -0.2558 0.9644
vn -0.2316 -0.9725 -0.0211
vn -0.0776 -0.3015 0.9503
vn -0.2309 -0.9704 -0.0701
vn -0.0882 -0.3465 0.9339
vn -0.2295 -0.9660 -0.1189
vn -0.0986 -0.3906 0.9152
vn -0.2276 -0.9592 -0.1675
vn -0.1088 -0.4338 0.8944
vn -0.2251 -0.9501 -0.2156
vn -0.1187 -0.4760 0.8714
vn -0.2221 -0.9388 -0.2632
vn -0.1283 -0.5170 0.8462
vn -0.2186 -0.9252 -0.3103
vn -0.1376 -0.5568 0.8191
vn -0.2146 -0.9093 -0.3565
vn -0.1466 -0.5953 0.7900
vn 0.1293 0.5630 0.8163
vn -0.2100 -0.8913 -0.4019
vn -0.1553 -0.6323 0.7590
vn 0.1197 0.5234 0.8436
vn -0.2049 -0.8711 -0.4463
vn -0.1635 -0.6678 0.7262
vn 0.1098 0.4825 0.8690
vn -0.1993 -0.8488 -0.4897
vn -0.1714 -0.7016 0.6916
vn 0.0996 0.4405 0.8922
vn -0.1933 -0.8244 -0.5319
vn -0.1788 -0.7338 0.6554
vn 0.0892 0.3974 0.9133
vn -0.1867 -0.7982 -0.5728
vn -0.1858 -0.7642 0.6176
vn 0.0786 0.3534 0.9322
vn -0.1798 -0.7699 -0.6123
vn -0.1924 -0.7928 0.5783
vn 0.0678 0.3085 0.9488
vn -0.1724 -0.7398 -0.6503
vn -0.1986 -0.8195 0.5376
vn 0.0568 0.2629 0.9631
vn -0.1646 -0.7079 -0.6868
vn -0.2042 -0.8442 0.4956
vn 0.0458 0.2166 0.9752
vn -0.3085 -0.8807 0.3595
vn -0.3106 -0.8973 0.3134
vn -0.0406 0.0899 0.9951
vn -0.0558 0.0433 0.9975
vn -0.3120 -0.9119 0.2666
vn -0.0708 -0.0034 0.9974
vn -0.3127 -0.9242 0.2191
vn -0.0857 -0.0501 0.9950
vn -0.3126 -0.9343 0.1711
vn -0.1003 -0.0967 0.9902
vn -0.3117 -0.9422 0.1227
vn -0.1147 -0.1430 0.9830
vn -0.3101 -0.9478 0.0740
vn -0.1288 -0.1890 0.9734
vn -0.3078 -0.9511 0.0251
vn -0.1427 -0.2346 0.9616
vn -0.3047 -0.9521 -0.0238
vn -0.1561 -0.2795 0.9473
vn -0.3009 -0.9509 -0.0727
vn -0.1692 -0.3238 0.9308
vn -0.2963 -0.9473 -0.1214
vn -0.1819 -0.3673 0.9121
vn -0.2911 -0.9415 -0.1699
vn -0.1942 -0.4100 0.8912
vn -0.2851 -0.9334 -0.2179
vn -0.2060 -0.4516 0.8681
vn -0.2784 -0.9230 -0.2654
vn -0.2173 -0.4922 0.8429
vn -0.2711 -0.9105 -0.3122
vn -0.2280 -0.5316 0.8157
vn -0.2632 -0.8957 -0.3583
vn -0.2383 -0.5696 0.7866
vn 0.1246 0.5643 0.8161
vn -0.2546 -0.8788 -0.4036
vn -0.2479 -0.6064 0.7555
vn 0.1103 0.5260 0.8433
vn -0.2453 -0.8598 -0.4478
vn -0.2569 -0.6416 0.7227
vn 0.0958 0.4864 0.8684
vn -0.2355 -0.8387 -0.4910
vn -0.2654 -0.6754 0.6881
vn 0.0811 0.4457 0.8915
vn -0.2251 -0.8155 -0.5331
vn -0.2732 -0.7075 0.6518
vn 0.0662 0.4039 0.9124
vn -0.2142 -0.7905 -0.5738
vn -0.2803 -0.7378 0.6140
vn 0.0511 0.3611 0.9311
vn -0.2028 -0.7635 -0.6132
vn -0.2868 -0.7664 0.5747
vn 0.0359 0.3174 0.9476
vn -0.1909 -0.7346 -0.6510
vn -0.2926 -0.7932 0.5340
vn 0.0206 0.2730 0.9618
vn -0.1785 -0.7040 -0.6873
vn -0.2976 -0.8181 0.4920
vn 0.0053 0.2279 0.9737
vn -0.1657 -0.6717 -0.7220
vn -0.3020 -0.8410 0.4489
vn -0.0100 0.1823 0.9832
vn -0.1525 -0.6378 -0.7549
vn -0.3056 -0.8618 0.4047
vn -0.0254 0.1363 0.9903
vn -0.3968 -0.8809 0.2578
vn -0.3956 -0.8939 0.2105
vn -0.1291 0.0178 0.9914
vn -0.1473 -0.0276 0.9887
vn -0.3935 -0.9048 0.1628
vn -0.1652 -0.0730 0.9835
vn -0.3904 -0.9134 0.1146
vn -0.1827 -0.1182 0.9760
vn -0.3864 -0.9199 0.0661
vn -0.1998 -0.1631 0.9661
vn -0.3815 -0.9242 0.0175
vn -0.2164 -0.2076 0.9539
vn -0.3756 -0.9262 -0.0311
vn -0.2324 -0.2517 0.9395
vn -0.3689 -0.9260 -0.0797
vn -0.2479 -0.2951 0.9227
vn -0.3612 -0.9236 -0.1281
vn -0.2629 -0.3378 0.9037
vn -0.3527 -0.9190 -0.1762
vn -0.2771 -0.3797 0.8826
vn -0.3434 -0.9121 -0.2239
vn -0.2908 -0.4207 0.8593
vn -0.3331 -0.9030 -0.2710
vn -0.3037 -0.4606 0.8340
vn -0.3221 -0.8919 -0.3175
vn -0.3158 -0.4995 0.8067
vn -0.3104 -0.8785 -0.3632
vn -0.3273 -0.5371 0.7774
vn 0.1200 0.5660 0.8156
vn -0.2979 -0.8630 -0.4080
vn -0.3379 -0.5735 0.7462
vn 0.1013 0.5293 0.8423
vn -0.2846 -0.8454 -0.4519
vn -0.3477 -0.6085 0.7133
vn 0.0823 0.4914 0.8670
vn -0.2707 -0.8258 -0.4947
vn -0.3567 -0.6420 0.6786
vn 0.0632 0.4522 0.8896
vn -0.2561 -0.8042 -0.5362
vn -0.3648 -0.6740 0.6424
vn 0.0438 0.4120 0.9101
vn -0.2409 -0.7807 -0.5766
vn -0.3721 -0.7043 0.6045
vn 0.0244 0.3708 0.9284
vn -0.2252 -0.7553 -0.6155
vn -0.3784 -0.7330 0.5653
vn 0.0049 0.3287 0.9444
vn -0.2088 -0.7281 -0.6529
vn -0.3838 -0.7599 0.5246
vn -0.0145 0.2858 0.9581
vn -0.1920 -0.6991 -0.6887
vn -0.3884 -0.7849 0.4827
vn -0.0340 0.2423 0.9696
vn -0.1747 -0.6684 -0.7229
vn -0.3919 -0.8081 0.4396
vn -0.0533 0.1981 0.9787
vn -0.1570 -0.6362 -0.7554
vn -0.3946 -0.8294 0.3955
vn -0.0726 0.1535 0.9855
vn -0.3963 -0.8486 0.3504
vn -0.0916 0.1085 0.9899
vn -0.3970 -0.8658 0.3045
vn -0.1105 0.0632 0.9918
vn -0.4713 -0.8692 0.1493
vn -0.4661 -0.8789 0.1015
vn -0.2276 -0.0445 0.9727
vn -0.2481 -0.0883 0.9647
vn -0.4598 -0.8864 0.0534
vn -0.2680 -0.1319 0.9543
vn -0.4523 -0.8918 0.0052
vn -0.2872 -0.1753 0.9417
vn -0.4438 -0.8950 -0.0430
vn -0.3058 -0.2181 0.9267
vn -0.4342 -0.8962 -0.0911
vn -0.3236 -0.2605 0.9096
vn -0.4236 -0.8951 -0.1389
vn -0.3406 -0.3022 0.8903
vn -0.4119 -0.8919 -0.1865
vn -0.3569 -0.3432 0.8688
vn -0.3993 -0.8865 -0.2336
vn -0.3722 -0.3834 0.8452
vn -0.3857 -0.8790 -0.2801
vn -0.3867 -0.4227 0.8196
vn -0.3712 -0.8694 -0.3260
vn -0.4002 -0.4609 0.7920
vn -0.3558 -0.8577 -0.3711
vn -0.4128 -0.4981 0.7626
vn 0.1156 0.5680 0.8149
vn -0.3395 -0.8440 -0.4153
vn -0.4244 -0.5340 0.7313
vn 0.0925 0.5333 0.8408
vn -0.3224 -0.8282 -0.4585
vn -0.4349 -0.5686 0.6982
vn 0.0693 0.4973 0.8648
vn -0.3045 -0.8104 -0.5005
vn -0.4444 -0.6019 0.6634
vn 0.0459 0.4601 0.8866
vn -0.2859 -0.7906 -0.5414
vn -0.4529 -0.6337 0.6271
vn 0.0224 0.4219 0.9064
vn -0.2666 -0.7690 -0.5810
vn -0.4602 -0.6640 0.5892
vn -0.0012 0.3826 0.9239
vn -0.2466 -0.7455 -0.6192
vn -0.4665 -0.6927 0.5500
vn -0.0248 0.3423 0.9392
vn -0.2261 -0.7202 -0.6559
vn -0.4716 -0.7198 0.5094
vn -0.0483 0.3013 0.9523
vn -0.2050 -0.6932 -0.6910
vn -0.4756 -0.7451 0.4676
vn -0.0717 0.2595 0.9630
vn -0.1835 -0.6644 -0.7244
vn -0.4784 -0.7686 0.4246
vn -0.0950 0.2171 0.9715
vn -0.1614 -0.6341 -0.7562
vn -0.4801 -0.7903 0.3807
vn -0.1180 0.1743 0.9776
vn -0.4807 -0.8100 0.3358
vn -0.1407 0.1309 0.9813
vn -0.4800 -0.8279 0.2901
vn -0.1630 0.0873 0.9827
vn -0.4783 -0.8437 0.2437
vn -0.1850 0.0434 0.9817
vn -0.4754 -0.8575 0.1967
vn -0.2065 -0.0005 0.9784
vn -0.5294 -0.8476 0.0360
vn -0.5196 -0.8543 -0.0116
vn -0.3327 -0.0959 0.9381
vn -0.3545 -0.1377 0.9248
vn -0.5086 -0.8589 -0.0592
vn -0.3754 -0.1793 0.9093
vn -0.4963 -0.8615 -0.1066
vn -0.3954 -0.2204 0.8916
vn -0.4828 -0.8621 -0.1538
vn -0.4145 -0.2611 0.8718
vn -0.4682 -0.8605 -0.2006
vn -0.4326 -0.3010 0.8498
vn -0.4525 -0.8569 -0.2469
vn -0.4496 -0.3403 0.8259
vn -0.4356 -0.8512 -0.2926
vn -0.4655 -0.3787 0.7999
vn -0.4177 -0.8435 -0.3377
vn -0.4803 -0.4163 0.7720
vn -0.3989 -0.8337 -0.3819
vn -0.4940 -0.4528 0.7422
vn 0.1114 0.5703 0.8138
vn -0.3790 -0.8219 -0.4251
vn -0.5065 -0.4882 0.7107
vn 0.0843 0.5379 0.8388
vn -0.3582 -0.8082 -0.4674
vn -0.5177 -0.5224 0.6775
vn 0.0570 0.5042 0.8617
vn -0.3366 -0.7925 -0.5086
vn -0.5278 -0.5554 0.6426
vn 0.0295 0.4693 0.8825
vn -0.3142 -0.7749 -0.5485
vn -0.5365 -0.5871 0.6062
vn 0.0020 0.4332 0.9013
vn -0.2909 -0.7554 -0.5871
vn -0.5440 -0.6173 0.5683
vn -0.0256 0.3961 0.9178
vn -0.2670 -0.7341 -0.6243
vn -0.5501 -0.6461 0.5291
vn -0.0531 0.3581 0.9322
vn -0.2425 -0.7110 -0.6600
vn -0.5549 -0.6733 0.4885
vn -0.0804 0.3192 0.9442
vn -0.2174 -0.6863 -0.6941
vn -0.5584 -0.6989 0.4468
vn -0.1076 0.2795 0.9541
vn -0.1917 -0.6598 -0.7265
vn -0.5606 -0.7228 0.4041
vn -0.1345 0.2392 0.9616
vn -0.1656 -0.6318 -0.7572
vn -0.5614 -0.7450 0.3603
vn -0.1610 0.1983 0.9668
vn -0.5608 -0.7654 0.3157
vn -0.1872 0.1569 0.9697
vn -0.5589 -0.7839 0.2704
vn -0.2130 0.1151 0.9702
vn -0.5557 -0.8006 0.2244
vn -0.2382 0.0730 0.9684
vn -0.5511 -0.8153 0.1778
vn -0.2628 0.0308 0.9643
vn -0.5452 -0.8280 0.1308
vn -0.2868 -0.0115 0.9579
vn -0.5379 -0.8388 0.0835
vn -0.3102 -0.0537 0.9491
vn -0.5693 -0.8182 -0.0796
vn -0.5545 -0.8225 -0.1262
vn -0.4407 -0.1355 0.8873
vn -0.4628 -0.1753 0.8690
vn -0.5384 -0.8248 -0.1725
vn -0.4837 -0.2146 0.8484
vn -0.5210 -0.8251 -0.2183
vn -0.5035 -0.2534 0.8260
vn -0.5023 -0.8235 -0.2637
vn -0.5221 -0.2916 0.8014
vn -0.4824 -0.8198 -0.3084
vn -0.5394 -0.3292 0.7750
vn -0.4614 -0.8142 -0.3524
vn -0.5555 -0.3659 0.7467
vn -0.4392 -0.8066 -0.3955
vn -0.5702 -0.4017 0.7166
vn 0.1075 0.5729 0.8125
vn -0.4160 -0.7971 -0.4376
vn -0.5835 -0.4366 0.6848
vn 0.0765 0.5431 0.8361
vn -0.3918 -0.7856 -0.4788
vn -0.5954 -0.4704 0.6513
vn 0.0454 0.5119 0.8578
vn -0.3667 -0.7723 -0.5187
vn -0.6059 -0.5031 0.6163
vn 0.0141 0.4796 0.8774
vn -0.3407 -0.7571 -0.5574
vn -0.6149 -0.5345 0.5797
vn -0.0172 0.4461 0.8948
vn -0.3138 -0.7401 -0.5948
vn -0.6224 -0.5647 0.5419
vn -0.0484 0.4114 0.9101
vn -0.2862 -0.7213 -0.6307
vn -0.6285 -0.5935 0.5026
vn -0.0796 0.3759 0.9232
vn -0.2579 -0.7007 -0.6652
vn -0.6330 -0.6209 0.4622
vn -0.1105 0.3394 0.9341
vn -0.2290 -0.6785 -0.6980
vn -0.6361 -0.6468 0.4207
vn -0.1412 0.3021 0.9427
vn -0.1995 -0.6546 -0.7291
vn -0.6376 -0.6712 0.3782
vn -0.1715 0.2640 0.9491
vn -0.1695 -0.6292 -0.7585
vn -0.6375 -0.6939 0.3347
vn -0.2014 0.2254 0.9532
vn -0.6359 -0.7150 0.2904
vn -0.2309 0.1862 0.9550
vn -0.6328 -0.7343 0.2455
vn -0.2598 0.1465 0.9545
vn -0.6282 -0.7519 0.1999
vn -0.2880 0.1065 0.9517
vn -0.6220 -0.7677 0.1539
vn -0.3156 0.0662 0.9466
vn -0.6144 -0.7816 0.1075
vn -0.3424 0.0258 0.9392
vn -0.6053 -0.7937 0.0608
vn -0.3683 -0.0147 0.9295
vn -0.5947 -0.8038 0.0140
vn -0.3934 -0.0551 0.9177
vn -0.5827 -0.8120 -0.0329
vn -0.4176 -0.0955 0.9036
vn -0.5897 -0.7837 -0.1949
vn -0.5697 -0.7861 -0.2396
vn -0.5477 -0.1634 0.8205
vn -0.5691 -0.2009 0.7973
vn -0.5483 -0.7866 -0.2838
vn -0.5891 -0.2380 0.7722
vn -0.5257 -0.7852 -0.3272
vn -0.6077 -0.2745 0.7452
vn -0.5017 -0.7819 -0.3700
vn -0.6249 -0.3103 0.7164
vn -0.4766 -0.7767 -0.4118
vn -0.6405 -0.3454 0.6859
vn 0.1039 0.5758 0.8109
vn -0.4503 -0.7697 -0.4526
vn -0.6546 -0.3796 0.6537
vn 0.0694 0.5488 0.8330
vn -0.4229 -0.7608 -0.4923
vn -0.6671 -0.4129 0.6200
vn 0.0347 0.5205 0.8531
vn -0.3945 -0.7500 -0.5308
vn -0.6780 -0.4453 0.5848
vn -0.0001 0.4910 0.8712
vn -0.3651 -0.7375 -0.5681
vn -0.6873 -0.4765 0.5481
vn -0.0348 0.4602 0.8871
vn -0.3349 -0.7232 -0.6040
vn -0.6950 -0.5066 0.5102
vn -0.0695 0.4284 0.9009
vn -0.3038 -0.7071 -0.6385
vn -0.7009 -0.5355 0.4710
vn -0.1041 0.3955 0.9126
vn -0.2721 -0.6894 -0.6714
vn -0.7052 -0.5631 0.4307
vn -0.1383 0.3616 0.9220
vn -0.2396 -0.6699 -0.7027
vn -0.7078 -0.5894 0.3894
vn -0.1722 0.3269 0.9292
vn -0.2066 -0.6489 -0.7323
vn -0.7087 -0.6142 0.3471
vn -0.2058 0.2914 0.9342
vn -0.1731 -0.6263 -0.7601
vn -0.7078 -0.6376 0.3040
vn -0.2388 0.2552 0.9369
vn -0.7053 -0.6594 0.2602
vn -0.2712 0.2184 0.9374
vn -0.7011 -0.6796 0.2157
vn -0.3030 0.1811 0.9356
vn -0.6952 -0.6983 0.1707
vn -0.3340 0.1433 0.9316
vn -0.6876 -0.7152 0.1253
vn -0.3643 0.1052 0.9253
vn -0.6783 -0.7304 0.0796
vn -0.3937 0.0669 0.9168
vn -0.6675 -0.7438 0.0336
vn -0.4221 0.0283 0.9061
vn -0.6550 -0.7555 -0.0123
vn -0.4495 -0.0103 0.8932
vn -0.6409 -0.7654 -0.0583
vn -0.4758 -0.0488 0.8782
vn -0.6253 -0.7733 -0.1041
vn -0.5010 -0.0872 0.8610
vn -0.6082 -0.7795 -0.1497
vn -0.5250 -0.1255 0.8418
vn -0.5901 -0.7466 -0.3070
vn -0.5649 -0.7477 -0.3490
vn -0.6499 -0.1798 0.7384
vn -0.6697 -0.2152 0.7107
vn -0.5383 -0.7469 -0.3903
vn -0.6878 -0.2500 0.6814
vn -0.5104 -0.7443 -0.4306
vn -0.7043 -0.2843 0.6504
vn 0.1006 0.5790 0.8091
vn -0.4813 -0.7400 -0.4698
vn -0.7191 -0.3179 0.6179
vn 0.0629 0.5550 0.8294
vn -0.4511 -0.7338 -0.5080
vn -0.7322 -0.3507 0.5838
vn 0.0250 0.5298 0.8477
vn -0.4197 -0.7259 -0.5448
vn -0.7435 -0.3826 0.5484
vn -0.0130 0.5033 0.8640
vn -0.3874 -0.7163 -0.5804
vn -0.7530 -0.4137 0.5116
vn -0.0509 0.4755 0.8782
vn -0.3540 -0.7049 -0.6146
vn -0.7608 -0.4437 0.4736
vn -0.0887 0.4467 0.8903
vn -0.3199 -0.6918 -0.6474
vn -0.7666 -0.4726 0.4345
vn -0.1262 0.4167 0.9002
vn -0.2850 -0.6770 -0.6785
vn -0.7707 -0.5005 0.3943
vn -0.1635 0.3857 0.9080
vn -0.2494 -0.6606 -0.7080
vn -0.7729 -0.5271 0.3532
vn -0.2004 0.3539 0.9135
vn -0.2131 -0.6427 -0.7359
vn -0.7732 -0.5525 0.3113
vn -0.2368 0.3211 0.9169
vn -0.1764 -0.6232 -0.7619
vn -0.7717 -0.5765 0.2685
vn -0.2726 0.2876 0.9181
vn -0.7683 -0.5992 0.2252
vn -0.3078 0.2534 0.9171
vn -0.7630 -0.6204 0.1812
vn -0.3422 0.2186 0.9138
vn -0.7560 -0.6401 0.1369
vn -0.3758 0.1833 0.9084
vn -0.7471 -0.6583 0.0922
vn -0.4085 0.1475 0.9007
vn -0.7364 -0.6748 0.0473
vn -0.4402 0.1114 0.8909
vn -0.7239 -0.6898 0.0023
vn -0.4709 0.0750 0.8790
vn -0.7097 -0.7031 -0.0427
vn -0.5004 0.0384 0.8649
vn -0.6938 -0.7148 -0.0877
vn -0.5287 0.0018 0.8488
vn -0.6762 -0.7246 -0.1324
vn -0.5557 -0.0349 0.8306
vn -0.6570 -0.7328 -0.1768
vn -0.5814 -0.0715 0.8104
vn -0.6362 -0.7392 -0.2207
vn -0.6057 -0.1079 0.7883
vn -0.6139 -0.7438 -0.2642
vn -0.6286 -0.1440 0.7643
vn -0.5708 -0.7095 -0.4132
vn -0.5405 -0.7097 -0.4517
vn -0.7438 -0.1857 0.6420
vn -0.7611 -0.2191 0.6105
vn 0.0977 0.5823 0.8071
vn -0.5089 -0.7082 -0.4892
vn -0.7765 -0.2519 0.5775
vn 0.0571 0.5617 0.8253
vn -0.4761 -0.7050 -0.5256
vn -0.7901 -0.2842 0.5432
vn 0.0164 0.5397 0.8417
vn -0.4421 -0.7001 -0.5606
vn -0.8017 -0.3157 0.5075
vn -0.0244 0.5164 0.8559
vn -0.4071 -0.6936 -0.5943
vn -0.8115 -0.3465 0.4705
vn -0.0651 0.4919 0.8682
vn -0.3710 -0.6853 -0.6266
vn -0.8192 -0.3765 0.4325
vn -0.1057 0.4662 0.8783
vn -0.3341 -0.6754 -0.6574
vn -0.8251 -0.4055 0.3934
vn -0.1460 0.4394 0.8863
vn -0.2964 -0.6639 -0.6866
vn -0.8289 -0.4336 0.3534
vn -0.1859 0.4115 0.8922
vn -0.2580 -0.6507 -0.7141
vn -0.8307 -0.4606 0.3125
vn -0.2255 0.3827 0.8959
vn -0.2189 -0.6360 -0.7399
vn -0.8306 -0.4865 0.2709
vn -0.2644 0.3529 0.8975
vn -0.1793 -0.6198 -0.7640
vn -0.8284 -0.5113 0.2286
vn -0.3027 0.3222 0.8969
vn -0.8242 -0.5348 0.1858
vn -0.3403 0.2908 0.8942
vn -0.8181 -0.5571 0.1425
vn -0.3771 0.2587 0.8893
vn -0.8100 -0.5780 0.0989
vn -0.4129 0.2260 0.8822
vn -0.8000 -0.5975 0.0550
vn -0.4478 0.1927 0.8731
vn -0.7880 -0.6156 0.0110
vn -0.4816 0.1590 0.8618
vn -0.7741 -0.6322 -0.0330
vn -0.5142 0.1248 0.8485
vn -0.7584 -0.6472 -0.0769
vn -0.5456 0.0904 0.8331
vn -0.7408 -0.6607 -0.1207
vn -0.5757 0.0558 0.8157
vn -0.7215 -0.6727 -0.1642
vn -0.6044 0.0210 0.7964
vn -0.7004 -0.6830 -0.2072
vn -0.6316 -0.0138 0.7751
vn -0.6776 -0.6917 -0.2498
vn -0.6573 -0.0486 0.7520
vn -0.6532 -0.6987 -0.2918
vn -0.6815 -0.0832 0.7271
vn -0.6272 -0.7040 -0.3331
vn -0.7039 -0.1177 0.7004
vn -0.5998 -0.7076 -0.3736
vn -0.7248 -0.1519 0.6720
vn -0.5328 -0.6748 -0.5106
vn -0.4978 -0.6747 -0.5449
vn -0.8261 -0.1824 0.5331
vn -0.8401 -0.2141 0.4983
vn 0.0521 0.5687 0.8209
vn 0.0089 0.5502 0.8350
vn -0.4615 -0.6730 -0.5780
vn -0.8521 -0.2452 0.4624
vn -0.0343 0.5303 0.8471
vn -0.4242 -0.6696 -0.6096
vn -0.8620 -0.2758 0.4253
vn -0.0775 0.5092 0.8571
vn -0.3858 -0.6647 -0.6398
vn -0.8698 -0.3056 0.3872
vn -0.1204 0.4869 0.8651
vn -0.3465 -0.6581 -0.6684
vn -0.8756 -0.3347 0.3482
vn -0.1631 0.4633 0.8710
vn -0.3063 -0.6500 -0.6954
vn -0.8792 -0.3631 0.3083
vn -0.2053 0.4387 0.8748
vn -0.2654 -0.6403 -0.7208
vn -0.8808 -0.3905 0.2677
vn -0.2471 0.4130 0.8766
vn -0.2239 -0.6290 -0.7444
vn -0.8802 -0.4170 0.2265
vn -0.2883 0.3863 0.8761
vn -0.1818 -0.6163 -0.7662
vn -0.8775 -0.4426 0.1847
vn -0.3288 0.3587 0.8736
vn -0.8727 -0.4670 0.1425
vn -0.3684 0.3302 0.8690
vn -0.8657 -0.4904 0.0999
vn -0.4073 0.3010 0.8623
vn -0.8567 -0.5125 0.0570
vn -0.4451 0.2710 0.8535
vn -0.8457 -0.5334 0.0141
vn -0.4818 0.2403 0.8427
vn -0.8326 -0.5531 -0.0289
vn -0.5174 0.2091 0.8298
vn -0.8175 -0.5714 -0.0719
vn -0.5517 0.1774 0.8149
vn -0.8004 -0.5883 -0.1146
vn -0.5847 0.1452 0.7981
vn -0.7815 -0.6038 -0.1571
vn -0.6163 0.1127 0.7794
vn -0.7606 -0.6179 -0.1992
vn -0.6465 0.0799 0.7587
vn -0.7379 -0.6305 -0.2408
vn -0.6750 0.0470 0.7363
vn -0.7134 -0.6415 -0.2819
vn -0.7020 0.0139 0.7120
vn -0.6872 -0.6510 -0.3222
vn -0.7272 -0.0192 0.6861
vn -0.6594 -0.6590 -0.3618
vn -0.7507 -0.0523 0.6585
vn -0.6299 -0.6653 -0.4006
vn -0.7724 -0.0852 0.6294
vn -0.5990 -0.6701 -0.4383
vn -0.7922 -0.1179 0.5987
vn -0.5666 -0.6733 -0.4751
vn -0.8101 -0.1504 0.5666
vn 0.0952 0.5859 0.8048
vn -0.4777 -0.6447 -0.5968
vn -0.4384 -0.6447 -0.6262
vn -0.8941 -0.1718 0.4136
vn -0.9042 -0.2020 0.3763
vn -0.0426 0.5448 0.8375
vn -0.0878 0.5272 0.8452
vn -0.3981 -0.6432 -0.6541
vn -0.9121 -0.2318 0.3382
vn -0.1327 0.5083 0.8509
vn -0.3568 -0.6402 -0.6804
vn -0.9178 -0.2610 0.2993
vn -0.1773 0.4882 0.8545
vn -0.3146 -0.6355 -0.7050
vn -0.9213 -0.2897 0.2596
vn -0.2215 0.4670 0.8560
vn -0.2717 -0.6294 -0.7280
vn -0.9225 -0.3175 0.2192
vn -0.2652 0.4446 0.8556
vn -0.2281 -0.6217 -0.7492
vn -0.9216 -0.3447 0.1784
vn -0.3082 0.4211 0.8530
vn -0.1839 -0.6126 -0.7687
vn -0.9184 -0.3710 0.1371
vn -0.3505 0.3967 0.8484
vn -0.9131 -0.3964 0.0955
vn -0.3919 0.3713 0.8417
vn -0.9055 -0.4209 0.0537
vn -0.4324 0.3450 0.8330
vn -0.8958 -0.4443 0.0117
vn -0.4719 0.3178 0.8224
vn -0.8839 -0.4667 -0.0303
vn -0.5102 0.2899 0.8097
vn -0.8698 -0.4880 -0.0722
vn -0.5473 0.2613 0.7951
vn -0.8537 -0.5081 -0.1139
vn -0.5830 0.2321 0.7786
vn -0.8355 -0.5269 -0.1554
vn -0.6174 0.2023 0.7602
vn -0.8154 -0.5445 -0.1965
vn -0.6502 0.1720 0.7400
vn -0.7932 -0.5608 -0.2371
vn -0.6816 0.1413 0.7179
vn -0.7692 -0.5758 -0.2772
vn -0.7112 0.1103 0.6942
vn -0.7433 -0.5893 -0.3166
vn -0.7392 0.0790 0.6688
vn -0.7156 -0.6015 -0.3552
vn -0.7653 0.0475 0.6418
vn -0.6862 -0.6121 -0.3930
vn -0.7897 0.0159 0.6132
vn -0.6551 -0.6213 -0.4298
vn -0.8121 -0.0157 0.5832
vn -0.6225 -0.6291 -0.4656
vn -0.8326 -0.0473 0.5518
vn -0.5883 -0.6353 -0.5003
vn -0.8511 -0.0788 0.5190
vn 0.0931 0.5895 0.8024
vn -0.5527 -0.6400 -0.5337
vn -0.8675 -0.1101 0.4850
vn 0.0479 0.5760 0.8160
vn -0.5159 -0.6431 -0.5659
vn -0.8819 -0.1411 0.4499
vn 0.0027 0.5611 0.8277
vn -0.4078 -0.6211 -0.6693
vn -0.3649 -0.6216 -0.6931
vn -0.9455 -0.1558 0.2859
vn -0.9511 -0.1851 0.2470
vn -0.1424 0.5304 0.8357
vn -0.1886 0.5139 0.8368
vn -0.3211 -0.6206 -0.7153
vn -0.9545 -0.2140 0.2075
vn -0.2343 0.4961 0.8360
vn -0.2766 -0.6182 -0.7357
vn -0.9556 -0.2423 0.1675
vn -0.2795 0.4771 0.8332
vn -0.2314 -0.6142 -0.7544
vn -0.9544 -0.2701 0.1271
vn -0.3240 0.4570 0.8283
vn -0.1856 -0.6088 -0.7713
vn -0.9509 -0.2972 0.0864
vn -0.3677 0.4358 0.8215
vn -0.9451 -0.3236 0.0455
vn -0.4105 0.4136 0.8127
vn -0.9370 -0.3493 0.0045
vn -0.4524 0.3903 0.8019
vn -0.9266 -0.3741 -0.0366
vn -0.4931 0.3661 0.7892
vn -0.9141 -0.3980 -0.0775
vn -0.5326 0.3410 0.7746
vn -0.8993 -0.4209 -0.1183
vn -0.5709 0.3151 0.7581
vn -0.8824 -0.4428 -0.1588
vn -0.6078 0.2884 0.7398
vn -0.8633 -0.4637 -0.1989
vn -0.6432 0.2611 0.7197
vn -0.8422 -0.4835 -0.2385
vn -0.6771 0.2331 0.6980
vn -0.8191 -0.5020 -0.2775
vn -0.7094 0.2046 0.6745
vn -0.7940 -0.5194 -0.3159
vn -0.7399 0.1755 0.6494
vn -0.7669 -0.5355 -0.3536
vn -0.7687 0.1461 0.6227
vn -0.7380 -0.5504 -0.3903
vn -0.7956 0.1163 0.5945
vn -0.7074 -0.5639 -0.4261
vn -0.8206 0.0862 0.5649
vn -0.6750 -0.5760 -0.4610
vn -0.8436 0.0559 0.5340
vn -0.6410 -0.5868 -0.4947
vn -0.8646 0.0255 0.5018
vn -0.6055 -0.5962 -0.5272
vn -0.8835 -0.0050 0.4683
vn 0.0914 0.5933 0.7998
vn -0.5685 -0.6041 -0.5584
vn -0.9003 -0.0355 0.4337
vn 0.0446 0.5835 0.8109
vn -0.5302 -0.6106 -0.5883
vn -0.9149 -0.0659 0.3981
vn -0.0023 0.5723 0.8200
vn -0.4905 -0.6155 -0.6168
vn -0.9273 -0.0961 0.3616
vn -0.0492 0.5597 0.8272
vn -0.4497 -0.6191 -0.6438
vn -0.9375 -0.1261 0.3241
vn -0.0959 0.5457 0.8325
vn -0.3259 -0.6055 -0.7261
vn -0.2802 -0.6067 -0.7438
vn -0.9787 -0.1368 0.1528
vn -0.9796 -0.1657 0.1131
vn -0.2437 0.5258 0.8149
vn -0.2899 0.5103 0.8096
vn -0.2338 -0.6066 -0.7598
vn -0.9782 -0.1941 0.0732
vn -0.3355 0.4936 0.8023
vn -0.1868 -0.6050 -0.7740
vn -0.9745 -0.2220 0.0330
vn -0.3802 0.4757 0.7932
vn -0.9683 -0.2495 -0.0072
vn -0.4240 0.4566 0.7821
vn -0.9599 -0.2763 -0.0473
vn -0.4669 0.4365 0.7691
vn -0.9491 -0.3024 -0.0874
vn -0.5085 0.4153 0.7542
vn -0.9361 -0.3279 -0.1273
vn -0.5490 0.3931 0.7376
vn -0.9208 -0.3525 -0.1668
vn -0.5881 0.3699 0.7192
vn -0.9033 -0.3763 -0.2060
vn -0.6258 0.3459 0.6990
vn -0.8836 -0.3992 -0.2446
vn -0.6621 0.3210 0.6772
vn -0.8618 -0.4212 -0.2827
vn -0.6966 0.2954 0.6537
vn -0.8379 -0.4421 -0.3201
vn -0.7296 0.2690 0.6287
vn -0.8120 -0.4619 -0.3567
vn -0.7608 0.2420 0.6022
vn -0.7841 -0.4807 -0.3925
vn -0.7901 0.2144 0.5742
vn -0.7544 -0.4983 -0.4273
vn -0.8176 0.1864 0.5448
vn -0.7228 -0.5146 -0.4611
vn -0.8431 0.1578 0.5141
vn -0.6895 -0.5298 -0.4938
vn -0.8665 0.1289 0.4822
vn -0.6545 -0.5437 -0.5253
vn -0.8879 0.0997 0.4491
vn -0.6180 -0.5563 -0.5555
vn -0.9071 0.0702 0.4149
vn 0.0902 0.5972 0.7970
vn -0.5800 -0.5675 -0.5844
vn -0.9242 0.0405 0.3798
vn 0.0422 0.5911 0.8054
vn -0.5406 -0.5774 -0.6119
vn -0.9390 0.0108 0.3437
vn -0.0059 0.5837 0.8119
vn -0.4998 -0.5858 -0.6379
vn -0.9516 -0.0190 0.3068
vn -0.0539 0.5748 0.8165
vn -0.4579 -0.5929 -0.6624
vn -0.9618 -0.0487 0.2692
vn -0.1018 0.5646 0.8190
vn -0.4149 -0.5985 -0.6853
vn -0.9698 -0.0783 0.2309
vn -0.1495 0.5530 0.8196
vn -0.3708 -0.6027 -0.7065
vn -0.9754 -0.1077 0.1921
vn -0.1968 0.5401 0.8183
vn -0.2353 -0.5989 -0.7655
vn -0.1876 -0.6011 -0.7769
vn -0.9929 -0.1173 0.0170
vn -0.9890 -0.1461 -0.0225
vn -0.3425 0.5306 0.7753
vn -0.3879 0.5160 0.7637
vn -0.9827 -0.1746 -0.0619
vn -0.4324 0.5002 0.7502
vn -0.9740 -0.2026 -0.1012
vn -0.4758 0.4831 0.7349
vn -0.9630 -0.2301 -0.1403
vn -0.5181 0.4650 0.7179
vn -0.9496 -0.2571 -0.1790
vn -0.5590 0.4457 0.6991
vn -0.9340 -0.2835 -0.2173
vn -0.5987 0.4253 0.6787
vn -0.9161 -0.3092 -0.2551
vn -0.6369 0.4039 0.6566
vn -0.8961 -0.3341 -0.2922
vn -0.6736 0.3815 0.6329
vn -0.8738 -0.3583 -0.3287
vn -0.7087 0.3583 0.6077
vn -0.8495 -0.3815 -0.3644
vn -0.7421 0.3341 0.5811
vn -0.8231 -0.4039 -0.3991
vn -0.7736 0.3092 0.5530
vn -0.7947 -0.4253 -0.4330
vn -0.8033 0.2835 0.5237
vn -0.7645 -0.4457 -0.4658
vn -0.8311 0.2571 0.4930
vn -0.7323 -0.4650 -0.4974
vn -0.8569 0.2301 0.4612
vn -0.6985 -0.4831 -0.5279
vn -0.8806 0.2026 0.4283
vn -0.6629 -0.5002 -0.5571
vn -0.9022 0.1746 0.3943
vn -0.6257 -0.5160 -0.5850
vn -0.9217 0.1461 0.3594
vn 0.0895 0.6011 0.7942
vn -0.5871 -0.5306 -0.6114
vn -0.9389 0.1173 0.3236
vn 0.0407 0.5989 0.7998
vn -0.5470 -0.5439 -0.6364
vn -0.9538 0.0882 0.2871
vn -0.0081 0.5952 0.8035
vn -0.5056 -0.5558 -0.6598
vn -0.9665 0.0589 0.2498
vn -0.0568 0.5902 0.8053
vn -0.4630 -0.5665 -0.6817
vn -0.9768 0.0295 0.2120
vn -0.1055 0.5837 0.8051
vn -0.4192 -0.5758 -0.7019
vn -0.9848 0.0000 0.1736
vn -0.1539 0.5758 0.8030
vn -0.3745 -0.5837 -0.7205
vn -0.9904 -0.0295 0.1349
vn -0.2019 0.5665 0.7989
vn -0.3288 -0.5902 -0.7373
vn -0.9936 -0.0589 0.0958
vn -0.2494 0.5558 0.7930
vn -0.2824 -0.5952 -0.7523
vn -0.9945 -0.0882 0.0565
vn -0.2963 0.5439 0.7851
vn -0.9879 -0.0997 -0.1183
vn -0.9792 -0.1289 -0.1567
vn -0.4354 0.5437 0.7175
vn -0.4791 0.5298 0.6998
vn -0.9680 -0.1578 -0.1947
vn -0.5215 0.5146 0.6805
vn -0.9546 -0.1864 -0.2323
vn -0.5627 0.4983 0.6595
vn -0.9389 -0.2144 -0.2693
vn -0.6026 0.4807 0.6370
vn -0.9208 -0.2420 -0.3056
vn -0.6410 0.4619 0.6129
vn -0.9006 -0.2690 -0.3412
vn -0.6779 0.4421 0.5874
vn -0.8782 -0.2954 -0.3760
vn -0.7131 0.4212 0.5604
vn -0.8537 -0.3210 -0.4099
vn -0.7466 0.3992 0.5321
vn -0.8272 -0.3459 -0.4428
vn -0.7784 0.3763 0.5025
vn -0.7986 -0.3699 -0.4747
vn -0.8082 0.3525 0.4717
vn -0.7681 -0.3931 -0.5054
vn -0.8361 0.3279 0.4398
vn -0.7358 -0.4153 -0.5348
vn -0.8620 0.3024 0.4068
vn -0.7017 -0.4365 -0.5630
vn -0.8858 0.2763 0.3728
vn -0.6659 -0.4566 -0.5899
vn -0.9075 0.2495 0.3379
vn -0.6286 -0.4757 -0.6153
vn -0.9270 0.2220 0.3022
vn 0.0892 0.6050 0.7912
vn -0.5897 -0.4936 -0.6392
vn -0.9443 0.1941 0.2658
vn 0.0402 0.6066 0.7940
vn -0.5493 -0.5103 -0.6616
vn -0.9592 0.1657 0.2288
vn -0.0089 0.6067 0.7948
vn -0.5077 -0.5258 -0.6824
vn -0.9720 0.1368 0.1912
vn -0.0579 0.6055 0.7937
vn -0.4648 -0.5401 -0.7016
vn -0.9823 0.1077 0.1531
vn -0.1068 0.6027 0.7908
vn -0.4208 -0.5530 -0.7191
vn -0.9903 0.0783 0.1147
vn -0.1555 0.5985 0.7859
vn -0.3758 -0.5646 -0.7348
vn -0.9959 0.0487 0.0760
vn -0.2037 0.5929 0.7790
vn -0.3299 -0.5748 -0.7488
vn -0.9991 0.0190 0.0371
vn -0.2515 0.5858 0.7704
vn -0.2832 -0.5837 -0.7610
vn -0.9999 -0.0108 -0.0018
vn -0.2987 0.5774 0.7599
vn -0.2358 -0.5911 -0.7713
vn -0.9983 -0.0405 -0.0408
vn -0.3451 0.5675 0.7475
vn -0.1879 -0.5972 -0.7798
vn -0.9943 -0.0702 -0.0796
vn -0.3907 0.5563 0.7334
vn -0.9643 -0.0862 -0.2502
vn -0.9510 -0.1163 -0.2866
vn -0.5190 0.5639 0.6424
vn -0.5600 0.5504 0.6192
vn -0.9353 -0.1461 -0.3222
vn -0.5997 0.5355 0.5945
vn -0.9174 -0.1755 -0.3571
vn -0.6380 0.5194 0.5684
vn -0.8973 -0.2046 -0.3912
vn -0.6748 0.5020 0.5409
vn -0.8750 -0.2331 -0.4243
vn -0.7099 0.4835 0.5122
vn -0.8506 -0.2611 -0.4563
vn -0.7433 0.4637 0.4822
vn -0.8242 -0.2884 -0.4873
vn -0.7749 0.4428 0.4510
vn -0.7958 -0.3151 -0.5171
vn -0.8047 0.4209 0.4187
vn -0.7654 -0.3410 -0.5457
vn -0.8325 0.3980 0.3855
vn -0.7333 -0.3661 -0.5729
vn -0.8583 0.3741 0.3513
vn -0.6993 -0.3903 -0.5988
vn -0.8820 0.3493 0.3163
vn -0.6637 -0.4136 -0.6232
vn -0.9036 0.3236 0.2805
vn -0.6265 -0.4358 -0.6462
vn -0.9231 0.2972 0.2440
vn 0.0894 0.6088 0.7883
vn -0.5878 -0.4570 -0.6676
vn -0.9403 0.2701 0.2070
vn 0.0406 0.6142 0.7880
vn -0.5476 -0.4771 -0.6873
vn -0.9553 0.2423 0.1694
vn -0.0083 0.6182 0.7860
vn -0.5061 -0.4961 -0.7054
vn -0.9679 0.2140 0.1315
vn -0.0571 0.6206 0.7820
vn -0.4635 -0.5139 -0.7218
vn -0.9783 0.1851 0.0932
vn -0.1058 0.6216 0.7761
vn -0.4197 -0.5304 -0.7366
vn -0.9863 0.1558 0.0547
vn -0.1543 0.6211 0.7684
vn -0.3748 -0.5457 -0.7494
vn -0.9919 0.1261 0.0161
vn -0.2024 0.6191 0.7588
vn -0.3291 -0.5597 -0.7605
vn -0.9951 0.0961 -0.0226
vn -0.2500 0.6155 0.7474
vn -0.2826 -0.5723 -0.7698
vn -0.9959 0.0659 -0.0612
vn -0.2970 0.6106 0.7342
vn -0.2354 -0.5835 -0.7772
vn -0.9944 0.0355 -0.0997
vn -0.3432 0.6041 0.7192
vn -0.1876 -0.5933 -0.7828
vn -0.9904 0.0050 -0.1379
vn -0.3887 0.5962 0.7025
vn -0.9841 -0.0255 -0.1758
vn -0.4332 0.5868 0.6841
vn -0.9754 -0.0559 -0.2133
vn -0.4767 0.5760 0.6640
vn -0.9233 -0.0790 -0.3757
vn -0.9058 -0.1103 -0.4091
vn -0.5902 0.5893 0.5517
vn -0.6280 0.5758 0.5235
vn -0.8860 -0.1413 -0.4415
vn -0.6643 0.5608 0.4941
vn -0.8641 -0.1720 -0.4729
vn -0.6990 0.5445 0.4635
vn -0.8402 -0.2023 -0.5032
vn -0.7320 0.5269 0.4318
vn -0.8142 -0.2321 -0.5322
vn -0.7633 0.5081 0.3990
vn -0.7862 -0.2613 -0.5600
vn -0.7927 0.4880 0.3653
vn -0.7563 -0.2899 -0.5864
vn -0.8202 0.4667 0.3307
vn -0.7247 -0.3178 -0.6114
vn -0.8457 0.4443 0.2953
vn -0.6913 -0.3450 -0.6349
vn -0.8693 0.4209 0.2592
vn -0.6562 -0.3713 -0.6569
vn -0.8907 0.3964 0.2225
vn -0.6195 -0.3967 -0.6774
vn -0.9099 0.3710 0.1852
vn 0.0901 0.6126 0.7852
vn -0.5814 -0.4211 -0.6961
vn -0.9270 0.3447 0.1475
vn 0.0419 0.6217 0.7821
vn -0.5418 -0.4446 -0.7133
vn -0.9419 0.3175 0.1095
vn -0.0063 0.6294 0.7770
vn -0.5010 -0.4670 -0.7286
vn -0.9545 0.2897 0.0712
vn -0.0545 0.6355 0.7701
vn -0.4589 -0.4882 -0.7423
vn -0.9648 0.2610 0.0327
vn -0.1025 0.6402 0.7614
vn -0.4157 -0.5083 -0.7542
vn -0.9727 0.2318 -0.0059
vn -0.1504 0.6432 0.7508
vn -0.3715 -0.5272 -0.7642
vn -0.9784 0.2020 -0.0444
vn -0.1978 0.6447 0.7383
vn -0.3265 -0.5448 -0.7724
vn -0.9816 0.1718 -0.0829
vn -0.2448 0.6447 0.7241
vn -0.2806 -0.5611 -0.7787
vn -0.9825 0.1411 -0.1211
vn -0.2912 0.6431 0.7082
vn -0.2341 -0.5760 -0.7832
vn -0.9811 0.1101 -0.1591
vn -0.3368 0.6400 0.6906
vn -0.1870 -0.5895 -0.7858
vn -0.9773 0.0788 -0.1966
vn -0.3817 0.6353 0.6713
vn -0.9711 0.0473 -0.2337
vn -0.4257 0.6291 0.6504
vn -0.9626 0.0157 -0.2703
vn -0.4686 0.6213 0.6279
vn -0.9518 -0.0159 -0.3062
vn -0.5104 0.6121 0.6039
vn -0.9387 -0.0475 -0.3413
vn -0.5509 0.6015 0.5785
vn -0.5320 -0.4130 -0.7392
vn -0.4922 -0.4387 -0.7518
vn -0.6466 0.6179 0.4473
vn -0.6806 0.6038 0.4149
vn -0.4512 -0.4633 -0.7627
vn -0.7130 0.5883 0.3815
vn -0.4090 -0.4869 -0.7718
vn -0.7436 0.5714 0.3471
vn -0.3660 -0.5092 -0.7790
vn -0.7725 0.5531 0.3119
vn -0.3220 -0.5303 -0.7843
vn -0.7995 0.5334 0.2760
vn -0.2772 -0.5502 -0.7877
vn -0.8246 0.5125 0.2394
vn -0.2318 -0.5687 -0.7892
vn -0.8477 0.4904 0.2023
vn -0.1858 -0.5859 -0.7888
vn -0.8688 0.4670 0.1646
vn -0.8877 0.4426 0.1266
vn 0.0912 0.6163 0.7822
vn -0.9045 0.4170 0.0882
vn 0.0442 0.6290 0.7761
vn -0.9492 0.1179 -0.2916
vn -0.9411 0.0852 -0.3272
vn -0.9192 0.3905 0.0497
vn -0.0029 0.6403 0.7681
vn -0.9306 0.0523 -0.3621
vn -0.9317 0.3631 0.0110
vn -0.9180 0.0192 -0.3961
vn -0.0500 0.6500 0.7583
vn -0.9419 0.3347 -0.0277
vn -0.9032 -0.0139 -0.4290
vn -0.0970 0.6581 0.7466
vn -0.9498 0.3056 -0.0664
vn -0.8861 -0.0470 -0.4610
vn -0.1437 0.6647 0.7332
vn -0.9555 0.2758 -0.1048
vn -0.8670 -0.0799 -0.4919
vn -0.1901 0.6696 0.7179
vn -0.9588 0.2452 -0.1431
vn -0.8457 -0.1127 -0.5216
vn -0.2360 0.6730 0.7010
vn -0.9599 0.2141 -0.1810
vn -0.8224 -0.1452 -0.5500
vn -0.2814 0.6747 0.6823
vn -0.9586 0.1824 -0.2184
vn -0.3260 0.6748 0.6620
vn -0.7972 -0.1774 -0.5771
vn -0.9551 0.1504 -0.2553
vn -0.3699 0.6733 0.6402
vn -0.7700 -0.2091 -0.6028
vn -0.4129 0.6701 0.6168
vn -0.7410 -0.2403 -0.6271
vn -0.4549 0.6653 0.5919
vn -0.7101 -0.2710 -0.6498
vn -0.4958 0.6590 0.5655
vn -0.6776 -0.3010 -0.6710
vn -0.6434 -0.3302 -0.6906
vn -0.5355 0.6510 0.5379
vn -0.6077 -0.3587 -0.7085
vn -0.5740 0.6415 0.5089
vn -0.5706 -0.3863 -0.7247
vn -0.6110 0.6305 0.4787
vn -0.0437 0.6639 0.7466
vn -0.0892 0.6754 0.7320
vn -0.4404 -0.4394 -0.7829
vn -0.3997 -0.4662 -0.7892
vn -0.9099 0.4055 -0.0875
vn -0.9178 0.3765 -0.1262
vn -0.1344 0.6853 0.7157
vn -0.3582 -0.4919 -0.7935
vn -0.9235 0.3465 -0.1646
vn -0.1793 0.6936 0.6977
vn -0.3157 -0.5164 -0.7960
vn -0.9269 0.3157 -0.2027
vn -0.2237 0.7001 0.6780
vn -0.2725 -0.5397 -0.7965
vn -0.9282 0.2842 -0.2402
vn -0.2676 0.7050 0.6567
vn -0.2286 -0.5617 -0.7951
vn -0.9272 0.2519 -0.2771
vn -0.3109 0.7082 0.6338
vn -0.1842 -0.5823 -0.7918
vn -0.9240 0.2191 -0.3134
vn -0.3534 0.7097 0.6094
vn -0.9185 0.1857 -0.3489
vn -0.3951 0.7095 0.5835
vn -0.9109 0.1519 -0.3836
vn -0.4358 0.7076 0.5562
vn -0.9010 0.1177 -0.4174
vn -0.4755 0.7040 0.5275
vn -0.8890 0.0832 -0.4502
vn -0.5140 0.6987 0.4976
vn -0.8749 0.0486 -0.4818
vn -0.5513 0.6917 0.4665
vn -0.8586 0.0138 -0.5124
vn -0.5872 0.6830 0.4343
vn -0.8403 -0.0210 -0.5416
vn -0.6218 0.6727 0.4010
vn -0.8200 -0.0558 -0.5696
vn -0.6548 0.6607 0.3668
vn -0.7977 -0.0904 -0.5962
vn -0.6863 0.6472 0.3317
vn -0.7734 -0.1248 -0.6215
vn -0.7161 0.6322 0.2958
vn -0.7473 -0.1590 -0.6451
vn -0.7442 0.6156 0.2591
vn -0.7194 -0.1927 -0.6673
vn -0.7705 0.5975 0.2219
vn -0.6898 -0.2260 -0.6878
vn -0.7950 0.5780 0.1841
vn -0.6585 -0.2587 -0.7067
vn -0.8175 0.5571 0.1459
vn -0.6256 -0.2908 -0.7239
vn -0.8381 0.5348 0.1073
vn -0.5912 -0.3222 -0.7393
vn -0.8566 0.5113 0.0685
vn 0.0928 0.6198 0.7792
vn -0.5554 -0.3529 -0.7529
vn -0.8731 0.4865 0.0295
vn 0.0474 0.6360 0.7702
vn -0.5183 -0.3827 -0.7648
vn -0.8875 0.4606 -0.0096
vn 0.0018 0.6507 0.7593
vn -0.4799 -0.4115 -0.7748
vn -0.8998 0.4336 -0.0486
vn -0.1225 0.7049 0.6987
vn -0.1654 0.7163 0.6779
vn -0.3482 -0.4755 -0.8078
vn -0.3077 -0.5033 -0.8075
vn -0.8826 0.4137 -0.2232
vn -0.8862 0.3826 -0.2610
vn -0.2080 0.7259 0.6555
vn -0.2665 -0.5298 -0.8051
vn -0.8877 0.3507 -0.2982
vn -0.2501 0.7338 0.6316
vn -0.2246 -0.5550 -0.8009
vn -0.8871 0.3179 -0.3346
vn -0.2916 0.7400 0.6061
vn -0.1822 -0.5790 -0.7947
vn -0.8843 0.2843 -0.3703
vn -0.3324 0.7443 0.5792
vn -0.8794 0.2500 -0.4051
vn -0.3724 0.7469 0.5509
vn -0.8724 0.2152 -0.4388
vn -0.4115 0.7477 0.5212
vn -0.8632 0.1798 -0.4716
vn -0.4495 0.7466 0.4903
vn -0.8521 0.1440 -0.5032
vn -0.4865 0.7438 0.4582
vn -0.8388 0.1079 -0.5336
vn -0.5224 0.7392 0.4250
vn -0.8236 0.0715 -0.5627
vn -0.5569 0.7328 0.3908
vn -0.8063 0.0349 -0.5904
vn -0.5902 0.7246 0.3557
vn -0.7871 -0.0018 -0.6168
vn -0.6220 0.7148 0.3197
vn -0.7660 -0.0384 -0.6416
vn -0.6523 0.7031 0.2829
vn -0.7431 -0.0750 -0.6649
vn -0.6811 0.6898 0.2454
vn -0.7184 -0.1114 -0.6866
vn -0.7082 0.6748 0.2074
vn -0.6919 -0.1475 -0.7067
vn -0.7336 0.6583 0.1689
vn -0.6638 -0.1833 -0.7250
vn -0.7572 0.6401 0.1299
vn -0.6341 -0.2186 -0.7416
vn -0.7790 0.6204 0.0907
vn -0.6029 -0.2534 -0.7565
vn -0.7990 0.5992 0.0512
vn -0.5702 -0.2876 -0.7695
vn -0.8170 0.5765 0.0116
vn 0.0948 0.6232 0.7763
vn -0.5361 -0.3211 -0.7806
vn -0.8330 0.5525 -0.0280
vn 0.0514 0.6427 0.7644
vn -0.5008 -0.3539 -0.7899
vn -0.8471 0.5271 -0.0676
vn 0.0078 0.6606 0.7506
vn -0.4642 -0.3857 -0.7973
vn -0.8591 0.5005 -0.1070
vn -0.0357 0.6770 0.7351
vn -0.4266 -0.4167 -0.8027
vn -0.8690 0.4726 -0.1461
vn -0.0792 0.6918 0.7177
vn -0.3878 -0.4467 -0.8063
vn -0.8769 0.4437 -0.1849
vn -0.1891 0.7500 0.6337
vn -0.2290 0.7608 0.6072
vn -0.2592 -0.5205 -0.8135
vn -0.2197 -0.5488 -0.8065
vn -0.8389 0.4129 -0.3544
vn -0.8387 0.3796 -0.3904
vn -0.2683 0.7697 0.5793
vn -0.1797 -0.5758 -0.7976
vn -0.8365 0.3454 -0.4255
vn -0.3070 0.7767 0.5499
vn -0.8322 0.3103 -0.4595
vn -0.3449 0.7819 0.5192
vn -0.8259 0.2745 -0.4924
vn -0.3820 0.7852 0.4873
vn -0.8177 0.2380 -0.5241
vn -0.4182 0.7866 0.4542
vn -0.8074 0.2009 -0.5546
vn -0.4534 0.7861 0.4200
vn -0.7953 0.1634 -0.5837
vn -0.4875 0.7837 0.3848
vn -0.7812 0.1255 -0.6115
vn -0.5204 0.7795 0.3487
vn -0.7653 0.0872 -0.6377
vn -0.5520 0.7733 0.3117
vn -0.7475 0.0488 -0.6625
vn -0.5824 0.7654 0.2740
vn -0.7279 0.0103 -0.6856
vn -0.6113 0.7555 0.2356
vn -0.7065 -0.0283 -0.7071
vn -0.6387 0.7439 0.1967
vn -0.6835 -0.0669 -0.7269
vn -0.6646 0.7304 0.1572
vn -0.6588 -0.1052 -0.7449
vn -0.6889 0.7152 0.1175
vn -0.6325 -0.1433 -0.7611
vn -0.7116 0.6983 0.0774
vn -0.6047 -0.1811 -0.7756
vn -0.7325 0.6796 0.0371
vn -0.5754 -0.2184 -0.7881
vn -0.7518 0.6594 -0.0032
vn -0.5448 -0.2552 -0.7988
vn -0.7691 0.6376 -0.0436
vn 0.0973 0.6263 0.7735
vn -0.5129 -0.2914 -0.8075
vn -0.7846 0.6142 -0.0838
vn 0.0563 0.6489 0.7588
vn -0.4797 -0.3269 -0.8143
vn -0.7983 0.5894 -0.1238
vn 0.0151 0.6699 0.7422
vn -0.4453 -0.3616 -0.8191
vn -0.8100 0.5631 -0.1636
vn -0.0261 0.6894 0.7239
vn -0.4099 -0.3955 -0.8219
vn -0.8197 0.5355 -0.2029
vn -0.0672 0.7071 0.7039
vn -0.3735 -0.4284 -0.8228
vn -0.8276 0.5066 -0.2418
vn -0.1081 0.7232 0.6821
vn -0.3362 -0.4602 -0.8217
vn -0.8333 0.4765 -0.2800
vn -0.1488 0.7375 0.6587
vn -0.2980 -0.4910 -0.8186
vn -0.8372 0.4453 -0.3176
vn -0.2413 0.7971 0.5535
vn -0.2775 0.8066 0.5219
vn -0.1769 -0.5729 -0.8003
vn -0.7809 0.4017 -0.4784
vn -0.7773 0.3659 -0.5117
vn -0.3131 0.8142 0.4889
vn -0.7720 0.3292 -0.5437
vn -0.3479 0.8198 0.4548
vn -0.7647 0.2916 -0.5745
vn -0.3818 0.8235 0.4196
vn -0.7557 0.2534 -0.6039
vn -0.4149 0.8251 0.3834
vn -0.7447 0.2146 -0.6318
vn -0.4469 0.8248 0.3462
vn -0.7321 0.1753 -0.6583
vn -0.4779 0.8225 0.3082
vn -0.7176 0.1355 -0.6831
vn -0.5077 0.8182 0.2695
vn -0.7014 0.0955 -0.7063
vn -0.5363 0.8120 0.2302
vn -0.6836 0.0551 -0.7278
vn -0.5636 0.8038 0.1902
vn -0.6640 0.0147 -0.7475
vn -0.5896 0.7937 0.1499
vn -0.6429 -0.0258 -0.7655
vn -0.6141 0.7816 0.1091
vn -0.6203 -0.0662 -0.7816
vn -0.6371 0.7677 0.0682
vn -0.5961 -0.1065 -0.7958
vn -0.6587 0.7519 0.0270
vn -0.5705 -0.1465 -0.8081
vn -0.6786 0.7343 -0.0142
vn -0.5436 -0.1862 -0.8184
vn -0.6969 0.7150 -0.0554
vn -0.5153 -0.2254 -0.8268
vn -0.7135 0.6939 -0.0965
vn 0.1001 0.6292 0.7708
vn -0.4858 -0.2640 -0.8332
vn -0.7284 0.6712 -0.1373
vn 0.0619 0.6546 0.7534
vn -0.4551 -0.3021 -0.8376
vn -0.7416 0.6468 -0.1778
vn 0.0236 0.6785 0.7342
vn -0.4233 -0.3394 -0.8400
vn -0.7530 0.6209 -0.2178
vn -0.0148 0.7007 0.7132
vn -0.3905 -0.3759 -0.8403
vn -0.7625 0.5935 -0.2574
vn -0.0532 0.7213 0.6906
vn -0.3568 -0.4114 -0.8387
vn -0.7702 0.5647 -0.2963
vn -0.0915 0.7401 0.6662
vn -0.3222 -0.4461 -0.8350
vn -0.7761 0.5345 -0.3345
vn -0.1295 0.7571 0.6403
vn -0.2868 -0.4796 -0.8293
vn -0.7801 0.5031 -0.3719
vn -0.1672 0.7723 0.6128
vn -0.2508 -0.5119 -0.8216
vn -0.7823 0.4704 -0.4084
vn -0.2045 0.7856 0.5839
vn -0.2141 -0.5431 -0.8119
vn -0.7825 0.4366 -0.4439
vn -0.2771 0.8435 0.4602
vn -0.3093 0.8512 0.4240
vn -0.7110 0.3787 -0.5924
vn -0.7049 0.3403 -0.6223
vn -0.3407 0.8569 0.3867
vn -0.6971 0.3010 -0.6506
vn -0.3714 0.8605 0.3486
vn -0.6877 0.2611 -0.6774
vn -0.4011 0.8621 0.3096
vn -0.6765 0.2204 -0.7026
vn -0.4299 0.8615 0.2699
vn -0.6638 0.1793 -0.7261
vn -0.4577 0.8589 0.2295
vn -0.6494 0.1377 -0.7478
vn -0.4843 0.8543 0.1886
vn -0.6335 0.0959 -0.7677
vn -0.5098 0.8476 0.1472
vn -0.6161 0.0537 -0.7858
vn -0.5341 0.8388 0.1055
vn -0.5971 0.0115 -0.8020
vn -0.5570 0.8280 0.0635
vn -0.5768 -0.0308 -0.8163
vn -0.5786 0.8153 0.0214
vn -0.5550 -0.0730 -0.8286
vn -0.5989 0.8006 -0.0208
vn -0.5320 -0.1151 -0.8389
vn -0.6176 0.7839 -0.0629
vn -0.5076 -0.1569 -0.8472
vn -0.6350 0.7654 -0.1049
vn -0.4820 -0.1983 -0.8534
vn -0.6508 0.7450 -0.1466
vn 0.1034 0.6318 0.7682
vn -0.4553 -0.2392 -0.8576
vn -0.6650 0.7228 -0.1880
vn 0.0683 0.6598 0.7483
vn -0.4274 -0.2795 -0.8597
vn -0.6776 0.6989 -0.2289
vn 0.0331 0.6863 0.7266
vn -0.3985 -0.3192 -0.8598
vn -0.6886 0.6733 -0.2693
vn -0.0021 0.7110 0.7031
vn -0.3687 -0.3581 -0.8578
vn -0.6979 0.6461 -0.3090
vn -0.0374 0.7341 0.6780
vn -0.3380 -0.3961 -0.8537
vn -0.7055 0.6173 -0.3480
vn -0.0726 0.7554 0.6512
vn -0.3064 -0.4332 -0.8476
vn -0.7115 0.5871 -0.3861
vn -0.1076 0.7749 0.6229
vn -0.2741 -0.4693 -0.8394
vn -0.7157 0.5554 -0.4233
vn -0.1424 0.7925 0.5930
vn -0.2412 -0.5042 -0.8292
vn -0.7182 0.5224 -0.4595
vn -0.1768 0.8082 0.5618
vn -0.2077 -0.5379 -0.8170
vn -0.7190 0.4882 -0.4946
vn -0.2107 0.8219 0.5291
vn -0.1737 -0.5703 -0.8029
vn -0.7181 0.4528 -0.5285
vn -0.2442 0.8337 0.4952
vn -0.7154 0.4163 -0.5611
vn -0.2954 0.8865 0.3561
vn -0.3233 0.8919 0.3162
vn -0.6325 0.3432 -0.6943
vn -0.6246 0.3022 -0.7201
vn -0.3505 0.8951 0.2755
vn -0.6152 0.2605 -0.7441
vn -0.3769 0.8962 0.2341
vn -0.6043 0.2181 -0.7663
vn -0.4024 0.8950 0.1922
vn -0.5920 0.1753 -0.7866
vn -0.4268 0.8918 0.1498
vn -0.5782 0.1319 -0.8051
vn -0.4503 0.8864 0.1071
vn -0.5630 0.0883 -0.8217
vn -0.4727 0.8789 0.0641
vn -0.5466 0.0445 -0.8362
vn -0.4939 0.8692 0.0209
vn -0.5287 0.0005 -0.8488
vn -0.5140 0.8575 -0.0223
vn -0.5097 -0.0434 -0.8593
vn -0.5328 0.8437 -0.0654
vn -0.4893 -0.0873 -0.8677
vn -0.5503 0.8279 -0.1084
vn -0.4678 -0.1309 -0.8740
vn -0.5665 0.8100 -0.1511
vn -0.4452 -0.1743 -0.8783
vn -0.5814 0.7903 -0.1935
vn 0.1070 0.6341 0.7658
vn -0.4215 -0.2171 -0.8804
vn -0.5948 0.7686 -0.2354
vn 0.0754 0.6644 0.7435
vn -0.3968 -0.2595 -0.8804
vn -0.6068 0.7451 -0.2767
vn 0.0437 0.6932 0.7194
vn -0.3711 -0.3013 -0.8783
vn -0.6174 0.7198 -0.3174
vn 0.0119 0.7202 0.6937
vn -0.3446 -0.3423 -0.8741
vn -0.6264 0.6927 -0.3573
vn -0.0200 0.7455 0.6662
vn -0.3172 -0.3826 -0.8678
vn -0.6340 0.6640 -0.3963
vn -0.0518 0.7690 0.6372
vn -0.2890 -0.4219 -0.8594
vn -0.6400 0.6337 -0.4344
vn -0.0835 0.7906 0.6066
vn -0.2601 -0.4601 -0.8489
vn -0.6445 0.6019 -0.4714
vn -0.1149 0.8104 0.5745
vn -0.2306 -0.4973 -0.8363
vn -0.6475 0.5686 -0.5073
vn -0.1461 0.8282 0.5411
vn -0.2006 -0.5333 -0.8218
vn -0.6489 0.5340 -0.5420
vn -0.1770 0.8440 0.5063
vn -0.1701 -0.5680 -0.8053
vn -0.6487 0.4981 -0.5754
vn -0.2074 0.8577 0.4704
vn -0.6470 0.4609 -0.6074
vn -0.2373 0.8694 0.4333
vn -0.6437 0.4227 -0.6379
vn -0.2667 0.8790 0.3951
vn -0.6388 0.3834 -0.6669
vn -0.2956 0.9236 0.2439
vn -0.3194 0.9260 0.2011
vn -0.5486 0.2951 -0.7823
vn -0.5397 0.2517 -0.8033
vn -0.3423 0.9262 0.1577
vn -0.5296 0.2076 -0.8224
vn -0.3645 0.9242 0.1140
vn -0.5182 0.1631 -0.8395
vn -0.3857 0.9199 0.0700
vn -0.5055 0.1182 -0.8546
vn -0.4061 0.9134 0.0259
vn -0.4917 0.0730 -0.8677
vn -0.4255 0.9048 -0.0184
vn -0.4766 0.0276 -0.8787
vn -0.4438 0.8939 -0.0625
vn -0.4604 -0.0178 -0.8875
vn -0.4611 0.8809 -0.1066
vn -0.4430 -0.0632 -0.8942
vn -0.4772 0.8658 -0.1504
vn -0.4247 -0.1085 -0.8988
vn -0.4922 0.8486 -0.1937
vn -0.4052 -0.1535 -0.9012
vn -0.5061 0.8294 -0.2367
vn 0.1108 0.6362 0.7635
vn -0.3849 -0.1981 -0.9014
vn -0.5187 0.8081 -0.2791
vn 0.0831 0.6684 0.7391
vn -0.3635 -0.2423 -0.8995
vn -0.5300 0.7849 -0.3207
vn 0.0551 0.6991 0.7129
vn -0.3414 -0.2858 -0.8954
vn -0.5401 0.7599 -0.3617
vn 0.0271 0.7281 0.6849
vn -0.3184 -0.3287 -0.8891
vn -0.5489 0.7330 -0.4018
vn -0.0011 0.7553 0.6554
vn -0.2946 -0.3708 -0.8807
vn -0.5564 0.7043 -0.4408
vn -0.0292 0.7807 0.6242
vn -0.2701 -0.4120 -0.8702
vn -0.5625 0.6740 -0.4789
vn -0.0573 0.8042 0.5915
vn -0.2449 -0.4522 -0.8576
vn -0.5673 0.6420 -0.5157
vn -0.0852 0.8258 0.5574
vn -0.2192 -0.4914 -0.8429
vn -0.5707 0.6085 -0.5514
vn -0.1129 0.8454 0.5220
vn -0.1929 -0.5293 -0.8262
vn -0.5727 0.5735 -0.5857
vn -0.1403 0.8630 0.4853
vn -0.1662 -0.5660 -0.8075
vn -0.5734 0.5371 -0.6186
vn -0.1674 0.8785 0.4475
vn -0.5727 0.4995 -0.6500
vn -0.1941 0.8919 0.4085
vn -0.5706 0.4606 -0.6799
vn -0.2204 0.9030 0.3686
vn -0.5671 0.4207 -0.7081
vn -0.2461 0.9121 0.3278
vn -0.5623 0.3797 -0.7346
vn -0.2712 0.9190 0.2862
vn -0.5561 0.3378 -0.7593
vn -0.2782 0.9521 0.1266
vn -0.2978 0.9511 0.0817
vn -0.4629 0.2346 -0.8548
vn -0.4540 0.1890 -0.8707
vn -0.3167 0.9478 0.0365
vn -0.4440 0.1430 -0.8845
vn -0.3349 0.9422 -0.0087
vn -0.4329 0.0967 -0.8962
vn -0.3522 0.9343 -0.0539
vn -0.4208 0.0501 -0.9057
vn -0.3688 0.9242 -0.0989
vn -0.4077 0.0034 -0.9131
vn -0.3844 0.9119 -0.1438
vn -0.3936 -0.0433 -0.9182
vn -0.3991 0.8973 -0.1883
vn -0.3785 -0.0899 -0.9212
vn -0.4128 0.8807 -0.2323
vn -0.3625 -0.1363 -0.9219
vn -0.4256 0.8618 -0.2758
vn 0.1149 0.6378 0.7616
vn -0.3457 -0.1823 -0.9204
vn -0.4373 0.8410 -0.3186
vn 0.0913 0.6717 0.7351
vn -0.3280 -0.2279 -0.9167
vn -0.4479 0.8181 -0.3606
vn 0.0674 0.7040 0.7069
vn -0.3095 -0.2730 -0.9108
vn -0.4576 0.7932 -0.4018
vn 0.0433 0.7346 0.6770
vn -0.2903 -0.3174 -0.9027
vn -0.4660 0.7664 -0.4420
vn 0.0192 0.7635 0.6455
vn -0.2704 -0.3611 -0.8924
vn -0.4734 0.7378 -0.4811
vn -0.0051 0.7905 0.6125
vn -0.2498 -0.4039 -0.8800
vn -0.4796 0.7075 -0.5191
vn -0.0292 0.8155 0.5779
vn -0.2287 -0.4457 -0.8655
vn -0.4847 0.6754 -0.5558
vn -0.0534 0.8387 0.5420
vn -0.2070 -0.4864 -0.8488
vn -0.4886 0.6416 -0.5912
vn -0.0774 0.8598 0.5048
vn -0.1847 -0.5260 -0.8302
vn -0.4913 0.6064 -0.6252
vn -0.1012 0.8788 0.4663
vn -0.1621 -0.5643 -0.8095
vn -0.4929 0.5696 -0.6576
vn -0.1247 0.8957 0.4267
vn -0.4933 0.5316 -0.6885
vn -0.1480 0.9105 0.3861
vn -0.4925 0.4922 -0.7178
vn -0.1709 0.9230 0.3446
vn -0.4905 0.4516 -0.7453
vn -0.1934 0.9334 0.3022
vn -0.4873 0.4100 -0.7710
vn -0.2154 0.9415 0.2592
vn -0.4829 0.3673 -0.7949
vn -0.2369 0.9473 0.2155
vn -0.4774 0.3238 -0.8168
vn -0.2579 0.9509 0.1712
vn -0.4707 0.2795 -0.8368
vn -0.2439 0.9698 0.0069
vn -0.2598 0.9648 -0.0393
vn -0.3791 0.1626 -0.9109
vn -0.3710 0.1154 -0.9214
vn -0.2750 0.9576 -0.0853
vn -0.3620 0.0679 -0.9297
vn -0.2896 0.9481 -0.1312
vn -0.3521 0.0202 -0.9357
vn -0.3035 0.9363 -0.1767
vn -0.3414 -0.0275 -0.9395
vn -0.3167 0.9222 -0.2218
vn -0.3298 -0.0752 -0.9410
vn -0.3290 0.9059 -0.2664
vn -0.3175 -0.1227 -0.9403
vn -0.3407 0.8875 -0.3103
vn 0.1193 0.6391 0.7598
vn -0.3044 -0.1699 -0.9373
vn -0.3514 0.8669 -0.3535
vn 0.0999 0.6743 0.7316
vn -0.2905 -0.2166 -0.9320
vn -0.3613 0.8442 -0.3959
vn 0.0803 0.7079 0.7017
vn -0.2760 -0.2629 -0.9245
vn -0.3704 0.8195 -0.4372
vn 0.0604 0.7398 0.6701
vn -0.2608 -0.3085 -0.9147
vn -0.3786 0.7928 -0.4776
vn 0.0405 0.7699 0.6369
vn -0.2449 -0.3534 -0.9028
vn -0.3859 0.7642 -0.5167
vn 0.0204 0.7982 0.6021
vn -0.2285 -0.3974 -0.8887
vn -0.3922 0.7338 -0.5547
vn 0.0003 0.8244 0.5659
vn -0.2115 -0.4405 -0.8725
vn -0.3976 0.7016 -0.5913
vn -0.0198 0.8488 0.5283
vn -0.1940 -0.4825 -0.8541
vn -0.4020 0.6678 -0.6265
vn -0.0399 0.8711 0.4895
vn -0.1761 -0.5234 -0.8337
vn -0.4055 0.6323 -0.6601
vn -0.0599 0.8913 0.4495
vn -0.1577 -0.5630 -0.8113
vn -0.4080 0.5953 -0.6922
vn -0.0797 0.9093 0.4084
vn -0.4095 0.5568 -0.7226
vn -0.0993 0.9252 0.3663
vn -0.4100 0.5170 -0.7513
vn -0.1187 0.9388 0.3233
vn -0.4096 0.4760 -0.7782
vn -0.1378 0.9501 0.2796
vn -0.4081 0.4338 -0.8032
vn -0.1566 0.9592 0.2352
vn -0.4057 0.3906 -0.8263
vn -0.1750 0.9660 0.1902
vn -0.4023 0.3465 -0.8474
vn -0.1929 0.9704 0.1448
vn -0.3979 0.3015 -0.8664
vn -0.2105 0.9725 0.0990
vn -0.3926 0.2558 -0.8834
vn -0.2275 0.9723 0.0530
vn -0.3863 0.2095 -0.8982
vn -0.1945 0.9744 -0.1124
vn -0.2071 0.9653 -0.1589
vn -0.3007 0.0807 -0.9503
vn -0.2942 0.0323 -0.9552
vn -0.2192 0.9539 -0.2050
vn -0.2870 -0.0162 -0.9578
vn -0.2307 0.9401 -0.2507
vn -0.2791 -0.0646 -0.9581
vn -0.2417 0.9242 -0.2957
vn -0.2705 -0.1129 -0.9561
vn -0.2521 0.9059 -0.3401
vn 0.1238 0.6401 0.7582
vn -0.2613 -0.1609 -0.9517
vn -0.2619 0.8855 -0.3836
vn 0.1089 0.6762 0.7286
vn -0.2515 -0.2085 -0.9451
vn -0.2711 0.8631 -0.4262
vn 0.0937 0.7107 0.6972
vn -0.2410 -0.2556 -0.9362
vn -0.2796 0.8384 -0.4677
vn 0.0783 0.7435 0.6641
vn -0.2300 -0.3021 -0.9251
vn -0.2874 0.8118 -0.5082
vn 0.0627 0.7745 0.6294
vn -0.2184 -0.3479 -0.9117
vn -0.2946 0.7833 -0.5474
vn 0.0470 0.8037 0.5932
vn -0.2063 -0.3928 -0.8962
vn -0.3010 0.7528 -0.5853
vn 0.0311 0.8309 0.5555
vn -0.1937 -0.4368 -0.8785
vn -0.3068 0.7206 -0.6218
vn 0.0152 0.8561 0.5166
vn -0.1806 -0.4797 -0.8586
vn -0.3118 0.6866 -0.6568
vn -0.0008 0.8792 0.4764
vn -0.1671 -0.5215 -0.8367
vn -0.3160 0.6509 -0.6902
vn -0.0168 0.9002 0.4350
vn -0.1532 -0.5620 -0.8128
vn -0.3195 0.6137 -0.7220
vn -0.0327 0.9191 0.3926
vn -0.3222 0.5750 -0.7520
vn -0.0486 0.9357 0.3493
vn -0.3241 0.5350 -0.7802
vn -0.0643 0.9501 0.3051
vn -0.3252 0.4936 -0.8065
vn -0.0799 0.9622 0.2601
vn -0.3256 0.4511 -0.8310
vn -0.0953 0.9720 0.2146
vn -0.3252 0.4074 -0.8533
vn -0.1104 0.9795 0.1686
vn -0.3240 0.3628 -0.8737
vn -0.1253 0.9846 0.1221
vn -0.3220 0.3173 -0.8919
vn -0.1399 0.9873 0.0753
vn -0.3193 0.2711 -0.9080
vn -0.1542 0.9876 0.0284
vn -0.3157 0.2242 -0.9220
vn -0.1680 0.9856 -0.0186
vn -0.3115 0.1767 -0.9337
vn -0.1815 0.9812 -0.0656
vn -0.3064 0.1288 -0.9431
vn -0.1322 0.9645 -0.2285
vn -0.1421 0.9510 -0.2746
vn -0.2309 -0.0093 -0.9729
vn -0.2268 -0.0582 -0.9722
vn -0.1517 0.9352 -0.3200
vn -0.2221 -0.1070 -0.9691
vn -0.1608 0.9171 -0.3647
vn 0.1285 0.6407 0.7570
vn -0.2169 -0.1554 -0.9637
vn -0.1696 0.8968 -0.4085
vn 0.1182 0.6774 0.7261
vn -0.2112 -0.2036 -0.9560
vn -0.1780 0.8744 -0.4513
vn 0.1076 0.7124 0.6934
vn -0.2049 -0.2512 -0.9460
vn -0.1860 0.8499 -0.4930
vn 0.0968 0.7458 0.6591
vn -0.1982 -0.2982 -0.9337
vn -0.1935 0.8233 -0.5335
vn 0.0857 0.7773 0.6232
vn -0.1910 -0.3445 -0.9191
vn -0.2005 0.7948 -0.5728
vn 0.0743 0.8070 0.5858
vn -0.1833 -0.3900 -0.9024
vn -0.2071 0.7643 -0.6106
vn 0.0629 0.8348 0.5470
vn -0.1752 -0.4345 -0.8834
vn -0.2131 0.7320 -0.6471
vn 0.0512 0.8605 0.5068
vn -0.1667 -0.4780 -0.8624
vn -0.2187 0.6979 -0.6819
vn 0.0395 0.8841 0.4655
vn -0.1578 -0.5204 -0.8392
vn -0.2237 0.6622 -0.7151
vn 0.0276 0.9057 0.4230
vn -0.1485 -0.5615 -0.8141
vn -0.2282 0.6249 -0.7466
vn 0.0157 0.9250 0.3795
vn -0.2321 0.5861 -0.7763
vn 0.0038 0.9421 0.3352
vn -0.2355 0.5458 -0.8041
vn -0.0082 0.9570 0.2899
vn -0.2383 0.5042 -0.8300
vn -0.0201 0.9695 0.2440
vn -0.2405 0.4614 -0.8539
vn -0.0320 0.9797 0.1976
vn -0.2422 0.4176 -0.8757
vn -0.0439 0.9876 0.1506
vn -0.2433 0.3727 -0.8955
vn -0.0555 0.9931 0.1033
vn -0.2438 0.3269 -0.9131
vn -0.0671 0.9962 0.0557
vn -0.2437 0.2803 -0.9284
vn -0.0785 0.9969 0.0080
vn -0.2430 0.2331 -0.9416
vn -0.0898 0.9951 -0.0397
vn -0.2417 0.1853 -0.9525
vn -0.1008 0.9910 -0.0874
vn -0.2399 0.1370 -0.9611
vn -0.1116 0.9846 -0.1348
vn -0.2374 0.0884 -0.9674
vn -0.1220 0.9757 -0.1818
vn -0.2345 0.0396 -0.9713
# 4034 vertex normals

vt 0.1883 0.6927 0.0000
vt 0.1831 0.6870 0.0000
vt 0.1901 0.6811 0.0000
vt 0.1948 0.6872 0.0000
vt 0.7472 0.5453 0.0000
vt 0.7467 0.5557 0.0000
vt 0.7275 0.5556 0.0000
vt 0.7271 0.5452 0.0000
vt 0.1934 0.6982 0.0000
vt 0.1993 0.6933 0.0000
vt 0.7478 0.5346 0.0000
vt 0.7266 0.5345 0.0000
vt 0.7371 0.7463 0.0000
vt 0.7367 0.7532 0.0000
vt 0.7364 0.7463 0.0000
vt 0.1985 0.7037 0.0000
vt 0.2038 0.6992 0.0000
vt 0.7483 0.5235 0.0000
vt 0.7261 0.5234 0.0000
vt 0.7374 0.7393 0.0000
vt 0.7361 0.7393 0.0000
vt 0.2034 0.7091 0.0000
vt 0.2082 0.7051 0.0000
vt 0.3727 0.0562 0.0000
vt 0.3788 0.0459 0.0000
vt 0.3987 0.0593 0.0000
vt 0.3916 0.0688 0.0000
vt 0.7378 0.7324 0.0000
vt 0.7357 0.7324 0.0000
vt 0.2084 0.7144 0.0000
vt 0.2126 0.7108 0.0000
vt 0.3669 0.0658 0.0000
vt 0.3849 0.0778 0.0000
vt 0.7381 0.7254 0.0000
vt 0.7354 0.7254 0.0000
vt 0.2133 0.7197 0.0000
vt 0.2170 0.7166 0.0000
vt 0.3615 0.0749 0.0000
vt 0.3787 0.0863 0.0000
vt 0.7385 0.7184 0.0000
vt 0.7351 0.7184 0.0000
vt 0.2181 0.7249 0.0000
vt 0.2213 0.7223 0.0000
vt 0.3564 0.0836 0.0000
vt 0.3727 0.0943 0.0000
vt 0.7388 0.7114 0.0000
vt 0.7347 0.7114 0.0000
vt 0.2229 0.7301 0.0000
vt 0.2255 0.7279 0.0000
vt 0.3516 0.0918 0.0000
vt 0.3671 0.1020 0.0000
vt 0.7392 0.7043 0.0000
vt 0.7344 0.7043 0.0000
vt 0.2277 0.7353 0.0000
vt 0.2298 0.7335 0.0000
vt 0.3470 0.0997 0.0000
vt 0.3617 0.1094 0.0000
vt 0.7396 0.6972 0.0000
vt 0.7341 0.6972 0.0000
vt 0.2324 0.7404 0.0000
vt 0.2340 0.7391 0.0000
vt 0.3426 0.1072 0.0000
vt 0.3566 0.1164 0.0000
vt 0.7399 0.6900 0.0000
vt 0.7337 0.6899 0.0000
vt 0.2372 0.7455 0.0000
vt 0.2382 0.7446 0.0000
vt 0.3383 0.1144 0.0000
vt 0.3516 0.1231 0.0000
vt 0.7403 0.6827 0.0000
vt 0.7334 0.6827 0.0000
vt 0.2419 0.7506 0.0000
vt 0.2424 0.7502 0.0000
vt 0.0954 0.5921 0.0000
vt 0.0875 0.5834 0.0000
vt 0.1056 0.5685 0.0000
vt 0.1126 0.5779 0.0000
vt 0.7407 0.6753 0.0000
vt 0.7330 0.6753 0.0000
vt 0.2466 0.7557 0.0000
vt 0.1031 0.6004 0.0000
vt 0.1193 0.5869 0.0000
vt 0.7410 0.6678 0.0000
vt 0.7327 0.6678 0.0000
vt 0.1104 0.6084 0.0000
vt 0.1258 0.5956 0.0000
vt 0.7414 0.6602 0.0000
vt 0.7323 0.6602 0.0000
vt 0.1175 0.6160 0.0000
vt 0.1320 0.6039 0.0000
vt 0.7418 0.6525 0.0000
vt 0.7320 0.6525 0.0000
vt 0.1243 0.6234 0.0000
vt 0.1381 0.6120 0.0000
vt 0.7422 0.6447 0.0000
vt 0.7316 0.6447 0.0000
vt 0.1309 0.6306 0.0000
vt 0.1439 0.6198 0.0000
vt 0.7426 0.6367 0.0000
vt 0.7312 0.6367 0.0000
vt 0.1373 0.6375 0.0000
vt 0.1496 0.6273 0.0000
vt 0.7430 0.6286 0.0000
vt 0.7308 0.6285 0.0000
vt 0.1435 0.6443 0.0000
vt 0.1551 0.6346 0.0000
vt 0.7435 0.6202 0.0000
vt 0.7304 0.6202 0.0000
vt 0.1496 0.6508 0.0000
vt 0.1604 0.6418 0.0000
vt 0.7439 0.6117 0.0000
vt 0.7301 0.6117 0.0000
vt 0.1555 0.6572 0.0000
vt 0.1657 0.6487 0.0000
vt 0.7443 0.6030 0.0000
vt 0.7297 0.6030 0.0000
vt 0.1613 0.6634 0.0000
vt 0.1708 0.6555 0.0000
vt 0.7448 0.5940 0.0000
vt 0.7292 0.5940 0.0000
vt 0.1669 0.6695 0.0000
vt 0.1758 0.6621 0.0000
vt 0.7452 0.5849 0.0000
vt 0.7288 0.5849 0.0000
vt 0.1724 0.6755 0.0000
vt 0.1806 0.6685 0.0000
vt 0.7457 0.5754 0.0000
vt 0.7284 0.5754 0.0000
vt 0.1778 0.6813 0.0000
vt 0.1854 0.6749 0.0000
vt 0.7462 0.5657 0.0000
vt 0.7280 0.5657 0.0000
vt 0.1423 0.5845 0.0000
vt 0.1477 0.5934 0.0000
vt 0.7232 0.6611 0.0000
vt 0.7221 0.6534 0.0000
vt 0.1528 0.6020 0.0000
vt 0.7210 0.6457 0.0000
vt 0.1579 0.6103 0.0000
vt 0.7199 0.6378 0.0000
vt 0.1627 0.6184 0.0000
vt 0.7187 0.6297 0.0000
vt 0.1675 0.6262 0.0000
vt 0.7175 0.6214 0.0000
vt 0.1721 0.6338 0.0000
vt 0.7163 0.6130 0.0000
vt 0.1766 0.6413 0.0000
vt 0.7150 0.6044 0.0000
vt 0.1810 0.6485 0.0000
vt 0.7138 0.5955 0.0000
vt 0.1853 0.6556 0.0000
vt 0.7125 0.5864 0.0000
vt 0.1895 0.6625 0.0000
vt 0.7111 0.5770 0.0000
vt 0.1937 0.6693 0.0000
vt 0.7098 0.5674 0.0000
vt 0.1977 0.6759 0.0000
vt 0.7084 0.5574 0.0000
vt 0.2017 0.6825 0.0000
vt 0.7069 0.5471 0.0000
vt 0.2057 0.6889 0.0000
vt 0.7055 0.5364 0.0000
vt 0.7357 0.7463 0.0000
vt 0.2096 0.6953 0.0000
vt 0.7039 0.5253 0.0000
vt 0.7347 0.7395 0.0000
vt 0.2134 0.7015 0.0000
vt 0.4170 0.0744 0.0000
vt 0.4091 0.0832 0.0000
vt 0.7337 0.7326 0.0000
vt 0.2172 0.7077 0.0000
vt 0.4016 0.0914 0.0000
vt 0.7327 0.7257 0.0000
vt 0.2209 0.7139 0.0000
vt 0.3945 0.0992 0.0000
vt 0.7317 0.7188 0.0000
vt 0.2247 0.7199 0.0000
vt 0.3878 0.1066 0.0000
vt 0.7307 0.7118 0.0000
vt 0.2284 0.7260 0.0000
vt 0.3815 0.1137 0.0000
vt 0.7296 0.7048 0.0000
vt 0.2320 0.7320 0.0000
vt 0.3754 0.1205 0.0000
vt 0.7286 0.6977 0.0000
vt 0.2357 0.7379 0.0000
vt 0.3696 0.1269 0.0000
vt 0.7275 0.6905 0.0000
vt 0.2393 0.7438 0.0000
vt 0.3640 0.1331 0.0000
vt 0.7265 0.6833 0.0000
vt 0.2430 0.7498 0.0000
vt 0.1251 0.5556 0.0000
vt 0.1310 0.5656 0.0000
vt 0.7254 0.6760 0.0000
vt 0.1368 0.5753 0.0000
vt 0.7243 0.6686 0.0000
vt 0.1685 0.5936 0.0000
vt 0.1727 0.6024 0.0000
vt 0.7106 0.6477 0.0000
vt 0.7087 0.6400 0.0000
vt 0.1767 0.6108 0.0000
vt 0.7067 0.6320 0.0000
vt 0.1807 0.6191 0.0000
vt 0.7047 0.6239 0.0000
vt 0.1845 0.6271 0.0000
vt 0.7027 0.6157 0.0000
vt 0.1882 0.6349 0.0000
vt 0.7006 0.6072 0.0000
vt 0.1919 0.6426 0.0000
vt 0.6985 0.5985 0.0000
vt 0.1955 0.6500 0.0000
vt 0.6963 0.5895 0.0000
vt 0.1990 0.6573 0.0000
vt 0.6941 0.5803 0.0000
vt 0.2024 0.6645 0.0000
vt 0.6918 0.5708 0.0000
vt 0.2058 0.6715 0.0000
vt 0.6894 0.5610 0.0000
vt 0.2092 0.6784 0.0000
vt 0.6870 0.5508 0.0000
vt 0.2124 0.6852 0.0000
vt 0.6845 0.5403 0.0000
vt 0.7351 0.7465 0.0000
vt 0.2157 0.6919 0.0000
vt 0.6819 0.5294 0.0000
vt 0.7334 0.7397 0.0000
vt 0.2189 0.6985 0.0000
vt 0.4338 0.0913 0.0000
vt 0.4250 0.0991 0.0000
vt 0.7317 0.7330 0.0000
vt 0.2220 0.7051 0.0000
vt 0.4168 0.1066 0.0000
vt 0.7300 0.7262 0.0000
vt 0.2252 0.7115 0.0000
vt 0.4090 0.1137 0.0000
vt 0.7283 0.7194 0.0000
vt 0.2283 0.7180 0.0000
vt 0.4016 0.1203 0.0000
vt 0.7266 0.7126 0.0000
vt 0.2314 0.7243 0.0000
vt 0.3946 0.1267 0.0000
vt 0.7249 0.7057 0.0000
vt 0.2344 0.7306 0.0000
vt 0.3879 0.1328 0.0000
vt 0.7232 0.6988 0.0000
vt 0.2375 0.7369 0.0000
vt 0.3815 0.1387 0.0000
vt 0.7215 0.6917 0.0000
vt 0.2405 0.7432 0.0000
vt 0.3753 0.1443 0.0000
vt 0.7197 0.6847 0.0000
vt 0.2436 0.7494 0.0000
vt 0.1457 0.5448 0.0000
vt 0.1506 0.5553 0.0000
vt 0.7179 0.6775 0.0000
vt 0.1553 0.5654 0.0000
vt 0.7161 0.6702 0.0000
vt 0.1598 0.5752 0.0000
vt 0.7143 0.6628 0.0000
vt 0.1642 0.5845 0.0000
vt 0.7125 0.6554 0.0000
vt 0.1914 0.6047 0.0000
vt 0.1945 0.6133 0.0000
vt 0.6950 0.6355 0.0000
vt 0.6922 0.6277 0.0000
vt 0.1975 0.6217 0.0000
vt 0.6894 0.6196 0.0000
vt 0.2004 0.6298 0.0000
vt 0.6865 0.6114 0.0000
vt 0.2033 0.6378 0.0000
vt 0.6836 0.6029 0.0000
vt 0.2061 0.6455 0.0000
vt 0.6805 0.5942 0.0000
vt 0.2089 0.6531 0.0000
vt 0.6774 0.5852 0.0000
vt 0.2116 0.6606 0.0000
vt 0.6742 0.5759 0.0000
vt 0.2143 0.6679 0.0000
vt 0.6709 0.5664 0.0000
vt 0.2169 0.6751 0.0000
vt 0.6675 0.5565 0.0000
vt 0.2195 0.6822 0.0000
vt 0.6640 0.5462 0.0000
vt 0.7344 0.7467 0.0000
vt 0.2221 0.6892 0.0000
vt 0.6604 0.5356 0.0000
vt 0.7321 0.7401 0.0000
vt 0.2246 0.6961 0.0000
vt 0.4487 0.1096 0.0000
vt 0.4393 0.1166 0.0000
vt 0.7297 0.7336 0.0000
vt 0.2271 0.7029 0.0000
vt 0.4304 0.1231 0.0000
vt 0.7274 0.7270 0.0000
vt 0.2296 0.7097 0.0000
vt 0.4219 0.1294 0.0000
vt 0.7251 0.7204 0.0000
vt 0.2321 0.7163 0.0000
vt 0.4139 0.1353 0.0000
vt 0.7227 0.7138 0.0000
vt 0.2345 0.7230 0.0000
vt 0.4063 0.1410 0.0000
vt 0.7203 0.7071 0.0000
vt 0.2369 0.7296 0.0000
vt 0.3991 0.1464 0.0000
vt 0.7179 0.7003 0.0000
vt 0.2394 0.7361 0.0000
vt 0.3921 0.1515 0.0000
vt 0.7155 0.6935 0.0000
vt 0.2418 0.7427 0.0000
vt 0.3855 0.1565 0.0000
vt 0.7131 0.6867 0.0000
vt 0.2442 0.7492 0.0000
vt 0.1671 0.5362 0.0000
vt 0.1709 0.5471 0.0000
vt 0.7106 0.6797 0.0000
vt 0.1746 0.5575 0.0000
vt 0.7081 0.6726 0.0000
vt 0.1781 0.5676 0.0000
vt 0.7056 0.6655 0.0000
vt 0.1816 0.5774 0.0000
vt 0.7030 0.6582 0.0000
vt 0.1849 0.5868 0.0000
vt 0.7004 0.6508 0.0000
vt 0.1882 0.5959 0.0000
vt 0.6977 0.6432 0.0000
vt 0.2109 0.6175 0.0000
vt 0.2130 0.6259 0.0000
vt 0.6766 0.6249 0.0000
vt 0.6729 0.6169 0.0000
vt 0.2151 0.6341 0.0000
vt 0.6691 0.6087 0.0000
vt 0.2172 0.6421 0.0000
vt 0.6652 0.6004 0.0000
vt 0.2192 0.6499 0.0000
vt 0.6612 0.5917 0.0000
vt 0.2211 0.6576 0.0000
vt 0.6571 0.5828 0.0000
vt 0.2231 0.6652 0.0000
vt 0.6529 0.5736 0.0000
vt 0.2250 0.6726 0.0000
vt 0.6486 0.5640 0.0000
vt 0.2269 0.6799 0.0000
vt 0.6440 0.5541 0.0000
vt 0.7338 0.7469 0.0000
vt 0.2287 0.6871 0.0000
vt 0.6394 0.5438 0.0000
vt 0.7308 0.7406 0.0000
vt 0.2306 0.6942 0.0000
vt 0.4618 0.1293 0.0000
vt 0.4517 0.1353 0.0000
vt 0.7279 0.7344 0.0000
vt 0.2324 0.7013 0.0000
vt 0.4422 0.1409 0.0000
vt 0.7249 0.7281 0.0000
vt 0.2342 0.7082 0.0000
vt 0.4332 0.1463 0.0000
vt 0.7219 0.7217 0.0000
vt 0.2360 0.7151 0.0000
vt 0.4247 0.1514 0.0000
vt 0.7189 0.7153 0.0000
vt 0.2378 0.7220 0.0000
vt 0.4166 0.1563 0.0000
vt 0.7159 0.7089 0.0000
vt 0.2395 0.7288 0.0000
vt 0.4088 0.1609 0.0000
vt 0.7128 0.7024 0.0000
vt 0.2413 0.7355 0.0000
vt 0.4014 0.1654 0.0000
vt 0.7098 0.6959 0.0000
vt 0.2431 0.7423 0.0000
vt 0.3943 0.1696 0.0000
vt 0.7067 0.6893 0.0000
vt 0.2448 0.7490 0.0000
vt 0.1892 0.5297 0.0000
vt 0.1919 0.5409 0.0000
vt 0.7035 0.6826 0.0000
vt 0.1945 0.5516 0.0000
vt 0.7004 0.6758 0.0000
vt 0.1970 0.5620 0.0000
vt 0.6971 0.6689 0.0000
vt 0.1995 0.5720 0.0000
vt 0.6939 0.6619 0.0000
vt 0.2019 0.5816 0.0000
vt 0.6905 0.6548 0.0000
vt 0.2042 0.5910 0.0000
vt 0.6871 0.6476 0.0000
vt 0.2065 0.6001 0.0000
vt 0.6837 0.6402 0.0000
vt 0.2087 0.6089 0.0000
vt 0.6802 0.6326 0.0000
vt 0.2272 0.6316 0.0000
vt 0.2285 0.6398 0.0000
vt 0.6553 0.6160 0.0000
vt 0.6506 0.6080 0.0000
vt 0.2297 0.6478 0.0000
vt 0.6458 0.5998 0.0000
vt 0.2309 0.6556 0.0000
vt 0.6408 0.5913 0.0000
vt 0.2321 0.6633 0.0000
vt 0.6357 0.5825 0.0000
vt 0.2333 0.6709 0.0000
vt 0.6304 0.5734 0.0000
vt 0.2344 0.6784 0.0000
vt 0.6249 0.5640 0.0000
vt 0.7332 0.7472 0.0000
vt 0.2356 0.6857 0.0000
vt 0.6193 0.5542 0.0000
vt 0.7296 0.7413 0.0000
vt 0.2367 0.6930 0.0000
vt 0.4728 0.1501 0.0000
vt 0.4622 0.1550 0.0000
vt 0.7261 0.7353 0.0000
vt 0.2378 0.7001 0.0000
vt 0.4522 0.1598 0.0000
vt 0.7225 0.7293 0.0000
vt 0.2389 0.7072 0.0000
vt 0.4428 0.1642 0.0000
vt 0.7189 0.7233 0.0000
vt 0.2400 0.7143 0.0000
vt 0.4338 0.1685 0.0000
vt 0.7153 0.7173 0.0000
vt 0.2411 0.7213 0.0000
vt 0.4253 0.1725 0.0000
vt 0.7116 0.7112 0.0000
vt 0.2422 0.7282 0.0000
vt 0.4171 0.1764 0.0000
vt 0.7080 0.7050 0.0000
vt 0.2433 0.7351 0.0000
vt 0.4093 0.1801 0.0000
vt 0.7043 0.6988 0.0000
vt 0.2444 0.7420 0.0000
vt 0.4018 0.1836 0.0000
vt 0.7006 0.6925 0.0000
vt 0.2455 0.7488 0.0000
vt 0.2117 0.5254 0.0000
vt 0.2133 0.5368 0.0000
vt 0.6968 0.6862 0.0000
vt 0.2148 0.5477 0.0000
vt 0.6929 0.6797 0.0000
vt 0.2163 0.5582 0.0000
vt 0.6891 0.6732 0.0000
vt 0.2178 0.5684 0.0000
vt 0.6851 0.6666 0.0000
vt 0.2193 0.5782 0.0000
vt 0.6811 0.6598 0.0000
vt 0.2207 0.5877 0.0000
vt 0.6770 0.6529 0.0000
vt 0.2220 0.5970 0.0000
vt 0.6729 0.6459 0.0000
vt 0.2234 0.6060 0.0000
vt 0.6686 0.6387 0.0000
vt 0.2247 0.6148 0.0000
vt 0.6643 0.6313 0.0000
vt 0.2260 0.6233 0.0000
vt 0.6598 0.6238 0.0000
vt 0.2404 0.6467 0.0000
vt 0.2408 0.6546 0.0000
vt 0.6311 0.6094 0.0000
vt 0.6254 0.6014 0.0000
vt 0.2412 0.6624 0.0000
vt 0.6194 0.5931 0.0000
vt 0.2416 0.6700 0.0000
vt 0.6132 0.5846 0.0000
vt 0.2421 0.6776 0.0000
vt 0.6068 0.5757 0.0000
vt 0.7326 0.7476 0.0000
vt 0.2425 0.6850 0.0000
vt 0.6002 0.5665 0.0000
vt 0.7285 0.7420 0.0000
vt 0.2429 0.6923 0.0000
vt 0.4818 0.1718 0.0000
vt 0.4708 0.1757 0.0000
vt 0.7243 0.7365 0.0000
vt 0.2433 0.6995 0.0000
vt 0.4604 0.1794 0.0000
vt 0.7202 0.7308 0.0000
vt 0.2437 0.7067 0.0000
vt 0.4506 0.1830 0.0000
vt 0.7160 0.7252 0.0000
vt 0.2441 0.7138 0.0000
vt 0.4412 0.1863 0.0000
vt 0.7119 0.7195 0.0000
vt 0.2445 0.7209 0.0000
vt 0.4323 0.1895 0.0000
vt 0.7076 0.7138 0.0000
vt 0.2449 0.7279 0.0000
vt 0.4239 0.1925 0.0000
vt 0.7034 0.7081 0.0000
vt 0.2453 0.7349 0.0000
vt 0.4157 0.1954 0.0000
vt 0.6991 0.7022 0.0000
vt 0.2458 0.7418 0.0000
vt 0.4079 0.1982 0.0000
vt 0.6948 0.6964 0.0000
vt 0.2462 0.7488 0.0000
vt 0.2344 0.5234 0.0000
vt 0.2349 0.5348 0.0000
vt 0.6904 0.6904 0.0000
vt 0.2354 0.5457 0.0000
vt 0.6860 0.6844 0.0000
vt 0.2359 0.5563 0.0000
vt 0.6815 0.6782 0.0000
vt 0.2364 0.5666 0.0000
vt 0.6769 0.6720 0.0000
vt 0.2368 0.5765 0.0000
vt 0.6722 0.6657 0.0000
vt 0.2373 0.5861 0.0000
vt 0.6675 0.6592 0.0000
vt 0.2377 0.5954 0.0000
vt 0.6627 0.6526 0.0000
vt 0.2382 0.6045 0.0000
vt 0.6577 0.6459 0.0000
vt 0.2386 0.6133 0.0000
vt 0.6527 0.6390 0.0000
vt 0.2391 0.6220 0.0000
vt 0.6475 0.6319 0.0000
vt 0.2395 0.6304 0.0000
vt 0.6422 0.6246 0.0000
vt 0.2400 0.6386 0.0000
vt 0.6368 0.6171 0.0000
vt 0.2504 0.6623 0.0000
vt 0.2501 0.6700 0.0000
vt 0.6042 0.6053 0.0000
vt 0.5972 0.5974 0.0000
vt 0.2498 0.6775 0.0000
vt 0.5899 0.5892 0.0000
vt 0.7321 0.7481 0.0000
vt 0.2494 0.6849 0.0000
vt 0.5823 0.5806 0.0000
vt 0.7274 0.7429 0.0000
vt 0.2491 0.6923 0.0000
vt 0.4886 0.1943 0.0000
vt 0.4773 0.1972 0.0000
vt 0.7228 0.7377 0.0000
vt 0.2488 0.6995 0.0000
vt 0.4666 0.1998 0.0000
vt 0.7181 0.7326 0.0000
vt 0.2485 0.7067 0.0000
vt 0.4565 0.2024 0.0000
vt 0.7134 0.7274 0.0000
vt 0.2482 0.7138 0.0000
vt 0.4468 0.2048 0.0000
vt 0.7087 0.7221 0.0000
vt 0.2480 0.7209 0.0000
vt 0.4377 0.2071 0.0000
vt 0.7039 0.7169 0.0000
vt 0.2477 0.7279 0.0000
vt 0.4289 0.2093 0.0000
vt 0.6991 0.7115 0.0000
vt 0.2474 0.7349 0.0000
vt 0.4206 0.2114 0.0000
vt 0.6943 0.7062 0.0000
vt 0.2471 0.7418 0.0000
vt 0.4126 0.2134 0.0000
vt 0.6894 0.7007 0.0000
vt 0.2468 0.7487 0.0000
vt 0.2572 0.5234 0.0000
vt 0.2566 0.5348 0.0000
vt 0.6845 0.6952 0.0000
vt 0.2560 0.5458 0.0000
vt 0.6795 0.6897 0.0000
vt 0.2555 0.5564 0.0000
vt 0.6744 0.6840 0.0000
vt 0.2549 0.5666 0.0000
vt 0.6692 0.6783 0.0000
vt 0.2544 0.5765 0.0000
vt 0.6640 0.6724 0.0000
vt 0.2540 0.5861 0.0000
vt 0.6586 0.6664 0.0000
vt 0.2535 0.5954 0.0000
vt 0.6532 0.6603 0.0000
vt 0.2531 0.6045 0.0000
vt 0.6476 0.6541 0.0000
vt 0.2527 0.6133 0.0000
vt 0.6419 0.6477 0.0000
vt 0.2523 0.6219 0.0000
vt 0.6360 0.6412 0.0000
vt 0.2519 0.6303 0.0000
vt 0.6300 0.6344 0.0000
vt 0.2515 0.6386 0.0000
vt 0.6239 0.6275 0.0000
vt 0.2511 0.6466 0.0000
vt 0.6175 0.6204 0.0000
vt 0.2508 0.6546 0.0000
vt 0.6109 0.6130 0.0000
vt 0.2574 0.6782 0.0000
vt 0.2564 0.6856 0.0000
vt 0.5744 0.6044 0.0000
vt 0.5660 0.5966 0.0000
vt 0.7316 0.7485 0.0000
vt 0.7265 0.7439 0.0000
vt 0.2553 0.6928 0.0000
vt 0.4932 0.2174 0.0000
vt 0.4817 0.2191 0.0000
vt 0.7213 0.7392 0.0000
vt 0.2543 0.7000 0.0000
vt 0.4707 0.2207 0.0000
vt 0.7162 0.7345 0.0000
vt 0.2533 0.7071 0.0000
vt 0.4604 0.2222 0.0000
vt 0.7110 0.7298 0.0000
vt 0.2523 0.7142 0.0000
vt 0.4506 0.2237 0.0000
vt 0.7058 0.7250 0.0000
vt 0.2514 0.7212 0.0000
vt 0.4413 0.2251 0.0000
vt 0.7005 0.7202 0.0000
vt 0.2504 0.7281 0.0000
vt 0.4324 0.2264 0.0000
vt 0.6952 0.7154 0.0000
vt 0.2494 0.7350 0.0000
vt 0.4238 0.2277 0.0000
vt 0.6899 0.7106 0.0000
vt 0.2485 0.7419 0.0000
vt 0.4157 0.2289 0.0000
vt 0.6845 0.7056 0.0000
vt 0.2475 0.7488 0.0000
vt 0.2798 0.5257 0.0000
vt 0.2781 0.5370 0.0000
vt 0.6790 0.7006 0.0000
vt 0.2765 0.5478 0.0000
vt 0.6735 0.6956 0.0000
vt 0.2749 0.5583 0.0000
vt 0.6679 0.6904 0.0000
vt 0.2734 0.5684 0.0000
vt 0.6622 0.6852 0.0000
vt 0.2720 0.5782 0.0000
vt 0.6564 0.6799 0.0000
vt 0.2706 0.5877 0.0000
vt 0.6505 0.6745 0.0000
vt 0.2692 0.5970 0.0000
vt 0.6444 0.6689 0.0000
vt 0.2679 0.6059 0.0000
vt 0.6383 0.6633 0.0000
vt 0.2666 0.6147 0.0000
vt 0.6320 0.6575 0.0000
vt 0.2654 0.6232 0.0000
vt 0.6255 0.6515 0.0000
vt 0.2641 0.6315 0.0000
vt 0.6189 0.6454 0.0000
vt 0.2629 0.6397 0.0000
vt 0.6120 0.6391 0.0000
vt 0.2618 0.6477 0.0000
vt 0.6050 0.6326 0.0000
vt 0.2607 0.6555 0.0000
vt 0.5977 0.6260 0.0000
vt 0.2596 0.6632 0.0000
vt 0.5903 0.6190 0.0000
vt 0.2585 0.6707 0.0000
vt 0.5824 0.6118 0.0000
vt 0.2615 0.6940 0.0000
vt 0.2598 0.7010 0.0000
vt 0.4839 0.2414 0.0000
vt 0.4729 0.2419 0.0000
vt 0.7200 0.7408 0.0000
vt 0.7144 0.7366 0.0000
vt 0.2581 0.7080 0.0000
vt 0.4624 0.2424 0.0000
vt 0.7088 0.7324 0.0000
vt 0.2564 0.7149 0.0000
vt 0.4525 0.2429 0.0000
vt 0.7032 0.7282 0.0000
vt 0.2547 0.7218 0.0000
vt 0.4431 0.2434 0.0000
vt 0.6975 0.7240 0.0000
vt 0.2531 0.7286 0.0000
vt 0.4341 0.2438 0.0000
vt 0.6917 0.7197 0.0000
vt 0.2514 0.7354 0.0000
vt 0.4255 0.2442 0.0000
vt 0.6859 0.7153 0.0000
vt 0.2498 0.7422 0.0000
vt 0.4172 0.2447 0.0000
vt 0.6801 0.7110 0.0000
vt 0.2482 0.7489 0.0000
vt 0.3021 0.5302 0.0000
vt 0.2994 0.5412 0.0000
vt 0.6742 0.7065 0.0000
vt 0.2967 0.5519 0.0000
vt 0.6682 0.7020 0.0000
vt 0.2941 0.5621 0.0000
vt 0.6621 0.6975 0.0000
vt 0.2916 0.5721 0.0000
vt 0.6559 0.6928 0.0000
vt 0.2892 0.5817 0.0000
vt 0.6496 0.6881 0.0000
vt 0.2869 0.5910 0.0000
vt 0.6432 0.6833 0.0000
vt 0.2846 0.6000 0.0000
vt 0.6366 0.6784 0.0000
vt 0.2824 0.6088 0.0000
vt 0.6299 0.6733 0.0000
vt 0.2803 0.6174 0.0000
vt 0.6231 0.6682 0.0000
vt 0.2783 0.6257 0.0000
vt 0.6160 0.6629 0.0000
vt 0.2762 0.6339 0.0000
vt 0.6088 0.6575 0.0000
vt 0.2742 0.6419 0.0000
vt 0.6014 0.6519 0.0000
vt 0.2723 0.6497 0.0000
vt 0.5938 0.6461 0.0000
vt 0.2704 0.6574 0.0000
vt 0.5859 0.6402 0.0000
vt 0.2686 0.6649 0.0000
vt 0.5777 0.6340 0.0000
vt 0.2668 0.6723 0.0000
vt 0.5692 0.6276 0.0000
vt 0.2650 0.6797 0.0000
vt 0.5605 0.6210 0.0000
vt 0.7312 0.7491 0.0000
vt 0.2632 0.6869 0.0000
vt 0.5513 0.6141 0.0000
vt 0.7256 0.7449 0.0000
vt 0.4955 0.2408 0.0000
vt 0.2627 0.7094 0.0000
vt 0.2603 0.7161 0.0000
vt 0.4625 0.2627 0.0000
vt 0.4526 0.2622 0.0000
vt 0.7069 0.7352 0.0000
vt 0.7009 0.7316 0.0000
vt 0.2580 0.7228 0.0000
vt 0.4432 0.2618 0.0000
vt 0.6948 0.7279 0.0000
vt 0.2557 0.7294 0.0000
vt 0.4341 0.2614 0.0000
vt 0.6887 0.7242 0.0000
vt 0.2534 0.7360 0.0000
vt 0.4255 0.2609 0.0000
vt 0.6825 0.7205 0.0000
vt 0.2511 0.7426 0.0000
vt 0.4172 0.2605 0.0000
vt 0.6762 0.7167 0.0000
vt 0.2489 0.7491 0.0000
vt 0.3240 0.5368 0.0000
vt 0.3201 0.5475 0.0000
vt 0.6699 0.7129 0.0000
vt 0.3164 0.5579 0.0000
vt 0.6635 0.7090 0.0000
vt 0.3128 0.5678 0.0000
vt 0.6570 0.7051 0.0000
vt 0.3094 0.5774 0.0000
vt 0.6503 0.7010 0.0000
vt 0.3061 0.5867 0.0000
vt 0.6436 0.6970 0.0000
vt 0.3028 0.5958 0.0000
vt 0.6367 0.6928 0.0000
vt 0.2997 0.6046 0.0000
vt 0.6297 0.6885 0.0000
vt 0.2967 0.6131 0.0000
vt 0.6226 0.6842 0.0000
vt 0.2937 0.6214 0.0000
vt 0.6153 0.6797 0.0000
vt 0.2908 0.6295 0.0000
vt 0.6077 0.6752 0.0000
vt 0.2880 0.6374 0.0000
vt 0.6000 0.6705 0.0000
vt 0.2853 0.6452 0.0000
vt 0.5921 0.6656 0.0000
vt 0.2826 0.6528 0.0000
vt 0.5839 0.6606 0.0000
vt 0.2800 0.6602 0.0000
vt 0.5755 0.6555 0.0000
vt 0.2774 0.6675 0.0000
vt 0.5667 0.6502 0.0000
vt 0.2748 0.6747 0.0000
vt 0.5577 0.6447 0.0000
vt 0.2723 0.6818 0.0000
vt 0.5483 0.6390 0.0000
vt 0.7308 0.7496 0.0000
vt 0.2699 0.6888 0.0000
vt 0.5385 0.6330 0.0000
vt 0.7248 0.7460 0.0000
vt 0.2674 0.6958 0.0000
vt 0.4955 0.2643 0.0000
vt 0.4839 0.2637 0.0000
vt 0.7189 0.7425 0.0000
vt 0.2650 0.7026 0.0000
vt 0.4729 0.2632 0.0000
vt 0.7129 0.7389 0.0000
vt 0.2612 0.7240 0.0000
vt 0.2582 0.7304 0.0000
vt 0.4414 0.2801 0.0000
vt 0.4325 0.2788 0.0000
vt 0.6925 0.7322 0.0000
vt 0.6861 0.7291 0.0000
vt 0.2553 0.7368 0.0000
vt 0.4239 0.2776 0.0000
vt 0.6795 0.7260 0.0000
vt 0.2524 0.7431 0.0000
vt 0.4157 0.2764 0.0000
vt 0.6729 0.7228 0.0000
vt 0.2495 0.7494 0.0000
vt 0.3450 0.5455 0.0000
vt 0.3401 0.5558 0.0000
vt 0.6663 0.7196 0.0000
vt 0.3354 0.5657 0.0000
vt 0.6595 0.7164 0.0000
vt 0.3309 0.5753 0.0000
vt 0.6526 0.7131 0.0000
vt 0.3265 0.5845 0.0000
vt 0.6456 0.7098 0.0000
vt 0.3223 0.5934 0.0000
vt 0.6385 0.7063 0.0000
vt 0.3182 0.6021 0.0000
vt 0.6313 0.7029 0.0000
vt 0.3142 0.6105 0.0000
vt 0.6239 0.6993 0.0000
vt 0.3104 0.6187 0.0000
vt 0.6163 0.6957 0.0000
vt 0.3066 0.6267 0.0000
vt 0.6086 0.6920 0.0000
vt 0.3030 0.6345 0.0000
vt 0.6007 0.6882 0.0000
vt 0.2994 0.6421 0.0000
vt 0.5925 0.6843 0.0000
vt 0.2959 0.6495 0.0000
vt 0.5842 0.6802 0.0000
vt 0.2925 0.6568 0.0000
vt 0.5755 0.6761 0.0000
vt 0.2891 0.6640 0.0000
vt 0.5666 0.6718 0.0000
vt 0.2858 0.6710 0.0000
vt 0.5574 0.6674 0.0000
vt 0.2826 0.6779 0.0000
vt 0.5479 0.6628 0.0000
vt 0.2794 0.6847 0.0000
vt 0.5380 0.6580 0.0000
vt 0.7305 0.7502 0.0000
vt 0.2763 0.6915 0.0000
vt 0.5277 0.6531 0.0000
vt 0.7242 0.7472 0.0000
vt 0.2732 0.6981 0.0000
vt 0.4932 0.2876 0.0000
vt 0.4817 0.2859 0.0000
vt 0.7179 0.7443 0.0000
vt 0.2702 0.7047 0.0000
vt 0.4709 0.2843 0.0000
vt 0.7116 0.7413 0.0000
vt 0.2671 0.7112 0.0000
vt 0.4606 0.2828 0.0000
vt 0.7053 0.7382 0.0000
vt 0.2641 0.7176 0.0000
vt 0.4508 0.2814 0.0000
vt 0.6989 0.7352 0.0000
vt 0.2571 0.7377 0.0000
vt 0.2536 0.7437 0.0000
vt 0.4208 0.2940 0.0000
vt 0.4127 0.2920 0.0000
vt 0.6771 0.7317 0.0000
vt 0.6703 0.7292 0.0000
vt 0.2501 0.7497 0.0000
vt 0.3650 0.5563 0.0000
vt 0.3592 0.5660 0.0000
vt 0.6633 0.7267 0.0000
vt 0.3535 0.5754 0.0000
vt 0.6562 0.7241 0.0000
vt 0.3481 0.5845 0.0000
vt 0.6491 0.7215 0.0000
vt 0.3429 0.5932 0.0000
vt 0.6418 0.7189 0.0000
vt 0.3378 0.6017 0.0000
vt 0.6344 0.7162 0.0000
vt 0.3329 0.6099 0.0000
vt 0.6269 0.7134 0.0000
vt 0.3281 0.6179 0.0000
vt 0.6192 0.7106 0.0000
vt 0.3235 0.6257 0.0000
vt 0.6113 0.7078 0.0000
vt 0.3190 0.6333 0.0000
vt 0.6032 0.7048 0.0000
vt 0.3146 0.6406 0.0000
vt 0.5949 0.7018 0.0000
vt 0.3103 0.6479 0.0000
vt 0.5865 0.6987 0.0000
vt 0.3061 0.6549 0.0000
vt 0.5777 0.6955 0.0000
vt 0.3020 0.6618 0.0000
vt 0.5687 0.6922 0.0000
vt 0.2979 0.6686 0.0000
vt 0.5594 0.6889 0.0000
vt 0.2940 0.6753 0.0000
vt 0.5498 0.6854 0.0000
vt 0.2901 0.6819 0.0000
vt 0.5399 0.6818 0.0000
vt 0.2862 0.6883 0.0000
vt 0.5296 0.6780 0.0000
vt 0.7302 0.7509 0.0000
vt 0.2825 0.6947 0.0000
vt 0.5189 0.6741 0.0000
vt 0.7237 0.7485 0.0000
vt 0.2787 0.7010 0.0000
vt 0.4887 0.3104 0.0000
vt 0.4776 0.3077 0.0000
vt 0.7171 0.7461 0.0000
vt 0.2750 0.7072 0.0000
vt 0.4669 0.3052 0.0000
vt 0.7106 0.7438 0.0000
vt 0.2714 0.7134 0.0000
vt 0.4567 0.3027 0.0000
vt 0.7040 0.7414 0.0000
vt 0.2678 0.7196 0.0000
vt 0.4472 0.3004 0.0000
vt 0.6973 0.7390 0.0000
vt 0.2642 0.7256 0.0000
vt 0.4380 0.2981 0.0000
vt 0.6907 0.7366 0.0000
vt 0.2607 0.7317 0.0000
vt 0.4292 0.2960 0.0000
vt 0.6839 0.7342 0.0000
vt 0.6610 0.7340 0.0000
vt 0.6538 0.7321 0.0000
vt 0.3524 0.6115 0.0000
vt 0.3467 0.6191 0.0000
vt 0.6464 0.7303 0.0000
vt 0.3412 0.6266 0.0000
vt 0.6389 0.7284 0.0000
vt 0.3358 0.6339 0.0000
vt 0.6313 0.7264 0.0000
vt 0.3306 0.6410 0.0000
vt 0.6235 0.7244 0.0000
vt 0.3255 0.6479 0.0000
vt 0.6155 0.7224 0.0000
vt 0.3205 0.6546 0.0000
vt 0.6074 0.7203 0.0000
vt 0.3156 0.6613 0.0000
vt 0.5991 0.7182 0.0000
vt 0.3109 0.6677 0.0000
vt 0.5906 0.7160 0.0000
vt 0.3062 0.6741 0.0000
vt 0.5818 0.7137 0.0000
vt 0.3016 0.6803 0.0000
vt 0.5728 0.7114 0.0000
vt 0.2971 0.6865 0.0000
vt 0.5635 0.7090 0.0000
vt 0.2926 0.6925 0.0000
vt 0.5338 0.7014 0.0000
vt 0.5232 0.6987 0.0000
vt 0.5540 0.7066 0.0000
vt 0.2883 0.6985 0.0000
vt 0.5122 0.6959 0.0000
vt 0.5441 0.7040 0.0000
vt 0.2839 0.7044 0.0000
vt 0.4823 0.3328 0.0000
vt 0.4713 0.3291 0.0000
vt 0.2796 0.7103 0.0000
vt 0.4609 0.3255 0.0000
vt 0.7300 0.7515 0.0000
vt 0.2754 0.7161 0.0000
vt 0.4511 0.3221 0.0000
vt 0.7233 0.7498 0.0000
vt 0.2712 0.7218 0.0000
vt 0.4417 0.3189 0.0000
vt 0.7165 0.7481 0.0000
vt 0.2671 0.7275 0.0000
vt 0.4328 0.3158 0.0000
vt 0.7098 0.7464 0.0000
vt 0.2629 0.7332 0.0000
vt 0.4242 0.3128 0.0000
vt 0.7030 0.7447 0.0000
vt 0.2588 0.7388 0.0000
vt 0.4161 0.3100 0.0000
vt 0.6961 0.7429 0.0000
vt 0.2547 0.7445 0.0000
vt 0.4082 0.3072 0.0000
vt 0.6893 0.7412 0.0000
vt 0.2507 0.7501 0.0000
vt 0.3840 0.5689 0.0000
vt 0.3772 0.5780 0.0000
vt 0.6823 0.7394 0.0000
vt 0.3706 0.5868 0.0000
vt 0.6753 0.7376 0.0000
vt 0.3643 0.5953 0.0000
vt 0.6682 0.7358 0.0000
vt 0.3583 0.6035 0.0000
vt 0.6212 0.7356 0.0000
vt 0.6131 0.7344 0.0000
vt 0.3533 0.6366 0.0000
vt 0.3473 0.6433 0.0000
vt 0.6048 0.7331 0.0000
vt 0.3414 0.6498 0.0000
vt 0.5963 0.7318 0.0000
vt 0.3356 0.6562 0.0000
vt 0.5876 0.7305 0.0000
vt 0.3300 0.6624 0.0000
vt 0.5787 0.7291 0.0000
vt 0.3245 0.6685 0.0000
vt 0.5695 0.7277 0.0000
vt 0.3192 0.6745 0.0000
vt 0.5600 0.7262 0.0000
vt 0.3139 0.6803 0.0000
vt 0.5503 0.7247 0.0000
vt 0.3087 0.6861 0.0000
vt 0.5402 0.7232 0.0000
vt 0.3036 0.6918 0.0000
vt 0.5297 0.7216 0.0000
vt 0.2986 0.6974 0.0000
vt 0.5189 0.7199 0.0000
vt 0.7299 0.7522 0.0000
vt 0.2936 0.7029 0.0000
vt 0.5076 0.7182 0.0000
vt 0.7230 0.7511 0.0000
vt 0.2888 0.7083 0.0000
vt 0.4737 0.3547 0.0000
vt 0.4631 0.3499 0.0000
vt 0.7161 0.7501 0.0000
vt 0.2839 0.7137 0.0000
vt 0.4530 0.3453 0.0000
vt 0.7092 0.7491 0.0000
vt 0.2792 0.7191 0.0000
vt 0.4435 0.3410 0.0000
vt 0.7023 0.7480 0.0000
vt 0.2744 0.7244 0.0000
vt 0.4345 0.3369 0.0000
vt 0.6953 0.7470 0.0000
vt 0.2697 0.7297 0.0000
vt 0.4259 0.3329 0.0000
vt 0.6883 0.7459 0.0000
vt 0.2651 0.7349 0.0000
vt 0.4176 0.3291 0.0000
vt 0.6812 0.7448 0.0000
vt 0.2604 0.7401 0.0000
vt 0.4098 0.3255 0.0000
vt 0.6741 0.7437 0.0000
vt 0.2558 0.7453 0.0000
vt 0.4022 0.3220 0.0000
vt 0.6668 0.7426 0.0000
vt 0.2512 0.7505 0.0000
vt 0.4015 0.5833 0.0000
vt 0.3939 0.5917 0.0000
vt 0.6595 0.7415 0.0000
vt 0.3865 0.5998 0.0000
vt 0.6521 0.7404 0.0000
vt 0.3794 0.6077 0.0000
vt 0.6446 0.7392 0.0000
vt 0.3726 0.6152 0.0000
vt 0.6369 0.7381 0.0000
vt 0.3660 0.6226 0.0000
vt 0.6291 0.7369 0.0000
vt 0.3596 0.6297 0.0000
vt 0.6034 0.7462 0.0000
vt 0.5949 0.7457 0.0000
vt 0.3513 0.6596 0.0000
vt 0.3449 0.6654 0.0000
vt 0.5861 0.7452 0.0000
vt 0.3387 0.6711 0.0000
vt 0.5771 0.7447 0.0000
vt 0.3327 0.6766 0.0000
vt 0.5678 0.7442 0.0000
vt 0.3267 0.6820 0.0000
vt 0.5582 0.7437 0.0000
vt 0.3209 0.6873 0.0000
vt 0.5484 0.7431 0.0000
vt 0.3152 0.6925 0.0000
vt 0.5382 0.7426 0.0000
vt 0.3096 0.6977 0.0000
vt 0.5276 0.7420 0.0000
vt 0.3040 0.7028 0.0000
vt 0.5167 0.7414 0.0000
vt 0.7298 0.7528 0.0000
vt 0.2986 0.7078 0.0000
vt 0.5053 0.7408 0.0000
vt 0.7229 0.7525 0.0000
vt 0.2932 0.7127 0.0000
vt 0.4630 0.3757 0.0000
vt 0.4529 0.3699 0.0000
vt 0.7159 0.7521 0.0000
vt 0.2879 0.7176 0.0000
vt 0.4433 0.3643 0.0000
vt 0.7090 0.7518 0.0000
vt 0.2826 0.7225 0.0000
vt 0.4342 0.3591 0.0000
vt 0.7020 0.7514 0.0000
vt 0.2774 0.7273 0.0000
vt 0.4256 0.3541 0.0000
vt 0.6949 0.7510 0.0000
vt 0.2722 0.7321 0.0000
vt 0.4174 0.3493 0.0000
vt 0.6878 0.7507 0.0000
vt 0.2670 0.7368 0.0000
vt 0.4095 0.3447 0.0000
vt 0.6807 0.7503 0.0000
vt 0.2619 0.7415 0.0000
vt 0.4020 0.3403 0.0000
vt 0.6734 0.7499 0.0000
vt 0.2568 0.7463 0.0000
vt 0.3949 0.3361 0.0000
vt 0.6661 0.7495 0.0000
vt 0.2517 0.7510 0.0000
vt 0.4176 0.5993 0.0000
vt 0.4092 0.6070 0.0000
vt 0.6587 0.7491 0.0000
vt 0.4011 0.6144 0.0000
vt 0.6512 0.7487 0.0000
vt 0.3933 0.6215 0.0000
vt 0.6436 0.7483 0.0000
vt 0.3857 0.6283 0.0000
vt 0.6359 0.7479 0.0000
vt 0.3784 0.6350 0.0000
vt 0.6280 0.7475 0.0000
vt 0.3713 0.6414 0.0000
vt 0.6200 0.7470 0.0000
vt 0.3645 0.6476 0.0000
vt 0.6118 0.7466 0.0000
vt 0.3578 0.6537 0.0000
vt 0.5860 0.7600 0.0000
vt 0.5770 0.7604 0.0000
vt 0.3465 0.6805 0.0000
vt 0.3400 0.6854 0.0000
vt 0.5677 0.7608 0.0000
vt 0.3336 0.6902 0.0000
vt 0.5581 0.7612 0.0000
vt 0.3272 0.6950 0.0000
vt 0.5483 0.7616 0.0000
vt 0.3210 0.6996 0.0000
vt 0.5381 0.7621 0.0000
vt 0.3149 0.7042 0.0000
vt 0.5275 0.7626 0.0000
vt 0.3089 0.7087 0.0000
vt 0.5166 0.7630 0.0000
vt 0.7298 0.7535 0.0000
vt 0.3030 0.7131 0.0000
vt 0.5052 0.7635 0.0000
vt 0.7229 0.7539 0.0000
vt 0.2972 0.7175 0.0000
vt 0.4503 0.3957 0.0000
vt 0.4407 0.3888 0.0000
vt 0.7159 0.7542 0.0000
vt 0.2914 0.7218 0.0000
vt 0.4316 0.3824 0.0000
vt 0.7090 0.7545 0.0000
vt 0.2857 0.7262 0.0000
vt 0.4231 0.3762 0.0000
vt 0.7019 0.7548 0.0000
vt 0.2800 0.7304 0.0000
vt 0.4150 0.3704 0.0000
vt 0.6949 0.7552 0.0000
vt 0.2744 0.7347 0.0000
vt 0.4073 0.3648 0.0000
vt 0.6878 0.7555 0.0000
vt 0.2688 0.7389 0.0000
vt 0.3999 0.3595 0.0000
vt 0.6806 0.7558 0.0000
vt 0.2632 0.7431 0.0000
vt 0.3929 0.3544 0.0000
vt 0.6734 0.7561 0.0000
vt 0.2576 0.7473 0.0000
vt 0.3861 0.3495 0.0000
vt 0.6661 0.7565 0.0000
vt 0.2521 0.7515 0.0000
vt 0.4321 0.6169 0.0000
vt 0.4229 0.6237 0.0000
vt 0.6587 0.7568 0.0000
vt 0.4141 0.6302 0.0000
vt 0.6512 0.7571 0.0000
vt 0.4057 0.6365 0.0000
vt 0.6436 0.7575 0.0000
vt 0.3975 0.6426 0.0000
vt 0.6359 0.7578 0.0000
vt 0.3895 0.6485 0.0000
vt 0.6280 0.7582 0.0000
vt 0.3819 0.6542 0.0000
vt 0.6199 0.7585 0.0000
vt 0.3744 0.6597 0.0000
vt 0.6117 0.7589 0.0000
vt 0.3672 0.6651 0.0000
vt 0.6034 0.7593 0.0000
vt 0.3601 0.6704 0.0000
vt 0.5948 0.7596 0.0000
vt 0.3533 0.6755 0.0000
vt 0.5692 0.7773 0.0000
vt 0.5597 0.7787 0.0000
vt 0.3395 0.6991 0.0000
vt 0.3328 0.7032 0.0000
vt 0.5500 0.7801 0.0000
vt 0.3262 0.7072 0.0000
vt 0.5399 0.7815 0.0000
vt 0.3196 0.7111 0.0000
vt 0.5294 0.7830 0.0000
vt 0.3132 0.7150 0.0000
vt 0.5186 0.7845 0.0000
vt 0.7299 0.7542 0.0000
vt 0.3069 0.7188 0.0000
vt 0.5073 0.7861 0.0000
vt 0.7230 0.7552 0.0000
vt 0.3006 0.7226 0.0000
vt 0.4355 0.4143 0.0000
vt 0.4267 0.4065 0.0000
vt 0.7161 0.7562 0.0000
vt 0.2945 0.7264 0.0000
vt 0.4183 0.3992 0.0000
vt 0.7092 0.7572 0.0000
vt 0.2884 0.7301 0.0000
vt 0.4104 0.3922 0.0000
vt 0.7023 0.7582 0.0000
vt 0.2823 0.7338 0.0000
vt 0.4028 0.3856 0.0000
vt 0.6953 0.7592 0.0000
vt 0.2763 0.7375 0.0000
vt 0.3957 0.3793 0.0000
vt 0.6883 0.7603 0.0000
vt 0.2703 0.7412 0.0000
vt 0.3889 0.3733 0.0000
vt 0.6812 0.7613 0.0000
vt 0.2643 0.7448 0.0000
vt 0.3824 0.3675 0.0000
vt 0.6740 0.7623 0.0000
vt 0.2584 0.7484 0.0000
vt 0.3761 0.3619 0.0000
vt 0.6668 0.7634 0.0000
vt 0.2525 0.7521 0.0000
vt 0.4447 0.6358 0.0000
vt 0.4350 0.6417 0.0000
vt 0.6594 0.7644 0.0000
vt 0.4256 0.6473 0.0000
vt 0.6520 0.7655 0.0000
vt 0.4165 0.6527 0.0000
vt 0.6445 0.7666 0.0000
vt 0.4077 0.6580 0.0000
vt 0.6368 0.7677 0.0000
vt 0.3993 0.6631 0.0000
vt 0.6290 0.7688 0.0000
vt 0.3911 0.6680 0.0000
vt 0.6210 0.7699 0.0000
vt 0.3832 0.6728 0.0000
vt 0.6129 0.7711 0.0000
vt 0.3754 0.6774 0.0000
vt 0.6046 0.7723 0.0000
vt 0.3679 0.6819 0.0000
vt 0.5961 0.7735 0.0000
vt 0.3606 0.6864 0.0000
vt 0.5874 0.7747 0.0000
vt 0.3534 0.6907 0.0000
vt 0.5784 0.7760 0.0000
vt 0.3464 0.6949 0.0000
vt 0.5535 0.7982 0.0000
vt 0.5436 0.8006 0.0000
vt 0.3305 0.7152 0.0000
vt 0.3236 0.7185 0.0000
vt 0.5333 0.8031 0.0000
vt 0.3169 0.7217 0.0000
vt 0.5227 0.8057 0.0000
vt 0.7300 0.7549 0.0000
vt 0.3102 0.7249 0.0000
vt 0.5117 0.8084 0.0000
vt 0.7233 0.7565 0.0000
vt 0.3036 0.7281 0.0000
vt 0.4190 0.4314 0.0000
vt 0.4109 0.4228 0.0000
vt 0.7165 0.7582 0.0000
vt 0.2971 0.7312 0.0000
vt 0.4033 0.4147 0.0000
vt 0.7097 0.7599 0.0000
vt 0.2907 0.7343 0.0000
vt 0.3961 0.4069 0.0000
vt 0.7029 0.7616 0.0000
vt 0.2843 0.7374 0.0000
vt 0.3892 0.3996 0.0000
vt 0.6961 0.7633 0.0000
vt 0.2779 0.7405 0.0000
vt 0.3827 0.3926 0.0000
vt 0.6892 0.7650 0.0000
vt 0.2716 0.7435 0.0000
vt 0.3765 0.3859 0.0000
vt 0.6822 0.7667 0.0000
vt 0.2653 0.7466 0.0000
vt 0.3706 0.3795 0.0000
vt 0.6752 0.7684 0.0000
vt 0.2591 0.7496 0.0000
vt 0.3649 0.3734 0.0000
vt 0.6681 0.7702 0.0000
vt 0.2528 0.7526 0.0000
vt 0.4554 0.6559 0.0000
vt 0.4451 0.6607 0.0000
vt 0.6609 0.7720 0.0000
vt 0.4352 0.6654 0.0000
vt 0.6536 0.7737 0.0000
vt 0.4257 0.6699 0.0000
vt 0.6462 0.7756 0.0000
vt 0.4165 0.6743 0.0000
vt 0.6387 0.7774 0.0000
vt 0.4076 0.6785 0.0000
vt 0.6310 0.7793 0.0000
vt 0.3989 0.6826 0.0000
vt 0.6232 0.7812 0.0000
vt 0.3906 0.6866 0.0000
vt 0.6152 0.7832 0.0000
vt 0.3824 0.6904 0.0000
vt 0.6071 0.7852 0.0000
vt 0.3745 0.6942 0.0000
vt 0.5987 0.7872 0.0000
vt 0.3668 0.6979 0.0000
vt 0.5902 0.7893 0.0000
vt 0.3592 0.7015 0.0000
vt 0.5814 0.7914 0.0000
vt 0.3518 0.7050 0.0000
vt 0.5724 0.7936 0.0000
vt 0.3446 0.7085 0.0000
vt 0.5631 0.7959 0.0000
vt 0.3375 0.7119 0.0000
vt 0.5392 0.8228 0.0000
vt 0.5288 0.8264 0.0000
vt 0.7302 0.7555 0.0000
vt 0.3198 0.7288 0.0000
vt 0.3129 0.7313 0.0000
vt 0.5181 0.8302 0.0000
vt 0.7237 0.7578 0.0000
vt 0.3060 0.7338 0.0000
vt 0.4009 0.4469 0.0000
vt 0.3936 0.4375 0.0000
vt 0.7171 0.7602 0.0000
vt 0.2992 0.7363 0.0000
vt 0.3868 0.4286 0.0000
vt 0.7105 0.7625 0.0000
vt 0.2925 0.7388 0.0000
vt 0.3804 0.4202 0.0000
vt 0.7039 0.7649 0.0000
vt 0.2859 0.7412 0.0000
vt 0.3743 0.4122 0.0000
vt 0.6973 0.7672 0.0000
vt 0.2792 0.7436 0.0000
vt 0.3685 0.4046 0.0000
vt 0.6906 0.7696 0.0000
vt 0.2727 0.7461 0.0000
vt 0.3630 0.3973 0.0000
vt 0.6838 0.7720 0.0000
vt 0.2661 0.7485 0.0000
vt 0.3577 0.3904 0.0000
vt 0.6770 0.7744 0.0000
vt 0.2596 0.7509 0.0000
vt 0.3527 0.3837 0.0000
vt 0.6701 0.7768 0.0000
vt 0.2531 0.7533 0.0000
vt 0.4641 0.6769 0.0000
vt 0.4534 0.6807 0.0000
vt 0.6631 0.7793 0.0000
vt 0.4431 0.6844 0.0000
vt 0.6560 0.7818 0.0000
vt 0.4331 0.6879 0.0000
vt 0.6488 0.7843 0.0000
vt 0.4236 0.6913 0.0000
vt 0.6415 0.7869 0.0000
vt 0.4143 0.6946 0.0000
vt 0.6341 0.7895 0.0000
vt 0.4053 0.6979 0.0000
vt 0.6265 0.7922 0.0000
vt 0.3966 0.7010 0.0000
vt 0.6187 0.7949 0.0000
vt 0.3881 0.7040 0.0000
vt 0.6108 0.7977 0.0000
vt 0.3799 0.7070 0.0000
vt 0.6027 0.8006 0.0000
vt 0.3718 0.7099 0.0000
vt 0.5944 0.8035 0.0000
vt 0.3639 0.7128 0.0000
vt 0.5859 0.8065 0.0000
vt 0.3563 0.7156 0.0000
vt 0.5771 0.8095 0.0000
vt 0.3487 0.7183 0.0000
vt 0.5681 0.8127 0.0000
vt 0.3413 0.7210 0.0000
vt 0.5587 0.8160 0.0000
vt 0.3340 0.7236 0.0000
vt 0.5491 0.8194 0.0000
vt 0.3269 0.7262 0.0000
vt 0.3811 0.4607 0.0000
vt 0.3748 0.4504 0.0000
vt 0.7242 0.7591 0.0000
vt 0.7179 0.7621 0.0000
vt 0.3079 0.7398 0.0000
vt 0.3009 0.7416 0.0000
vt 0.3690 0.4408 0.0000
vt 0.7116 0.7650 0.0000
vt 0.2940 0.7434 0.0000
vt 0.3634 0.4318 0.0000
vt 0.7052 0.7680 0.0000
vt 0.2871 0.7451 0.0000
vt 0.3581 0.4232 0.0000
vt 0.6988 0.7710 0.0000
vt 0.2803 0.7469 0.0000
vt 0.3531 0.4151 0.0000
vt 0.6924 0.7740 0.0000
vt 0.2735 0.7487 0.0000
vt 0.3484 0.4073 0.0000
vt 0.6859 0.7771 0.0000
vt 0.2667 0.7504 0.0000
vt 0.3438 0.3999 0.0000
vt 0.6793 0.7801 0.0000
vt 0.2600 0.7522 0.0000
vt 0.3395 0.3927 0.0000
vt 0.6727 0.7833 0.0000
vt 0.2533 0.7539 0.0000
vt 0.4706 0.6986 0.0000
vt 0.4596 0.7013 0.0000
vt 0.6660 0.7864 0.0000
vt 0.4490 0.7040 0.0000
vt 0.6592 0.7896 0.0000
vt 0.4388 0.7065 0.0000
vt 0.6523 0.7928 0.0000
vt 0.4289 0.7090 0.0000
vt 0.6453 0.7961 0.0000
vt 0.4194 0.7114 0.0000
vt 0.6381 0.7994 0.0000
vt 0.4101 0.7137 0.0000
vt 0.6308 0.8028 0.0000
vt 0.4012 0.7160 0.0000
vt 0.6234 0.8063 0.0000
vt 0.3924 0.7182 0.0000
vt 0.6158 0.8099 0.0000
vt 0.3839 0.7203 0.0000
vt 0.6080 0.8135 0.0000
vt 0.3757 0.7224 0.0000
vt 0.6000 0.8172 0.0000
vt 0.3675 0.7245 0.0000
vt 0.5918 0.8210 0.0000
vt 0.3596 0.7265 0.0000
vt 0.5834 0.8249 0.0000
vt 0.3519 0.7285 0.0000
vt 0.5747 0.8290 0.0000
vt 0.3442 0.7304 0.0000
vt 0.5657 0.8331 0.0000
vt 0.3367 0.7323 0.0000
vt 0.5565 0.8374 0.0000
vt 0.3294 0.7342 0.0000
vt 0.5469 0.8419 0.0000
vt 0.3221 0.7361 0.0000
vt 0.5369 0.8465 0.0000
vt 0.7305 0.7562 0.0000
vt 0.3150 0.7379 0.0000
vt 0.5266 0.8512 0.0000
vt 0.3499 0.4512 0.0000
vt 0.3454 0.4417 0.0000
vt 0.7128 0.7674 0.0000
vt 0.7068 0.7710 0.0000
vt 0.2949 0.7481 0.0000
vt 0.2879 0.7492 0.0000
vt 0.3410 0.4326 0.0000
vt 0.7008 0.7746 0.0000
vt 0.2810 0.7502 0.0000
vt 0.3368 0.4240 0.0000
vt 0.6946 0.7783 0.0000
vt 0.2740 0.7513 0.0000
vt 0.3328 0.4158 0.0000
vt 0.6885 0.7819 0.0000
vt 0.2671 0.7524 0.0000
vt 0.3291 0.4080 0.0000
vt 0.6823 0.7856 0.0000
vt 0.2603 0.7535 0.0000
vt 0.3254 0.4004 0.0000
vt 0.6760 0.7894 0.0000
vt 0.2534 0.7546 0.0000
vt 0.4749 0.7208 0.0000
vt 0.4637 0.7224 0.0000
vt 0.6696 0.7932 0.0000
vt 0.4530 0.7240 0.0000
vt 0.6631 0.7970 0.0000
vt 0.4426 0.7255 0.0000
vt 0.6566 0.8009 0.0000
vt 0.4325 0.7270 0.0000
vt 0.6499 0.8049 0.0000
vt 0.4228 0.7285 0.0000
vt 0.6431 0.8089 0.0000
vt 0.4134 0.7299 0.0000
vt 0.6362 0.8130 0.0000
vt 0.4043 0.7313 0.0000
vt 0.6291 0.8172 0.0000
vt 0.3954 0.7326 0.0000
vt 0.6219 0.8214 0.0000
vt 0.3867 0.7339 0.0000
vt 0.6145 0.8258 0.0000
vt 0.3783 0.7352 0.0000
vt 0.6069 0.8303 0.0000
vt 0.3700 0.7365 0.0000
vt 0.5991 0.8349 0.0000
vt 0.3619 0.7377 0.0000
vt 0.5911 0.8396 0.0000
vt 0.3540 0.7389 0.0000
vt 0.5829 0.8445 0.0000
vt 0.3462 0.7401 0.0000
vt 0.5743 0.8495 0.0000
vt 0.3386 0.7413 0.0000
vt 0.5655 0.8547 0.0000
vt 0.3311 0.7424 0.0000
vt 0.5564 0.8601 0.0000
vt 0.3237 0.7436 0.0000
vt 0.5470 0.8656 0.0000
vt 0.7308 0.7568 0.0000
vt 0.3164 0.7447 0.0000
vt 0.5371 0.8714 0.0000
vt 0.7248 0.7603 0.0000
vt 0.3091 0.7458 0.0000
vt 0.3599 0.4721 0.0000
vt 0.3548 0.4613 0.0000
vt 0.7188 0.7639 0.0000
vt 0.3020 0.7470 0.0000
vt 0.3230 0.4402 0.0000
vt 0.3197 0.4312 0.0000
vt 0.7030 0.7781 0.0000
vt 0.6973 0.7823 0.0000
vt 0.2813 0.7536 0.0000
vt 0.2743 0.7540 0.0000
vt 0.3166 0.4227 0.0000
vt 0.6915 0.7865 0.0000
vt 0.2674 0.7544 0.0000
vt 0.3136 0.4145 0.0000
vt 0.6857 0.7908 0.0000
vt 0.2604 0.7549 0.0000
vt 0.3107 0.4067 0.0000
vt 0.6798 0.7952 0.0000
vt 0.2535 0.7553 0.0000
vt 0.4771 0.7432 0.0000
vt 0.4658 0.7438 0.0000
vt 0.6738 0.7996 0.0000
vt 0.4550 0.7443 0.0000
vt 0.6678 0.8040 0.0000
vt 0.4445 0.7448 0.0000
vt 0.6616 0.8085 0.0000
vt 0.4344 0.7453 0.0000
vt 0.6554 0.8131 0.0000
vt 0.4246 0.7458 0.0000
vt 0.6490 0.8178 0.0000
vt 0.4151 0.7463 0.0000
vt 0.6425 0.8226 0.0000
vt 0.4058 0.7468 0.0000
vt 0.6359 0.8274 0.0000
vt 0.3969 0.7473 0.0000
vt 0.6291 0.8324 0.0000
vt 0.3881 0.7477 0.0000
vt 0.6222 0.8375 0.0000
vt 0.3796 0.7482 0.0000
vt 0.6151 0.8427 0.0000
vt 0.3712 0.7486 0.0000
vt 0.6078 0.8480 0.0000
vt 0.3631 0.7491 0.0000
vt 0.6003 0.8535 0.0000
vt 0.3551 0.7495 0.0000
vt 0.5925 0.8592 0.0000
vt 0.3472 0.7499 0.0000
vt 0.5845 0.8650 0.0000
vt 0.3395 0.7504 0.0000
vt 0.5763 0.8711 0.0000
vt 0.3319 0.7508 0.0000
vt 0.5677 0.8773 0.0000
vt 0.3245 0.7512 0.0000
vt 0.5588 0.8838 0.0000
vt 0.7311 0.7573 0.0000
vt 0.3171 0.7516 0.0000
vt 0.5496 0.8905 0.0000
vt 0.7256 0.7614 0.0000
vt 0.3098 0.7520 0.0000
vt 0.3379 0.4812 0.0000
vt 0.3338 0.4701 0.0000
vt 0.7200 0.7656 0.0000
vt 0.3026 0.7524 0.0000
vt 0.3300 0.4596 0.0000
vt 0.7144 0.7697 0.0000
vt 0.2954 0.7528 0.0000
vt 0.3264 0.4496 0.0000
vt 0.7087 0.7739 0.0000
vt 0.2884 0.7532 0.0000
vt 0.2997 0.4279 0.0000
vt 0.2976 0.4195 0.0000
vt 0.6950 0.7908 0.0000
vt 0.6896 0.7957 0.0000
vt 0.2674 0.7565 0.0000
vt 0.2604 0.7562 0.0000
vt 0.2955 0.4114 0.0000
vt 0.6842 0.8006 0.0000
vt 0.2535 0.7559 0.0000
vt 0.4771 0.7657 0.0000
vt 0.4658 0.7652 0.0000
vt 0.6787 0.8055 0.0000
vt 0.4550 0.7647 0.0000
vt 0.6731 0.8105 0.0000
vt 0.4446 0.7642 0.0000
vt 0.6674 0.8156 0.0000
vt 0.4344 0.7637 0.0000
vt 0.6616 0.8208 0.0000
vt 0.4246 0.7633 0.0000
vt 0.6558 0.8261 0.0000
vt 0.4151 0.7628 0.0000
vt 0.6498 0.8315 0.0000
vt 0.4059 0.7624 0.0000
vt 0.6437 0.8370 0.0000
vt 0.3969 0.7620 0.0000
vt 0.6374 0.8426 0.0000
vt 0.3882 0.7616 0.0000
vt 0.6310 0.8483 0.0000
vt 0.3796 0.7612 0.0000
vt 0.6244 0.8542 0.0000
vt 0.3713 0.7609 0.0000
vt 0.6177 0.8602 0.0000
vt 0.3631 0.7605 0.0000
vt 0.6108 0.8665 0.0000
vt 0.3551 0.7602 0.0000
vt 0.6036 0.8729 0.0000
vt 0.3473 0.7598 0.0000
vt 0.5962 0.8795 0.0000
vt 0.3396 0.7595 0.0000
vt 0.5886 0.8863 0.0000
vt 0.3320 0.7592 0.0000
vt 0.5807 0.8933 0.0000
vt 0.3245 0.7588 0.0000
vt 0.5725 0.9007 0.0000
vt 0.7316 0.7578 0.0000
vt 0.3171 0.7585 0.0000
vt 0.5639 0.9083 0.0000
vt 0.7264 0.7625 0.0000
vt 0.3098 0.7582 0.0000
vt 0.3151 0.4882 0.0000
vt 0.3122 0.4767 0.0000
vt 0.7213 0.7672 0.0000
vt 0.3026 0.7579 0.0000
vt 0.3094 0.4659 0.0000
vt 0.7161 0.7718 0.0000
vt 0.2955 0.7576 0.0000
vt 0.3068 0.4557 0.0000
vt 0.7109 0.7765 0.0000
vt 0.2884 0.7573 0.0000
vt 0.3044 0.4460 0.0000
vt 0.7056 0.7813 0.0000
vt 0.2814 0.7571 0.0000
vt 0.3020 0.4368 0.0000
vt 0.7003 0.7860 0.0000
vt 0.2744 0.7568 0.0000
vt 0.4750 0.7881 0.0000
vt 0.4638 0.7865 0.0000
vt 0.6891 0.8055 0.0000
vt 0.6841 0.8110 0.0000
vt 0.2535 0.7566 0.0000
vt 0.4531 0.7850 0.0000
vt 0.6790 0.8165 0.0000
vt 0.4427 0.7835 0.0000
vt 0.6739 0.8221 0.0000
vt 0.4327 0.7820 0.0000
vt 0.6686 0.8279 0.0000
vt 0.4230 0.7806 0.0000
vt 0.6633 0.8337 0.0000
vt 0.4136 0.7793 0.0000
vt 0.6579 0.8396 0.0000
vt 0.4044 0.7779 0.0000
vt 0.6523 0.8457 0.0000
vt 0.3955 0.7767 0.0000
vt 0.6466 0.8519 0.0000
vt 0.3869 0.7754 0.0000
vt 0.6408 0.8582 0.0000
vt 0.3784 0.7742 0.0000
vt 0.6349 0.8647 0.0000
vt 0.3702 0.7730 0.0000
vt 0.6288 0.8714 0.0000
vt 0.3621 0.7719 0.0000
vt 0.6225 0.8783 0.0000
vt 0.3542 0.7708 0.0000
vt 0.6160 0.8854 0.0000
vt 0.3464 0.7696 0.0000
vt 0.6093 0.8927 0.0000
vt 0.3387 0.7686 0.0000
vt 0.6024 0.9002 0.0000
vt 0.3312 0.7675 0.0000
vt 0.5952 0.9080 0.0000
vt 0.3238 0.7664 0.0000
vt 0.5877 0.9162 0.0000
vt 0.7321 0.7583 0.0000
vt 0.3165 0.7654 0.0000
vt 0.5800 0.9246 0.0000
vt 0.7274 0.7635 0.0000
vt 0.3093 0.7644 0.0000
vt 0.2918 0.4929 0.0000
vt 0.2900 0.4812 0.0000
vt 0.7227 0.7686 0.0000
vt 0.3021 0.7634 0.0000
vt 0.2884 0.4702 0.0000
vt 0.7180 0.7738 0.0000
vt 0.2950 0.7624 0.0000
vt 0.2868 0.4598 0.0000
vt 0.7133 0.7790 0.0000
vt 0.2880 0.7614 0.0000
vt 0.2853 0.4499 0.0000
vt 0.7085 0.7842 0.0000
vt 0.2810 0.7604 0.0000
vt 0.2838 0.4405 0.0000
vt 0.7037 0.7894 0.0000
vt 0.2741 0.7595 0.0000
vt 0.2824 0.4315 0.0000
vt 0.6989 0.7947 0.0000
vt 0.2672 0.7585 0.0000
vt 0.2811 0.4229 0.0000
vt 0.6940 0.8001 0.0000
vt 0.2603 0.7576 0.0000
vt 0.2798 0.4146 0.0000
vt 0.4492 0.8050 0.0000
vt 0.4390 0.8025 0.0000
vt 0.6855 0.8219 0.0000
vt 0.6809 0.8280 0.0000
vt 0.4292 0.8001 0.0000
vt 0.6763 0.8342 0.0000
vt 0.4197 0.7977 0.0000
vt 0.6715 0.8405 0.0000
vt 0.4104 0.7954 0.0000
vt 0.6667 0.8470 0.0000
vt 0.4015 0.7933 0.0000
vt 0.6618 0.8535 0.0000
vt 0.3928 0.7911 0.0000
vt 0.6568 0.8603 0.0000
vt 0.3843 0.7890 0.0000
vt 0.6516 0.8672 0.0000
vt 0.3760 0.7870 0.0000
vt 0.6463 0.8742 0.0000
vt 0.3679 0.7850 0.0000
vt 0.6409 0.8815 0.0000
vt 0.3599 0.7831 0.0000
vt 0.6353 0.8889 0.0000
vt 0.3522 0.7812 0.0000
vt 0.6295 0.8966 0.0000
vt 0.3445 0.7793 0.0000
vt 0.6236 0.9045 0.0000
vt 0.3370 0.7775 0.0000
vt 0.6174 0.9127 0.0000
vt 0.3297 0.7757 0.0000
vt 0.6110 0.9212 0.0000
vt 0.3224 0.7739 0.0000
vt 0.6045 0.9300 0.0000
vt 0.7326 0.7588 0.0000
vt 0.3152 0.7722 0.0000
vt 0.5976 0.9392 0.0000
vt 0.7284 0.7643 0.0000
vt 0.3081 0.7705 0.0000
vt 0.2682 0.4952 0.0000
vt 0.2676 0.4835 0.0000
vt 0.7243 0.7699 0.0000
vt 0.3011 0.7688 0.0000
vt 0.2670 0.4724 0.0000
vt 0.7201 0.7755 0.0000
vt 0.2942 0.7671 0.0000
vt 0.2665 0.4619 0.0000
vt 0.7159 0.7811 0.0000
vt 0.2873 0.7655 0.0000
vt 0.2659 0.4519 0.0000
vt 0.7117 0.7868 0.0000
vt 0.2804 0.7638 0.0000
vt 0.2654 0.4424 0.0000
vt 0.7074 0.7925 0.0000
vt 0.2736 0.7622 0.0000
vt 0.2648 0.4334 0.0000
vt 0.7032 0.7982 0.0000
vt 0.2668 0.7605 0.0000
vt 0.2643 0.4247 0.0000
vt 0.6988 0.8040 0.0000
vt 0.2601 0.7589 0.0000
vt 0.2639 0.4164 0.0000
vt 0.6944 0.8099 0.0000
vt 0.2533 0.7573 0.0000
vt 0.4707 0.8102 0.0000
vt 0.4597 0.8075 0.0000
vt 0.6900 0.8159 0.0000
vt 0.3723 0.7995 0.0000
vt 0.3644 0.7967 0.0000
vt 0.6586 0.8825 0.0000
vt 0.6539 0.8903 0.0000
vt 0.3567 0.7940 0.0000
vt 0.6491 0.8982 0.0000
vt 0.3491 0.7914 0.0000
vt 0.6441 0.9065 0.0000
vt 0.3417 0.7888 0.0000
vt 0.6390 0.9149 0.0000
vt 0.3345 0.7863 0.0000
vt 0.6337 0.9237 0.0000
vt 0.3273 0.7837 0.0000
vt 0.6282 0.9328 0.0000
vt 0.3202 0.7813 0.0000
vt 0.6225 0.9422 0.0000
vt 0.7331 0.7591 0.0000
vt 0.3133 0.7788 0.0000
vt 0.6165 0.9520 0.0000
vt 0.7296 0.7651 0.0000
vt 0.3064 0.7764 0.0000
vt 0.2446 0.4952 0.0000
vt 0.2451 0.4836 0.0000
vt 0.7260 0.7710 0.0000
vt 0.2996 0.7741 0.0000
vt 0.2456 0.4725 0.0000
vt 0.7224 0.7770 0.0000
vt 0.2928 0.7717 0.0000
vt 0.2461 0.4620 0.0000
vt 0.7188 0.7830 0.0000
vt 0.2861 0.7694 0.0000
vt 0.2465 0.4521 0.0000
vt 0.7151 0.7891 0.0000
vt 0.2795 0.7671 0.0000
vt 0.2469 0.4426 0.0000
vt 0.7114 0.7952 0.0000
vt 0.2728 0.7648 0.0000
vt 0.2472 0.4335 0.0000
vt 0.7077 0.8013 0.0000
vt 0.2663 0.7625 0.0000
vt 0.2476 0.4249 0.0000
vt 0.7040 0.8075 0.0000
vt 0.2597 0.7602 0.0000
vt 0.2479 0.4165 0.0000
vt 0.7002 0.8138 0.0000
vt 0.2531 0.7579 0.0000
vt 0.4643 0.8318 0.0000
vt 0.4536 0.8281 0.0000
vt 0.6964 0.8201 0.0000
vt 0.4434 0.8245 0.0000
vt 0.6925 0.8266 0.0000
vt 0.4335 0.8210 0.0000
vt 0.6885 0.8331 0.0000
vt 0.4239 0.8177 0.0000
vt 0.6845 0.8397 0.0000
vt 0.4147 0.8144 0.0000
vt 0.6804 0.8465 0.0000
vt 0.4057 0.8112 0.0000
vt 0.6763 0.8534 0.0000
vt 0.3970 0.8082 0.0000
vt 0.6720 0.8604 0.0000
vt 0.3886 0.8052 0.0000
vt 0.6676 0.8676 0.0000
vt 0.3803 0.8023 0.0000
vt 0.6632 0.8750 0.0000
vt 0.3524 0.8046 0.0000
vt 0.3451 0.8013 0.0000
vt 0.6638 0.9062 0.0000
vt 0.6596 0.9148 0.0000
vt 0.3380 0.7979 0.0000
vt 0.6554 0.9238 0.0000
vt 0.3310 0.7947 0.0000
vt 0.6509 0.9330 0.0000
vt 0.3241 0.7915 0.0000
vt 0.6464 0.9426 0.0000
vt 0.3174 0.7884 0.0000
vt 0.6416 0.9526 0.0000
vt 0.7337 0.7595 0.0000
vt 0.3107 0.7853 0.0000
vt 0.6366 0.9629 0.0000
vt 0.7308 0.7657 0.0000
vt 0.3040 0.7822 0.0000
vt 0.2212 0.4929 0.0000
vt 0.2228 0.4815 0.0000
vt 0.7278 0.7720 0.0000
vt 0.2975 0.7792 0.0000
vt 0.2244 0.4706 0.0000
vt 0.7248 0.7783 0.0000
vt 0.2910 0.7762 0.0000
vt 0.2258 0.4602 0.0000
vt 0.7218 0.7847 0.0000
vt 0.2846 0.7732 0.0000
vt 0.2272 0.4503 0.0000
vt 0.7187 0.7910 0.0000
vt 0.2782 0.7702 0.0000
vt 0.2285 0.4410 0.0000
vt 0.7157 0.7974 0.0000
vt 0.2718 0.7673 0.0000
vt 0.2297 0.4320 0.0000
vt 0.7126 0.8039 0.0000
vt 0.2655 0.7644 0.0000
vt 0.2309 0.4234 0.0000
vt 0.7095 0.8105 0.0000
vt 0.2592 0.7615 0.0000
vt 0.2321 0.4152 0.0000
vt 0.7063 0.8171 0.0000
vt 0.2529 0.7586 0.0000
vt 0.4558 0.8527 0.0000
vt 0.4455 0.8479 0.0000
vt 0.7031 0.8238 0.0000
vt 0.4357 0.8434 0.0000
vt 0.6999 0.8306 0.0000
vt 0.4262 0.8389 0.0000
vt 0.6966 0.8374 0.0000
vt 0.4170 0.8347 0.0000
vt 0.6933 0.8444 0.0000
vt 0.4081 0.8305 0.0000
vt 0.6898 0.8516 0.0000
vt 0.3995 0.8265 0.0000
vt 0.6864 0.8588 0.0000
vt 0.3912 0.8226 0.0000
vt 0.6828 0.8663 0.0000
vt 0.3830 0.8188 0.0000
vt 0.6792 0.8738 0.0000
vt 0.3751 0.8152 0.0000
vt 0.6755 0.8816 0.0000
vt 0.3674 0.8116 0.0000
vt 0.6717 0.8896 0.0000
vt 0.3598 0.8081 0.0000
vt 0.6678 0.8977 0.0000
vt 0.3334 0.8067 0.0000
vt 0.3268 0.8028 0.0000
vt 0.6725 0.9309 0.0000
vt 0.6690 0.9406 0.0000
vt 0.3203 0.7989 0.0000
vt 0.6654 0.9506 0.0000
vt 0.3138 0.7951 0.0000
vt 0.6617 0.9609 0.0000
vt 0.7344 0.7597 0.0000
vt 0.3075 0.7914 0.0000
vt 0.6578 0.9717 0.0000
vt 0.7320 0.7663 0.0000
vt 0.3012 0.7877 0.0000
vt 0.1982 0.4887 0.0000
vt 0.2008 0.4773 0.0000
vt 0.7297 0.7728 0.0000
vt 0.2949 0.7840 0.0000
vt 0.2034 0.4666 0.0000
vt 0.7273 0.7794 0.0000
vt 0.2888 0.7804 0.0000
vt 0.2058 0.4564 0.0000
vt 0.7249 0.7860 0.0000
vt 0.2827 0.7768 0.0000
vt 0.2081 0.4468 0.0000
vt 0.7225 0.7926 0.0000
vt 0.2766 0.7733 0.0000
vt 0.2104 0.4375 0.0000
vt 0.7201 0.7993 0.0000
vt 0.2706 0.7697 0.0000
vt 0.2124 0.4287 0.0000
vt 0.7177 0.8060 0.0000
vt 0.2645 0.7662 0.0000
vt 0.2145 0.4203 0.0000
vt 0.7152 0.8129 0.0000
vt 0.2586 0.7627 0.0000
vt 0.2164 0.4122 0.0000
vt 0.7127 0.8198 0.0000
vt 0.2526 0.7592 0.0000
vt 0.4453 0.8726 0.0000
vt 0.4356 0.8669 0.0000
vt 0.7102 0.8267 0.0000
vt 0.4262 0.8614 0.0000
vt 0.7077 0.8338 0.0000
vt 0.4172 0.8561 0.0000
vt 0.7051 0.8410 0.0000
vt 0.4085 0.8509 0.0000
vt 0.7024 0.8483 0.0000
vt 0.4000 0.8459 0.0000
vt 0.6997 0.8557 0.0000
vt 0.3919 0.8411 0.0000
vt 0.6970 0.8633 0.0000
vt 0.3839 0.8364 0.0000
vt 0.6942 0.8710 0.0000
vt 0.3762 0.8319 0.0000
vt 0.6913 0.8789 0.0000
vt 0.3687 0.8274 0.0000
vt 0.6884 0.8870 0.0000
vt 0.3613 0.8231 0.0000
vt 0.6854 0.8953 0.0000
vt 0.3541 0.8189 0.0000
vt 0.6823 0.9038 0.0000
vt 0.3471 0.8147 0.0000
vt 0.6791 0.9126 0.0000
vt 0.3402 0.8107 0.0000
vt 0.6759 0.9216 0.0000
vt 0.3157 0.8059 0.0000
vt 0.3096 0.8015 0.0000
vt 0.6851 0.9566 0.0000
vt 0.6824 0.9673 0.0000
vt 0.7350 0.7599 0.0000
vt 0.3037 0.7972 0.0000
vt 0.6796 0.9784 0.0000
vt 0.7333 0.7667 0.0000
vt 0.2978 0.7929 0.0000
vt 0.1755 0.4822 0.0000
vt 0.1793 0.4711 0.0000
vt 0.7316 0.7734 0.0000
vt 0.2919 0.7886 0.0000
vt 0.1829 0.4607 0.0000
vt 0.7299 0.7802 0.0000
vt 0.2862 0.7844 0.0000
vt 0.1863 0.4508 0.0000
vt 0.7282 0.7870 0.0000
vt 0.2804 0.7803 0.0000
vt 0.1896 0.4413 0.0000
vt 0.7265 0.7938 0.0000
vt 0.2747 0.7761 0.0000
vt 0.1926 0.4324 0.0000
vt 0.7247 0.8007 0.0000
vt 0.2691 0.7720 0.0000
vt 0.1956 0.4238 0.0000
vt 0.7230 0.8077 0.0000
vt 0.2634 0.7679 0.0000
vt 0.1984 0.4157 0.0000
vt 0.7212 0.8147 0.0000
vt 0.2578 0.7638 0.0000
vt 0.2011 0.4078 0.0000
vt 0.7194 0.8218 0.0000
vt 0.2522 0.7597 0.0000
vt 0.4329 0.8915 0.0000
vt 0.4238 0.8848 0.0000
vt 0.7175 0.8290 0.0000
vt 0.4150 0.8784 0.0000
vt 0.7157 0.8363 0.0000
vt 0.4066 0.8722 0.0000
vt 0.7138 0.8437 0.0000
vt 0.3984 0.8663 0.0000
vt 0.7119 0.8512 0.0000
vt 0.3905 0.8605 0.0000
vt 0.7100 0.8588 0.0000
vt 0.3828 0.8549 0.0000
vt 0.7080 0.8666 0.0000
vt 0.3753 0.8494 0.0000
vt 0.7059 0.8746 0.0000
vt 0.3681 0.8442 0.0000
vt 0.7039 0.8828 0.0000
vt 0.3610 0.8390 0.0000
vt 0.7017 0.8911 0.0000
vt 0.3542 0.8340 0.0000
vt 0.6996 0.8996 0.0000
vt 0.3474 0.8291 0.0000
vt 0.6973 0.9084 0.0000
vt 0.3408 0.8243 0.0000
vt 0.6951 0.9175 0.0000
vt 0.3344 0.8196 0.0000
vt 0.6927 0.9268 0.0000
vt 0.3280 0.8149 0.0000
vt 0.6903 0.9364 0.0000
vt 0.3218 0.8104 0.0000
vt 0.6877 0.9463 0.0000
vt 0.2993 0.8025 0.0000
vt 0.2939 0.7977 0.0000
vt 0.1536 0.4734 0.0000
vt 0.1585 0.4628 0.0000
vt 0.7347 0.7669 0.0000
vt 0.7336 0.7738 0.0000
vt 0.2885 0.7929 0.0000
vt 0.1631 0.4527 0.0000
vt 0.7326 0.7807 0.0000
vt 0.2832 0.7882 0.0000
vt 0.1674 0.4432 0.0000
vt 0.7315 0.7876 0.0000
vt 0.2779 0.7835 0.0000
vt 0.1716 0.4342 0.0000
vt 0.7305 0.7946 0.0000
vt 0.2726 0.7788 0.0000
vt 0.1755 0.4255 0.0000
vt 0.7294 0.8017 0.0000
vt 0.2674 0.7741 0.0000
vt 0.1793 0.4173 0.0000
vt 0.7284 0.8088 0.0000
vt 0.2621 0.7695 0.0000
vt 0.1829 0.4095 0.0000
vt 0.7273 0.8159 0.0000
vt 0.2570 0.7649 0.0000
vt 0.1864 0.4019 0.0000
vt 0.7262 0.8232 0.0000
vt 0.2518 0.7603 0.0000
vt 0.4187 0.9090 0.0000
vt 0.4103 0.9015 0.0000
vt 0.7251 0.8305 0.0000
vt 0.4022 0.8943 0.0000
vt 0.7239 0.8379 0.0000
vt 0.3944 0.8873 0.0000
vt 0.7228 0.8455 0.0000
vt 0.3868 0.8806 0.0000
vt 0.7216 0.8532 0.0000
vt 0.3795 0.8740 0.0000
vt 0.7204 0.8610 0.0000
vt 0.3725 0.8677 0.0000
vt 0.7192 0.8689 0.0000
vt 0.3656 0.8616 0.0000
vt 0.7180 0.8771 0.0000
vt 0.3589 0.8556 0.0000
vt 0.7167 0.8854 0.0000
vt 0.3523 0.8498 0.0000
vt 0.7154 0.8939 0.0000
vt 0.3460 0.8441 0.0000
vt 0.7141 0.9026 0.0000
vt 0.3398 0.8386 0.0000
vt 0.7128 0.9115 0.0000
vt 0.3337 0.8331 0.0000
vt 0.7114 0.9208 0.0000
vt 0.3277 0.8278 0.0000
vt 0.7099 0.9302 0.0000
vt 0.3218 0.8226 0.0000
vt 0.7085 0.9400 0.0000
vt 0.3161 0.8175 0.0000
vt 0.7069 0.9501 0.0000
vt 0.3104 0.8124 0.0000
vt 0.7054 0.9606 0.0000
vt 0.3048 0.8074 0.0000
vt 0.7038 0.9715 0.0000
vt 0.7357 0.7601 0.0000
vt 0.7021 0.9828 0.0000
vt 0.2846 0.7968 0.0000
vt 0.2798 0.7916 0.0000
vt 0.1441 0.4429 0.0000
vt 0.1494 0.4338 0.0000
vt 0.7353 0.7810 0.0000
vt 0.7349 0.7880 0.0000
vt 0.2750 0.7864 0.0000
vt 0.1544 0.4252 0.0000
vt 0.7346 0.7950 0.0000
vt 0.2702 0.7812 0.0000
vt 0.1591 0.4171 0.0000
vt 0.7342 0.8021 0.0000
vt 0.2655 0.7761 0.0000
vt 0.1637 0.4092 0.0000
vt 0.7338 0.8093 0.0000
vt 0.2607 0.7710 0.0000
vt 0.1681 0.4018 0.0000
vt 0.7335 0.8165 0.0000
vt 0.2560 0.7659 0.0000
vt 0.1723 0.3946 0.0000
vt 0.7331 0.8239 0.0000
vt 0.2513 0.7608 0.0000
vt 0.4029 0.9251 0.0000
vt 0.3953 0.9168 0.0000
vt 0.7327 0.8313 0.0000
vt 0.3879 0.9088 0.0000
vt 0.7323 0.8388 0.0000
vt 0.3808 0.9011 0.0000
vt 0.7319 0.8464 0.0000
vt 0.3740 0.8936 0.0000
vt 0.7315 0.8542 0.0000
vt 0.3673 0.8864 0.0000
vt 0.7311 0.8620 0.0000
vt 0.3609 0.8795 0.0000
vt 0.7307 0.8701 0.0000
vt 0.3546 0.8727 0.0000
vt 0.7302 0.8783 0.0000
vt 0.3486 0.8661 0.0000
vt 0.7298 0.8867 0.0000
vt 0.3426 0.8596 0.0000
vt 0.7293 0.8953 0.0000
vt 0.3368 0.8534 0.0000
vt 0.7289 0.9041 0.0000
vt 0.3312 0.8473 0.0000
vt 0.7284 0.9131 0.0000
vt 0.3257 0.8413 0.0000
vt 0.7279 0.9224 0.0000
vt 0.3203 0.8354 0.0000
vt 0.7274 0.9320 0.0000
vt 0.3149 0.8296 0.0000
vt 0.7269 0.9419 0.0000
vt 0.3097 0.8240 0.0000
vt 0.7264 0.9521 0.0000
vt 0.3046 0.8184 0.0000
vt 0.7259 0.9627 0.0000
vt 0.2995 0.8129 0.0000
vt 0.7253 0.9736 0.0000
vt 0.7364 0.7601 0.0000
vt 0.2945 0.8075 0.0000
vt 0.7248 0.9850 0.0000
vt 0.7360 0.7671 0.0000
vt 0.2895 0.8021 0.0000
vt 0.1326 0.4626 0.0000
vt 0.1385 0.4525 0.0000
vt 0.7357 0.7740 0.0000
vt 0.2718 0.7890 0.0000
vt 0.2676 0.7834 0.0000
vt 0.1381 0.4147 0.0000
vt 0.1437 0.4070 0.0000
vt 0.7387 0.7950 0.0000
vt 0.7390 0.8022 0.0000
vt 0.2634 0.7778 0.0000
vt 0.1490 0.3997 0.0000
vt 0.7394 0.8093 0.0000
vt 0.2592 0.7723 0.0000
vt 0.1540 0.3926 0.0000
vt 0.7397 0.8166 0.0000
vt 0.2550 0.7667 0.0000
vt 0.1589 0.3859 0.0000
vt 0.7400 0.8239 0.0000
vt 0.2508 0.7612 0.0000
vt 0.3856 0.9395 0.0000
vt 0.3788 0.9305 0.0000
vt 0.7404 0.8313 0.0000
vt 0.3723 0.9219 0.0000
vt 0.7407 0.8388 0.0000
vt 0.3660 0.9135 0.0000
vt 0.7411 0.8464 0.0000
vt 0.3599 0.9054 0.0000
vt 0.7414 0.8542 0.0000
vt 0.3540 0.8976 0.0000
vt 0.7418 0.8621 0.0000
vt 0.3483 0.8900 0.0000
vt 0.7422 0.8701 0.0000
vt 0.3427 0.8827 0.0000
vt 0.7425 0.8783 0.0000
vt 0.3373 0.8755 0.0000
vt 0.7429 0.8867 0.0000
vt 0.3320 0.8685 0.0000
vt 0.7433 0.8953 0.0000
vt 0.3269 0.8617 0.0000
vt 0.7437 0.9041 0.0000
vt 0.3218 0.8551 0.0000
vt 0.7441 0.9132 0.0000
vt 0.3169 0.8486 0.0000
vt 0.7446 0.9225 0.0000
vt 0.3121 0.8422 0.0000
vt 0.7450 0.9320 0.0000
vt 0.3074 0.8360 0.0000
vt 0.7455 0.9419 0.0000
vt 0.3027 0.8298 0.0000
vt 0.7459 0.9521 0.0000
vt 0.2982 0.8238 0.0000
vt 0.7464 0.9627 0.0000
vt 0.2936 0.8178 0.0000
vt 0.7470 0.9736 0.0000
vt 0.7371 0.7601 0.0000
vt 0.2892 0.8119 0.0000
vt 0.7475 0.9850 0.0000
vt 0.7374 0.7671 0.0000
vt 0.2848 0.8061 0.0000
vt 0.1128 0.4498 0.0000
vt 0.1197 0.4402 0.0000
vt 0.7377 0.7740 0.0000
vt 0.2804 0.8004 0.0000
vt 0.1262 0.4313 0.0000
vt 0.7380 0.7810 0.0000
vt 0.2761 0.7947 0.0000
vt 0.1323 0.4228 0.0000
vt 0.7384 0.7880 0.0000
vt 0.2611 0.7794 0.0000
vt 0.2575 0.7734 0.0000
vt 0.1353 0.3887 0.0000
vt 0.1410 0.3822 0.0000
vt 0.7449 0.8088 0.0000
vt 0.7459 0.8160 0.0000
vt 0.2538 0.7675 0.0000
vt 0.1465 0.3760 0.0000
vt 0.7470 0.8232 0.0000
vt 0.2502 0.7616 0.0000
vt 0.3670 0.9522 0.0000
vt 0.3611 0.9426 0.0000
vt 0.7480 0.8306 0.0000
vt 0.3554 0.9333 0.0000
vt 0.7491 0.8380 0.0000
vt 0.3500 0.9244 0.0000
vt 0.7502 0.8456 0.0000
vt 0.3447 0.9158 0.0000
vt 0.7513 0.8532 0.0000
vt 0.3396 0.9074 0.0000
vt 0.7525 0.8611 0.0000
vt 0.3346 0.8993 0.0000
vt 0.7536 0.8690 0.0000
vt 0.3298 0.8914 0.0000
vt 0.7548 0.8772 0.0000
vt 0.3251 0.8838 0.0000
vt 0.7560 0.8855 0.0000
vt 0.3206 0.8763 0.0000
vt 0.7572 0.8940 0.0000
vt 0.3161 0.8691 0.0000
vt 0.7585 0.9027 0.0000
vt 0.3118 0.8620 0.0000
vt 0.7598 0.9117 0.0000
vt 0.3075 0.8550 0.0000
vt 0.7611 0.9209 0.0000
vt 0.3033 0.8482 0.0000
vt 0.7625 0.9304 0.0000
vt 0.2992 0.8415 0.0000
vt 0.7639 0.9402 0.0000
vt 0.2952 0.8349 0.0000
vt 0.7654 0.9503 0.0000
vt 0.2912 0.8285 0.0000
vt 0.7669 0.9607 0.0000
vt 0.2873 0.8221 0.0000
vt 0.7685 0.9715 0.0000
vt 0.7377 0.7601 0.0000
vt 0.2835 0.8158 0.0000
vt 0.7701 0.9828 0.0000
vt 0.7387 0.7669 0.0000
vt 0.2797 0.8096 0.0000
vt 0.0943 0.4350 0.0000
vt 0.1021 0.4262 0.0000
vt 0.7397 0.7738 0.0000
vt 0.2759 0.8035 0.0000
vt 0.1094 0.4179 0.0000
vt 0.7408 0.7807 0.0000
vt 0.2722 0.7974 0.0000
vt 0.1164 0.4100 0.0000
vt 0.7418 0.7877 0.0000
vt 0.2685 0.7913 0.0000
vt 0.1230 0.4026 0.0000
vt 0.7428 0.7947 0.0000
vt 0.2648 0.7853 0.0000
vt 0.1293 0.3955 0.0000
vt 0.7438 0.8017 0.0000
vt 0.2526 0.7682 0.0000
vt 0.2496 0.7619 0.0000
vt 0.3472 0.9630 0.0000
vt 0.3423 0.9528 0.0000
vt 0.7538 0.8219 0.0000
vt 0.7556 0.8291 0.0000
vt 0.3376 0.9431 0.0000
vt 0.7574 0.8364 0.0000
vt 0.3330 0.9337 0.0000
vt 0.7592 0.8438 0.0000
vt 0.3286 0.9246 0.0000
vt 0.7611 0.8513 0.0000
vt 0.3243 0.9157 0.0000
vt 0.7630 0.8590 0.0000
vt 0.3202 0.9072 0.0000
vt 0.7649 0.8668 0.0000
vt 0.3162 0.8989 0.0000
vt 0.7669 0.8748 0.0000
vt 0.3123 0.8909 0.0000
vt 0.7689 0.8830 0.0000
vt 0.3084 0.8830 0.0000
vt 0.7709 0.8913 0.0000
vt 0.3047 0.8753 0.0000
vt 0.7730 0.8999 0.0000
vt 0.3011 0.8678 0.0000
vt 0.7752 0.9087 0.0000
vt 0.2975 0.8605 0.0000
vt 0.7774 0.9177 0.0000
vt 0.2940 0.8533 0.0000
vt 0.7797 0.9270 0.0000
vt 0.2906 0.8463 0.0000
vt 0.7821 0.9366 0.0000
vt 0.2872 0.8393 0.0000
vt 0.7845 0.9465 0.0000
vt 0.2839 0.8325 0.0000
vt 0.7871 0.9568 0.0000
vt 0.2807 0.8258 0.0000
vt 0.7897 0.9674 0.0000
vt 0.7384 0.7599 0.0000
vt 0.2774 0.8191 0.0000
vt 0.7924 0.9784 0.0000
vt 0.7401 0.7667 0.0000
vt 0.2742 0.8126 0.0000
vt 0.0773 0.4185 0.0000
vt 0.0860 0.4105 0.0000
vt 0.7418 0.7734 0.0000
vt 0.2711 0.8061 0.0000
vt 0.0941 0.4029 0.0000
vt 0.7434 0.7802 0.0000
vt 0.2680 0.7997 0.0000
vt 0.1018 0.3958 0.0000
vt 0.7451 0.7870 0.0000
vt 0.2649 0.7933 0.0000
vt 0.1091 0.3890 0.0000
vt 0.7468 0.7939 0.0000
vt 0.2618 0.7870 0.0000
vt 0.1161 0.3826 0.0000
vt 0.7485 0.8008 0.0000
vt 0.2587 0.7807 0.0000
vt 0.1227 0.3764 0.0000
vt 0.7503 0.8077 0.0000
vt 0.2557 0.7744 0.0000
vt 0.1291 0.3705 0.0000
vt 0.7520 0.8148 0.0000
vt 0.1352 0.3649 0.0000
vt 0.3188 0.9510 0.0000
vt 0.3152 0.9412 0.0000
vt 0.7654 0.8340 0.0000
vt 0.7680 0.8411 0.0000
vt 0.3117 0.9317 0.0000
vt 0.7706 0.8485 0.0000
vt 0.3083 0.9226 0.0000
vt 0.7732 0.8559 0.0000
vt 0.3050 0.9137 0.0000
vt 0.7759 0.8635 0.0000
vt 0.3018 0.9050 0.0000
vt 0.7786 0.8713 0.0000
vt 0.2987 0.8966 0.0000
vt 0.7815 0.8792 0.0000
vt 0.2957 0.8884 0.0000
vt 0.7843 0.8873 0.0000
vt 0.2927 0.8804 0.0000
vt 0.7872 0.8956 0.0000
vt 0.2899 0.8726 0.0000
vt 0.7903 0.9041 0.0000
vt 0.2870 0.8650 0.0000
vt 0.7934 0.9129 0.0000
vt 0.2842 0.8575 0.0000
vt 0.7966 0.9220 0.0000
vt 0.2815 0.8501 0.0000
vt 0.7999 0.9313 0.0000
vt 0.2789 0.8429 0.0000
vt 0.8032 0.9409 0.0000
vt 0.2762 0.8358 0.0000
vt 0.8067 0.9509 0.0000
vt 0.2736 0.8288 0.0000
vt 0.8104 0.9612 0.0000
vt 0.7391 0.7597 0.0000
vt 0.2711 0.8219 0.0000
vt 0.8141 0.9720 0.0000
vt 0.7414 0.7663 0.0000
vt 0.2685 0.8150 0.0000
vt 0.0620 0.4004 0.0000
vt 0.0715 0.3932 0.0000
vt 0.7437 0.7728 0.0000
vt 0.2660 0.8083 0.0000
vt 0.0803 0.3865 0.0000
vt 0.7461 0.7794 0.0000
vt 0.2636 0.8015 0.0000
vt 0.0887 0.3802 0.0000
vt 0.7484 0.7860 0.0000
vt 0.2611 0.7949 0.0000
vt 0.0966 0.3741 0.0000
vt 0.7508 0.7927 0.0000
vt 0.2587 0.7883 0.0000
vt 0.1042 0.3684 0.0000
vt 0.7532 0.7994 0.0000
vt 0.2562 0.7817 0.0000
vt 0.1114 0.3629 0.0000
vt 0.7556 0.8061 0.0000
vt 0.2538 0.7752 0.0000
vt 0.1184 0.3577 0.0000
vt 0.7580 0.8130 0.0000
vt 0.2514 0.7687 0.0000
vt 0.1249 0.3527 0.0000
vt 0.7604 0.8199 0.0000
vt 0.2490 0.7622 0.0000
vt 0.3265 0.9718 0.0000
vt 0.3226 0.9612 0.0000
vt 0.7629 0.8269 0.0000
vt 0.2942 0.9373 0.0000
vt 0.2918 0.9278 0.0000
vt 0.7798 0.8447 0.0000
vt 0.7831 0.8519 0.0000
vt 0.2894 0.9186 0.0000
vt 0.7865 0.8591 0.0000
vt 0.2870 0.9097 0.0000
vt 0.7900 0.8666 0.0000
vt 0.2847 0.9010 0.0000
vt 0.7936 0.8742 0.0000
vt 0.2825 0.8926 0.0000
vt 0.7972 0.8820 0.0000
vt 0.2803 0.8844 0.0000
vt 0.8010 0.8900 0.0000
vt 0.2782 0.8763 0.0000
vt 0.8048 0.8982 0.0000
vt 0.2762 0.8684 0.0000
vt 0.8088 0.9066 0.0000
vt 0.2741 0.8607 0.0000
vt 0.8128 0.9153 0.0000
vt 0.2721 0.8531 0.0000
vt 0.8170 0.9243 0.0000
vt 0.2702 0.8456 0.0000
vt 0.8213 0.9335 0.0000
vt 0.2683 0.8383 0.0000
vt 0.8258 0.9431 0.0000
vt 0.2664 0.8311 0.0000
vt 0.8304 0.9531 0.0000
vt 0.7397 0.7595 0.0000
vt 0.2645 0.8239 0.0000
vt 0.8352 0.9634 0.0000
vt 0.7426 0.7658 0.0000
vt 0.2626 0.8169 0.0000
vt 0.0488 0.3807 0.0000
vt 0.0587 0.3746 0.0000
vt 0.7456 0.7720 0.0000
vt 0.2608 0.8099 0.0000
vt 0.0682 0.3688 0.0000
vt 0.7486 0.7784 0.0000
vt 0.2590 0.8030 0.0000
vt 0.0772 0.3633 0.0000
vt 0.7516 0.7847 0.0000
vt 0.2572 0.7961 0.0000
vt 0.0857 0.3581 0.0000
vt 0.7546 0.7911 0.0000
vt 0.2554 0.7893 0.0000
vt 0.0938 0.3531 0.0000
vt 0.7576 0.7975 0.0000
vt 0.2536 0.7826 0.0000
vt 0.1015 0.3484 0.0000
vt 0.7607 0.8040 0.0000
vt 0.2519 0.7758 0.0000
vt 0.1089 0.3439 0.0000
vt 0.7637 0.8106 0.0000
vt 0.2501 0.7691 0.0000
vt 0.1160 0.3396 0.0000
vt 0.7669 0.8172 0.0000
vt 0.2483 0.7624 0.0000
vt 0.3050 0.9785 0.0000
vt 0.3022 0.9676 0.0000
vt 0.7700 0.8239 0.0000
vt 0.2994 0.9571 0.0000
vt 0.7732 0.8308 0.0000
vt 0.2968 0.9470 0.0000
vt 0.7765 0.8377 0.0000
vt 0.2732 0.9220 0.0000
vt 0.2718 0.9129 0.0000
vt 0.7967 0.8538 0.0000
vt 0.8009 0.8608 0.0000
vt 0.2704 0.9041 0.0000
vt 0.8052 0.8680 0.0000
vt 0.2690 0.8955 0.0000
vt 0.8096 0.8754 0.0000
vt 0.2676 0.8870 0.0000
vt 0.8141 0.8830 0.0000
vt 0.2663 0.8788 0.0000
vt 0.8187 0.8908 0.0000
vt 0.2650 0.8708 0.0000
vt 0.8235 0.8988 0.0000
vt 0.2637 0.8629 0.0000
vt 0.8284 0.9071 0.0000
vt 0.2625 0.8551 0.0000
vt 0.8334 0.9156 0.0000
vt 0.2613 0.8475 0.0000
vt 0.8386 0.9244 0.0000
vt 0.2601 0.8400 0.0000
vt 0.8440 0.9335 0.0000
vt 0.2589 0.8326 0.0000
vt 0.8496 0.9430 0.0000
vt 0.7403 0.7592 0.0000
vt 0.2577 0.8254 0.0000
vt 0.8554 0.9528 0.0000
vt 0.7438 0.7651 0.0000
vt 0.2566 0.8182 0.0000
vt 0.0373 0.3600 0.0000
vt 0.0479 0.3548 0.0000
vt 0.7474 0.7711 0.0000
vt 0.2554 0.8110 0.0000
vt 0.0579 0.3500 0.0000
vt 0.7510 0.7771 0.0000
vt 0.2543 0.8040 0.0000
vt 0.0674 0.3454 0.0000
vt 0.7546 0.7831 0.0000
vt 0.2532 0.7970 0.0000
vt 0.0764 0.3410 0.0000
vt 0.7582 0.7892 0.0000
vt 0.2521 0.7900 0.0000
vt 0.0850 0.3369 0.0000
vt 0.7618 0.7953 0.0000
vt 0.2510 0.7831 0.0000
vt 0.0931 0.3330 0.0000
vt 0.7655 0.8014 0.0000
vt 0.2499 0.7762 0.0000
vt 0.1009 0.3292 0.0000
vt 0.7692 0.8077 0.0000
vt 0.2488 0.7694 0.0000
vt 0.1084 0.3256 0.0000
vt 0.7730 0.8140 0.0000
vt 0.2477 0.7625 0.0000
vt 0.2830 0.9831 0.0000
vt 0.2813 0.9720 0.0000
vt 0.7768 0.8203 0.0000
vt 0.2796 0.9613 0.0000
vt 0.7806 0.8268 0.0000
vt 0.2779 0.9510 0.0000
vt 0.7846 0.8334 0.0000
vt 0.2763 0.9410 0.0000
vt 0.7885 0.8400 0.0000
vt 0.2747 0.9314 0.0000
vt 0.7926 0.8468 0.0000
vt 0.2558 0.9057 0.0000
vt 0.2552 0.8970 0.0000
vt 0.8161 0.8608 0.0000
vt 0.8212 0.8677 0.0000
vt 0.2547 0.8885 0.0000
vt 0.8265 0.8748 0.0000
vt 0.2542 0.8802 0.0000
vt 0.8318 0.8821 0.0000
vt 0.2537 0.8720 0.0000
vt 0.8374 0.8896 0.0000
vt 0.2532 0.8641 0.0000
vt 0.8430 0.8974 0.0000
vt 0.2527 0.8562 0.0000
vt 0.8489 0.9054 0.0000
vt 0.2522 0.8485 0.0000
vt 0.8550 0.9136 0.0000
vt 0.2518 0.8410 0.0000
vt 0.8612 0.9222 0.0000
vt 0.2513 0.8335 0.0000
vt 0.8677 0.9311 0.0000
vt 0.7408 0.7588 0.0000
vt 0.2508 0.8261 0.0000
vt 0.8745 0.9403 0.0000
vt 0.7450 0.7644 0.0000
vt 0.2504 0.8188 0.0000
vt 0.0278 0.3381 0.0000
vt 0.0391 0.3340 0.0000
vt 0.7491 0.7700 0.0000
vt 0.2500 0.8116 0.0000
vt 0.0495 0.3302 0.0000
vt 0.7533 0.7756 0.0000
vt 0.2495 0.8045 0.0000
vt 0.0594 0.3266 0.0000
vt 0.7574 0.7812 0.0000
vt 0.2491 0.7974 0.0000
vt 0.0688 0.3231 0.0000
vt 0.7616 0.7869 0.0000
vt 0.2487 0.7904 0.0000
vt 0.0778 0.3199 0.0000
vt 0.7659 0.7926 0.0000
vt 0.2482 0.7834 0.0000
vt 0.0863 0.3168 0.0000
vt 0.7701 0.7984 0.0000
vt 0.2478 0.7765 0.0000
vt 0.0944 0.3138 0.0000
vt 0.7744 0.8042 0.0000
vt 0.2474 0.7695 0.0000
vt 0.1022 0.3109 0.0000
vt 0.7788 0.8101 0.0000
vt 0.2470 0.7626 0.0000
vt 0.2608 0.9856 0.0000
vt 0.2601 0.9743 0.0000
vt 0.7832 0.8161 0.0000
vt 0.2594 0.9636 0.0000
vt 0.7877 0.8221 0.0000
vt 0.2587 0.9532 0.0000
vt 0.7922 0.8283 0.0000
vt 0.2581 0.9431 0.0000
vt 0.7968 0.8345 0.0000
vt 0.2575 0.9333 0.0000
vt 0.8015 0.8409 0.0000
vt 0.2569 0.9239 0.0000
vt 0.8063 0.8474 0.0000
vt 0.2563 0.9147 0.0000
vt 0.8112 0.8540 0.0000
vt 0.2417 0.8887 0.0000
vt 0.2420 0.8803 0.0000
vt 0.8380 0.8654 0.0000
vt 0.8440 0.8722 0.0000
vt 0.2423 0.8722 0.0000
vt 0.8503 0.8791 0.0000
vt 0.2425 0.8642 0.0000
vt 0.8567 0.8863 0.0000
vt 0.2428 0.8564 0.0000
vt 0.8633 0.8936 0.0000
vt 0.2431 0.8486 0.0000
vt 0.8702 0.9013 0.0000
vt 0.2434 0.8411 0.0000
vt 0.8773 0.9092 0.0000
vt 0.2437 0.8336 0.0000
vt 0.8846 0.9174 0.0000
vt 0.7414 0.7583 0.0000
vt 0.2439 0.8262 0.0000
vt 0.8922 0.9259 0.0000
vt 0.7460 0.7635 0.0000
vt 0.2442 0.8189 0.0000
vt 0.0209 0.3152 0.0000
vt 0.0324 0.3123 0.0000
vt 0.7507 0.7687 0.0000
vt 0.2445 0.8117 0.0000
vt 0.0432 0.3096 0.0000
vt 0.7554 0.7738 0.0000
vt 0.2447 0.8046 0.0000
vt 0.0534 0.3070 0.0000
vt 0.7601 0.7790 0.0000
vt 0.2450 0.7975 0.0000
vt 0.0631 0.3045 0.0000
vt 0.7648 0.7843 0.0000
vt 0.2453 0.7904 0.0000
vt 0.0723 0.3022 0.0000
vt 0.7696 0.7896 0.0000
vt 0.2455 0.7834 0.0000
vt 0.0811 0.2999 0.0000
vt 0.7744 0.7949 0.0000
vt 0.2458 0.7765 0.0000
vt 0.0895 0.2978 0.0000
vt 0.7792 0.8003 0.0000
vt 0.2461 0.7695 0.0000
vt 0.0975 0.2957 0.0000
vt 0.7842 0.8057 0.0000
vt 0.2463 0.7626 0.0000
vt 0.2384 0.9859 0.0000
vt 0.2387 0.9747 0.0000
vt 0.7891 0.8112 0.0000
vt 0.2391 0.9639 0.0000
vt 0.7942 0.8168 0.0000
vt 0.2394 0.9534 0.0000
vt 0.7993 0.8225 0.0000
vt 0.2398 0.9433 0.0000
vt 0.8045 0.8282 0.0000
vt 0.2401 0.9336 0.0000
vt 0.8098 0.8341 0.0000
vt 0.2404 0.9241 0.0000
vt 0.8152 0.8401 0.0000
vt 0.2407 0.9149 0.0000
vt 0.8207 0.8462 0.0000
vt 0.2411 0.9059 0.0000
vt 0.8263 0.8525 0.0000
vt 0.2414 0.8972 0.0000
vt 0.8321 0.8589 0.0000
vt 0.2309 0.8712 0.0000
vt 0.2319 0.8633 0.0000
vt 0.8621 0.8674 0.0000
vt 0.8692 0.8739 0.0000
vt 0.2330 0.8555 0.0000
vt 0.8765 0.8805 0.0000
vt 0.2340 0.8479 0.0000
vt 0.8841 0.8875 0.0000
vt 0.2350 0.8404 0.0000
vt 0.8919 0.8946 0.0000
vt 0.2361 0.8329 0.0000
vt 0.9001 0.9021 0.0000
vt 0.7419 0.7579 0.0000
vt 0.2370 0.8256 0.0000
vt 0.9085 0.9098 0.0000
vt 0.7470 0.7625 0.0000
vt 0.2380 0.8184 0.0000
vt 0.0163 0.2919 0.0000
vt 0.0280 0.2902 0.0000
vt 0.7521 0.7672 0.0000
vt 0.2390 0.8112 0.0000
vt 0.0389 0.2885 0.0000
vt 0.7573 0.7719 0.0000
vt 0.2400 0.8042 0.0000
vt 0.0494 0.2870 0.0000
vt 0.7625 0.7766 0.0000
vt 0.2409 0.7971 0.0000
vt 0.0592 0.2855 0.0000
vt 0.7677 0.7814 0.0000
vt 0.2419 0.7901 0.0000
vt 0.0686 0.2841 0.0000
vt 0.7730 0.7862 0.0000
vt 0.2428 0.7832 0.0000
vt 0.0776 0.2827 0.0000
vt 0.7783 0.7910 0.0000
vt 0.2438 0.7763 0.0000
vt 0.0861 0.2814 0.0000
vt 0.7837 0.7959 0.0000
vt 0.2447 0.7694 0.0000
vt 0.0944 0.2801 0.0000
vt 0.7891 0.8008 0.0000
vt 0.2456 0.7625 0.0000
vt 0.2160 0.9841 0.0000
vt 0.2174 0.9730 0.0000
vt 0.7946 0.8058 0.0000
vt 0.2188 0.9622 0.0000
vt 0.8001 0.8109 0.0000
vt 0.2202 0.9519 0.0000
vt 0.8058 0.8160 0.0000
vt 0.2215 0.9418 0.0000
vt 0.8115 0.8212 0.0000
vt 0.2228 0.9321 0.0000
vt 0.8174 0.8266 0.0000
vt 0.2240 0.9227 0.0000
vt 0.8233 0.8320 0.0000
vt 0.2252 0.9136 0.0000
vt 0.8294 0.8375 0.0000
vt 0.2264 0.9047 0.0000
vt 0.8356 0.8432 0.0000
vt 0.2276 0.8960 0.0000
vt 0.8420 0.8490 0.0000
vt 0.2287 0.8876 0.0000
vt 0.8485 0.8549 0.0000
vt 0.2298 0.8793 0.0000
vt 0.8552 0.8611 0.0000
vt 0.2233 0.8537 0.0000
vt 0.2251 0.8462 0.0000
vt 0.8884 0.8662 0.0000
vt 0.8966 0.8723 0.0000
vt 0.2268 0.8388 0.0000
vt 0.9051 0.8787 0.0000
vt 0.2285 0.8315 0.0000
vt 0.9140 0.8853 0.0000
vt 0.7423 0.7573 0.0000
vt 0.2302 0.8244 0.0000
vt 0.9231 0.8922 0.0000
vt 0.7479 0.7615 0.0000
vt 0.2319 0.8173 0.0000
vt 0.0141 0.2683 0.0000
vt 0.0258 0.2677 0.0000
vt 0.7534 0.7656 0.0000
vt 0.2336 0.8102 0.0000
vt 0.0368 0.2672 0.0000
vt 0.7590 0.7698 0.0000
vt 0.2352 0.8033 0.0000
vt 0.0473 0.2667 0.0000
vt 0.7647 0.7740 0.0000
vt 0.2369 0.7964 0.0000
vt 0.0573 0.2662 0.0000
vt 0.7703 0.7782 0.0000
vt 0.2385 0.7895 0.0000
vt 0.0667 0.2657 0.0000
vt 0.7760 0.7825 0.0000
vt 0.2401 0.7827 0.0000
vt 0.0758 0.2652 0.0000
vt 0.7818 0.7867 0.0000
vt 0.2417 0.7759 0.0000
vt 0.0844 0.2648 0.0000
vt 0.7876 0.7911 0.0000
vt 0.2434 0.7692 0.0000
vt 0.0927 0.2643 0.0000
vt 0.7935 0.7954 0.0000
vt 0.2450 0.7624 0.0000
vt 0.1938 0.9802 0.0000
vt 0.1963 0.9692 0.0000
vt 0.7994 0.7999 0.0000
vt 0.1988 0.9586 0.0000
vt 0.8055 0.8044 0.0000
vt 0.2011 0.9484 0.0000
vt 0.8116 0.8089 0.0000
vt 0.2034 0.9386 0.0000
vt 0.8178 0.8136 0.0000
vt 0.2056 0.9290 0.0000
vt 0.8242 0.8183 0.0000
vt 0.2078 0.9198 0.0000
vt 0.8306 0.8231 0.0000
vt 0.2099 0.9108 0.0000
vt 0.8372 0.8280 0.0000
vt 0.2119 0.9020 0.0000
vt 0.8440 0.8331 0.0000
vt 0.2139 0.8935 0.0000
vt 0.8509 0.8382 0.0000
vt 0.2159 0.8852 0.0000
vt 0.8580 0.8435 0.0000
vt 0.2178 0.8771 0.0000
vt 0.8653 0.8489 0.0000
vt 0.2197 0.8692 0.0000
vt 0.8727 0.8545 0.0000
vt 0.2215 0.8614 0.0000
vt 0.8804 0.8603 0.0000
vt 0.2188 0.8365 0.0000
vt 0.2212 0.8294 0.0000
vt 0.9167 0.8615 0.0000
vt 0.9261 0.8672 0.0000
vt 0.7427 0.7568 0.0000
vt 0.2236 0.8224 0.0000
vt 0.9359 0.8732 0.0000
vt 0.7486 0.7603 0.0000
vt 0.2260 0.8155 0.0000
vt 0.0142 0.2448 0.0000
vt 0.0257 0.2453 0.0000
vt 0.7546 0.7639 0.0000
vt 0.2283 0.8087 0.0000
vt 0.0368 0.2458 0.0000
vt 0.7606 0.7675 0.0000
vt 0.2306 0.8019 0.0000
vt 0.0473 0.2463 0.0000
vt 0.7666 0.7712 0.0000
vt 0.2329 0.7952 0.0000
vt 0.0572 0.2468 0.0000
vt 0.7726 0.7748 0.0000
vt 0.2352 0.7886 0.0000
vt 0.0667 0.2472 0.0000
vt 0.7787 0.7785 0.0000
vt 0.2375 0.7819 0.0000
vt 0.0757 0.2476 0.0000
vt 0.7849 0.7822 0.0000
vt 0.2398 0.7754 0.0000
vt 0.0843 0.2481 0.0000
vt 0.7911 0.7859 0.0000
vt 0.2421 0.7688 0.0000
vt 0.0927 0.2484 0.0000
vt 0.7974 0.7897 0.0000
vt 0.2443 0.7622 0.0000
vt 0.1721 0.9741 0.0000
vt 0.1757 0.9634 0.0000
vt 0.8037 0.7935 0.0000
vt 0.1792 0.9531 0.0000
vt 0.8102 0.7974 0.0000
vt 0.1825 0.9431 0.0000
vt 0.8167 0.8013 0.0000
vt 0.1858 0.9335 0.0000
vt 0.8234 0.8053 0.0000
vt 0.1889 0.9243 0.0000
vt 0.8302 0.8094 0.0000
vt 0.1920 0.9153 0.0000
vt 0.8371 0.8135 0.0000
vt 0.1949 0.9065 0.0000
vt 0.8441 0.8178 0.0000
vt 0.1978 0.8980 0.0000
vt 0.8513 0.8221 0.0000
vt 0.2006 0.8897 0.0000
vt 0.8587 0.8266 0.0000
vt 0.2034 0.8816 0.0000
vt 0.8663 0.8312 0.0000
vt 0.2061 0.8737 0.0000
vt 0.8740 0.8358 0.0000
vt 0.2087 0.8660 0.0000
vt 0.8820 0.8406 0.0000
vt 0.2113 0.8584 0.0000
vt 0.8903 0.8456 0.0000
vt 0.2138 0.8510 0.0000
vt 0.8988 0.8507 0.0000
vt 0.2163 0.8437 0.0000
vt 0.9076 0.8560 0.0000
vt 0.2172 0.8199 0.0000
vt 0.2202 0.8132 0.0000
vt 0.0163 0.2213 0.0000
vt 0.0279 0.2230 0.0000
vt 0.7493 0.7591 0.0000
vt 0.7555 0.7621 0.0000
vt 0.2232 0.8067 0.0000
vt 0.0388 0.2245 0.0000
vt 0.7619 0.7651 0.0000
vt 0.2262 0.8002 0.0000
vt 0.0492 0.2261 0.0000
vt 0.7682 0.7681 0.0000
vt 0.2291 0.7937 0.0000
vt 0.0591 0.2275 0.0000
vt 0.7746 0.7712 0.0000
vt 0.2321 0.7873 0.0000
vt 0.0685 0.2289 0.0000
vt 0.7810 0.7742 0.0000
vt 0.2350 0.7809 0.0000
vt 0.0774 0.2302 0.0000
vt 0.7875 0.7773 0.0000
vt 0.2379 0.7746 0.0000
vt 0.0860 0.2314 0.0000
vt 0.7940 0.7804 0.0000
vt 0.2408 0.7683 0.0000
vt 0.0942 0.2327 0.0000
vt 0.8006 0.7835 0.0000
vt 0.2437 0.7620 0.0000
vt 0.1511 0.9659 0.0000
vt 0.1557 0.9556 0.0000
vt 0.8074 0.7867 0.0000
vt 0.1602 0.9456 0.0000
vt 0.8141 0.7899 0.0000
vt 0.1645 0.9361 0.0000
vt 0.8211 0.7932 0.0000
vt 0.1686 0.9268 0.0000
vt 0.8281 0.7966 0.0000
vt 0.1727 0.9179 0.0000
vt 0.8352 0.7999 0.0000
vt 0.1766 0.9092 0.0000
vt 0.8425 0.8034 0.0000
vt 0.1804 0.9008 0.0000
vt 0.8499 0.8069 0.0000
vt 0.1841 0.8926 0.0000
vt 0.8575 0.8106 0.0000
vt 0.1877 0.8846 0.0000
vt 0.8653 0.8143 0.0000
vt 0.1912 0.8768 0.0000
vt 0.8733 0.8181 0.0000
vt 0.1947 0.8692 0.0000
vt 0.8815 0.8219 0.0000
vt 0.1981 0.8618 0.0000
vt 0.8899 0.8259 0.0000
vt 0.2014 0.8545 0.0000
vt 0.8986 0.8301 0.0000
vt 0.2046 0.8474 0.0000
vt 0.9076 0.8343 0.0000
vt 0.2078 0.8403 0.0000
vt 0.9169 0.8388 0.0000
vt 0.2110 0.8334 0.0000
vt 0.9265 0.8433 0.0000
vt 0.2141 0.8266 0.0000
vt 0.9364 0.8481 0.0000
vt 0.7430 0.7562 0.0000
vt 0.9468 0.8530 0.0000
vt 0.2183 0.8041 0.0000
vt 0.2219 0.7980 0.0000
vt 0.0430 0.2035 0.0000
vt 0.0532 0.2061 0.0000
vt 0.7629 0.7626 0.0000
vt 0.7695 0.7650 0.0000
vt 0.2255 0.7918 0.0000
vt 0.0628 0.2085 0.0000
vt 0.7761 0.7674 0.0000
vt 0.2290 0.7857 0.0000
vt 0.0720 0.2108 0.0000
vt 0.7828 0.7698 0.0000
vt 0.2326 0.7797 0.0000
vt 0.0808 0.2129 0.0000
vt 0.7896 0.7722 0.0000
vt 0.2361 0.7737 0.0000
vt 0.0892 0.2150 0.0000
vt 0.7964 0.7746 0.0000
vt 0.2396 0.7677 0.0000
vt 0.0973 0.2171 0.0000
vt 0.8033 0.7771 0.0000
vt 0.2431 0.7617 0.0000
vt 0.1310 0.9556 0.0000
vt 0.1366 0.9458 0.0000
vt 0.8103 0.7796 0.0000
vt 0.1420 0.9364 0.0000
vt 0.8174 0.7822 0.0000
vt 0.1472 0.9272 0.0000
vt 0.8246 0.7847 0.0000
vt 0.1523 0.9185 0.0000
vt 0.8319 0.7874 0.0000
vt 0.1571 0.9099 0.0000
vt 0.8393 0.7901 0.0000
vt 0.1619 0.9017 0.0000
vt 0.8469 0.7928 0.0000
vt 0.1665 0.8937 0.0000
vt 0.8547 0.7956 0.0000
vt 0.1710 0.8859 0.0000
vt 0.8626 0.7984 0.0000
vt 0.1754 0.8783 0.0000
vt 0.8707 0.8013 0.0000
vt 0.1796 0.8709 0.0000
vt 0.8790 0.8043 0.0000
vt 0.1838 0.8637 0.0000
vt 0.8876 0.8074 0.0000
vt 0.1879 0.8566 0.0000
vt 0.8963 0.8105 0.0000
vt 0.1919 0.8496 0.0000
vt 0.9054 0.8138 0.0000
vt 0.1959 0.8428 0.0000
vt 0.9147 0.8171 0.0000
vt 0.1997 0.8362 0.0000
vt 0.9244 0.8206 0.0000
vt 0.2035 0.8296 0.0000
vt 0.9344 0.8242 0.0000
vt 0.2073 0.8231 0.0000
vt 0.9448 0.8280 0.0000
vt 0.7433 0.7555 0.0000
vt 0.2110 0.8167 0.0000
vt 0.9556 0.8319 0.0000
vt 0.7498 0.7579 0.0000
vt 0.2147 0.8104 0.0000
vt 0.0207 0.1980 0.0000
vt 0.0322 0.2008 0.0000
vt 0.7563 0.7602 0.0000
vt 0.2220 0.7896 0.0000
vt 0.2262 0.7839 0.0000
vt 0.0685 0.1899 0.0000
vt 0.0774 0.1931 0.0000
vt 0.7773 0.7634 0.0000
vt 0.7842 0.7652 0.0000
vt 0.2303 0.7782 0.0000
vt 0.0859 0.1961 0.0000
vt 0.7912 0.7669 0.0000
vt 0.2344 0.7725 0.0000
vt 0.0941 0.1991 0.0000
vt 0.7982 0.7687 0.0000
vt 0.2384 0.7669 0.0000
vt 0.1019 0.2019 0.0000
vt 0.8053 0.7705 0.0000
vt 0.2425 0.7613 0.0000
vt 0.1119 0.9435 0.0000
vt 0.1185 0.9343 0.0000
vt 0.8125 0.7723 0.0000
vt 0.1248 0.9254 0.0000
vt 0.8198 0.7741 0.0000
vt 0.1309 0.9168 0.0000
vt 0.8272 0.7760 0.0000
vt 0.1367 0.9085 0.0000
vt 0.8348 0.7779 0.0000
vt 0.1425 0.9005 0.0000
vt 0.8424 0.7798 0.0000
vt 0.1480 0.8928 0.0000
vt 0.8503 0.7818 0.0000
vt 0.1534 0.8852 0.0000
vt 0.8582 0.7838 0.0000
vt 0.1586 0.8779 0.0000
vt 0.8664 0.7858 0.0000
vt 0.1637 0.8708 0.0000
vt 0.8748 0.7879 0.0000
vt 0.1687 0.8638 0.0000
vt 0.8833 0.7901 0.0000
vt 0.1735 0.8570 0.0000
vt 0.8921 0.7923 0.0000
vt 0.1783 0.8504 0.0000
vt 0.9012 0.7946 0.0000
vt 0.1830 0.8439 0.0000
vt 0.9105 0.7969 0.0000
vt 0.1875 0.8375 0.0000
vt 0.9202 0.7993 0.0000
vt 0.1921 0.8312 0.0000
vt 0.9301 0.8018 0.0000
vt 0.1965 0.8250 0.0000
vt 0.9404 0.8044 0.0000
vt 0.2009 0.8189 0.0000
vt 0.9511 0.8071 0.0000
vt 0.7434 0.7549 0.0000
vt 0.2052 0.8129 0.0000
vt 0.9623 0.8099 0.0000
vt 0.7502 0.7566 0.0000
vt 0.2095 0.8070 0.0000
vt 0.0275 0.1752 0.0000
vt 0.0387 0.1792 0.0000
vt 0.7569 0.7583 0.0000
vt 0.2137 0.8011 0.0000
vt 0.0492 0.1830 0.0000
vt 0.7637 0.7600 0.0000
vt 0.2179 0.7953 0.0000
vt 0.0591 0.1865 0.0000
vt 0.7705 0.7617 0.0000
vt 0.2281 0.7765 0.0000
vt 0.2328 0.7713 0.0000
vt 0.0927 0.1799 0.0000
vt 0.1005 0.1836 0.0000
vt 0.7923 0.7615 0.0000
vt 0.7994 0.7626 0.0000
vt 0.2374 0.7661 0.0000
vt 0.1080 0.1872 0.0000
vt 0.8067 0.7637 0.0000
vt 0.2420 0.7609 0.0000
vt 0.0941 0.9295 0.0000
vt 0.1016 0.9210 0.0000
vt 0.8140 0.7647 0.0000
vt 0.1087 0.9127 0.0000
vt 0.8215 0.7659 0.0000
vt 0.1156 0.9048 0.0000
vt 0.8290 0.7670 0.0000
vt 0.1223 0.8971 0.0000
vt 0.8367 0.7681 0.0000
vt 0.1287 0.8897 0.0000
vt 0.8445 0.7693 0.0000
vt 0.1350 0.8825 0.0000
vt 0.8525 0.7705 0.0000
vt 0.1411 0.8755 0.0000
vt 0.8607 0.7717 0.0000
vt 0.1470 0.8688 0.0000
vt 0.8690 0.7729 0.0000
vt 0.1528 0.8622 0.0000
vt 0.8775 0.7742 0.0000
vt 0.1584 0.8557 0.0000
vt 0.8862 0.7755 0.0000
vt 0.1639 0.8494 0.0000
vt 0.8952 0.7768 0.0000
vt 0.1693 0.8433 0.0000
vt 0.9045 0.7782 0.0000
vt 0.1746 0.8372 0.0000
vt 0.9140 0.7796 0.0000
vt 0.1798 0.8313 0.0000
vt 0.9238 0.7811 0.0000
vt 0.1849 0.8255 0.0000
vt 0.9340 0.7826 0.0000
vt 0.1899 0.8198 0.0000
vt 0.9445 0.7842 0.0000
vt 0.1949 0.8142 0.0000
vt 0.9554 0.7858 0.0000
vt 0.7436 0.7542 0.0000
vt 0.1998 0.8086 0.0000
vt 0.9667 0.7875 0.0000
vt 0.7504 0.7553 0.0000
vt 0.2046 0.8031 0.0000
vt 0.0368 0.1533 0.0000
vt 0.0474 0.1584 0.0000
vt 0.7573 0.7563 0.0000
vt 0.2094 0.7977 0.0000
vt 0.0574 0.1632 0.0000
vt 0.7642 0.7573 0.0000
vt 0.2141 0.7923 0.0000
vt 0.0669 0.1677 0.0000
vt 0.7712 0.7584 0.0000
vt 0.2188 0.7870 0.0000
vt 0.0759 0.1720 0.0000
vt 0.7782 0.7594 0.0000
vt 0.2235 0.7817 0.0000
vt 0.0845 0.1760 0.0000
vt 0.7852 0.7604 0.0000
vt 0.2364 0.7651 0.0000
vt 0.2415 0.7604 0.0000
vt 0.0778 0.9139 0.0000
vt 0.0860 0.9061 0.0000
vt 0.8074 0.7567 0.0000
vt 0.8148 0.7571 0.0000
vt 0.0939 0.8986 0.0000
vt 0.8223 0.7575 0.0000
vt 0.1016 0.8913 0.0000
vt 0.8299 0.7578 0.0000
vt 0.1090 0.8843 0.0000
vt 0.8377 0.7582 0.0000
vt 0.1161 0.8776 0.0000
vt 0.8456 0.7586 0.0000
vt 0.1231 0.8710 0.0000
vt 0.8536 0.7590 0.0000
vt 0.1298 0.8647 0.0000
vt 0.8619 0.7594 0.0000
vt 0.1364 0.8585 0.0000
vt 0.8703 0.7598 0.0000
vt 0.1428 0.8525 0.0000
vt 0.8789 0.7603 0.0000
vt 0.1490 0.8466 0.0000
vt 0.8877 0.7607 0.0000
vt 0.1551 0.8409 0.0000
vt 0.8968 0.7611 0.0000
vt 0.1611 0.8353 0.0000
vt 0.9061 0.7616 0.0000
vt 0.1669 0.8298 0.0000
vt 0.9157 0.7621 0.0000
vt 0.1727 0.8244 0.0000
vt 0.9256 0.7625 0.0000
vt 0.1783 0.8192 0.0000
vt 0.9359 0.7630 0.0000
vt 0.1839 0.8140 0.0000
vt 0.9465 0.7636 0.0000
vt 0.1894 0.8088 0.0000
vt 0.9575 0.7641 0.0000
vt 0.7436 0.7535 0.0000
vt 0.1948 0.8038 0.0000
vt 0.9690 0.7647 0.0000
vt 0.7506 0.7539 0.0000
vt 0.2002 0.7988 0.0000
vt 0.0481 0.1327 0.0000
vt 0.0580 0.1386 0.0000
vt 0.7575 0.7542 0.0000
vt 0.2054 0.7939 0.0000
vt 0.0675 0.1444 0.0000
vt 0.7645 0.7546 0.0000
vt 0.2107 0.7890 0.0000
vt 0.0765 0.1498 0.0000
vt 0.7715 0.7550 0.0000
vt 0.2159 0.7842 0.0000
vt 0.0851 0.1549 0.0000
vt 0.7786 0.7553 0.0000
vt 0.2211 0.7794 0.0000
vt 0.0932 0.1598 0.0000
vt 0.7857 0.7557 0.0000
vt 0.2262 0.7746 0.0000
vt 0.1010 0.1644 0.0000
vt 0.7928 0.7560 0.0000
vt 0.2313 0.7698 0.0000
vt 0.1084 0.1689 0.0000
vt 0.8001 0.7564 0.0000
vt 0.1155 0.1732 0.0000
vt 0.0806 0.8830 0.0000
vt 0.0889 0.8765 0.0000
vt 0.8223 0.7491 0.0000
vt 0.8299 0.7487 0.0000
vt 0.0970 0.8703 0.0000
vt 0.8377 0.7483 0.0000
vt 0.1048 0.8643 0.0000
vt 0.8456 0.7479 0.0000
vt 0.1123 0.8585 0.0000
vt 0.8536 0.7475 0.0000
vt 0.1197 0.8528 0.0000
vt 0.8619 0.7471 0.0000
vt 0.1268 0.8473 0.0000
vt 0.8703 0.7467 0.0000
vt 0.1338 0.8419 0.0000
vt 0.8789 0.7463 0.0000
vt 0.1405 0.8367 0.0000
vt 0.8877 0.7458 0.0000
vt 0.1472 0.8316 0.0000
vt 0.8968 0.7454 0.0000
vt 0.1537 0.8266 0.0000
vt 0.9061 0.7449 0.0000
vt 0.1600 0.8217 0.0000
vt 0.9157 0.7444 0.0000
vt 0.1663 0.8169 0.0000
vt 0.9256 0.7439 0.0000
vt 0.1724 0.8122 0.0000
vt 0.9359 0.7434 0.0000
vt 0.1785 0.8075 0.0000
vt 0.9465 0.7429 0.0000
vt 0.1845 0.8030 0.0000
vt 0.9575 0.7423 0.0000
vt 0.7437 0.7529 0.0000
vt 0.1903 0.7985 0.0000
vt 0.9690 0.7418 0.0000
vt 0.7506 0.7525 0.0000
vt 0.1961 0.7941 0.0000
vt 0.0611 0.1130 0.0000
vt 0.0705 0.1200 0.0000
vt 0.7575 0.7522 0.0000
vt 0.2019 0.7897 0.0000
vt 0.0794 0.1266 0.0000
vt 0.7645 0.7519 0.0000
vt 0.2076 0.7853 0.0000
vt 0.0878 0.1328 0.0000
vt 0.7715 0.7515 0.0000
vt 0.2132 0.7810 0.0000
vt 0.0958 0.1388 0.0000
vt 0.7786 0.7512 0.0000
vt 0.2189 0.7767 0.0000
vt 0.1035 0.1444 0.0000
vt 0.7857 0.7508 0.0000
vt 0.2244 0.7725 0.0000
vt 0.1107 0.1498 0.0000
vt 0.7928 0.7505 0.0000
vt 0.2300 0.7683 0.0000
vt 0.1177 0.1550 0.0000
vt 0.8001 0.7502 0.0000
vt 0.2355 0.7641 0.0000
vt 0.1244 0.1600 0.0000
vt 0.8074 0.7498 0.0000
vt 0.2411 0.7599 0.0000
vt 0.0630 0.8967 0.0000
vt 0.0720 0.8897 0.0000
vt 0.8148 0.7494 0.0000
vt 0.0864 0.8552 0.0000
vt 0.0947 0.8499 0.0000
vt 0.8367 0.7384 0.0000
vt 0.8445 0.7373 0.0000
vt 0.1028 0.8449 0.0000
vt 0.8525 0.7361 0.0000
vt 0.1107 0.8399 0.0000
vt 0.8606 0.7349 0.0000
vt 0.1183 0.8351 0.0000
vt 0.8690 0.7336 0.0000
vt 0.1258 0.8305 0.0000
vt 0.8775 0.7323 0.0000
vt 0.1331 0.8259 0.0000
vt 0.8862 0.7310 0.0000
vt 0.1402 0.8215 0.0000
vt 0.8952 0.7297 0.0000
vt 0.1471 0.8172 0.0000
vt 0.9044 0.7283 0.0000
vt 0.1540 0.8129 0.0000
vt 0.9139 0.7269 0.0000
vt 0.1607 0.8087 0.0000
vt 0.9238 0.7254 0.0000
vt 0.1672 0.8047 0.0000
vt 0.9339 0.7239 0.0000
vt 0.1737 0.8006 0.0000
vt 0.9445 0.7223 0.0000
vt 0.1801 0.7967 0.0000
vt 0.9554 0.7207 0.0000
vt 0.7436 0.7522 0.0000
vt 0.1864 0.7928 0.0000
vt 0.9667 0.7190 0.0000
vt 0.7505 0.7512 0.0000
vt 0.1926 0.7889 0.0000
vt 0.0761 0.0949 0.0000
vt 0.0847 0.1027 0.0000
vt 0.7573 0.7502 0.0000
vt 0.1988 0.7851 0.0000
vt 0.0929 0.1101 0.0000
vt 0.7642 0.7492 0.0000
vt 0.2049 0.7814 0.0000
vt 0.1007 0.1171 0.0000
vt 0.7712 0.7481 0.0000
vt 0.2109 0.7776 0.0000
vt 0.1081 0.1237 0.0000
vt 0.7782 0.7471 0.0000
vt 0.2169 0.7739 0.0000
vt 0.1152 0.1301 0.0000
vt 0.7852 0.7461 0.0000
vt 0.2229 0.7702 0.0000
vt 0.1219 0.1362 0.0000
vt 0.7923 0.7450 0.0000
vt 0.2288 0.7666 0.0000
vt 0.1284 0.1421 0.0000
vt 0.7995 0.7440 0.0000
vt 0.2348 0.7629 0.0000
vt 0.1345 0.1477 0.0000
vt 0.8067 0.7429 0.0000
vt 0.2407 0.7593 0.0000
vt 0.0500 0.8781 0.0000
vt 0.0596 0.8720 0.0000
vt 0.8140 0.7418 0.0000
vt 0.0688 0.8662 0.0000
vt 0.8215 0.7407 0.0000
vt 0.0778 0.8606 0.0000
vt 0.8290 0.7396 0.0000
vt 0.0947 0.8304 0.0000
vt 0.1030 0.8262 0.0000
vt 0.8502 0.7248 0.0000
vt 0.8582 0.7228 0.0000
vt 0.1111 0.8222 0.0000
vt 0.8664 0.7207 0.0000
vt 0.1190 0.8183 0.0000
vt 0.8747 0.7186 0.0000
vt 0.1267 0.8145 0.0000
vt 0.8833 0.7165 0.0000
vt 0.1342 0.8108 0.0000
vt 0.8921 0.7142 0.0000
vt 0.1416 0.8071 0.0000
vt 0.9011 0.7119 0.0000
vt 0.1488 0.8036 0.0000
vt 0.9104 0.7096 0.0000
vt 0.1558 0.8001 0.0000
vt 0.9201 0.7071 0.0000
vt 0.1628 0.7967 0.0000
vt 0.9301 0.7046 0.0000
vt 0.1696 0.7933 0.0000
vt 0.9404 0.7020 0.0000
vt 0.1764 0.7900 0.0000
vt 0.9511 0.6993 0.0000
vt 0.7435 0.7515 0.0000
vt 0.1830 0.7867 0.0000
vt 0.9622 0.6965 0.0000
vt 0.7502 0.7498 0.0000
vt 0.1896 0.7835 0.0000
vt 0.0925 0.0781 0.0000
vt 0.1004 0.0867 0.0000
vt 0.7569 0.7482 0.0000
vt 0.1961 0.7803 0.0000
vt 0.1079 0.0949 0.0000
vt 0.7637 0.7465 0.0000
vt 0.2025 0.7771 0.0000
vt 0.1151 0.1026 0.0000
vt 0.7705 0.7448 0.0000
vt 0.2089 0.7740 0.0000
vt 0.1218 0.1099 0.0000
vt 0.7774 0.7431 0.0000
vt 0.2153 0.7709 0.0000
vt 0.1283 0.1170 0.0000
vt 0.7843 0.7413 0.0000
vt 0.2216 0.7679 0.0000
vt 0.1344 0.1237 0.0000
vt 0.7912 0.7396 0.0000
vt 0.2279 0.7648 0.0000
vt 0.1403 0.1302 0.0000
vt 0.7982 0.7379 0.0000
vt 0.2341 0.7617 0.0000
vt 0.1460 0.1364 0.0000
vt 0.8053 0.7361 0.0000
vt 0.2403 0.7587 0.0000
vt 0.0388 0.8583 0.0000
vt 0.0490 0.8533 0.0000
vt 0.8125 0.7343 0.0000
vt 0.0588 0.8483 0.0000
vt 0.8198 0.7324 0.0000
vt 0.0682 0.8436 0.0000
vt 0.8272 0.7306 0.0000
vt 0.0773 0.8391 0.0000
vt 0.8348 0.7287 0.0000
vt 0.0862 0.8347 0.0000
vt 0.8424 0.7268 0.0000
vt 0.1871 0.7778 0.0000
vt 0.1939 0.7752 0.0000
vt 0.8625 0.7082 0.0000
vt 0.8706 0.7052 0.0000
vt 0.2006 0.7727 0.0000
vt 0.8789 0.7022 0.0000
vt 0.2073 0.7702 0.0000
vt 0.8875 0.6991 0.0000
vt 0.2139 0.7678 0.0000
vt 0.8962 0.6960 0.0000
vt 0.2205 0.7653 0.0000
vt 0.9053 0.6927 0.0000
vt 0.2270 0.7629 0.0000
vt 0.9146 0.6893 0.0000
vt 0.2336 0.7605 0.0000
vt 0.9243 0.6858 0.0000
vt 0.2401 0.7581 0.0000
vt 0.9343 0.6822 0.0000
vt 0.9447 0.6784 0.0000
vt 0.7433 0.7509 0.0000
vt 0.9555 0.6745 0.0000
vt 0.7498 0.7485 0.0000
vt 0.0505 0.8296 0.0000
vt 0.0603 0.8258 0.0000
vt 0.1105 0.0628 0.0000
vt 0.1177 0.0723 0.0000
vt 0.7563 0.7462 0.0000
vt 0.0699 0.8221 0.0000
vt 0.1244 0.0811 0.0000
vt 0.0791 0.8186 0.0000
vt 0.7629 0.7439 0.0000
vt 0.1307 0.0895 0.0000
vt 0.0880 0.8152 0.0000
vt 0.7695 0.7415 0.0000
vt 0.1368 0.0975 0.0000
vt 0.0967 0.8119 0.0000
vt 0.7762 0.7391 0.0000
vt 0.1425 0.1051 0.0000
vt 0.1052 0.8087 0.0000
vt 0.7829 0.7367 0.0000
vt 0.1480 0.1124 0.0000
vt 0.1134 0.8055 0.0000
vt 0.7896 0.7343 0.0000
vt 0.1533 0.1193 0.0000
vt 0.1214 0.8025 0.0000
vt 0.7964 0.7319 0.0000
vt 0.1584 0.1260 0.0000
vt 0.8033 0.7294 0.0000
vt 0.1293 0.7995 0.0000
vt 0.0296 0.8376 0.0000
vt 0.0403 0.8335 0.0000
vt 0.8103 0.7269 0.0000
vt 0.1370 0.7966 0.0000
vt 0.8174 0.7244 0.0000
vt 0.1445 0.7938 0.0000
vt 0.8246 0.7218 0.0000
vt 0.1519 0.7910 0.0000
vt 0.8319 0.7192 0.0000
vt 0.1592 0.7882 0.0000
vt 0.1663 0.7856 0.0000
vt 0.8393 0.7165 0.0000
vt 0.1733 0.7829 0.0000
vt 0.8469 0.7138 0.0000
vt 0.1803 0.7803 0.0000
vt 0.8546 0.7110 0.0000
vt 0.7619 0.7413 0.0000
vt 0.7682 0.7383 0.0000
vt 0.1992 0.7681 0.0000
vt 0.2061 0.7663 0.0000
vt 0.1476 0.0780 0.0000
vt 0.1529 0.0865 0.0000
vt 0.7746 0.7353 0.0000
vt 0.2129 0.7645 0.0000
vt 0.1578 0.0946 0.0000
vt 0.7810 0.7323 0.0000
vt 0.2197 0.7627 0.0000
vt 0.1626 0.1024 0.0000
vt 0.7875 0.7292 0.0000
vt 0.2264 0.7610 0.0000
vt 0.1672 0.1098 0.0000
vt 0.7940 0.7261 0.0000
vt 0.2332 0.7592 0.0000
vt 0.1715 0.1169 0.0000
vt 0.8007 0.7230 0.0000
vt 0.2399 0.7574 0.0000
vt 0.0225 0.8160 0.0000
vt 0.0335 0.8130 0.0000
vt 0.8074 0.7198 0.0000
vt 0.0441 0.8100 0.0000
vt 0.8142 0.7166 0.0000
vt 0.0542 0.8072 0.0000
vt 0.8210 0.7133 0.0000
vt 0.0641 0.8045 0.0000
vt 0.8280 0.7100 0.0000
vt 0.0736 0.8019 0.0000
vt 0.8352 0.7066 0.0000
vt 0.0829 0.7994 0.0000
vt 0.8425 0.7032 0.0000
vt 0.0919 0.7969 0.0000
vt 0.8499 0.6997 0.0000
vt 0.1006 0.7946 0.0000
vt 0.8575 0.6960 0.0000
vt 0.1091 0.7923 0.0000
vt 0.8652 0.6923 0.0000
vt 0.1174 0.7900 0.0000
vt 0.8732 0.6885 0.0000
vt 0.1255 0.7878 0.0000
vt 0.8814 0.6846 0.0000
vt 0.1334 0.7857 0.0000
vt 0.8898 0.6806 0.0000
vt 0.1412 0.7836 0.0000
vt 0.8984 0.6764 0.0000
vt 0.1489 0.7815 0.0000
vt 0.9074 0.6721 0.0000
vt 0.1564 0.7795 0.0000
vt 0.9166 0.6677 0.0000
vt 0.1637 0.7776 0.0000
vt 0.9262 0.6631 0.0000
vt 0.1710 0.7756 0.0000
vt 0.9362 0.6583 0.0000
vt 0.7430 0.7502 0.0000
vt 0.1782 0.7737 0.0000
vt 0.9466 0.6532 0.0000
vt 0.7493 0.7473 0.0000
vt 0.1853 0.7718 0.0000
vt 0.1302 0.0495 0.0000
vt 0.1363 0.0595 0.0000
vt 0.7556 0.7443 0.0000
vt 0.1923 0.7700 0.0000
vt 0.1421 0.0690 0.0000
vt 0.7727 0.7317 0.0000
vt 0.7788 0.7281 0.0000
vt 0.2122 0.7612 0.0000
vt 0.2191 0.7601 0.0000
vt 0.1741 0.0857 0.0000
vt 0.1781 0.0939 0.0000
vt 0.7849 0.7244 0.0000
vt 0.2260 0.7590 0.0000
vt 0.1819 0.1017 0.0000
vt 0.7911 0.7207 0.0000
vt 0.2329 0.7579 0.0000
vt 0.1856 0.1092 0.0000
vt 0.7974 0.7169 0.0000
vt 0.2397 0.7568 0.0000
vt 0.0175 0.7938 0.0000
vt 0.0287 0.7918 0.0000
vt 0.8037 0.7131 0.0000
vt 0.0396 0.7900 0.0000
vt 0.8102 0.7092 0.0000
vt 0.0500 0.7881 0.0000
vt 0.8167 0.7053 0.0000
vt 0.0601 0.7864 0.0000
vt 0.8233 0.7013 0.0000
vt 0.0698 0.7848 0.0000
vt 0.8301 0.6972 0.0000
vt 0.0793 0.7831 0.0000
vt 0.8370 0.6931 0.0000
vt 0.0885 0.7816 0.0000
vt 0.8440 0.6888 0.0000
vt 0.0974 0.7801 0.0000
vt 0.8512 0.6845 0.0000
vt 0.1061 0.7786 0.0000
vt 0.8586 0.6801 0.0000
vt 0.1146 0.7772 0.0000
vt 0.8661 0.6755 0.0000
vt 0.1229 0.7758 0.0000
vt 0.8738 0.6708 0.0000
vt 0.1310 0.7744 0.0000
vt 0.8818 0.6659 0.0000
vt 0.1389 0.7731 0.0000
vt 0.8900 0.6610 0.0000
vt 0.1468 0.7718 0.0000
vt 0.8985 0.6558 0.0000
vt 0.1544 0.7706 0.0000
vt 0.9072 0.6504 0.0000
vt 0.1620 0.7693 0.0000
vt 0.9163 0.6449 0.0000
vt 0.1694 0.7681 0.0000
vt 0.9257 0.6391 0.0000
vt 0.7427 0.7496 0.0000
vt 0.1767 0.7669 0.0000
vt 0.9355 0.6331 0.0000
vt 0.7486 0.7461 0.0000
vt 0.1840 0.7657 0.0000
vt 0.1510 0.0381 0.0000
vt 0.1561 0.0487 0.0000
vt 0.7546 0.7425 0.0000
vt 0.1911 0.7646 0.0000
vt 0.1609 0.0587 0.0000
vt 0.7606 0.7389 0.0000
vt 0.1982 0.7634 0.0000
vt 0.1655 0.0682 0.0000
vt 0.7666 0.7353 0.0000
vt 0.2052 0.7623 0.0000
vt 0.1699 0.0771 0.0000
vt 0.7818 0.7198 0.0000
vt 0.7877 0.7155 0.0000
vt 0.2258 0.7569 0.0000
vt 0.2327 0.7565 0.0000
vt 0.1973 0.0950 0.0000
vt 0.2003 0.1028 0.0000
vt 0.7935 0.7111 0.0000
vt 0.2397 0.7561 0.0000
vt 0.0147 0.7712 0.0000
vt 0.0261 0.7703 0.0000
vt 0.7995 0.7067 0.0000
vt 0.0370 0.7695 0.0000
vt 0.8055 0.7022 0.0000
vt 0.0476 0.7687 0.0000
vt 0.8116 0.6977 0.0000
vt 0.0578 0.7680 0.0000
vt 0.8178 0.6931 0.0000
vt 0.0677 0.7673 0.0000
vt 0.8242 0.6883 0.0000
vt 0.0773 0.7666 0.0000
vt 0.8306 0.6835 0.0000
vt 0.0866 0.7659 0.0000
vt 0.8372 0.6786 0.0000
vt 0.0957 0.7653 0.0000
vt 0.8439 0.6736 0.0000
vt 0.1044 0.7647 0.0000
vt 0.8508 0.6685 0.0000
vt 0.1130 0.7641 0.0000
vt 0.8578 0.6632 0.0000
vt 0.1215 0.7635 0.0000
vt 0.8650 0.6578 0.0000
vt 0.1297 0.7630 0.0000
vt 0.8725 0.6522 0.0000
vt 0.1377 0.7625 0.0000
vt 0.8801 0.6464 0.0000
vt 0.1456 0.7620 0.0000
vt 0.8880 0.6404 0.0000
vt 0.1534 0.7615 0.0000
vt 0.8962 0.6342 0.0000
vt 0.1610 0.7610 0.0000
vt 0.9047 0.6278 0.0000
vt 0.1685 0.7605 0.0000
vt 0.9134 0.6212 0.0000
vt 0.7423 0.7491 0.0000
vt 0.1759 0.7600 0.0000
vt 0.9225 0.6142 0.0000
vt 0.7479 0.7449 0.0000
vt 0.1833 0.7596 0.0000
vt 0.1727 0.0289 0.0000
vt 0.1768 0.0399 0.0000
vt 0.7535 0.7408 0.0000
vt 0.1905 0.7591 0.0000
vt 0.1807 0.0503 0.0000
vt 0.7591 0.7367 0.0000
vt 0.1977 0.7587 0.0000
vt 0.1843 0.0601 0.0000
vt 0.7647 0.7325 0.0000
vt 0.2048 0.7582 0.0000
vt 0.1878 0.0695 0.0000
vt 0.7704 0.7283 0.0000
vt 0.2118 0.7578 0.0000
vt 0.1911 0.0784 0.0000
vt 0.7761 0.7241 0.0000
vt 0.2188 0.7574 0.0000
vt 0.1943 0.0869 0.0000
vt 0.7891 0.7058 0.0000
vt 0.7946 0.7008 0.0000
vt 0.2397 0.7554 0.0000
vt 0.0255 0.7486 0.0000
vt 0.0365 0.7489 0.0000
vt 0.8002 0.6958 0.0000
vt 0.0471 0.7491 0.0000
vt 0.8058 0.6906 0.0000
vt 0.0574 0.7494 0.0000
vt 0.8115 0.6854 0.0000
vt 0.0673 0.7497 0.0000
vt 0.8173 0.6801 0.0000
vt 0.0769 0.7499 0.0000
vt 0.8233 0.6747 0.0000
vt 0.0863 0.7502 0.0000
vt 0.8293 0.6692 0.0000
vt 0.0953 0.7504 0.0000
vt 0.8355 0.6635 0.0000
vt 0.1042 0.7507 0.0000
vt 0.8419 0.6577 0.0000
vt 0.1128 0.7510 0.0000
vt 0.8484 0.6518 0.0000
vt 0.1212 0.7512 0.0000
vt 0.8550 0.6457 0.0000
vt 0.1295 0.7515 0.0000
vt 0.8618 0.6394 0.0000
vt 0.1375 0.7517 0.0000
vt 0.8689 0.6329 0.0000
vt 0.1455 0.7520 0.0000
vt 0.8761 0.6262 0.0000
vt 0.1532 0.7523 0.0000
vt 0.8836 0.6193 0.0000
vt 0.1609 0.7525 0.0000
vt 0.8914 0.6121 0.0000
vt 0.1684 0.7528 0.0000
vt 0.8994 0.6046 0.0000
vt 0.7419 0.7485 0.0000
vt 0.1758 0.7531 0.0000
vt 0.9077 0.5968 0.0000
vt 0.7470 0.7439 0.0000
vt 0.1832 0.7533 0.0000
vt 0.1953 0.0218 0.0000
vt 0.1983 0.0331 0.0000
vt 0.7522 0.7392 0.0000
vt 0.1904 0.7536 0.0000
vt 0.2011 0.0438 0.0000
vt 0.7573 0.7346 0.0000
vt 0.1976 0.7538 0.0000
vt 0.2037 0.0539 0.0000
vt 0.7625 0.7299 0.0000
vt 0.2047 0.7541 0.0000
vt 0.2063 0.0636 0.0000
vt 0.7678 0.7251 0.0000
vt 0.2118 0.7544 0.0000
vt 0.2087 0.0728 0.0000
vt 0.7730 0.7203 0.0000
vt 0.2188 0.7546 0.0000
vt 0.2111 0.0815 0.0000
vt 0.7784 0.7155 0.0000
vt 0.2258 0.7549 0.0000
vt 0.2133 0.0899 0.0000
vt 0.7837 0.7107 0.0000
vt 0.2327 0.7551 0.0000
vt 0.2155 0.0980 0.0000
vt 0.0141 0.7484 0.0000
vt 0.7942 0.6898 0.0000
vt 0.7993 0.6842 0.0000
vt 0.0486 0.7296 0.0000
vt 0.0588 0.7308 0.0000
vt 0.8045 0.6784 0.0000
vt 0.0686 0.7321 0.0000
vt 0.8098 0.6726 0.0000
vt 0.0782 0.7333 0.0000
vt 0.8152 0.6666 0.0000
vt 0.0875 0.7344 0.0000
vt 0.8206 0.6605 0.0000
vt 0.0965 0.7356 0.0000
vt 0.8262 0.6543 0.0000
vt 0.1053 0.7367 0.0000
vt 0.8320 0.6480 0.0000
vt 0.1139 0.7378 0.0000
vt 0.8378 0.6414 0.0000
vt 0.1222 0.7389 0.0000
vt 0.8439 0.6347 0.0000
vt 0.1304 0.7400 0.0000
vt 0.8500 0.6278 0.0000
vt 0.1384 0.7410 0.0000
vt 0.8564 0.6206 0.0000
vt 0.1463 0.7421 0.0000
vt 0.8629 0.6133 0.0000
vt 0.1540 0.7431 0.0000
vt 0.8697 0.6057 0.0000
vt 0.1616 0.7441 0.0000
vt 0.8767 0.5978 0.0000
vt 0.1691 0.7451 0.0000
vt 0.8839 0.5896 0.0000
vt 0.7414 0.7481 0.0000
vt 0.1764 0.7461 0.0000
vt 0.8914 0.5810 0.0000
vt 0.7461 0.7429 0.0000
vt 0.1837 0.7471 0.0000
vt 0.2184 0.0169 0.0000
vt 0.2202 0.0285 0.0000
vt 0.7507 0.7378 0.0000
vt 0.1909 0.7481 0.0000
vt 0.2220 0.0394 0.0000
vt 0.7554 0.7326 0.0000
vt 0.1980 0.7490 0.0000
vt 0.2236 0.0497 0.0000
vt 0.7601 0.7274 0.0000
vt 0.2051 0.7500 0.0000
vt 0.2252 0.0595 0.0000
vt 0.7649 0.7222 0.0000
vt 0.2121 0.7510 0.0000
vt 0.2268 0.0688 0.0000
vt 0.7696 0.7170 0.0000
vt 0.2190 0.7519 0.0000
vt 0.2283 0.0778 0.0000
vt 0.7745 0.7116 0.0000
vt 0.2259 0.7528 0.0000
vt 0.2297 0.0864 0.0000
vt 0.7793 0.7063 0.0000
vt 0.2328 0.7538 0.0000
vt 0.2310 0.0946 0.0000
vt 0.7842 0.7009 0.0000
vt 0.2397 0.7547 0.0000
vt 0.0157 0.7256 0.0000
vt 0.0270 0.7270 0.0000
vt 0.7892 0.6954 0.0000
vt 0.0380 0.7283 0.0000
vt 0.7969 0.6722 0.0000
vt 0.8015 0.6659 0.0000
vt 0.0717 0.7146 0.0000
vt 0.0811 0.7168 0.0000
vt 0.8063 0.6594 0.0000
vt 0.0903 0.7189 0.0000
vt 0.8111 0.6528 0.0000
vt 0.0991 0.7209 0.0000
vt 0.8161 0.6461 0.0000
vt 0.1078 0.7229 0.0000
vt 0.8212 0.6392 0.0000
vt 0.1162 0.7248 0.0000
vt 0.8264 0.6321 0.0000
vt 0.1244 0.7268 0.0000
vt 0.8317 0.6248 0.0000
vt 0.1325 0.7286 0.0000
vt 0.8371 0.6174 0.0000
vt 0.1404 0.7305 0.0000
vt 0.8428 0.6096 0.0000
vt 0.1481 0.7323 0.0000
vt 0.8485 0.6017 0.0000
vt 0.1557 0.7341 0.0000
vt 0.8545 0.5935 0.0000
vt 0.1631 0.7358 0.0000
vt 0.8607 0.5850 0.0000
vt 0.1704 0.7376 0.0000
vt 0.8671 0.5761 0.0000
vt 0.7409 0.7476 0.0000
vt 0.1777 0.7393 0.0000
vt 0.8736 0.5670 0.0000
vt 0.7450 0.7421 0.0000
vt 0.1848 0.7410 0.0000
vt 0.2417 0.0144 0.0000
vt 0.2425 0.0260 0.0000
vt 0.7492 0.7365 0.0000
vt 0.1919 0.7426 0.0000
vt 0.2432 0.0370 0.0000
vt 0.7533 0.7309 0.0000
vt 0.1989 0.7443 0.0000
vt 0.2438 0.0474 0.0000
vt 0.7575 0.7253 0.0000
vt 0.2058 0.7459 0.0000
vt 0.2445 0.0573 0.0000
vt 0.7617 0.7196 0.0000
vt 0.2127 0.7476 0.0000
vt 0.2451 0.0668 0.0000
vt 0.7659 0.7139 0.0000
vt 0.2195 0.7492 0.0000
vt 0.2457 0.0758 0.0000
vt 0.7702 0.7082 0.0000
vt 0.2263 0.7508 0.0000
vt 0.2463 0.0844 0.0000
vt 0.7745 0.7024 0.0000
vt 0.2331 0.7525 0.0000
vt 0.2468 0.0927 0.0000
vt 0.7789 0.6965 0.0000
vt 0.2398 0.7541 0.0000
vt 0.0195 0.7030 0.0000
vt 0.0307 0.7054 0.0000
vt 0.7833 0.6905 0.0000
vt 0.0415 0.7078 0.0000
vt 0.7877 0.6845 0.0000
vt 0.0519 0.7102 0.0000
vt 0.7923 0.6784 0.0000
vt 0.0620 0.7124 0.0000
vt 0.7968 0.6531 0.0000
vt 0.8009 0.6460 0.0000
vt 0.0946 0.7036 0.0000
vt 0.1032 0.7065 0.0000
vt 0.8052 0.6389 0.0000
vt 0.1116 0.7094 0.0000
vt 0.8096 0.6315 0.0000
vt 0.1198 0.7122 0.0000
vt 0.8141 0.6240 0.0000
vt 0.1278 0.7149 0.0000
vt 0.8186 0.6162 0.0000
vt 0.1357 0.7175 0.0000
vt 0.8233 0.6083 0.0000
vt 0.1433 0.7201 0.0000
vt 0.8282 0.6001 0.0000
vt 0.1508 0.7227 0.0000
vt 0.8331 0.5916 0.0000
vt 0.1582 0.7252 0.0000
vt 0.8383 0.5829 0.0000
vt 0.1654 0.7277 0.0000
vt 0.8436 0.5738 0.0000
vt 0.1726 0.7302 0.0000
vt 0.8490 0.5644 0.0000
vt 0.7403 0.7473 0.0000
vt 0.1796 0.7326 0.0000
vt 0.8547 0.5547 0.0000
vt 0.7439 0.7413 0.0000
vt 0.1866 0.7350 0.0000
vt 0.2651 0.0141 0.0000
vt 0.2648 0.0256 0.0000
vt 0.7475 0.7354 0.0000
vt 0.1934 0.7373 0.0000
vt 0.2644 0.0366 0.0000
vt 0.7510 0.7294 0.0000
vt 0.2002 0.7397 0.0000
vt 0.2641 0.0471 0.0000
vt 0.7547 0.7234 0.0000
vt 0.2070 0.7420 0.0000
vt 0.2638 0.0570 0.0000
vt 0.7583 0.7173 0.0000
vt 0.2136 0.7443 0.0000
vt 0.2635 0.0665 0.0000
vt 0.7619 0.7112 0.0000
vt 0.2203 0.7466 0.0000
vt 0.2632 0.0755 0.0000
vt 0.7656 0.7051 0.0000
vt 0.2269 0.7489 0.0000
vt 0.2629 0.0842 0.0000
vt 0.7693 0.6989 0.0000
vt 0.2335 0.7511 0.0000
vt 0.2626 0.0924 0.0000
vt 0.7731 0.6926 0.0000
vt 0.2400 0.7534 0.0000
vt 0.0255 0.6807 0.0000
vt 0.0365 0.6843 0.0000
vt 0.7769 0.6863 0.0000
vt 0.0470 0.6878 0.0000
vt 0.7807 0.6799 0.0000
vt 0.0572 0.6911 0.0000
vt 0.7847 0.6733 0.0000
vt 0.0670 0.6944 0.0000
vt 0.7886 0.6667 0.0000
vt 0.0765 0.6976 0.0000
vt 0.7926 0.6600 0.0000
vt 0.0857 0.7006 0.0000
vt 0.7937 0.6328 0.0000
vt 0.7973 0.6250 0.0000
vt 0.1168 0.6963 0.0000
vt 0.1247 0.6999 0.0000
vt 0.8010 0.6171 0.0000
vt 0.1324 0.7034 0.0000
vt 0.8048 0.6090 0.0000
vt 0.1399 0.7068 0.0000
vt 0.8087 0.6006 0.0000
vt 0.1473 0.7101 0.0000
vt 0.8127 0.5920 0.0000
vt 0.1545 0.7134 0.0000
vt 0.8169 0.5831 0.0000
vt 0.1616 0.7167 0.0000
vt 0.8211 0.5739 0.0000
vt 0.1686 0.7199 0.0000
vt 0.8255 0.5644 0.0000
vt 0.1754 0.7230 0.0000
vt 0.8300 0.5546 0.0000
vt 0.7397 0.7469 0.0000
vt 0.1822 0.7261 0.0000
vt 0.8347 0.5443 0.0000
vt 0.7427 0.7407 0.0000
vt 0.1889 0.7292 0.0000
vt 0.2885 0.0157 0.0000
vt 0.2871 0.0273 0.0000
vt 0.7457 0.7344 0.0000
vt 0.1955 0.7322 0.0000
vt 0.2857 0.0383 0.0000
vt 0.7486 0.7281 0.0000
vt 0.2020 0.7352 0.0000
vt 0.2844 0.0487 0.0000
vt 0.7516 0.7218 0.0000
vt 0.2085 0.7382 0.0000
vt 0.2831 0.0586 0.0000
vt 0.7547 0.7154 0.0000
vt 0.2149 0.7411 0.0000
vt 0.2819 0.0680 0.0000
vt 0.7577 0.7090 0.0000
vt 0.2213 0.7441 0.0000
vt 0.2807 0.0770 0.0000
vt 0.7608 0.7025 0.0000
vt 0.2276 0.7470 0.0000
vt 0.2796 0.0856 0.0000
vt 0.7639 0.6960 0.0000
vt 0.2340 0.7499 0.0000
vt 0.2785 0.0937 0.0000
vt 0.7670 0.6894 0.0000
vt 0.2403 0.7528 0.0000
vt 0.0337 0.6591 0.0000
vt 0.0443 0.6638 0.0000
vt 0.7701 0.6827 0.0000
vt 0.0545 0.6683 0.0000
vt 0.7734 0.6759 0.0000
vt 0.0643 0.6727 0.0000
vt 0.7766 0.6690 0.0000
vt 0.0738 0.6769 0.0000
vt 0.7799 0.6621 0.0000
vt 0.0829 0.6810 0.0000
vt 0.7833 0.6550 0.0000
vt 0.0918 0.6850 0.0000
vt 0.7867 0.6477 0.0000
vt 0.1004 0.6889 0.0000
vt 0.7901 0.6403 0.0000
vt 0.1087 0.6926 0.0000
vt 0.7874 0.6115 0.0000
vt 0.7904 0.6031 0.0000
vt 0.1381 0.6923 0.0000
vt 0.1452 0.6965 0.0000
vt 0.7935 0.5944 0.0000
vt 0.1522 0.7006 0.0000
vt 0.7966 0.5854 0.0000
vt 0.1591 0.7046 0.0000
vt 0.7999 0.5762 0.0000
vt 0.1658 0.7085 0.0000
vt 0.8032 0.5667 0.0000
vt 0.1725 0.7124 0.0000
vt 0.8066 0.5568 0.0000
vt 0.1790 0.7162 0.0000
vt 0.8102 0.5466 0.0000
vt 0.7391 0.7467 0.0000
vt 0.1854 0.7199 0.0000
vt 0.8138 0.5360 0.0000
vt 0.7414 0.7401 0.0000
vt 0.1918 0.7236 0.0000
vt 0.3118 0.0196 0.0000
vt 0.3093 0.0311 0.0000
vt 0.7438 0.7336 0.0000
vt 0.1980 0.7273 0.0000
vt 0.3068 0.0420 0.0000
vt 0.7461 0.7270 0.0000
vt 0.2042 0.7309 0.0000
vt 0.3045 0.0523 0.0000
vt 0.7485 0.7204 0.0000
vt 0.2104 0.7345 0.0000
vt 0.3022 0.0620 0.0000
vt 0.7509 0.7138 0.0000
vt 0.2165 0.7381 0.0000
vt 0.3001 0.0713 0.0000
vt 0.7533 0.7071 0.0000
vt 0.2226 0.7416 0.0000
vt 0.2980 0.0801 0.0000
vt 0.7557 0.7004 0.0000
vt 0.2286 0.7452 0.0000
vt 0.2960 0.0885 0.0000
vt 0.7581 0.6936 0.0000
vt 0.2346 0.7487 0.0000
vt 0.2941 0.0966 0.0000
vt 0.7606 0.6867 0.0000
vt 0.2406 0.7522 0.0000
vt 0.0441 0.6384 0.0000
vt 0.0542 0.6441 0.0000
vt 0.7631 0.6798 0.0000
vt 0.0640 0.6496 0.0000
vt 0.7656 0.6727 0.0000
vt 0.0733 0.6550 0.0000
vt 0.7682 0.6656 0.0000
vt 0.0823 0.6602 0.0000
vt 0.7708 0.6583 0.0000
vt 0.0910 0.6651 0.0000
vt 0.7734 0.6509 0.0000
vt 0.0995 0.6700 0.0000
vt 0.7761 0.6434 0.0000
vt 0.1076 0.6747 0.0000
vt 0.7788 0.6357 0.0000
vt 0.1155 0.6793 0.0000
vt 0.7816 0.6278 0.0000
vt 0.1232 0.6838 0.0000
vt 0.7845 0.6198 0.0000
vt 0.1308 0.6881 0.0000
vt 0.7777 0.5897 0.0000
vt 0.7800 0.5805 0.0000
vt 0.1581 0.6916 0.0000
vt 0.1645 0.6962 0.0000
vt 0.7823 0.5710 0.0000
vt 0.1709 0.7008 0.0000
vt 0.7847 0.5612 0.0000
vt 0.1771 0.7053 0.0000
vt 0.7872 0.5511 0.0000
vt 0.1832 0.7097 0.0000
vt 0.7897 0.5406 0.0000
vt 0.7384 0.7465 0.0000
vt 0.1892 0.7141 0.0000
vt 0.7924 0.5297 0.0000
vt 0.7401 0.7397 0.0000
vt 0.1952 0.7184 0.0000
vt 0.3349 0.0259 0.0000
vt 0.3311 0.0372 0.0000
vt 0.7418 0.7330 0.0000
vt 0.2011 0.7227 0.0000
vt 0.3276 0.0478 0.0000
vt 0.7435 0.7262 0.0000
vt 0.2069 0.7269 0.0000
vt 0.3242 0.0578 0.0000
vt 0.7452 0.7194 0.0000
vt 0.2126 0.7311 0.0000
vt 0.3210 0.0673 0.0000
vt 0.7470 0.7126 0.0000
vt 0.2184 0.7352 0.0000
vt 0.3179 0.0764 0.0000
vt 0.7487 0.7057 0.0000
vt 0.2241 0.7393 0.0000
vt 0.3149 0.0850 0.0000
vt 0.7504 0.6988 0.0000
vt 0.2297 0.7434 0.0000
vt 0.3121 0.0932 0.0000
vt 0.7522 0.6918 0.0000
vt 0.2353 0.7475 0.0000
vt 0.3094 0.1011 0.0000
vt 0.7540 0.6847 0.0000
vt 0.2410 0.7516 0.0000
vt 0.0566 0.6187 0.0000
vt 0.0661 0.6254 0.0000
vt 0.7558 0.6775 0.0000
vt 0.0753 0.6320 0.0000
vt 0.7576 0.6703 0.0000
vt 0.0841 0.6382 0.0000
vt 0.7594 0.6629 0.0000
vt 0.0925 0.6443 0.0000
vt 0.7613 0.6554 0.0000
vt 0.1007 0.6502 0.0000
vt 0.7632 0.6478 0.0000
vt 0.1086 0.6558 0.0000
vt 0.7652 0.6401 0.0000
vt 0.1163 0.6614 0.0000
vt 0.7672 0.6321 0.0000
vt 0.1237 0.6667 0.0000
vt 0.7692 0.6240 0.0000
vt 0.1309 0.6719 0.0000
vt 0.7712 0.6158 0.0000
vt 0.1380 0.6770 0.0000
vt 0.7734 0.6073 0.0000
vt 0.1448 0.6820 0.0000
vt 0.7755 0.5986 0.0000
vt 0.1515 0.6868 0.0000
vt 0.7644 0.5675 0.0000
vt 0.7658 0.5575 0.0000
vt 0.1766 0.6936 0.0000
vt 0.1824 0.6987 0.0000
vt 0.7673 0.5473 0.0000
vt 0.1880 0.7037 0.0000
vt 0.7689 0.5366 0.0000
vt 0.7378 0.7463 0.0000
vt 0.1936 0.7087 0.0000
vt 0.7705 0.5256 0.0000
vt 0.7388 0.7395 0.0000
vt 0.1991 0.7135 0.0000
vt 0.3574 0.0346 0.0000
vt 0.3524 0.0456 0.0000
vt 0.7398 0.7326 0.0000
vt 0.2045 0.7184 0.0000
vt 0.3477 0.0558 0.0000
vt 0.7408 0.7257 0.0000
vt 0.2099 0.7231 0.0000
vt 0.3433 0.0654 0.0000
vt 0.7419 0.7188 0.0000
vt 0.2152 0.7279 0.0000
vt 0.3391 0.0746 0.0000
vt 0.7429 0.7118 0.0000
vt 0.2205 0.7325 0.0000
vt 0.3351 0.0832 0.0000
vt 0.7440 0.7048 0.0000
vt 0.2258 0.7372 0.0000
vt 0.3313 0.0915 0.0000
vt 0.7450 0.6977 0.0000
vt 0.2310 0.7418 0.0000
vt 0.3277 0.0994 0.0000
vt 0.7461 0.6906 0.0000
vt 0.2362 0.7465 0.0000
vt 0.3242 0.1070 0.0000
vt 0.7472 0.6834 0.0000
vt 0.2414 0.7511 0.0000
vt 0.0711 0.6003 0.0000
vt 0.0799 0.6080 0.0000
vt 0.7483 0.6760 0.0000
vt 0.0883 0.6154 0.0000
vt 0.7494 0.6686 0.0000
vt 0.0965 0.6226 0.0000
vt 0.7505 0.6611 0.0000
vt 0.1043 0.6295 0.0000
vt 0.7516 0.6535 0.0000
vt 0.1118 0.6362 0.0000
vt 0.7528 0.6457 0.0000
vt 0.1191 0.6426 0.0000
vt 0.7540 0.6378 0.0000
vt 0.1262 0.6489 0.0000
vt 0.7552 0.6298 0.0000
vt 0.1331 0.6550 0.0000
vt 0.7564 0.6215 0.0000
vt 0.1397 0.6609 0.0000
vt 0.7577 0.6131 0.0000
vt 0.1462 0.6667 0.0000
vt 0.7589 0.6044 0.0000
vt 0.1526 0.6723 0.0000
vt 0.7603 0.5956 0.0000
vt 0.1588 0.6778 0.0000
vt 0.7616 0.5865 0.0000
vt 0.1649 0.6832 0.0000
vt 0.7630 0.5771 0.0000
vt 0.1708 0.6884 0.0000
# 4162 texture coords

o Pixar_Ball
g Pixar_Ball
usemtl Material__67
s off
f 1/1/1 2/2/2 3/3/3 
f 3/3/3 4/4/4 1/1/1 
f 5/5/5 6/6/6 7/7/7 
f 7/7/7 8/8/8 5/5/5 
f 9/9/9 1/1/1 4/4/4 
f 4/4/4 10/10/10 9/9/9 
f 11/11/11 5/5/5 8/8/8 
f 8/8/8 12/12/12 11/11/11 
f 13/13/13 14/14/14 15/15/15 
f 16/16/16 9/9/9 10/10/10 
f 10/10/10 17/17/17 16/16/16 
f 18/18/18 11/11/11 12/12/12 
f 12/12/12 19/19/19 18/18/18 
f 20/20/20 13/13/13 15/15/15 
f 15/15/15 21/21/21 20/20/20 
f 22/22/22 16/16/16 17/17/17 
f 17/17/17 23/23/23 22/22/22 
f 24/24/24 18/25/18 19/26/19 
f 19/26/19 25/27/25 24/24/24 
f 26/28/26 20/20/20 21/21/21 
f 21/21/21 27/29/27 26/28/26 
f 28/30/28 22/22/22 23/23/23 
f 23/23/23 29/31/29 28/30/28 
f 30/32/30 24/24/24 25/27/25 
f 25/27/25 31/33/31 30/32/30 
f 32/34/32 26/28/26 27/29/27 
f 27/29/27 33/35/33 32/34/32 
f 34/36/34 28/30/28 29/31/29 
f 29/31/29 35/37/35 34/36/34 
f 36/38/36 30/32/30 31/33/31 
f 31/33/31 37/39/37 36/38/36 
f 38/40/38 32/34/32 33/35/33 
f 33/35/33 39/41/39 38/40/38 
f 40/42/40 34/36/34 35/37/35 
f 35/37/35 41/43/41 40/42/40 
f 42/44/42 36/38/36 37/39/37 
f 37/39/37 43/45/43 42/44/42 
f 44/46/44 38/40/38 39/41/39 
f 39/41/39 45/47/45 44/46/44 
f 46/48/46 40/42/40 41/43/41 
f 41/43/41 47/49/47 46/48/46 
f 48/50/48 42/44/42 43/45/43 
f 43/45/43 49/51/49 48/50/48 
f 50/52/50 44/46/44 45/47/45 
f 45/47/45 51/53/51 50/52/50 
f 52/54/52 46/48/46 47/49/47 
f 47/49/47 53/55/53 52/54/52 
f 54/56/54 48/50/48 49/51/49 
f 49/51/49 55/57/55 54/56/54 
f 56/58/56 50/52/50 51/53/51 
f 51/53/51 57/59/57 56/58/56 
f 58/60/58 52/54/52 53/55/53 
f 53/55/53 59/61/59 58/60/58 
f 60/62/60 54/56/54 55/57/55 
f 55/57/55 61/63/61 60/62/60 
f 62/64/62 56/58/56 57/59/57 
f 57/59/57 63/65/63 62/64/62 
f 64/66/64 58/60/58 59/61/59 
f 59/61/59 65/67/65 64/66/64 
f 66/68/66 60/62/60 61/63/61 
f 61/63/61 67/69/67 66/68/66 
f 68/70/68 62/64/62 63/65/63 
f 63/65/63 69/71/69 68/70/68 
f 70/72/70 64/66/64 65/67/65 
f 65/67/65 71/73/71 70/72/70 
f 72/74/72 66/75/66 67/76/67 
f 67/76/67 73/77/73 72/74/72 
f 74/78/74 68/70/68 69/71/69 
f 69/71/69 75/79/75 74/78/74 
f 76/80/76 70/72/70 71/73/71 
f 77/81/77 72/74/72 73/77/73 
f 73/77/73 78/82/78 77/81/77 
f 79/83/79 74/78/74 75/79/75 
f 75/79/75 80/84/80 79/83/79 
f 81/85/81 77/81/77 78/82/78 
f 78/82/78 82/86/82 81/85/81 
f 83/87/83 79/83/79 80/84/80 
f 80/84/80 84/88/84 83/87/83 
f 85/89/85 81/85/81 82/86/82 
f 82/86/82 86/90/86 85/89/85 
f 87/91/87 83/87/83 84/88/84 
f 84/88/84 88/92/88 87/91/87 
f 89/93/89 85/89/85 86/90/86 
f 86/90/86 90/94/90 89/93/89 
f 91/95/91 87/91/87 88/92/88 
f 88/92/88 92/96/92 91/95/91 
f 93/97/93 89/93/89 90/94/90 
f 90/94/90 94/98/94 93/97/93 
f 95/99/95 91/95/91 92/96/92 
f 92/96/92 96/100/96 95/99/95 
f 97/101/97 93/97/93 94/98/94 
f 94/98/94 98/102/98 97/101/97 
f 99/103/99 95/99/95 96/100/96 
f 96/100/96 100/104/100 99/103/99 
f 101/105/101 97/101/97 98/102/98 
f 98/102/98 102/106/102 101/105/101 
f 103/107/103 99/103/99 100/104/100 
f 100/104/100 104/108/104 103/107/103 
f 105/109/105 101/105/101 102/106/102 
f 102/106/102 106/110/106 105/109/105 
f 107/111/107 103/107/103 104/108/104 
f 104/108/104 108/112/108 107/111/107 
f 109/113/109 105/109/105 106/110/106 
f 106/110/106 110/114/110 109/113/109 
f 111/115/111 107/111/107 108/112/108 
f 108/112/108 112/116/112 111/115/111 
f 113/117/113 109/113/109 110/114/110 
f 110/114/110 114/118/114 113/117/113 
f 115/119/115 111/115/111 112/116/112 
f 112/116/112 116/120/116 115/119/115 
f 117/121/117 113/117/113 114/118/114 
f 114/118/114 118/122/118 117/121/117 
f 119/123/119 115/119/115 116/120/116 
f 116/120/116 120/124/120 119/123/119 
f 121/125/121 117/121/117 118/122/118 
f 118/122/118 122/126/122 121/125/121 
f 123/127/123 119/123/119 120/124/120 
f 120/124/120 124/128/124 123/127/123 
f 125/129/125 121/125/121 122/126/122 
f 122/126/122 126/130/126 125/129/125 
f 127/131/127 123/127/123 124/128/124 
f 124/128/124 128/132/128 127/131/127 
f 2/2/2 125/129/125 126/130/126 
f 126/130/126 3/3/3 2/2/2 
f 6/6/6 127/131/127 128/132/128 
f 128/132/128 7/7/7 6/6/6 
f 86/90/86 82/86/82 129/133/129 
f 129/133/129 130/134/130 86/90/86 
f 88/92/88 84/88/84 131/135/131 
f 131/135/131 132/136/132 88/92/88 
f 90/94/90 86/90/86 130/134/130 
f 130/134/130 133/137/133 90/94/90 
f 92/96/92 88/92/88 132/136/132 
f 132/136/132 134/138/134 92/96/92 
f 94/98/94 90/94/90 133/137/133 
f 133/137/133 135/139/135 94/98/94 
f 96/100/96 92/96/92 134/138/134 
f 134/138/134 136/140/136 96/100/96 
f 98/102/98 94/98/94 135/139/135 
f 135/139/135 137/141/137 98/102/98 
f 100/104/100 96/100/96 136/140/136 
f 136/140/136 138/142/138 100/104/100 
f 102/106/102 98/102/98 137/141/137 
f 137/141/137 139/143/139 102/106/102 
f 104/108/104 100/104/100 138/142/138 
f 138/142/138 140/144/140 104/108/104 
f 106/110/106 102/106/102 139/143/139 
f 139/143/139 141/145/141 106/110/106 
f 108/112/108 104/108/104 140/144/140 
f 140/144/140 142/146/142 108/112/108 
f 110/114/110 106/110/106 141/145/141 
f 141/145/141 143/147/143 110/114/110 
f 112/116/112 108/112/108 142/146/142 
f 142/146/142 144/148/144 112/116/112 
f 114/118/114 110/114/110 143/147/143 
f 143/147/143 145/149/145 114/118/114 
f 116/120/116 112/116/112 144/148/144 
f 144/148/144 146/150/146 116/120/116 
f 118/122/118 114/118/114 145/149/145 
f 145/149/145 147/151/147 118/122/118 
f 120/124/120 116/120/116 146/150/146 
f 146/150/146 148/152/148 120/124/120 
f 122/126/122 118/122/118 147/151/147 
f 147/151/147 149/153/149 122/126/122 
f 124/128/124 120/124/120 148/152/148 
f 148/152/148 150/154/150 124/128/124 
f 126/130/126 122/126/122 149/153/149 
f 149/153/149 151/155/151 126/130/126 
f 128/132/128 124/128/124 150/154/150 
f 150/154/150 152/156/152 128/132/128 
f 3/3/3 126/130/126 151/155/151 
f 151/155/151 153/157/153 3/3/3 
f 7/7/7 128/132/128 152/156/152 
f 152/156/152 154/158/154 7/7/7 
f 4/4/4 3/3/3 153/157/153 
f 153/157/153 155/159/155 4/4/4 
f 8/8/8 7/7/7 154/158/154 
f 154/158/154 156/160/156 8/8/8 
f 10/10/10 4/4/4 155/159/155 
f 155/159/155 157/161/157 10/10/10 
f 12/12/12 8/8/8 156/160/156 
f 156/160/156 158/162/158 12/12/12 
f 15/15/15 14/14/14 159/163/159 
f 17/17/17 10/10/10 157/161/157 
f 157/161/157 160/164/160 17/17/17 
f 19/19/19 12/12/12 158/162/158 
f 158/162/158 161/165/161 19/19/19 
f 21/21/21 15/15/15 159/163/159 
f 159/163/159 162/166/162 21/21/21 
f 23/23/23 17/17/17 160/164/160 
f 160/164/160 163/167/163 23/23/23 
f 25/27/25 19/26/19 161/168/161 
f 161/168/161 164/169/164 25/27/25 
f 27/29/27 21/21/21 162/166/162 
f 162/166/162 165/170/165 27/29/27 
f 29/31/29 23/23/23 163/167/163 
f 163/167/163 166/171/166 29/31/29 
f 31/33/31 25/27/25 164/169/164 
f 164/169/164 167/172/167 31/33/31 
f 33/35/33 27/29/27 165/170/165 
f 165/170/165 168/173/168 33/35/33 
f 35/37/35 29/31/29 166/171/166 
f 166/171/166 169/174/169 35/37/35 
f 37/39/37 31/33/31 167/172/167 
f 167/172/167 170/175/170 37/39/37 
f 39/41/39 33/35/33 168/173/168 
f 168/173/168 171/176/171 39/41/39 
f 41/43/41 35/37/35 169/174/169 
f 169/174/169 172/177/172 41/43/41 
f 43/45/43 37/39/37 170/175/170 
f 170/175/170 173/178/173 43/45/43 
f 45/47/45 39/41/39 171/176/171 
f 171/176/171 174/179/174 45/47/45 
f 47/49/47 41/43/41 172/177/172 
f 172/177/172 175/180/175 47/49/47 
f 49/51/49 43/45/43 173/178/173 
f 173/178/173 176/181/176 49/51/49 
f 51/53/51 45/47/45 174/179/174 
f 174/179/174 177/182/177 51/53/51 
f 53/55/53 47/49/47 175/180/175 
f 175/180/175 178/183/178 53/55/53 
f 55/57/55 49/51/49 176/181/176 
f 176/181/176 179/184/179 55/57/55 
f 57/59/57 51/53/51 177/182/177 
f 177/182/177 180/185/180 57/59/57 
f 59/61/59 53/55/53 178/183/178 
f 178/183/178 181/186/181 59/61/59 
f 61/63/61 55/57/55 179/184/179 
f 179/184/179 182/187/182 61/63/61 
f 63/65/63 57/59/57 180/185/180 
f 180/185/180 183/188/183 63/65/63 
f 65/67/65 59/61/59 181/186/181 
f 181/186/181 184/189/184 65/67/65 
f 67/69/67 61/63/61 182/187/182 
f 182/187/182 185/190/185 67/69/67 
f 69/71/69 63/65/63 183/188/183 
f 183/188/183 186/191/186 69/71/69 
f 71/73/71 65/67/65 184/189/184 
f 184/189/184 187/192/187 71/73/71 
f 73/77/73 67/76/67 185/193/185 
f 185/193/185 188/194/188 73/77/73 
f 75/79/75 69/71/69 186/191/186 
f 186/191/186 189/195/189 75/79/75 
f 76/80/76 71/73/71 187/192/187 
f 78/82/78 73/77/73 188/194/188 
f 188/194/188 190/196/190 78/82/78 
f 80/84/80 75/79/75 189/195/189 
f 189/195/189 191/197/191 80/84/80 
f 82/86/82 78/82/78 190/196/190 
f 190/196/190 129/133/129 82/86/82 
f 84/88/84 80/84/80 191/197/191 
f 191/197/191 131/135/131 84/88/84 
f 135/139/135 133/137/133 192/198/192 
f 192/198/192 193/199/193 135/139/135 
f 136/140/136 134/138/134 194/200/194 
f 194/200/194 195/201/195 136/140/136 
f 137/141/137 135/139/135 193/199/193 
f 193/199/193 196/202/196 137/141/137 
f 138/142/138 136/140/136 195/201/195 
f 195/201/195 197/203/197 138/142/138 
f 139/143/139 137/141/137 196/202/196 
f 196/202/196 198/204/198 139/143/139 
f 140/144/140 138/142/138 197/203/197 
f 197/203/197 199/205/199 140/144/140 
f 141/145/141 139/143/139 198/204/198 
f 198/204/198 200/206/200 141/145/141 
f 142/146/142 140/144/140 199/205/199 
f 199/205/199 201/207/201 142/146/142 
f 143/147/143 141/145/141 200/206/200 
f 200/206/200 202/208/202 143/147/143 
f 144/148/144 142/146/142 201/207/201 
f 201/207/201 203/209/203 144/148/144 
f 145/149/145 143/147/143 202/208/202 
f 202/208/202 204/210/204 145/149/145 
f 146/150/146 144/148/144 203/209/203 
f 203/209/203 205/211/205 146/150/146 
f 147/151/147 145/149/145 204/210/204 
f 204/210/204 206/212/206 147/151/147 
f 148/152/148 146/150/146 205/211/205 
f 205/211/205 207/213/207 148/152/148 
f 149/153/149 147/151/147 206/212/206 
f 206/212/206 208/214/208 149/153/149 
f 150/154/150 148/152/148 207/213/207 
f 207/213/207 209/215/209 150/154/150 
f 151/155/151 149/153/149 208/214/208 
f 208/214/208 210/216/210 151/155/151 
f 152/156/152 150/154/150 209/215/209 
f 209/215/209 211/217/211 152/156/152 
f 153/157/153 151/155/151 210/216/210 
f 210/216/210 212/218/212 153/157/153 
f 154/158/154 152/156/152 211/217/211 
f 211/217/211 213/219/213 154/158/154 
f 155/159/155 153/157/153 212/218/212 
f 212/218/212 214/220/214 155/159/155 
f 156/160/156 154/158/154 213/219/213 
f 213/219/213 215/221/215 156/160/156 
f 157/161/157 155/159/155 214/220/214 
f 214/220/214 216/222/216 157/161/157 
f 158/162/158 156/160/156 215/221/215 
f 215/221/215 217/223/217 158/162/158 
f 159/163/159 14/14/14 218/224/218 
f 160/164/160 157/161/157 216/222/216 
f 216/222/216 219/225/219 160/164/160 
f 161/165/161 158/162/158 217/223/217 
f 217/223/217 220/226/220 161/165/161 
f 162/166/162 159/163/159 218/224/218 
f 218/224/218 221/227/221 162/166/162 
f 163/167/163 160/164/160 219/225/219 
f 219/225/219 222/228/222 163/167/163 
f 164/169/164 161/168/161 220/229/220 
f 220/229/220 223/230/223 164/169/164 
f 165/170/165 162/166/162 221/227/221 
f 221/227/221 224/231/224 165/170/165 
f 166/171/166 163/167/163 222/228/222 
f 222/228/222 225/232/225 166/171/166 
f 167/172/167 164/169/164 223/230/223 
f 223/230/223 226/233/226 167/172/167 
f 168/173/168 165/170/165 224/231/224 
f 224/231/224 227/234/227 168/173/168 
f 169/174/169 166/171/166 225/232/225 
f 225/232/225 228/235/228 169/174/169 
f 170/175/170 167/172/167 226/233/226 
f 226/233/226 229/236/229 170/175/170 
f 171/176/171 168/173/168 227/234/227 
f 227/234/227 230/237/230 171/176/171 
f 172/177/172 169/174/169 228/235/228 
f 228/235/228 231/238/231 172/177/172 
f 173/178/173 170/175/170 229/236/229 
f 229/236/229 232/239/232 173/178/173 
f 174/179/174 171/176/171 230/237/230 
f 230/237/230 233/240/233 174/179/174 
f 175/180/175 172/177/172 231/238/231 
f 231/238/231 234/241/234 175/180/175 
f 176/181/176 173/178/173 232/239/232 
f 232/239/232 235/242/235 176/181/176 
f 177/182/177 174/179/174 233/240/233 
f 233/240/233 236/243/236 177/182/177 
f 178/183/178 175/180/175 234/241/234 
f 234/241/234 237/244/237 178/183/178 
f 179/184/179 176/181/176 235/242/235 
f 235/242/235 238/245/238 179/184/179 
f 180/185/180 177/182/177 236/243/236 
f 236/243/236 239/246/239 180/185/180 
f 181/186/181 178/183/178 237/244/237 
f 237/244/237 240/247/240 181/186/181 
f 182/187/182 179/184/179 238/245/238 
f 238/245/238 241/248/241 182/187/182 
f 183/188/183 180/185/180 239/246/239 
f 239/246/239 242/249/242 183/188/183 
f 184/189/184 181/186/181 240/247/240 
f 240/247/240 243/250/243 184/189/184 
f 185/190/185 182/187/182 241/248/241 
f 241/248/241 244/251/244 185/190/185 
f 186/191/186 183/188/183 242/249/242 
f 242/249/242 245/252/245 186/191/186 
f 187/192/187 184/189/184 243/250/243 
f 243/250/243 246/253/246 187/192/187 
f 188/194/188 185/193/185 244/254/244 
f 244/254/244 247/255/247 188/194/188 
f 189/195/189 186/191/186 245/252/245 
f 245/252/245 248/256/248 189/195/189 
f 76/80/76 187/192/187 246/253/246 
f 190/196/190 188/194/188 247/255/247 
f 247/255/247 249/257/249 190/196/190 
f 191/197/191 189/195/189 248/256/248 
f 248/256/248 250/258/250 191/197/191 
f 129/133/129 190/196/190 249/257/249 
f 249/257/249 251/259/251 129/133/129 
f 131/135/131 191/197/191 250/258/250 
f 250/258/250 252/260/252 131/135/131 
f 130/134/130 129/133/129 251/259/251 
f 251/259/251 253/261/253 130/134/130 
f 132/136/132 131/135/131 252/260/252 
f 252/260/252 254/262/254 132/136/132 
f 133/137/133 130/134/130 253/261/253 
f 253/261/253 192/198/192 133/137/133 
f 134/138/134 132/136/132 254/262/254 
f 254/262/254 194/200/194 134/138/134 
f 198/204/198 196/202/196 255/263/255 
f 255/263/255 256/264/256 198/204/198 
f 199/205/199 197/203/197 257/265/257 
f 257/265/257 258/266/258 199/205/199 
f 200/206/200 198/204/198 256/264/256 
f 256/264/256 259/267/259 200/206/200 
f 201/207/201 199/205/199 258/266/258 
f 258/266/258 260/268/260 201/207/201 
f 202/208/202 200/206/200 259/267/259 
f 259/267/259 261/269/261 202/208/202 
f 203/209/203 201/207/201 260/268/260 
f 260/268/260 262/270/262 203/209/203 
f 204/210/204 202/208/202 261/269/261 
f 261/269/261 263/271/263 204/210/204 
f 205/211/205 203/209/203 262/270/262 
f 262/270/262 264/272/264 205/211/205 
f 206/212/206 204/210/204 263/271/263 
f 263/271/263 265/273/265 206/212/206 
f 207/213/207 205/211/205 264/272/264 
f 264/272/264 266/274/266 207/213/207 
f 208/214/208 206/212/206 265/273/265 
f 265/273/265 267/275/267 208/214/208 
f 209/215/209 207/213/207 266/274/266 
f 266/274/266 268/276/268 209/215/209 
f 210/216/210 208/214/208 267/275/267 
f 267/275/267 269/277/269 210/216/210 
f 211/217/211 209/215/209 268/276/268 
f 268/276/268 270/278/270 211/217/211 
f 212/218/212 210/216/210 269/277/269 
f 269/277/269 271/279/271 212/218/212 
f 213/219/213 211/217/211 270/278/270 
f 270/278/270 272/280/272 213/219/213 
f 214/220/214 212/218/212 271/279/271 
f 271/279/271 273/281/273 214/220/214 
f 215/221/215 213/219/213 272/280/272 
f 272/280/272 274/282/274 215/221/215 
f 216/222/216 214/220/214 273/281/273 
f 273/281/273 275/283/275 216/222/216 
f 217/223/217 215/221/215 274/282/274 
f 274/282/274 276/284/276 217/223/217 
f 218/224/218 14/14/14 277/285/277 
f 219/225/219 216/222/216 275/283/275 
f 275/283/275 278/286/278 219/225/219 
f 220/226/220 217/223/217 276/284/276 
f 276/284/276 279/287/279 220/226/220 
f 221/227/221 218/224/218 277/285/277 
f 277/285/277 280/288/280 221/227/221 
f 222/228/222 219/225/219 278/286/278 
f 278/286/278 281/289/281 222/228/222 
f 223/230/223 220/229/220 279/290/279 
f 279/290/279 282/291/282 223/230/223 
f 224/231/224 221/227/221 280/288/280 
f 280/288/280 283/292/283 224/231/224 
f 225/232/225 222/228/222 281/289/281 
f 281/289/281 284/293/284 225/232/225 
f 226/233/226 223/230/223 282/291/282 
f 282/291/282 285/294/285 226/233/226 
f 227/234/227 224/231/224 283/292/283 
f 283/292/283 286/295/286 227/234/227 
f 228/235/228 225/232/225 284/293/284 
f 284/293/284 287/296/287 228/235/228 
f 229/236/229 226/233/226 285/294/285 
f 285/294/285 288/297/288 229/236/229 
f 230/237/230 227/234/227 286/295/286 
f 286/295/286 289/298/289 230/237/230 
f 231/238/231 228/235/228 287/296/287 
f 287/296/287 290/299/290 231/238/231 
f 232/239/232 229/236/229 288/297/288 
f 288/297/288 291/300/291 232/239/232 
f 233/240/233 230/237/230 289/298/289 
f 289/298/289 292/301/292 233/240/233 
f 234/241/234 231/238/231 290/299/290 
f 290/299/290 293/302/293 234/241/234 
f 235/242/235 232/239/232 291/300/291 
f 291/300/291 294/303/294 235/242/235 
f 236/243/236 233/240/233 292/301/292 
f 292/301/292 295/304/295 236/243/236 
f 237/244/237 234/241/234 293/302/293 
f 293/302/293 296/305/296 237/244/237 
f 238/245/238 235/242/235 294/303/294 
f 294/303/294 297/306/297 238/245/238 
f 239/246/239 236/243/236 295/304/295 
f 295/304/295 298/307/298 239/246/239 
f 240/247/240 237/244/237 296/305/296 
f 296/305/296 299/308/299 240/247/240 
f 241/248/241 238/245/238 297/306/297 
f 297/306/297 300/309/300 241/248/241 
f 242/249/242 239/246/239 298/307/298 
f 298/307/298 301/310/301 242/249/242 
f 243/250/243 240/247/240 299/308/299 
f 299/308/299 302/311/302 243/250/243 
f 244/251/244 241/248/241 300/309/300 
f 300/309/300 303/312/303 244/251/244 
f 245/252/245 242/249/242 301/310/301 
f 301/310/301 304/313/304 245/252/245 
f 246/253/246 243/250/243 302/311/302 
f 302/311/302 305/314/305 246/253/246 
f 247/255/247 244/254/244 303/315/303 
f 303/315/303 306/316/306 247/255/247 
f 248/256/248 245/252/245 304/313/304 
f 304/313/304 307/317/307 248/256/248 
f 76/80/76 246/253/246 305/314/305 
f 249/257/249 247/255/247 306/316/306 
f 306/316/306 308/318/308 249/257/249 
f 250/258/250 248/256/248 307/317/307 
f 307/317/307 309/319/309 250/258/250 
f 251/259/251 249/257/249 308/318/308 
f 308/318/308 310/320/310 251/259/251 
f 252/260/252 250/258/250 309/319/309 
f 309/319/309 311/321/311 252/260/252 
f 253/261/253 251/259/251 310/320/310 
f 310/320/310 312/322/312 253/261/253 
f 254/262/254 252/260/252 311/321/311 
f 311/321/311 313/323/313 254/262/254 
f 192/198/192 253/261/253 312/322/312 
f 312/322/312 314/324/314 192/198/192 
f 194/200/194 254/262/254 313/323/313 
f 313/323/313 315/325/315 194/200/194 
f 193/199/193 192/198/192 314/324/314 
f 314/324/314 316/326/316 193/199/193 
f 195/201/195 194/200/194 315/325/315 
f 315/325/315 317/327/317 195/201/195 
f 196/202/196 193/199/193 316/326/316 
f 316/326/316 255/263/255 196/202/196 
f 197/203/197 195/201/195 317/327/317 
f 317/327/317 257/265/257 197/203/197 
f 261/269/261 259/267/259 318/328/318 
f 318/328/318 319/329/319 261/269/261 
f 262/270/262 260/268/260 320/330/320 
f 320/330/320 321/331/321 262/270/262 
f 263/271/263 261/269/261 319/329/319 
f 319/329/319 322/332/322 263/271/263 
f 264/272/264 262/270/262 321/331/321 
f 321/331/321 323/333/323 264/272/264 
f 265/273/265 263/271/263 322/332/322 
f 322/332/322 324/334/324 265/273/265 
f 266/274/266 264/272/264 323/333/323 
f 323/333/323 325/335/325 266/274/266 
f 267/275/267 265/273/265 324/334/324 
f 324/334/324 326/336/326 267/275/267 
f 268/276/268 266/274/266 325/335/325 
f 325/335/325 327/337/327 268/276/268 
f 269/277/269 267/275/267 326/336/326 
f 326/336/326 328/338/328 269/277/269 
f 270/278/270 268/276/268 327/337/327 
f 327/337/327 329/339/329 270/278/270 
f 271/279/271 269/277/269 328/338/328 
f 328/338/328 330/340/330 271/279/271 
f 272/280/272 270/278/270 329/339/329 
f 329/339/329 331/341/331 272/280/272 
f 273/281/273 271/279/271 330/340/330 
f 330/340/330 332/342/332 273/281/273 
f 274/282/274 272/280/272 331/341/331 
f 331/341/331 333/343/333 274/282/274 
f 275/283/275 273/281/273 332/342/332 
f 332/342/332 334/344/334 275/283/275 
f 276/284/276 274/282/274 333/343/333 
f 333/343/333 335/345/335 276/284/276 
f 277/285/277 14/14/14 336/346/336 
f 278/286/278 275/283/275 334/344/334 
f 334/344/334 337/347/337 278/286/278 
f 279/287/279 276/284/276 335/345/335 
f 335/345/335 338/348/338 279/287/279 
f 280/288/280 277/285/277 336/346/336 
f 336/346/336 339/349/339 280/288/280 
f 281/289/281 278/286/278 337/347/337 
f 337/347/337 340/350/340 281/289/281 
f 282/291/282 279/290/279 338/351/338 
f 338/351/338 341/352/341 282/291/282 
f 283/292/283 280/288/280 339/349/339 
f 339/349/339 342/353/342 283/292/283 
f 284/293/284 281/289/281 340/350/340 
f 340/350/340 343/354/343 284/293/284 
f 285/294/285 282/291/282 341/352/341 
f 341/352/341 344/355/344 285/294/285 
f 286/295/286 283/292/283 342/353/342 
f 342/353/342 345/356/345 286/295/286 
f 287/296/287 284/293/284 343/354/343 
f 343/354/343 346/357/346 287/296/287 
f 288/297/288 285/294/285 344/355/344 
f 344/355/344 347/358/347 288/297/288 
f 289/298/289 286/295/286 345/356/345 
f 345/356/345 348/359/348 289/298/289 
f 290/299/290 287/296/287 346/357/346 
f 346/357/346 349/360/349 290/299/290 
f 291/300/291 288/297/288 347/358/347 
f 347/358/347 350/361/350 291/300/291 
f 292/301/292 289/298/289 348/359/348 
f 348/359/348 351/362/351 292/301/292 
f 293/302/293 290/299/290 349/360/349 
f 349/360/349 352/363/352 293/302/293 
f 294/303/294 291/300/291 350/361/350 
f 350/361/350 353/364/353 294/303/294 
f 295/304/295 292/301/292 351/362/351 
f 351/362/351 354/365/354 295/304/295 
f 296/305/296 293/302/293 352/363/352 
f 352/363/352 355/366/355 296/305/296 
f 297/306/297 294/303/294 353/364/353 
f 353/364/353 356/367/356 297/306/297 
f 298/307/298 295/304/295 354/365/354 
f 354/365/354 357/368/357 298/307/298 
f 299/308/299 296/305/296 355/366/355 
f 355/366/355 358/369/358 299/308/299 
f 300/309/300 297/306/297 356/367/356 
f 356/367/356 359/370/359 300/309/300 
f 301/310/301 298/307/298 357/368/357 
f 357/368/357 360/371/360 301/310/301 
f 302/311/302 299/308/299 358/369/358 
f 358/369/358 361/372/361 302/311/302 
f 303/312/303 300/309/300 359/370/359 
f 359/370/359 362/373/362 303/312/303 
f 304/313/304 301/310/301 360/371/360 
f 360/371/360 363/374/363 304/313/304 
f 305/314/305 302/311/302 361/372/361 
f 361/372/361 364/375/364 305/314/305 
f 306/316/306 303/315/303 362/376/362 
f 362/376/362 365/377/365 306/316/306 
f 307/317/307 304/313/304 363/374/363 
f 363/374/363 366/378/366 307/317/307 
f 76/80/76 305/314/305 364/375/364 
f 308/318/308 306/316/306 365/377/365 
f 365/377/365 367/379/367 308/318/308 
f 309/319/309 307/317/307 366/378/366 
f 366/378/366 368/380/368 309/319/309 
f 310/320/310 308/318/308 367/379/367 
f 367/379/367 369/381/369 310/320/310 
f 311/321/311 309/319/309 368/380/368 
f 368/380/368 370/382/370 311/321/311 
f 312/322/312 310/320/310 369/381/369 
f 369/381/369 371/383/371 312/322/312 
f 313/323/313 311/321/311 370/382/370 
f 370/382/370 372/384/372 313/323/313 
f 314/324/314 312/322/312 371/383/371 
f 371/383/371 373/385/373 314/324/314 
f 315/325/315 313/323/313 372/384/372 
f 372/384/372 374/386/374 315/325/315 
f 316/326/316 314/324/314 373/385/373 
f 373/385/373 375/387/375 316/326/316 
f 317/327/317 315/325/315 374/386/374 
f 374/386/374 376/388/376 317/327/317 
f 255/263/255 316/326/316 375/387/375 
f 375/387/375 377/389/377 255/263/255 
f 257/265/257 317/327/317 376/388/376 
f 376/388/376 378/390/378 257/265/257 
f 256/264/256 255/263/255 377/389/377 
f 377/389/377 379/391/379 256/264/256 
f 258/266/258 257/265/257 378/390/378 
f 378/390/378 380/392/380 258/266/258 
f 259/267/259 256/264/256 379/391/379 
f 379/391/379 318/328/318 259/267/259 
f 260/268/260 258/266/258 380/392/380 
f 380/392/380 320/330/320 260/268/260 
f 324/334/324 322/332/322 381/393/381 
f 381/393/381 382/394/382 324/334/324 
f 325/335/325 323/333/323 383/395/383 
f 383/395/383 384/396/384 325/335/325 
f 326/336/326 324/334/324 382/394/382 
f 382/394/382 385/397/385 326/336/326 
f 327/337/327 325/335/325 384/396/384 
f 384/396/384 386/398/386 327/337/327 
f 328/338/328 326/336/326 385/397/385 
f 385/397/385 387/399/387 328/338/328 
f 329/339/329 327/337/327 386/398/386 
f 386/398/386 388/400/388 329/339/329 
f 330/340/330 328/338/328 387/399/387 
f 387/399/387 389/401/389 330/340/330 
f 331/341/331 329/339/329 388/400/388 
f 388/400/388 390/402/390 331/341/331 
f 332/342/332 330/340/330 389/401/389 
f 389/401/389 391/403/391 332/342/332 
f 333/343/333 331/341/331 390/402/390 
f 390/402/390 392/404/392 333/343/333 
f 334/344/334 332/342/332 391/403/391 
f 391/403/391 393/405/393 334/344/334 
f 335/345/335 333/343/333 392/404/392 
f 392/404/392 394/406/394 335/345/335 
f 336/346/336 14/14/14 395/407/395 
f 337/347/337 334/344/334 393/405/393 
f 393/405/393 396/408/396 337/347/337 
f 338/348/338 335/345/335 394/406/394 
f 394/406/394 397/409/397 338/348/338 
f 339/349/339 336/346/336 395/407/395 
f 395/407/395 398/410/398 339/349/339 
f 340/350/340 337/347/337 396/408/396 
f 396/408/396 399/411/399 340/350/340 
f 341/352/341 338/351/338 397/412/397 
f 397/412/397 400/413/400 341/352/341 
f 342/353/342 339/349/339 398/410/398 
f 398/410/398 401/414/401 342/353/342 
f 343/354/343 340/350/340 399/411/399 
f 399/411/399 402/415/402 343/354/343 
f 344/355/344 341/352/341 400/413/400 
f 400/413/400 403/416/403 344/355/344 
f 345/356/345 342/353/342 401/414/401 
f 401/414/401 404/417/404 345/356/345 
f 346/357/346 343/354/343 402/415/402 
f 402/415/402 405/418/405 346/357/346 
f 347/358/347 344/355/344 403/416/403 
f 403/416/403 406/419/406 347/358/347 
f 348/359/348 345/356/345 404/417/404 
f 404/417/404 407/420/407 348/359/348 
f 349/360/349 346/357/346 405/418/405 
f 405/418/405 408/421/408 349/360/349 
f 350/361/350 347/358/347 406/419/406 
f 406/419/406 409/422/409 350/361/350 
f 351/362/351 348/359/348 407/420/407 
f 407/420/407 410/423/410 351/362/351 
f 352/363/352 349/360/349 408/421/408 
f 408/421/408 411/424/411 352/363/352 
f 353/364/353 350/361/350 409/422/409 
f 409/422/409 412/425/412 353/364/353 
f 354/365/354 351/362/351 410/423/410 
f 410/423/410 413/426/413 354/365/354 
f 355/366/355 352/363/352 411/424/411 
f 411/424/411 414/427/414 355/366/355 
f 356/367/356 353/364/353 412/425/412 
f 412/425/412 415/428/415 356/367/356 
f 357/368/357 354/365/354 413/426/413 
f 413/426/413 416/429/416 357/368/357 
f 358/369/358 355/366/355 414/427/414 
f 414/427/414 417/430/417 358/369/358 
f 359/370/359 356/367/356 415/428/415 
f 415/428/415 418/431/418 359/370/359 
f 360/371/360 357/368/357 416/429/416 
f 416/429/416 419/432/419 360/371/360 
f 361/372/361 358/369/358 417/430/417 
f 417/430/417 420/433/420 361/372/361 
f 362/373/362 359/370/359 418/431/418 
f 418/431/418 421/434/421 362/373/362 
f 363/374/363 360/371/360 419/432/419 
f 419/432/419 422/435/422 363/374/363 
f 364/375/364 361/372/361 420/433/420 
f 420/433/420 423/436/423 364/375/364 
f 365/377/365 362/376/362 421/437/421 
f 421/437/421 424/438/424 365/377/365 
f 366/378/366 363/374/363 422/435/422 
f 422/435/422 425/439/425 366/378/366 
f 76/80/76 364/375/364 423/436/423 
f 367/379/367 365/377/365 424/438/424 
f 424/438/424 426/440/426 367/379/367 
f 368/380/368 366/378/366 425/439/425 
f 425/439/425 427/441/427 368/380/368 
f 369/381/369 367/379/367 426/440/426 
f 426/440/426 428/442/428 369/381/369 
f 370/382/370 368/380/368 427/441/427 
f 427/441/427 429/443/429 370/382/370 
f 371/383/371 369/381/369 428/442/428 
f 428/442/428 430/444/430 371/383/371 
f 372/384/372 370/382/370 429/443/429 
f 429/443/429 431/445/431 372/384/372 
f 373/385/373 371/383/371 430/444/430 
f 430/444/430 432/446/432 373/385/373 
f 374/386/374 372/384/372 431/445/431 
f 431/445/431 433/447/433 374/386/374 
f 375/387/375 373/385/373 432/446/432 
f 432/446/432 434/448/434 375/387/375 
f 376/388/376 374/386/374 433/447/433 
f 433/447/433 435/449/435 376/388/376 
f 377/389/377 375/387/375 434/448/434 
f 434/448/434 436/450/436 377/389/377 
f 378/390/378 376/388/376 435/449/435 
f 435/449/435 437/451/437 378/390/378 
f 379/391/379 377/389/377 436/450/436 
f 436/450/436 438/452/438 379/391/379 
f 380/392/380 378/390/378 437/451/437 
f 437/451/437 439/453/439 380/392/380 
f 318/328/318 379/391/379 438/452/438 
f 438/452/438 440/454/440 318/328/318 
f 320/330/320 380/392/380 439/453/439 
f 439/453/439 441/455/441 320/330/320 
f 319/329/319 318/328/318 440/454/440 
f 440/454/440 442/456/442 319/329/319 
f 321/331/321 320/330/320 441/455/441 
f 441/455/441 443/457/443 321/331/321 
f 322/332/322 319/329/319 442/456/442 
f 442/456/442 381/393/381 322/332/322 
f 323/333/323 321/331/321 443/457/443 
f 443/457/443 383/395/383 323/333/323 
f 387/399/387 385/397/385 444/458/444 
f 444/458/444 445/459/445 387/399/387 
f 388/400/388 386/398/386 446/460/446 
f 446/460/446 447/461/447 388/400/388 
f 389/401/389 387/399/387 445/459/445 
f 445/459/445 448/462/448 389/401/389 
f 390/402/390 388/400/388 447/461/447 
f 447/461/447 449/463/449 390/402/390 
f 391/403/391 389/401/389 448/462/448 
f 448/462/448 450/464/450 391/403/391 
f 392/404/392 390/402/390 449/463/449 
f 449/463/449 451/465/451 392/404/392 
f 393/405/393 391/403/391 450/464/450 
f 450/464/450 452/466/452 393/405/393 
f 394/406/394 392/404/392 451/465/451 
f 451/465/451 453/467/453 394/406/394 
f 395/407/395 14/14/14 454/468/454 
f 396/408/396 393/405/393 452/466/452 
f 452/466/452 455/469/455 396/408/396 
f 397/409/397 394/406/394 453/467/453 
f 453/467/453 456/470/456 397/409/397 
f 398/410/398 395/407/395 454/468/454 
f 454/468/454 457/471/457 398/410/398 
f 399/411/399 396/408/396 455/469/455 
f 455/469/455 458/472/458 399/411/399 
f 400/413/400 397/412/397 456/473/456 
f 456/473/456 459/474/459 400/413/400 
f 401/414/401 398/410/398 457/471/457 
f 457/471/457 460/475/460 401/414/401 
f 402/415/402 399/411/399 458/472/458 
f 458/472/458 461/476/461 402/415/402 
f 403/416/403 400/413/400 459/474/459 
f 459/474/459 462/477/462 403/416/403 
f 404/417/404 401/414/401 460/475/460 
f 460/475/460 463/478/463 404/417/404 
f 405/418/405 402/415/402 461/476/461 
f 461/476/461 464/479/464 405/418/405 
f 406/419/406 403/416/403 462/477/462 
f 462/477/462 465/480/465 406/419/406 
f 407/420/407 404/417/404 463/478/463 
f 463/478/463 466/481/466 407/420/407 
f 408/421/408 405/418/405 464/479/464 
f 464/479/464 467/482/467 408/421/408 
f 409/422/409 406/419/406 465/480/465 
f 465/480/465 468/483/468 409/422/409 
f 410/423/410 407/420/407 466/481/466 
f 466/481/466 469/484/469 410/423/410 
f 411/424/411 408/421/408 467/482/467 
f 467/482/467 470/485/470 411/424/411 
f 412/425/412 409/422/409 468/483/468 
f 468/483/468 471/486/471 412/425/412 
f 413/426/413 410/423/410 469/484/469 
f 469/484/469 472/487/472 413/426/413 
f 414/427/414 411/424/411 470/485/470 
f 470/485/470 473/488/473 414/427/414 
f 415/428/415 412/425/412 471/486/471 
f 471/486/471 474/489/474 415/428/415 
f 416/429/416 413/426/413 472/487/472 
f 472/487/472 475/490/475 416/429/416 
f 417/430/417 414/427/414 473/488/473 
f 473/488/473 476/491/476 417/430/417 
f 418/431/418 415/428/415 474/489/474 
f 474/489/474 477/492/477 418/431/418 
f 419/432/419 416/429/416 475/490/475 
f 475/490/475 478/493/478 419/432/419 
f 420/433/420 417/430/417 476/491/476 
f 476/491/476 479/494/479 420/433/420 
f 421/434/421 418/431/418 477/492/477 
f 477/492/477 480/495/480 421/434/421 
f 422/435/422 419/432/419 478/493/478 
f 478/493/478 481/496/481 422/435/422 
f 423/436/423 420/433/420 479/494/479 
f 479/494/479 482/497/482 423/436/423 
f 424/438/424 421/437/421 480/498/480 
f 480/498/480 483/499/483 424/438/424 
f 425/439/425 422/435/422 481/496/481 
f 481/496/481 484/500/484 425/439/425 
f 76/80/76 423/436/423 482/497/482 
f 426/440/426 424/438/424 483/499/483 
f 483/499/483 485/501/485 426/440/426 
f 427/441/427 425/439/425 484/500/484 
f 484/500/484 486/502/486 427/441/427 
f 428/442/428 426/440/426 485/501/485 
f 485/501/485 487/503/487 428/442/428 
f 429/443/429 427/441/427 486/502/486 
f 486/502/486 488/504/488 429/443/429 
f 430/444/430 428/442/428 487/503/487 
f 487/503/487 489/505/489 430/444/430 
f 431/445/431 429/443/429 488/504/488 
f 488/504/488 490/506/490 431/445/431 
f 432/446/432 430/444/430 489/505/489 
f 489/505/489 491/507/491 432/446/432 
f 433/447/433 431/445/431 490/506/490 
f 490/506/490 492/508/492 433/447/433 
f 434/448/434 432/446/432 491/507/491 
f 491/507/491 493/509/493 434/448/434 
f 435/449/435 433/447/433 492/508/492 
f 492/508/492 494/510/494 435/449/435 
f 436/450/436 434/448/434 493/509/493 
f 493/509/493 495/511/495 436/450/436 
f 437/451/437 435/449/435 494/510/494 
f 494/510/494 496/512/496 437/451/437 
f 438/452/438 436/450/436 495/511/495 
f 495/511/495 497/513/497 438/452/438 
f 439/453/439 437/451/437 496/512/496 
f 496/512/496 498/514/498 439/453/439 
f 440/454/440 438/452/438 497/513/497 
f 497/513/497 499/515/499 440/454/440 
f 441/455/441 439/453/439 498/514/498 
f 498/514/498 500/516/500 441/455/441 
f 442/456/442 440/454/440 499/515/499 
f 499/515/499 501/517/501 442/456/442 
f 443/457/443 441/455/441 500/516/500 
f 500/516/500 502/518/502 443/457/443 
f 381/393/381 442/456/442 501/517/501 
f 501/517/501 503/519/503 381/393/381 
f 383/395/383 443/457/443 502/518/502 
f 502/518/502 504/520/504 383/395/383 
f 382/394/382 381/393/381 503/519/503 
f 503/519/503 505/521/505 382/394/382 
f 384/396/384 383/395/383 504/520/504 
f 504/520/504 506/522/506 384/396/384 
f 385/397/385 382/394/382 505/521/505 
f 505/521/505 444/458/444 385/397/385 
f 386/398/386 384/396/384 506/522/506 
f 506/522/506 446/460/446 386/398/386 
f 450/464/450 448/462/448 507/523/507 
f 507/523/507 508/524/508 450/464/450 
f 451/465/451 449/463/449 509/525/509 
f 509/525/509 510/526/510 451/465/451 
f 452/466/452 450/464/450 508/524/508 
f 508/524/508 511/527/511 452/466/452 
f 453/467/453 451/465/451 510/526/510 
f 510/526/510 512/528/512 453/467/453 
f 454/468/454 14/14/14 513/529/513 
f 455/469/455 452/466/452 511/527/511 
f 511/527/511 514/530/514 455/469/455 
f 456/470/456 453/467/453 512/528/512 
f 512/528/512 515/531/515 456/470/456 
f 457/471/457 454/468/454 513/529/513 
f 513/529/513 516/532/516 457/471/457 
f 458/472/458 455/469/455 514/530/514 
f 514/530/514 517/533/517 458/472/458 
f 459/474/459 456/473/456 515/534/515 
f 515/534/515 518/535/518 459/474/459 
f 460/475/460 457/471/457 516/532/516 
f 516/532/516 519/536/519 460/475/460 
f 461/476/461 458/472/458 517/533/517 
f 517/533/517 520/537/520 461/476/461 
f 462/477/462 459/474/459 518/535/518 
f 518/535/518 521/538/521 462/477/462 
f 463/478/463 460/475/460 519/536/519 
f 519/536/519 522/539/522 463/478/463 
f 464/479/464 461/476/461 520/537/520 
f 520/537/520 523/540/523 464/479/464 
f 465/480/465 462/477/462 521/538/521 
f 521/538/521 524/541/524 465/480/465 
f 466/481/466 463/478/463 522/539/522 
f 522/539/522 525/542/525 466/481/466 
f 467/482/467 464/479/464 523/540/523 
f 523/540/523 526/543/526 467/482/467 
f 468/483/468 465/480/465 524/541/524 
f 524/541/524 527/544/527 468/483/468 
f 469/484/469 466/481/466 525/542/525 
f 525/542/525 528/545/528 469/484/469 
f 470/485/470 467/482/467 526/543/526 
f 526/543/526 529/546/529 470/485/470 
f 471/486/471 468/483/468 527/544/527 
f 527/544/527 530/547/530 471/486/471 
f 472/487/472 469/484/469 528/545/528 
f 528/545/528 531/548/531 472/487/472 
f 473/488/473 470/485/470 529/546/529 
f 529/546/529 532/549/532 473/488/473 
f 474/489/474 471/486/471 530/547/530 
f 530/547/530 533/550/533 474/489/474 
f 475/490/475 472/487/472 531/548/531 
f 531/548/531 534/551/534 475/490/475 
f 476/491/476 473/488/473 532/549/532 
f 532/549/532 535/552/535 476/491/476 
f 477/492/477 474/489/474 533/550/533 
f 533/550/533 536/553/536 477/492/477 
f 478/493/478 475/490/475 534/551/534 
f 534/551/534 537/554/537 478/493/478 
f 479/494/479 476/491/476 535/552/535 
f 535/552/535 538/555/538 479/494/479 
f 480/495/480 477/492/477 536/553/536 
f 536/553/536 539/556/539 480/495/480 
f 481/496/481 478/493/478 537/554/537 
f 537/554/537 540/557/540 481/496/481 
f 482/497/482 479/494/479 538/555/538 
f 538/555/538 541/558/541 482/497/482 
f 483/499/483 480/498/480 539/559/539 
f 539/559/539 542/560/542 483/499/483 
f 484/500/484 481/496/481 540/557/540 
f 540/557/540 543/561/543 484/500/484 
f 76/80/76 482/497/482 541/558/541 
f 485/501/485 483/499/483 542/560/542 
f 542/560/542 544/562/544 485/501/485 
f 486/502/486 484/500/484 543/561/543 
f 543/561/543 545/563/545 486/502/486 
f 487/503/487 485/501/485 544/562/544 
f 544/562/544 546/564/546 487/503/487 
f 488/504/488 486/502/486 545/563/545 
f 545/563/545 547/565/547 488/504/488 
f 489/505/489 487/503/487 546/564/546 
f 546/564/546 548/566/548 489/505/489 
f 490/506/490 488/504/488 547/565/547 
f 547/565/547 549/567/549 490/506/490 
f 491/507/491 489/505/489 548/566/548 
f 548/566/548 550/568/550 491/507/491 
f 492/508/492 490/506/490 549/567/549 
f 549/567/549 551/569/551 492/508/492 
f 493/509/493 491/507/491 550/568/550 
f 550/568/550 552/570/552 493/509/493 
f 494/510/494 492/508/492 551/569/551 
f 551/569/551 553/571/553 494/510/494 
f 495/511/495 493/509/493 552/570/552 
f 552/570/552 554/572/554 495/511/495 
f 496/512/496 494/510/494 553/571/553 
f 553/571/553 555/573/555 496/512/496 
f 497/513/497 495/511/495 554/572/554 
f 554/572/554 556/574/556 497/513/497 
f 498/514/498 496/512/496 555/573/555 
f 555/573/555 557/575/557 498/514/498 
f 499/515/499 497/513/497 556/574/556 
f 556/574/556 558/576/558 499/515/499 
f 500/516/500 498/514/498 557/575/557 
f 557/575/557 559/577/559 500/516/500 
f 501/517/501 499/515/499 558/576/558 
f 558/576/558 560/578/560 501/517/501 
f 502/518/502 500/516/500 559/577/559 
f 559/577/559 561/579/561 502/518/502 
f 503/519/503 501/517/501 560/578/560 
f 560/578/560 562/580/562 503/519/503 
f 504/520/504 502/518/502 561/579/561 
f 561/579/561 563/581/563 504/520/504 
f 505/521/505 503/519/503 562/580/562 
f 562/580/562 564/582/564 505/521/505 
f 506/522/506 504/520/504 563/581/563 
f 563/581/563 565/583/565 506/522/506 
f 444/458/444 505/521/505 564/582/564 
f 564/582/564 566/584/566 444/458/444 
f 446/460/446 506/522/506 565/583/565 
f 565/583/565 567/585/567 446/460/446 
f 445/459/445 444/458/444 566/584/566 
f 566/584/566 568/586/568 445/459/445 
f 447/461/447 446/460/446 567/585/567 
f 567/585/567 569/587/569 447/461/447 
f 448/462/448 445/459/445 568/586/568 
f 568/586/568 507/523/507 448/462/448 
f 449/463/449 447/461/447 569/587/569 
f 569/587/569 509/525/509 449/463/449 
f 514/530/514 511/527/511 570/588/570 
f 570/588/570 571/589/571 514/530/514 
f 515/531/515 512/528/512 572/590/572 
f 572/590/572 573/591/573 515/531/515 
f 516/532/516 513/529/513 574/592/574 
f 574/592/574 575/593/575 516/532/516 
f 517/533/517 514/530/514 571/589/571 
f 571/589/571 576/594/576 517/533/517 
f 518/535/518 515/534/515 573/595/573 
f 573/595/573 577/596/577 518/535/518 
f 519/536/519 516/532/516 575/593/575 
f 575/593/575 578/597/578 519/536/519 
f 520/537/520 517/533/517 576/594/576 
f 576/594/576 579/598/579 520/537/520 
f 521/538/521 518/535/518 577/596/577 
f 577/596/577 580/599/580 521/538/521 
f 522/539/522 519/536/519 578/597/578 
f 578/597/578 581/600/581 522/539/522 
f 523/540/523 520/537/520 579/598/579 
f 579/598/579 582/601/582 523/540/523 
f 524/541/524 521/538/521 580/599/580 
f 580/599/580 583/602/583 524/541/524 
f 525/542/525 522/539/522 581/600/581 
f 581/600/581 584/603/584 525/542/525 
f 526/543/526 523/540/523 582/601/582 
f 582/601/582 585/604/585 526/543/526 
f 527/544/527 524/541/524 583/602/583 
f 583/602/583 586/605/586 527/544/527 
f 528/545/528 525/542/525 584/603/584 
f 584/603/584 587/606/587 528/545/528 
f 529/546/529 526/543/526 585/604/585 
f 585/604/585 588/607/588 529/546/529 
f 530/547/530 527/544/527 586/605/586 
f 586/605/586 589/608/589 530/547/530 
f 531/548/531 528/545/528 587/606/587 
f 587/606/587 590/609/590 531/548/531 
f 532/549/532 529/546/529 588/607/588 
f 588/607/588 591/610/591 532/549/532 
f 533/550/533 530/547/530 589/608/589 
f 589/608/589 592/611/592 533/550/533 
f 534/551/534 531/548/531 590/609/590 
f 590/609/590 593/612/593 534/551/534 
f 535/552/535 532/549/532 591/610/591 
f 591/610/591 594/613/594 535/552/535 
f 536/553/536 533/550/533 592/611/592 
f 592/611/592 595/614/595 536/553/536 
f 537/554/537 534/551/534 593/612/593 
f 593/612/593 596/615/596 537/554/537 
f 538/555/538 535/552/535 594/613/594 
f 594/613/594 597/616/597 538/555/538 
f 539/556/539 536/553/536 595/614/595 
f 595/614/595 598/617/598 539/556/539 
f 540/557/540 537/554/537 596/615/596 
f 596/615/596 599/618/599 540/557/540 
f 541/558/541 538/555/538 597/616/597 
f 597/616/597 600/619/600 541/558/541 
f 542/560/542 539/559/539 598/620/598 
f 598/620/598 601/621/601 542/560/542 
f 543/561/543 540/557/540 599/618/599 
f 599/618/599 602/622/602 543/561/543 
f 76/80/76 541/558/541 600/619/600 
f 544/562/544 542/560/542 601/621/601 
f 601/621/601 603/623/603 544/562/544 
f 545/563/545 543/561/543 602/622/602 
f 602/622/602 604/624/604 545/563/545 
f 546/564/546 544/562/544 603/623/603 
f 603/623/603 605/625/605 546/564/546 
f 547/565/547 545/563/545 604/624/604 
f 604/624/604 606/626/606 547/565/547 
f 548/566/548 546/564/546 605/625/605 
f 605/625/605 607/627/607 548/566/548 
f 549/567/549 547/565/547 606/626/606 
f 606/626/606 608/628/608 549/567/549 
f 550/568/550 548/566/548 607/627/607 
f 607/627/607 609/629/609 550/568/550 
f 551/569/551 549/567/549 608/628/608 
f 608/628/608 610/630/610 551/569/551 
f 552/570/552 550/568/550 609/629/609 
f 609/629/609 611/631/611 552/570/552 
f 553/571/553 551/569/551 610/630/610 
f 610/630/610 612/632/612 553/571/553 
f 554/572/554 552/570/552 611/631/611 
f 611/631/611 613/633/613 554/572/554 
f 555/573/555 553/571/553 612/632/612 
f 612/632/612 614/634/614 555/573/555 
f 556/574/556 554/572/554 613/633/613 
f 613/633/613 615/635/615 556/574/556 
f 557/575/557 555/573/555 614/634/614 
f 614/634/614 616/636/616 557/575/557 
f 558/576/558 556/574/556 615/635/615 
f 615/635/615 617/637/617 558/576/558 
f 559/577/559 557/575/557 616/636/616 
f 616/636/616 618/638/618 559/577/559 
f 560/578/560 558/576/558 617/637/617 
f 617/637/617 619/639/619 560/578/560 
f 561/579/561 559/577/559 618/638/618 
f 618/638/618 620/640/620 561/579/561 
f 562/580/562 560/578/560 619/639/619 
f 619/639/619 621/641/621 562/580/562 
f 563/581/563 561/579/561 620/640/620 
f 620/640/620 622/642/622 563/581/563 
f 564/582/564 562/580/562 621/641/621 
f 621/641/621 623/643/623 564/582/564 
f 565/583/565 563/581/563 622/642/622 
f 622/642/622 624/644/624 565/583/565 
f 566/584/566 564/582/564 623/643/623 
f 623/643/623 625/645/625 566/584/566 
f 567/585/567 565/583/565 624/644/624 
f 624/644/624 626/646/626 567/585/567 
f 568/586/568 566/584/566 625/645/625 
f 625/645/625 627/647/627 568/586/568 
f 569/587/569 567/585/567 626/646/626 
f 626/646/626 628/648/628 569/587/569 
f 507/523/507 568/586/568 627/647/627 
f 627/647/627 629/649/629 507/523/507 
f 509/525/509 569/587/569 628/648/628 
f 628/648/628 630/650/630 509/525/509 
f 508/524/508 507/523/507 629/649/629 
f 629/649/629 631/651/631 508/524/508 
f 510/526/510 509/525/509 630/650/630 
f 630/650/630 632/652/632 510/526/510 
f 511/527/511 508/524/508 631/651/631 
f 631/651/631 570/588/570 511/527/511 
f 512/528/512 510/526/510 632/652/632 
f 632/652/632 572/590/572 512/528/512 
f 513/529/513 14/14/14 574/592/574 
f 579/598/579 576/594/576 633/653/633 
f 633/653/633 634/654/634 579/598/579 
f 580/599/580 577/596/577 635/655/635 
f 635/655/635 636/656/636 580/599/580 
f 581/600/581 578/597/578 637/657/637 
f 637/657/637 638/658/638 581/600/581 
f 582/601/582 579/598/579 634/654/634 
f 634/654/634 639/659/639 582/601/582 
f 583/602/583 580/599/580 636/656/636 
f 636/656/636 640/660/640 583/602/583 
f 584/603/584 581/600/581 638/658/638 
f 638/658/638 641/661/641 584/603/584 
f 585/604/585 582/601/582 639/659/639 
f 639/659/639 642/662/642 585/604/585 
f 586/605/586 583/602/583 640/660/640 
f 640/660/640 643/663/643 586/605/586 
f 587/606/587 584/603/584 641/661/641 
f 641/661/641 644/664/644 587/606/587 
f 588/607/588 585/604/585 642/662/642 
f 642/662/642 645/665/645 588/607/588 
f 589/608/589 586/605/586 643/663/643 
f 643/663/643 646/666/646 589/608/589 
f 590/609/590 587/606/587 644/664/644 
f 644/664/644 647/667/647 590/609/590 
f 591/610/591 588/607/588 645/665/645 
f 645/665/645 648/668/648 591/610/591 
f 592/611/592 589/608/589 646/666/646 
f 646/666/646 649/669/649 592/611/592 
f 593/612/593 590/609/590 647/667/647 
f 647/667/647 650/670/650 593/612/593 
f 594/613/594 591/610/591 648/668/648 
f 648/668/648 651/671/651 594/613/594 
f 595/614/595 592/611/592 649/669/649 
f 649/669/649 652/672/652 595/614/595 
f 596/615/596 593/612/593 650/670/650 
f 650/670/650 653/673/653 596/615/596 
f 597/616/597 594/613/594 651/671/651 
f 651/671/651 654/674/654 597/616/597 
f 598/617/598 595/614/595 652/672/652 
f 652/672/652 655/675/655 598/617/598 
f 599/618/599 596/615/596 653/673/653 
f 653/673/653 656/676/656 599/618/599 
f 600/619/600 597/616/597 654/674/654 
f 654/674/654 657/677/657 600/619/600 
f 601/621/601 598/620/598 655/678/655 
f 655/678/655 658/679/658 601/621/601 
f 602/622/602 599/618/599 656/676/656 
f 656/676/656 659/680/659 602/622/602 
f 76/80/76 600/619/600 657/677/657 
f 603/623/603 601/621/601 658/679/658 
f 658/679/658 660/681/660 603/623/603 
f 604/624/604 602/622/602 659/680/659 
f 659/680/659 661/682/661 604/624/604 
f 605/625/605 603/623/603 660/681/660 
f 660/681/660 662/683/662 605/625/605 
f 606/626/606 604/624/604 661/682/661 
f 661/682/661 663/684/663 606/626/606 
f 607/627/607 605/625/605 662/683/662 
f 662/683/662 664/685/664 607/627/607 
f 608/628/608 606/626/606 663/684/663 
f 663/684/663 665/686/665 608/628/608 
f 609/629/609 607/627/607 664/685/664 
f 664/685/664 666/687/666 609/629/609 
f 610/630/610 608/628/608 665/686/665 
f 665/686/665 667/688/667 610/630/610 
f 611/631/611 609/629/609 666/687/666 
f 666/687/666 668/689/668 611/631/611 
f 612/632/612 610/630/610 667/688/667 
f 667/688/667 669/690/669 612/632/612 
f 613/633/613 611/631/611 668/689/668 
f 668/689/668 670/691/670 613/633/613 
f 614/634/614 612/632/612 669/690/669 
f 669/690/669 671/692/671 614/634/614 
f 615/635/615 613/633/613 670/691/670 
f 670/691/670 672/693/672 615/635/615 
f 616/636/616 614/634/614 671/692/671 
f 671/692/671 673/694/673 616/636/616 
f 617/637/617 615/635/615 672/693/672 
f 672/693/672 674/695/674 617/637/617 
f 618/638/618 616/636/616 673/694/673 
f 673/694/673 675/696/675 618/638/618 
f 619/639/619 617/637/617 674/695/674 
f 674/695/674 676/697/676 619/639/619 
f 620/640/620 618/638/618 675/696/675 
f 675/696/675 677/698/677 620/640/620 
f 621/641/621 619/639/619 676/697/676 
f 676/697/676 678/699/678 621/641/621 
f 622/642/622 620/640/620 677/698/677 
f 677/698/677 679/700/679 622/642/622 
f 623/643/623 621/641/621 678/699/678 
f 678/699/678 680/701/680 623/643/623 
f 624/644/624 622/642/622 679/700/679 
f 679/700/679 681/702/681 624/644/624 
f 625/645/625 623/643/623 680/701/680 
f 680/701/680 682/703/682 625/645/625 
f 626/646/626 624/644/624 681/702/681 
f 681/702/681 683/704/683 626/646/626 
f 627/647/627 625/645/625 682/703/682 
f 682/703/682 684/705/684 627/647/627 
f 628/648/628 626/646/626 683/704/683 
f 683/704/683 685/706/685 628/648/628 
f 629/649/629 627/647/627 684/705/684 
f 684/705/684 686/707/686 629/649/629 
f 630/650/630 628/648/628 685/706/685 
f 685/706/685 687/708/687 630/650/630 
f 631/651/631 629/649/629 686/707/686 
f 686/707/686 688/709/688 631/651/631 
f 632/652/632 630/650/630 687/708/687 
f 687/708/687 689/710/689 632/652/632 
f 570/588/570 631/651/631 688/709/688 
f 688/709/688 690/711/690 570/588/570 
f 572/590/572 632/652/632 689/710/689 
f 689/710/689 691/712/691 572/590/572 
f 574/592/574 14/14/14 692/713/692 
f 571/589/571 570/588/570 690/711/690 
f 690/711/690 693/714/693 571/589/571 
f 573/591/573 572/590/572 691/712/691 
f 691/712/691 694/715/694 573/591/573 
f 575/593/575 574/592/574 692/713/692 
f 692/713/692 695/716/695 575/593/575 
f 576/594/576 571/589/571 693/714/693 
f 693/714/693 633/653/633 576/594/576 
f 577/596/577 573/595/573 694/717/694 
f 694/717/694 635/655/635 577/596/577 
f 578/597/578 575/593/575 695/716/695 
f 695/716/695 637/657/637 578/597/578 
f 642/662/642 639/659/639 696/718/696 
f 696/718/696 697/719/697 642/662/642 
f 643/663/643 640/660/640 698/720/698 
f 698/720/698 699/721/699 643/663/643 
f 644/664/644 641/661/641 700/722/700 
f 700/722/700 701/723/701 644/664/644 
f 645/665/645 642/662/642 697/719/697 
f 697/719/697 702/724/702 645/665/645 
f 646/666/646 643/663/643 699/721/699 
f 699/721/699 703/725/703 646/666/646 
f 647/667/647 644/664/644 701/723/701 
f 701/723/701 704/726/704 647/667/647 
f 648/668/648 645/665/645 702/724/702 
f 702/724/702 705/727/705 648/668/648 
f 649/669/649 646/666/646 703/725/703 
f 703/725/703 706/728/706 649/669/649 
f 650/670/650 647/667/647 704/726/704 
f 704/726/704 707/729/707 650/670/650 
f 651/671/651 648/668/648 705/727/705 
f 705/727/705 708/730/708 651/671/651 
f 652/672/652 649/669/649 706/728/706 
f 706/728/706 709/731/709 652/672/652 
f 653/673/653 650/670/650 707/729/707 
f 707/729/707 710/732/710 653/673/653 
f 654/674/654 651/671/651 708/730/708 
f 708/730/708 711/733/711 654/674/654 
f 655/675/655 652/672/652 709/731/709 
f 709/731/709 712/734/712 655/675/655 
f 656/676/656 653/673/653 710/732/710 
f 710/732/710 713/735/713 656/676/656 
f 657/677/657 654/674/654 711/733/711 
f 711/733/711 714/736/714 657/677/657 
f 658/679/658 655/678/655 712/737/712 
f 712/737/712 715/738/715 658/679/658 
f 659/680/659 656/676/656 713/735/713 
f 713/735/713 716/739/716 659/680/659 
f 76/80/76 657/677/657 714/736/714 
f 660/681/660 658/679/658 715/738/715 
f 715/738/715 717/740/717 660/681/660 
f 661/682/661 659/680/659 716/739/716 
f 716/739/716 718/741/718 661/682/661 
f 662/683/662 660/681/660 717/740/717 
f 717/740/717 719/742/719 662/683/662 
f 663/684/663 661/682/661 718/741/718 
f 718/741/718 720/743/720 663/684/663 
f 664/685/664 662/683/662 719/742/719 
f 719/742/719 721/744/721 664/685/664 
f 665/686/665 663/684/663 720/743/720 
f 720/743/720 722/745/722 665/686/665 
f 666/687/666 664/685/664 721/744/721 
f 721/744/721 723/746/723 666/687/666 
f 667/688/667 665/686/665 722/745/722 
f 722/745/722 724/747/724 667/688/667 
f 668/689/668 666/687/666 723/746/723 
f 723/746/723 725/748/725 668/689/668 
f 669/690/669 667/688/667 724/747/724 
f 724/747/724 726/749/726 669/690/669 
f 670/691/670 668/689/668 725/748/725 
f 725/748/725 727/750/727 670/691/670 
f 671/692/671 669/690/669 726/749/726 
f 726/749/726 728/751/728 671/692/671 
f 672/693/672 670/691/670 727/750/727 
f 727/750/727 729/752/729 672/693/672 
f 673/694/673 671/692/671 728/751/728 
f 728/751/728 730/753/730 673/694/673 
f 674/695/674 672/693/672 729/752/729 
f 729/752/729 731/754/731 674/695/674 
f 675/696/675 673/694/673 730/753/730 
f 730/753/730 732/755/732 675/696/675 
f 676/697/676 674/695/674 731/754/731 
f 731/754/731 733/756/733 676/697/676 
f 677/698/677 675/696/675 732/755/732 
f 732/755/732 734/757/734 677/698/677 
f 678/699/678 676/697/676 733/756/733 
f 733/756/733 735/758/735 678/699/678 
f 679/700/679 677/698/677 734/757/734 
f 734/757/734 736/759/736 679/700/679 
f 680/701/680 678/699/678 735/758/735 
f 735/758/735 737/760/737 680/701/680 
f 681/702/681 679/700/679 736/759/736 
f 736/759/736 738/761/738 681/702/681 
f 682/703/682 680/701/680 737/760/737 
f 737/760/737 739/762/739 682/703/682 
f 683/704/683 681/702/681 738/761/738 
f 738/761/738 740/763/740 683/704/683 
f 684/705/684 682/703/682 739/762/739 
f 739/762/739 741/764/741 684/705/684 
f 685/706/685 683/704/683 740/763/740 
f 740/763/740 742/765/742 685/706/685 
f 686/707/686 684/705/684 741/764/741 
f 741/764/741 743/766/743 686/707/686 
f 687/708/687 685/706/685 742/765/742 
f 742/765/742 744/767/744 687/708/687 
f 688/709/688 686/707/686 743/766/743 
f 743/766/743 745/768/745 688/709/688 
f 689/710/689 687/708/687 744/767/744 
f 744/767/744 746/769/746 689/710/689 
f 690/711/690 688/709/688 745/768/745 
f 745/768/745 747/770/747 690/711/690 
f 691/712/691 689/710/689 746/769/746 
f 746/769/746 748/771/748 691/712/691 
f 692/713/692 14/14/14 749/772/749 
f 693/714/693 690/711/690 747/770/747 
f 747/770/747 750/773/750 693/714/693 
f 694/715/694 691/712/691 748/771/748 
f 748/771/748 751/774/751 694/715/694 
f 695/716/695 692/713/692 749/772/749 
f 749/772/749 752/775/752 695/716/695 
f 633/653/633 693/714/693 750/773/750 
f 750/773/750 753/776/753 633/653/633 
f 635/655/635 694/717/694 751/777/751 
f 751/777/751 754/778/754 635/655/635 
f 637/657/637 695/716/695 752/775/752 
f 752/775/752 755/779/755 637/657/637 
f 634/654/634 633/653/633 753/776/753 
f 753/776/753 756/780/756 634/654/634 
f 636/656/636 635/655/635 754/778/754 
f 754/778/754 757/781/757 636/656/636 
f 638/658/638 637/657/637 755/779/755 
f 755/779/755 758/782/758 638/658/638 
f 639/659/639 634/654/634 756/780/756 
f 756/780/756 696/718/696 639/659/639 
f 640/660/640 636/656/636 757/781/757 
f 757/781/757 698/720/698 640/660/640 
f 641/661/641 638/658/638 758/782/758 
f 758/782/758 700/722/700 641/661/641 
f 705/727/705 702/724/702 759/783/759 
f 759/783/759 760/784/760 705/727/705 
f 706/728/706 703/725/703 761/785/761 
f 761/785/761 762/786/762 706/728/706 
f 707/729/707 704/726/704 763/787/763 
f 763/787/763 764/788/764 707/729/707 
f 708/730/708 705/727/705 760/784/760 
f 760/784/760 765/789/765 708/730/708 
f 709/731/709 706/728/706 762/786/762 
f 762/786/762 766/790/766 709/731/709 
f 710/732/710 707/729/707 764/788/764 
f 764/788/764 767/791/767 710/732/710 
f 711/733/711 708/730/708 765/789/765 
f 765/789/765 768/792/768 711/733/711 
f 712/734/712 709/731/709 766/790/766 
f 766/790/766 769/793/769 712/734/712 
f 713/735/713 710/732/710 767/791/767 
f 767/791/767 770/794/770 713/735/713 
f 714/736/714 711/733/711 768/792/768 
f 768/792/768 771/795/771 714/736/714 
f 715/738/715 712/737/712 769/796/769 
f 769/796/769 772/797/772 715/738/715 
f 716/739/716 713/735/713 770/794/770 
f 770/794/770 773/798/773 716/739/716 
f 76/80/76 714/736/714 771/795/771 
f 717/740/717 715/738/715 772/797/772 
f 772/797/772 774/799/774 717/740/717 
f 718/741/718 716/739/716 773/798/773 
f 773/798/773 775/800/775 718/741/718 
f 719/742/719 717/740/717 774/799/774 
f 774/799/774 776/801/776 719/742/719 
f 720/743/720 718/741/718 775/800/775 
f 775/800/775 777/802/777 720/743/720 
f 721/744/721 719/742/719 776/801/776 
f 776/801/776 778/803/778 721/744/721 
f 722/745/722 720/743/720 777/802/777 
f 777/802/777 779/804/779 722/745/722 
f 723/746/723 721/744/721 778/803/778 
f 778/803/778 780/805/780 723/746/723 
f 724/747/724 722/745/722 779/804/779 
f 779/804/779 781/806/781 724/747/724 
f 725/748/725 723/746/723 780/805/780 
f 780/805/780 782/807/782 725/748/725 
f 726/749/726 724/747/724 781/806/781 
f 781/806/781 783/808/783 726/749/726 
f 727/750/727 725/748/725 782/807/782 
f 782/807/782 784/809/784 727/750/727 
f 728/751/728 726/749/726 783/808/783 
f 783/808/783 785/810/785 728/751/728 
f 729/752/729 727/750/727 784/809/784 
f 784/809/784 786/811/786 729/752/729 
f 730/753/730 728/751/728 785/810/785 
f 785/810/785 787/812/787 730/753/730 
f 731/754/731 729/752/729 786/811/786 
f 786/811/786 788/813/788 731/754/731 
f 732/755/732 730/753/730 787/812/787 
f 787/812/787 789/814/789 732/755/732 
f 733/756/733 731/754/731 788/813/788 
f 788/813/788 790/815/790 733/756/733 
f 734/757/734 732/755/732 789/814/789 
f 789/814/789 791/816/791 734/757/734 
f 735/758/735 733/756/733 790/815/790 
f 790/815/790 792/817/792 735/758/735 
f 736/759/736 734/757/734 791/816/791 
f 791/816/791 793/818/793 736/759/736 
f 737/760/737 735/758/735 792/817/792 
f 792/817/792 794/819/794 737/760/737 
f 738/761/738 736/759/736 793/818/793 
f 793/818/793 795/820/795 738/761/738 
f 739/762/739 737/760/737 794/819/794 
f 794/819/794 796/821/796 739/762/739 
f 740/763/740 738/761/738 795/820/795 
f 795/820/795 797/822/797 740/763/740 
f 741/764/741 739/762/739 796/821/796 
f 796/821/796 798/823/798 741/764/741 
f 742/765/742 740/763/740 797/822/797 
f 797/822/797 799/824/799 742/765/742 
f 743/766/743 741/764/741 798/823/798 
f 798/823/798 800/825/800 743/766/743 
f 744/767/744 742/765/742 799/824/799 
f 799/824/799 801/826/801 744/767/744 
f 745/768/745 743/766/743 800/825/800 
f 800/825/800 802/827/802 745/768/745 
f 746/769/746 744/767/744 801/826/801 
f 801/826/801 803/828/803 746/769/746 
f 747/770/747 745/768/745 802/827/802 
f 802/827/802 804/829/804 747/770/747 
f 748/771/748 746/769/746 803/828/803 
f 803/828/803 805/830/805 748/771/748 
f 749/772/749 14/14/14 806/831/806 
f 750/773/750 747/770/747 804/829/804 
f 804/829/804 807/832/807 750/773/750 
f 751/774/751 748/771/748 805/830/805 
f 805/830/805 808/833/808 751/774/751 
f 752/775/752 749/772/749 806/831/806 
f 806/831/806 809/834/809 752/775/752 
f 753/776/753 750/773/750 807/832/807 
f 807/832/807 810/835/810 753/776/753 
f 754/778/754 751/777/751 808/836/808 
f 808/836/808 811/837/811 754/778/754 
f 755/779/755 752/775/752 809/834/809 
f 809/834/809 812/838/812 755/779/755 
f 756/780/756 753/776/753 810/835/810 
f 810/835/810 813/839/813 756/780/756 
f 757/781/757 754/778/754 811/837/811 
f 811/837/811 814/840/814 757/781/757 
f 758/782/758 755/779/755 812/838/812 
f 812/838/812 815/841/815 758/782/758 
f 696/718/696 756/780/756 813/839/813 
f 813/839/813 816/842/816 696/718/696 
f 698/720/698 757/781/757 814/840/814 
f 814/840/814 817/843/817 698/720/698 
f 700/722/700 758/782/758 815/841/815 
f 815/841/815 818/844/818 700/722/700 
f 697/719/697 696/718/696 816/842/816 
f 816/842/816 819/845/819 697/719/697 
f 699/721/699 698/720/698 817/843/817 
f 817/843/817 820/846/820 699/721/699 
f 701/723/701 700/722/700 818/844/818 
f 818/844/818 821/847/821 701/723/701 
f 702/724/702 697/719/697 819/845/819 
f 819/845/819 759/783/759 702/724/702 
f 703/725/703 699/721/699 820/846/820 
f 820/846/820 761/785/761 703/725/703 
f 704/726/704 701/723/701 821/847/821 
f 821/847/821 763/787/763 704/726/704 
f 768/792/768 765/789/765 822/848/822 
f 822/848/822 823/849/823 768/792/768 
f 769/793/769 766/790/766 824/850/824 
f 824/850/824 825/851/825 769/793/769 
f 770/794/770 767/791/767 826/852/826 
f 826/852/826 827/853/827 770/794/770 
f 771/795/771 768/792/768 823/849/823 
f 823/849/823 828/854/828 771/795/771 
f 772/797/772 769/796/769 825/855/825 
f 825/855/825 829/856/829 772/797/772 
f 773/798/773 770/794/770 827/853/827 
f 827/853/827 830/857/830 773/798/773 
f 76/80/76 771/795/771 828/854/828 
f 774/799/774 772/797/772 829/856/829 
f 829/856/829 831/858/831 774/799/774 
f 775/800/775 773/798/773 830/857/830 
f 830/857/830 832/859/832 775/800/775 
f 776/801/776 774/799/774 831/858/831 
f 831/858/831 833/860/833 776/801/776 
f 777/802/777 775/800/775 832/859/832 
f 832/859/832 834/861/834 777/802/777 
f 778/803/778 776/801/776 833/860/833 
f 833/860/833 835/862/835 778/803/778 
f 779/804/779 777/802/777 834/861/834 
f 834/861/834 836/863/836 779/804/779 
f 780/805/780 778/803/778 835/862/835 
f 835/862/835 837/864/837 780/805/780 
f 781/806/781 779/804/779 836/863/836 
f 836/863/836 838/865/838 781/806/781 
f 782/807/782 780/805/780 837/864/837 
f 837/864/837 839/866/839 782/807/782 
f 783/808/783 781/806/781 838/865/838 
f 838/865/838 840/867/840 783/808/783 
f 784/809/784 782/807/782 839/866/839 
f 839/866/839 841/868/841 784/809/784 
f 785/810/785 783/808/783 840/867/840 
f 840/867/840 842/869/842 785/810/785 
f 786/811/786 784/809/784 841/868/841 
f 841/868/841 843/870/843 786/811/786 
f 787/812/787 785/810/785 842/869/842 
f 842/869/842 844/871/844 787/812/787 
f 788/813/788 786/811/786 843/870/843 
f 843/870/843 845/872/845 788/813/788 
f 789/814/789 787/812/787 844/871/844 
f 844/871/844 846/873/846 789/814/789 
f 790/815/790 788/813/788 845/872/845 
f 845/872/845 847/874/847 790/815/790 
f 791/816/791 789/814/789 846/873/846 
f 846/873/846 848/875/848 791/816/791 
f 792/817/792 790/815/790 847/874/847 
f 847/874/847 849/876/849 792/817/792 
f 793/818/793 791/816/791 848/875/848 
f 848/875/848 850/877/850 793/818/793 
f 794/819/794 792/817/792 849/876/849 
f 849/876/849 851/878/851 794/819/794 
f 795/820/795 793/818/793 850/877/850 
f 850/877/850 852/879/852 795/820/795 
f 796/821/796 794/819/794 851/878/851 
f 851/878/851 853/880/853 796/821/796 
f 797/822/797 795/820/795 852/879/852 
f 852/879/852 854/881/854 797/822/797 
f 798/823/798 796/821/796 853/880/853 
f 853/880/853 855/882/855 798/823/798 
f 799/824/799 797/822/797 854/881/854 
f 854/881/854 856/883/856 799/824/799 
f 800/825/800 798/823/798 855/882/855 
f 855/882/855 857/884/857 800/825/800 
f 801/826/801 799/824/799 856/883/856 
f 856/883/856 858/885/858 801/826/801 
f 802/827/802 800/825/800 857/884/857 
f 857/884/857 859/886/859 802/827/802 
f 803/828/803 801/826/801 858/885/858 
f 858/885/858 860/887/860 803/828/803 
f 804/829/804 802/827/802 859/886/859 
f 859/886/859 861/888/861 804/829/804 
f 805/830/805 803/828/803 860/887/860 
f 860/887/860 862/889/862 805/830/805 
f 806/831/806 14/14/14 863/890/863 
f 807/832/807 804/829/804 861/888/861 
f 861/888/861 864/891/864 807/832/807 
f 808/833/808 805/830/805 862/889/862 
f 862/889/862 865/892/865 808/833/808 
f 809/834/809 806/831/806 863/890/863 
f 863/890/863 866/893/866 809/834/809 
f 810/835/810 807/832/807 864/891/864 
f 864/891/864 867/894/867 810/835/810 
f 811/837/811 808/836/808 865/895/865 
f 865/895/865 868/896/868 811/837/811 
f 812/838/812 809/834/809 866/893/866 
f 866/893/866 869/897/869 812/838/812 
f 813/839/813 810/835/810 867/894/867 
f 867/894/867 870/898/870 813/839/813 
f 814/840/814 811/837/811 868/896/868 
f 868/896/868 871/899/871 814/840/814 
f 815/841/815 812/838/812 869/897/869 
f 869/897/869 872/900/872 815/841/815 
f 816/842/816 813/839/813 870/898/870 
f 870/898/870 873/901/873 816/842/816 
f 817/843/817 814/840/814 871/899/871 
f 871/899/871 874/902/874 817/843/817 
f 818/844/818 815/841/815 872/900/872 
f 872/900/872 875/903/875 818/844/818 
f 819/845/819 816/842/816 873/901/873 
f 873/901/873 876/904/876 819/845/819 
f 820/846/820 817/843/817 874/902/874 
f 874/902/874 877/905/877 820/846/820 
f 821/847/821 818/844/818 875/903/875 
f 875/903/875 878/906/878 821/847/821 
f 759/783/759 819/845/819 876/904/876 
f 876/904/876 879/907/879 759/783/759 
f 761/785/761 820/846/820 877/905/877 
f 877/905/877 880/908/880 761/785/761 
f 763/787/763 821/847/821 878/906/878 
f 878/906/878 881/909/881 763/787/763 
f 760/784/760 759/783/759 879/907/879 
f 879/907/879 882/910/882 760/784/760 
f 762/786/762 761/785/761 880/908/880 
f 880/908/880 883/911/883 762/786/762 
f 764/788/764 763/787/763 881/909/881 
f 881/909/881 884/912/884 764/788/764 
f 765/789/765 760/784/760 882/910/882 
f 882/910/882 822/848/822 765/789/765 
f 766/790/766 762/786/762 883/911/883 
f 883/911/883 824/850/824 766/790/766 
f 767/791/767 764/788/764 884/912/884 
f 884/912/884 826/852/826 767/791/767 
f 832/859/832 830/857/830 885/913/885 
f 885/913/885 886/914/886 832/859/832 
f 839/866/839 837/864/837 887/915/887 
f 887/915/887 888/916/888 839/866/839 
f 834/861/834 832/859/832 886/914/886 
f 886/914/886 889/917/889 834/861/834 
f 841/868/841 839/866/839 888/916/888 
f 888/916/888 890/918/890 841/868/841 
f 836/863/836 834/861/834 889/917/889 
f 889/917/889 891/919/891 836/863/836 
f 843/870/843 841/868/841 890/918/890 
f 890/918/890 892/920/892 843/870/843 
f 838/865/838 836/863/836 891/919/891 
f 891/919/891 893/921/893 838/865/838 
f 845/872/845 843/870/843 892/920/892 
f 892/920/892 894/922/894 845/872/845 
f 840/867/840 838/865/838 893/921/893 
f 893/921/893 895/923/895 840/867/840 
f 847/874/847 845/872/845 894/922/894 
f 894/922/894 896/924/896 847/874/847 
f 842/869/842 840/867/840 895/923/895 
f 895/923/895 897/925/897 842/869/842 
f 849/876/849 847/874/847 896/924/896 
f 896/924/896 898/926/898 849/876/849 
f 844/871/844 842/869/842 897/925/897 
f 897/925/897 899/927/899 844/871/844 
f 851/878/851 849/876/849 898/926/898 
f 898/926/898 900/928/900 851/878/851 
f 846/873/846 844/871/844 899/927/899 
f 899/927/899 901/929/901 846/873/846 
f 853/880/853 851/878/851 900/928/900 
f 900/928/900 902/930/902 853/880/853 
f 848/875/848 846/873/846 901/929/901 
f 901/929/901 903/931/903 848/875/848 
f 855/882/855 853/880/853 902/930/902 
f 902/930/902 904/932/904 855/882/855 
f 850/877/850 848/875/848 903/931/903 
f 903/931/903 905/933/905 850/877/850 
f 857/884/857 855/882/855 904/932/904 
f 904/932/904 906/934/906 857/884/857 
f 852/879/852 850/877/850 905/933/905 
f 905/933/905 907/935/907 852/879/852 
f 859/886/859 857/884/857 906/934/906 
f 906/934/906 908/936/908 859/886/859 
f 854/881/854 852/879/852 907/935/907 
f 907/935/907 909/937/909 854/881/854 
f 861/888/861 859/886/859 908/936/908 
f 908/936/908 910/938/910 861/888/861 
f 862/889/862 860/887/860 911/939/911 
f 911/939/911 912/940/912 862/889/862 
f 856/883/856 854/881/854 909/937/909 
f 909/937/909 913/941/913 856/883/856 
f 864/891/864 861/888/861 910/938/910 
f 910/938/910 914/942/914 864/891/864 
f 865/892/865 862/889/862 912/940/912 
f 912/940/912 915/943/915 865/892/865 
f 858/885/858 856/883/856 913/941/913 
f 913/941/913 916/944/916 858/885/858 
f 867/894/867 864/891/864 914/942/914 
f 914/942/914 917/945/917 867/894/867 
f 868/896/868 865/895/865 915/946/915 
f 915/946/915 918/947/918 868/896/868 
f 860/887/860 858/885/858 916/944/916 
f 916/944/916 911/939/911 860/887/860 
f 870/898/870 867/894/867 917/945/917 
f 917/945/917 919/948/919 870/898/870 
f 871/899/871 868/896/868 918/947/918 
f 918/947/918 920/949/920 871/899/871 
f 863/890/863 14/14/14 921/950/921 
f 873/901/873 870/898/870 919/948/919 
f 919/948/919 922/951/922 873/901/873 
f 874/902/874 871/899/871 920/949/920 
f 920/949/920 923/952/923 874/902/874 
f 866/893/866 863/890/863 921/950/921 
f 921/950/921 924/953/924 866/893/866 
f 876/904/876 873/901/873 922/951/922 
f 922/951/922 925/954/925 876/904/876 
f 877/905/877 874/902/874 923/952/923 
f 923/952/923 926/955/926 877/905/877 
f 869/897/869 866/893/866 924/953/924 
f 924/953/924 927/956/927 869/897/869 
f 879/907/879 876/904/876 925/954/925 
f 925/954/925 928/957/928 879/907/879 
f 880/908/880 877/905/877 926/955/926 
f 926/955/926 929/958/929 880/908/880 
f 872/900/872 869/897/869 927/956/927 
f 927/956/927 930/959/930 872/900/872 
f 882/910/882 879/907/879 928/957/928 
f 928/957/928 931/960/931 882/910/882 
f 883/911/883 880/908/880 929/958/929 
f 929/958/929 932/961/932 883/911/883 
f 875/903/875 872/900/872 930/959/930 
f 930/959/930 933/962/933 875/903/875 
f 822/848/822 882/910/882 931/960/931 
f 931/960/931 934/963/934 822/848/822 
f 824/850/824 883/911/883 932/961/932 
f 932/961/932 935/964/935 824/850/824 
f 878/906/878 875/903/875 933/962/933 
f 933/962/933 936/965/936 878/906/878 
f 823/849/823 822/848/822 934/963/934 
f 934/963/934 937/966/937 823/849/823 
f 825/851/825 824/850/824 935/964/935 
f 935/964/935 938/967/938 825/851/825 
f 881/909/881 878/906/878 936/965/936 
f 936/965/936 939/968/939 881/909/881 
f 828/854/828 823/849/823 937/966/937 
f 937/966/937 940/969/940 828/854/828 
f 829/856/829 825/855/825 938/970/938 
f 938/970/938 941/971/941 829/856/829 
f 884/912/884 881/909/881 939/968/939 
f 939/968/939 942/972/942 884/912/884 
f 76/80/76 828/854/828 940/969/940 
f 831/858/831 829/856/829 941/971/941 
f 941/971/941 943/973/943 831/858/831 
f 826/852/826 884/912/884 942/972/942 
f 942/972/942 944/974/944 826/852/826 
f 833/860/833 831/858/831 943/973/943 
f 943/973/943 945/975/945 833/860/833 
f 827/853/827 826/852/826 944/974/944 
f 944/974/944 946/976/946 827/853/827 
f 835/862/835 833/860/833 945/975/945 
f 945/975/945 947/977/947 835/862/835 
f 830/857/830 827/853/827 946/976/946 
f 946/976/946 885/913/885 830/857/830 
f 837/864/837 835/862/835 947/977/947 
f 947/977/947 887/915/887 837/864/837 
f 897/925/897 895/923/895 948/978/948 
f 948/978/948 949/979/949 897/925/897 
f 892/920/892 890/918/890 950/980/950 
f 950/980/950 951/981/951 892/920/892 
f 899/927/899 897/925/897 949/979/949 
f 949/979/949 952/982/952 899/927/899 
f 894/922/894 892/920/892 951/981/951 
f 951/981/951 953/983/953 894/922/894 
f 901/929/901 899/927/899 952/982/952 
f 952/982/952 954/984/954 901/929/901 
f 896/924/896 894/922/894 953/983/953 
f 953/983/953 955/985/955 896/924/896 
f 903/931/903 901/929/901 954/984/954 
f 954/984/954 956/986/956 903/931/903 
f 898/926/898 896/924/896 955/985/955 
f 955/985/955 957/987/957 898/926/898 
f 905/933/905 903/931/903 956/986/956 
f 956/986/956 958/988/958 905/933/905 
f 900/928/900 898/926/898 957/987/957 
f 957/987/957 959/989/959 900/928/900 
f 907/935/907 905/933/905 958/988/958 
f 958/988/958 960/990/960 907/935/907 
f 902/930/902 900/928/900 959/989/959 
f 959/989/959 961/991/961 902/930/902 
f 909/937/909 907/935/907 960/990/960 
f 960/990/960 962/992/962 909/937/909 
f 904/932/904 902/930/902 961/991/961 
f 961/991/961 963/993/963 904/932/904 
f 913/941/913 909/937/909 962/992/962 
f 962/992/962 964/994/964 913/941/913 
f 906/934/906 904/932/904 963/993/963 
f 963/993/963 965/995/965 906/934/906 
f 916/944/916 913/941/913 964/994/964 
f 964/994/964 966/996/966 916/944/916 
f 908/936/908 906/934/906 965/995/965 
f 965/995/965 967/997/967 908/936/908 
f 911/939/911 916/944/916 966/996/966 
f 966/996/966 968/998/968 911/939/911 
f 910/938/910 908/936/908 967/997/967 
f 967/997/967 969/999/969 910/938/910 
f 912/940/912 911/939/911 968/998/968 
f 968/998/968 970/1000/970 912/940/912 
f 921/950/921 14/14/14 971/1001/971 
f 914/942/914 910/938/910 969/999/969 
f 969/999/969 972/1002/972 914/942/914 
f 915/943/915 912/940/912 970/1000/970 
f 970/1000/970 973/1003/973 915/943/915 
f 924/953/924 921/950/921 971/1001/971 
f 971/1001/971 974/1004/974 924/953/924 
f 917/945/917 914/942/914 972/1002/972 
f 972/1002/972 975/1005/975 917/945/917 
f 918/947/918 915/946/915 973/1006/973 
f 973/1006/973 976/1007/976 918/947/918 
f 927/956/927 924/953/924 974/1004/974 
f 974/1004/974 977/1008/977 927/956/927 
f 919/948/919 917/945/917 975/1005/975 
f 975/1005/975 978/1009/978 919/948/919 
f 920/949/920 918/947/918 976/1007/976 
f 976/1007/976 979/1010/979 920/949/920 
f 930/959/930 927/956/927 977/1008/977 
f 977/1008/977 980/1011/980 930/959/930 
f 922/951/922 919/948/919 978/1009/978 
f 978/1009/978 981/1012/981 922/951/922 
f 923/952/923 920/949/920 979/1010/979 
f 979/1010/979 982/1013/982 923/952/923 
f 933/962/933 930/959/930 980/1011/980 
f 980/1011/980 983/1014/983 933/962/933 
f 925/954/925 922/951/922 981/1012/981 
f 981/1012/981 984/1015/984 925/954/925 
f 926/955/926 923/952/923 982/1013/982 
f 982/1013/982 985/1016/985 926/955/926 
f 936/965/936 933/962/933 983/1014/983 
f 983/1014/983 986/1017/986 936/965/936 
f 928/957/928 925/954/925 984/1015/984 
f 984/1015/984 987/1018/987 928/957/928 
f 929/958/929 926/955/926 985/1016/985 
f 985/1016/985 988/1019/988 929/958/929 
f 939/968/939 936/965/936 986/1017/986 
f 986/1017/986 989/1020/989 939/968/939 
f 931/960/931 928/957/928 987/1018/987 
f 987/1018/987 990/1021/990 931/960/931 
f 932/961/932 929/958/929 988/1019/988 
f 988/1019/988 991/1022/991 932/961/932 
f 942/972/942 939/968/939 989/1020/989 
f 989/1020/989 992/1023/992 942/972/942 
f 934/963/934 931/960/931 990/1021/990 
f 990/1021/990 993/1024/993 934/963/934 
f 935/964/935 932/961/932 991/1022/991 
f 991/1022/991 994/1025/994 935/964/935 
f 944/974/944 942/972/942 992/1023/992 
f 992/1023/992 995/1026/995 944/974/944 
f 937/966/937 934/963/934 993/1024/993 
f 993/1024/993 996/1027/996 937/966/937 
f 938/967/938 935/964/935 994/1025/994 
f 994/1025/994 997/1028/997 938/967/938 
f 946/976/946 944/974/944 995/1026/995 
f 995/1026/995 998/1029/998 946/976/946 
f 940/969/940 937/966/937 996/1027/996 
f 996/1027/996 999/1030/999 940/969/940 
f 941/971/941 938/970/938 997/1031/997 
f 997/1031/997 1000/1032/1000 941/971/941 
f 885/913/885 946/976/946 998/1029/998 
f 998/1029/998 1001/1033/1001 885/913/885 
f 76/80/76 940/969/940 999/1030/999 
f 943/973/943 941/971/941 1000/1032/1000 
f 1000/1032/1000 1002/1034/1002 943/973/943 
f 886/914/886 885/913/885 1001/1033/1001 
f 1001/1033/1001 1003/1035/1003 886/914/886 
f 945/975/945 943/973/943 1002/1034/1002 
f 1002/1034/1002 1004/1036/1004 945/975/945 
f 889/917/889 886/914/886 1003/1035/1003 
f 1003/1035/1003 1005/1037/1005 889/917/889 
f 947/977/947 945/975/945 1004/1036/1004 
f 1004/1036/1004 1006/1038/1006 947/977/947 
f 891/919/891 889/917/889 1005/1037/1005 
f 1005/1037/1005 1007/1039/1007 891/919/891 
f 887/915/887 947/977/947 1006/1038/1006 
f 1006/1038/1006 1008/1040/1008 887/915/887 
f 893/921/893 891/919/891 1007/1039/1007 
f 1007/1039/1007 1009/1041/1009 893/921/893 
f 888/916/888 887/915/887 1008/1040/1008 
f 1008/1040/1008 1010/1042/1010 888/916/888 
f 895/923/895 893/921/893 1009/1041/1009 
f 1009/1041/1009 948/978/948 895/923/895 
f 890/918/890 888/916/888 1010/1042/1010 
f 1010/1042/1010 950/980/950 890/918/890 
f 954/984/954 952/982/952 1011/1043/1011 
f 1011/1043/1011 1012/1044/1012 954/984/954 
f 955/985/955 953/983/953 1013/1045/1013 
f 1013/1045/1013 1014/1046/1014 955/985/955 
f 956/986/956 954/984/954 1012/1044/1012 
f 1012/1044/1012 1015/1047/1015 956/986/956 
f 957/987/957 955/985/955 1014/1046/1014 
f 1014/1046/1014 1016/1048/1016 957/987/957 
f 958/988/958 956/986/956 1015/1047/1015 
f 1015/1047/1015 1017/1049/1017 958/988/958 
f 959/989/959 957/987/957 1016/1048/1016 
f 1016/1048/1016 1018/1050/1018 959/989/959 
f 960/990/960 958/988/958 1017/1049/1017 
f 1017/1049/1017 1019/1051/1019 960/990/960 
f 961/991/961 959/989/959 1018/1050/1018 
f 1018/1050/1018 1020/1052/1020 961/991/961 
f 962/992/962 960/990/960 1019/1051/1019 
f 1019/1051/1019 1021/1053/1021 962/992/962 
f 963/993/963 961/991/961 1020/1052/1020 
f 1020/1052/1020 1022/1054/1022 963/993/963 
f 964/994/964 962/992/962 1021/1053/1021 
f 1021/1053/1021 1023/1055/1023 964/994/964 
f 965/995/965 963/993/963 1022/1054/1022 
f 1022/1054/1022 1024/1056/1024 965/995/965 
f 966/996/966 964/994/964 1023/1055/1023 
f 1023/1055/1023 1025/1057/1025 966/996/966 
f 967/997/967 965/995/965 1024/1056/1024 
f 1024/1056/1024 1026/1058/1026 967/997/967 
f 968/998/968 966/996/966 1025/1057/1025 
f 1025/1057/1025 1027/1059/1027 968/998/968 
f 969/999/969 967/997/967 1026/1058/1026 
f 1026/1058/1026 1028/1060/1028 969/999/969 
f 970/1000/970 968/998/968 1027/1059/1027 
f 1027/1059/1027 1029/1061/1029 970/1000/970 
f 971/1001/971 14/14/14 1030/1062/1030 
f 972/1002/972 969/999/969 1028/1060/1028 
f 1028/1060/1028 1031/1063/1031 972/1002/972 
f 973/1003/973 970/1000/970 1029/1061/1029 
f 1029/1061/1029 1032/1064/1032 973/1003/973 
f 974/1004/974 971/1001/971 1030/1062/1030 
f 1030/1062/1030 1033/1065/1033 974/1004/974 
f 975/1005/975 972/1002/972 1031/1063/1031 
f 1031/1063/1031 1034/1066/1034 975/1005/975 
f 976/1007/976 973/1006/973 1032/1067/1032 
f 1032/1067/1032 1035/1068/1035 976/1007/976 
f 977/1008/977 974/1004/974 1033/1065/1033 
f 1033/1065/1033 1036/1069/1036 977/1008/977 
f 978/1009/978 975/1005/975 1034/1066/1034 
f 1034/1066/1034 1037/1070/1037 978/1009/978 
f 979/1010/979 976/1007/976 1035/1068/1035 
f 1035/1068/1035 1038/1071/1038 979/1010/979 
f 980/1011/980 977/1008/977 1036/1069/1036 
f 1036/1069/1036 1039/1072/1039 980/1011/980 
f 981/1012/981 978/1009/978 1037/1070/1037 
f 1037/1070/1037 1040/1073/1040 981/1012/981 
f 982/1013/982 979/1010/979 1038/1071/1038 
f 1038/1071/1038 1041/1074/1041 982/1013/982 
f 983/1014/983 980/1011/980 1039/1072/1039 
f 1039/1072/1039 1042/1075/1042 983/1014/983 
f 984/1015/984 981/1012/981 1040/1073/1040 
f 1040/1073/1040 1043/1076/1043 984/1015/984 
f 985/1016/985 982/1013/982 1041/1074/1041 
f 1041/1074/1041 1044/1077/1044 985/1016/985 
f 986/1017/986 983/1014/983 1042/1075/1042 
f 1042/1075/1042 1045/1078/1045 986/1017/986 
f 987/1018/987 984/1015/984 1043/1076/1043 
f 1043/1076/1043 1046/1079/1046 987/1018/987 
f 988/1019/988 985/1016/985 1044/1077/1044 
f 1044/1077/1044 1047/1080/1047 988/1019/988 
f 989/1020/989 986/1017/986 1045/1078/1045 
f 1045/1078/1045 1048/1081/1048 989/1020/989 
f 990/1021/990 987/1018/987 1046/1079/1046 
f 1046/1079/1046 1049/1082/1049 990/1021/990 
f 991/1022/991 988/1019/988 1047/1080/1047 
f 1047/1080/1047 1050/1083/1050 991/1022/991 
f 992/1023/992 989/1020/989 1048/1081/1048 
f 1048/1081/1048 1051/1084/1051 992/1023/992 
f 993/1024/993 990/1021/990 1049/1082/1049 
f 1049/1082/1049 1052/1085/1052 993/1024/993 
f 994/1025/994 991/1022/991 1050/1083/1050 
f 1050/1083/1050 1053/1086/1053 994/1025/994 
f 995/1026/995 992/1023/992 1051/1084/1051 
f 1051/1084/1051 1054/1087/1054 995/1026/995 
f 996/1027/996 993/1024/993 1052/1085/1052 
f 1052/1085/1052 1055/1088/1055 996/1027/996 
f 997/1028/997 994/1025/994 1053/1086/1053 
f 1053/1086/1053 1056/1089/1056 997/1028/997 
f 998/1029/998 995/1026/995 1054/1087/1054 
f 1054/1087/1054 1057/1090/1057 998/1029/998 
f 999/1030/999 996/1027/996 1055/1088/1055 
f 1055/1088/1055 1058/1091/1058 999/1030/999 
f 1000/1032/1000 997/1031/997 1056/1092/1056 
f 1056/1092/1056 1059/1093/1059 1000/1032/1000 
f 1001/1033/1001 998/1029/998 1057/1090/1057 
f 1057/1090/1057 1060/1094/1060 1001/1033/1001 
f 76/80/76 999/1030/999 1058/1091/1058 
f 1002/1034/1002 1000/1032/1000 1059/1093/1059 
f 1059/1093/1059 1061/1095/1061 1002/1034/1002 
f 1003/1035/1003 1001/1033/1001 1060/1094/1060 
f 1060/1094/1060 1062/1096/1062 1003/1035/1003 
f 1004/1036/1004 1002/1034/1002 1061/1095/1061 
f 1061/1095/1061 1063/1097/1063 1004/1036/1004 
f 1005/1037/1005 1003/1035/1003 1062/1096/1062 
f 1062/1096/1062 1064/1098/1064 1005/1037/1005 
f 1006/1038/1006 1004/1036/1004 1063/1097/1063 
f 1063/1097/1063 1065/1099/1065 1006/1038/1006 
f 1007/1039/1007 1005/1037/1005 1064/1098/1064 
f 1064/1098/1064 1066/1100/1066 1007/1039/1007 
f 1008/1040/1008 1006/1038/1006 1065/1099/1065 
f 1065/1099/1065 1067/1101/1067 1008/1040/1008 
f 1009/1041/1009 1007/1039/1007 1066/1100/1066 
f 1066/1100/1066 1068/1102/1068 1009/1041/1009 
f 1010/1042/1010 1008/1040/1008 1067/1101/1067 
f 1067/1101/1067 1069/1103/1069 1010/1042/1010 
f 948/978/948 1009/1041/1009 1068/1102/1068 
f 1068/1102/1068 1070/1104/1070 948/978/948 
f 950/980/950 1010/1042/1010 1069/1103/1069 
f 1069/1103/1069 1071/1105/1071 950/980/950 
f 949/979/949 948/978/948 1070/1104/1070 
f 1070/1104/1070 1072/1106/1072 949/979/949 
f 951/981/951 950/980/950 1071/1105/1071 
f 1071/1105/1071 1073/1107/1073 951/981/951 
f 952/982/952 949/979/949 1072/1106/1072 
f 1072/1106/1072 1011/1043/1011 952/982/952 
f 953/983/953 951/981/951 1073/1107/1073 
f 1073/1107/1073 1013/1045/1013 953/983/953 
f 1017/1049/1017 1015/1047/1015 1074/1108/1074 
f 1074/1108/1074 1075/1109/1075 1017/1049/1017 
f 1018/1050/1018 1016/1048/1016 1076/1110/1076 
f 1076/1110/1076 1077/1111/1077 1018/1050/1018 
f 1019/1051/1019 1017/1049/1017 1075/1109/1075 
f 1075/1109/1075 1078/1112/1078 1019/1051/1019 
f 1020/1052/1020 1018/1050/1018 1077/1111/1077 
f 1077/1111/1077 1079/1113/1079 1020/1052/1020 
f 1021/1053/1021 1019/1051/1019 1078/1112/1078 
f 1078/1112/1078 1080/1114/1080 1021/1053/1021 
f 1022/1054/1022 1020/1052/1020 1079/1113/1079 
f 1079/1113/1079 1081/1115/1081 1022/1054/1022 
f 1023/1055/1023 1021/1053/1021 1080/1114/1080 
f 1080/1114/1080 1082/1116/1082 1023/1055/1023 
f 1024/1056/1024 1022/1054/1022 1081/1115/1081 
f 1081/1115/1081 1083/1117/1083 1024/1056/1024 
f 1025/1057/1025 1023/1055/1023 1082/1116/1082 
f 1082/1116/1082 1084/1118/1084 1025/1057/1025 
f 1026/1058/1026 1024/1056/1024 1083/1117/1083 
f 1083/1117/1083 1085/1119/1085 1026/1058/1026 
f 1027/1059/1027 1025/1057/1025 1084/1118/1084 
f 1084/1118/1084 1086/1120/1086 1027/1059/1027 
f 1028/1060/1028 1026/1058/1026 1085/1119/1085 
f 1085/1119/1085 1087/1121/1087 1028/1060/1028 
f 1029/1061/1029 1027/1059/1027 1086/1120/1086 
f 1086/1120/1086 1088/1122/1088 1029/1061/1029 
f 1030/1062/1030 14/14/14 1089/1123/1089 
f 1031/1063/1031 1028/1060/1028 1087/1121/1087 
f 1087/1121/1087 1090/1124/1090 1031/1063/1031 
f 1032/1064/1032 1029/1061/1029 1088/1122/1088 
f 1088/1122/1088 1091/1125/1091 1032/1064/1032 
f 1033/1065/1033 1030/1062/1030 1089/1123/1089 
f 1089/1123/1089 1092/1126/1092 1033/1065/1033 
f 1034/1066/1034 1031/1063/1031 1090/1124/1090 
f 1090/1124/1090 1093/1127/1093 1034/1066/1034 
f 1035/1068/1035 1032/1067/1032 1091/1128/1091 
f 1091/1128/1091 1094/1129/1094 1035/1068/1035 
f 1036/1069/1036 1033/1065/1033 1092/1126/1092 
f 1092/1126/1092 1095/1130/1095 1036/1069/1036 
f 1037/1070/1037 1034/1066/1034 1093/1127/1093 
f 1093/1127/1093 1096/1131/1096 1037/1070/1037 
f 1038/1071/1038 1035/1068/1035 1094/1129/1094 
f 1094/1129/1094 1097/1132/1097 1038/1071/1038 
f 1039/1072/1039 1036/1069/1036 1095/1130/1095 
f 1095/1130/1095 1098/1133/1098 1039/1072/1039 
f 1040/1073/1040 1037/1070/1037 1096/1131/1096 
f 1096/1131/1096 1099/1134/1099 1040/1073/1040 
f 1041/1074/1041 1038/1071/1038 1097/1132/1097 
f 1097/1132/1097 1100/1135/1100 1041/1074/1041 
f 1042/1075/1042 1039/1072/1039 1098/1133/1098 
f 1098/1133/1098 1101/1136/1101 1042/1075/1042 
f 1043/1076/1043 1040/1073/1040 1099/1134/1099 
f 1099/1134/1099 1102/1137/1102 1043/1076/1043 
f 1044/1077/1044 1041/1074/1041 1100/1135/1100 
f 1100/1135/1100 1103/1138/1103 1044/1077/1044 
f 1045/1078/1045 1042/1075/1042 1101/1136/1101 
f 1101/1136/1101 1104/1139/1104 1045/1078/1045 
f 1046/1079/1046 1043/1076/1043 1102/1137/1102 
f 1102/1137/1102 1105/1140/1105 1046/1079/1046 
f 1047/1080/1047 1044/1077/1044 1103/1138/1103 
f 1103/1138/1103 1106/1141/1106 1047/1080/1047 
f 1048/1081/1048 1045/1078/1045 1104/1139/1104 
f 1104/1139/1104 1107/1142/1107 1048/1081/1048 
f 1049/1082/1049 1046/1079/1046 1105/1140/1105 
f 1105/1140/1105 1108/1143/1108 1049/1082/1049 
f 1050/1083/1050 1047/1080/1047 1106/1141/1106 
f 1106/1141/1106 1109/1144/1109 1050/1083/1050 
f 1051/1084/1051 1048/1081/1048 1107/1142/1107 
f 1107/1142/1107 1110/1145/1110 1051/1084/1051 
f 1052/1085/1052 1049/1082/1049 1108/1143/1108 
f 1108/1143/1108 1111/1146/1111 1052/1085/1052 
f 1053/1086/1053 1050/1083/1050 1109/1144/1109 
f 1109/1144/1109 1112/1147/1112 1053/1086/1053 
f 1054/1087/1054 1051/1084/1051 1110/1145/1110 
f 1110/1145/1110 1113/1148/1113 1054/1087/1054 
f 1055/1088/1055 1052/1085/1052 1111/1146/1111 
f 1111/1146/1111 1114/1149/1114 1055/1088/1055 
f 1056/1089/1056 1053/1086/1053 1112/1147/1112 
f 1112/1147/1112 1115/1150/1115 1056/1089/1056 
f 1057/1090/1057 1054/1087/1054 1113/1148/1113 
f 1113/1148/1113 1116/1151/1116 1057/1090/1057 
f 1058/1091/1058 1055/1088/1055 1114/1149/1114 
f 1114/1149/1114 1117/1152/1117 1058/1091/1058 
f 1059/1093/1059 1056/1092/1056 1115/1153/1115 
f 1115/1153/1115 1118/1154/1118 1059/1093/1059 
f 1060/1094/1060 1057/1090/1057 1116/1151/1116 
f 1116/1151/1116 1119/1155/1119 1060/1094/1060 
f 76/80/76 1058/1091/1058 1117/1152/1117 
f 1061/1095/1061 1059/1093/1059 1118/1154/1118 
f 1118/1154/1118 1120/1156/1120 1061/1095/1061 
f 1062/1096/1062 1060/1094/1060 1119/1155/1119 
f 1119/1155/1119 1121/1157/1121 1062/1096/1062 
f 1063/1097/1063 1061/1095/1061 1120/1156/1120 
f 1120/1156/1120 1122/1158/1122 1063/1097/1063 
f 1064/1098/1064 1062/1096/1062 1121/1157/1121 
f 1121/1157/1121 1123/1159/1123 1064/1098/1064 
f 1065/1099/1065 1063/1097/1063 1122/1158/1122 
f 1122/1158/1122 1124/1160/1124 1065/1099/1065 
f 1066/1100/1066 1064/1098/1064 1123/1159/1123 
f 1123/1159/1123 1125/1161/1125 1066/1100/1066 
f 1067/1101/1067 1065/1099/1065 1124/1160/1124 
f 1124/1160/1124 1126/1162/1126 1067/1101/1067 
f 1068/1102/1068 1066/1100/1066 1125/1161/1125 
f 1125/1161/1125 1127/1163/1127 1068/1102/1068 
f 1069/1103/1069 1067/1101/1067 1126/1162/1126 
f 1126/1162/1126 1128/1164/1128 1069/1103/1069 
f 1070/1104/1070 1068/1102/1068 1127/1163/1127 
f 1127/1163/1127 1129/1165/1129 1070/1104/1070 
f 1071/1105/1071 1069/1103/1069 1128/1164/1128 
f 1128/1164/1128 1130/1166/1130 1071/1105/1071 
f 1072/1106/1072 1070/1104/1070 1129/1165/1129 
f 1129/1165/1129 1131/1167/1131 1072/1106/1072 
f 1073/1107/1073 1071/1105/1071 1130/1166/1130 
f 1130/1166/1130 1132/1168/1132 1073/1107/1073 
f 1011/1043/1011 1072/1106/1072 1131/1167/1131 
f 1131/1167/1131 1133/1169/1133 1011/1043/1011 
f 1013/1045/1013 1073/1107/1073 1132/1168/1132 
f 1132/1168/1132 1134/1170/1134 1013/1045/1013 
f 1012/1044/1012 1011/1043/1011 1133/1169/1133 
f 1133/1169/1133 1135/1171/1135 1012/1044/1012 
f 1014/1046/1014 1013/1045/1013 1134/1170/1134 
f 1134/1170/1134 1136/1172/1136 1014/1046/1014 
f 1015/1047/1015 1012/1044/1012 1135/1171/1135 
f 1135/1171/1135 1074/1108/1074 1015/1047/1015 
f 1016/1048/1016 1014/1046/1014 1136/1172/1136 
f 1136/1172/1136 1076/1110/1076 1016/1048/1016 
f 1080/1114/1080 1078/1112/1078 1137/1173/1137 
f 1137/1173/1137 1138/1174/1138 1080/1114/1080 
f 1081/1115/1081 1079/1113/1079 1139/1175/1139 
f 1139/1175/1139 1140/1176/1140 1081/1115/1081 
f 1082/1116/1082 1080/1114/1080 1138/1174/1138 
f 1138/1174/1138 1141/1177/1141 1082/1116/1082 
f 1083/1117/1083 1081/1115/1081 1140/1176/1140 
f 1140/1176/1140 1142/1178/1142 1083/1117/1083 
f 1084/1118/1084 1082/1116/1082 1141/1177/1141 
f 1141/1177/1141 1143/1179/1143 1084/1118/1084 
f 1085/1119/1085 1083/1117/1083 1142/1178/1142 
f 1142/1178/1142 1144/1180/1144 1085/1119/1085 
f 1086/1120/1086 1084/1118/1084 1143/1179/1143 
f 1143/1179/1143 1145/1181/1145 1086/1120/1086 
f 1087/1121/1087 1085/1119/1085 1144/1180/1144 
f 1144/1180/1144 1146/1182/1146 1087/1121/1087 
f 1088/1122/1088 1086/1120/1086 1145/1181/1145 
f 1145/1181/1145 1147/1183/1147 1088/1122/1088 
f 1089/1123/1089 14/14/14 1148/1184/1148 
f 1090/1124/1090 1087/1121/1087 1146/1182/1146 
f 1146/1182/1146 1149/1185/1149 1090/1124/1090 
f 1091/1125/1091 1088/1122/1088 1147/1183/1147 
f 1147/1183/1147 1150/1186/1150 1091/1125/1091 
f 1092/1126/1092 1089/1123/1089 1148/1184/1148 
f 1148/1184/1148 1151/1187/1151 1092/1126/1092 
f 1093/1127/1093 1090/1124/1090 1149/1185/1149 
f 1149/1185/1149 1152/1188/1152 1093/1127/1093 
f 1094/1129/1094 1091/1128/1091 1150/1189/1150 
f 1150/1189/1150 1153/1190/1153 1094/1129/1094 
f 1095/1130/1095 1092/1126/1092 1151/1187/1151 
f 1151/1187/1151 1154/1191/1154 1095/1130/1095 
f 1096/1131/1096 1093/1127/1093 1152/1188/1152 
f 1152/1188/1152 1155/1192/1155 1096/1131/1096 
f 1097/1132/1097 1094/1129/1094 1153/1190/1153 
f 1153/1190/1153 1156/1193/1156 1097/1132/1097 
f 1098/1133/1098 1095/1130/1095 1154/1191/1154 
f 1154/1191/1154 1157/1194/1157 1098/1133/1098 
f 1099/1134/1099 1096/1131/1096 1155/1192/1155 
f 1155/1192/1155 1158/1195/1158 1099/1134/1099 
f 1100/1135/1100 1097/1132/1097 1156/1193/1156 
f 1156/1193/1156 1159/1196/1159 1100/1135/1100 
f 1101/1136/1101 1098/1133/1098 1157/1194/1157 
f 1157/1194/1157 1160/1197/1160 1101/1136/1101 
f 1102/1137/1102 1099/1134/1099 1158/1195/1158 
f 1158/1195/1158 1161/1198/1161 1102/1137/1102 
f 1103/1138/1103 1100/1135/1100 1159/1196/1159 
f 1159/1196/1159 1162/1199/1162 1103/1138/1103 
f 1104/1139/1104 1101/1136/1101 1160/1197/1160 
f 1160/1197/1160 1163/1200/1163 1104/1139/1104 
f 1105/1140/1105 1102/1137/1102 1161/1198/1161 
f 1161/1198/1161 1164/1201/1164 1105/1140/1105 
f 1106/1141/1106 1103/1138/1103 1162/1199/1162 
f 1162/1199/1162 1165/1202/1165 1106/1141/1106 
f 1107/1142/1107 1104/1139/1104 1163/1200/1163 
f 1163/1200/1163 1166/1203/1166 1107/1142/1107 
f 1108/1143/1108 1105/1140/1105 1164/1201/1164 
f 1164/1201/1164 1167/1204/1167 1108/1143/1108 
f 1109/1144/1109 1106/1141/1106 1165/1202/1165 
f 1165/1202/1165 1168/1205/1168 1109/1144/1109 
f 1110/1145/1110 1107/1142/1107 1166/1203/1166 
f 1166/1203/1166 1169/1206/1169 1110/1145/1110 
f 1111/1146/1111 1108/1143/1108 1167/1204/1167 
f 1167/1204/1167 1170/1207/1170 1111/1146/1111 
f 1112/1147/1112 1109/1144/1109 1168/1205/1168 
f 1168/1205/1168 1171/1208/1171 1112/1147/1112 
f 1113/1148/1113 1110/1145/1110 1169/1206/1169 
f 1169/1206/1169 1172/1209/1172 1113/1148/1113 
f 1114/1149/1114 1111/1146/1111 1170/1207/1170 
f 1170/1207/1170 1173/1210/1173 1114/1149/1114 
f 1115/1150/1115 1112/1147/1112 1171/1208/1171 
f 1171/1208/1171 1174/1211/1174 1115/1150/1115 
f 1116/1151/1116 1113/1148/1113 1172/1209/1172 
f 1172/1209/1172 1175/1212/1175 1116/1151/1116 
f 1117/1152/1117 1114/1149/1114 1173/1210/1173 
f 1173/1210/1173 1176/1213/1176 1117/1152/1117 
f 1118/1154/1118 1115/1153/1115 1174/1214/1174 
f 1174/1214/1174 1177/1215/1177 1118/1154/1118 
f 1119/1155/1119 1116/1151/1116 1175/1212/1175 
f 1175/1212/1175 1178/1216/1178 1119/1155/1119 
f 76/80/76 1117/1152/1117 1176/1213/1176 
f 1120/1156/1120 1118/1154/1118 1177/1215/1177 
f 1177/1215/1177 1179/1217/1179 1120/1156/1120 
f 1121/1157/1121 1119/1155/1119 1178/1216/1178 
f 1178/1216/1178 1180/1218/1180 1121/1157/1121 
f 1122/1158/1122 1120/1156/1120 1179/1217/1179 
f 1179/1217/1179 1181/1219/1181 1122/1158/1122 
f 1123/1159/1123 1121/1157/1121 1180/1218/1180 
f 1180/1218/1180 1182/1220/1182 1123/1159/1123 
f 1124/1160/1124 1122/1158/1122 1181/1219/1181 
f 1181/1219/1181 1183/1221/1183 1124/1160/1124 
f 1125/1161/1125 1123/1159/1123 1182/1220/1182 
f 1182/1220/1182 1184/1222/1184 1125/1161/1125 
f 1126/1162/1126 1124/1160/1124 1183/1221/1183 
f 1183/1221/1183 1185/1223/1185 1126/1162/1126 
f 1127/1163/1127 1125/1161/1125 1184/1222/1184 
f 1184/1222/1184 1186/1224/1186 1127/1163/1127 
f 1128/1164/1128 1126/1162/1126 1185/1223/1185 
f 1185/1223/1185 1187/1225/1187 1128/1164/1128 
f 1129/1165/1129 1127/1163/1127 1186/1224/1186 
f 1186/1224/1186 1188/1226/1188 1129/1165/1129 
f 1130/1166/1130 1128/1164/1128 1187/1225/1187 
f 1187/1225/1187 1189/1227/1189 1130/1166/1130 
f 1131/1167/1131 1129/1165/1129 1188/1226/1188 
f 1188/1226/1188 1190/1228/1190 1131/1167/1131 
f 1132/1168/1132 1130/1166/1130 1189/1227/1189 
f 1189/1227/1189 1191/1229/1191 1132/1168/1132 
f 1133/1169/1133 1131/1167/1131 1190/1228/1190 
f 1190/1228/1190 1192/1230/1192 1133/1169/1133 
f 1134/1170/1134 1132/1168/1132 1191/1229/1191 
f 1191/1229/1191 1193/1231/1193 1134/1170/1134 
f 1135/1171/1135 1133/1169/1133 1192/1230/1192 
f 1192/1230/1192 1194/1232/1194 1135/1171/1135 
f 1136/1172/1136 1134/1170/1134 1193/1231/1193 
f 1193/1231/1193 1195/1233/1195 1136/1172/1136 
f 1074/1108/1074 1135/1171/1135 1194/1232/1194 
f 1194/1232/1194 1196/1234/1196 1074/1108/1074 
f 1076/1110/1076 1136/1172/1136 1195/1233/1195 
f 1195/1233/1195 1197/1235/1197 1076/1110/1076 
f 1075/1109/1075 1074/1108/1074 1196/1234/1196 
f 1196/1234/1196 1198/1236/1198 1075/1109/1075 
f 1077/1111/1077 1076/1110/1076 1197/1235/1197 
f 1197/1235/1197 1199/1237/1199 1077/1111/1077 
f 1078/1112/1078 1075/1109/1075 1198/1236/1198 
f 1198/1236/1198 1137/1173/1137 1078/1112/1078 
f 1079/1113/1079 1077/1111/1077 1199/1237/1199 
f 1199/1237/1199 1139/1175/1139 1079/1113/1079 
f 1143/1179/1143 1141/1177/1141 1200/1238/1200 
f 1200/1238/1200 1201/1239/1201 1143/1179/1143 
f 1144/1180/1144 1142/1178/1142 1202/1240/1202 
f 1202/1240/1202 1203/1241/1203 1144/1180/1144 
f 1145/1181/1145 1143/1179/1143 1201/1239/1201 
f 1201/1239/1201 1204/1242/1204 1145/1181/1145 
f 1146/1182/1146 1144/1180/1144 1203/1241/1203 
f 1203/1241/1203 1205/1243/1205 1146/1182/1146 
f 1147/1183/1147 1145/1181/1145 1204/1242/1204 
f 1204/1242/1204 1206/1244/1206 1147/1183/1147 
f 1148/1184/1148 14/14/14 1207/1245/1207 
f 1149/1185/1149 1146/1182/1146 1205/1243/1205 
f 1205/1243/1205 1208/1246/1208 1149/1185/1149 
f 1150/1186/1150 1147/1183/1147 1206/1244/1206 
f 1206/1244/1206 1209/1247/1209 1150/1186/1150 
f 1151/1187/1151 1148/1184/1148 1207/1245/1207 
f 1207/1245/1207 1210/1248/1210 1151/1187/1151 
f 1152/1188/1152 1149/1185/1149 1208/1246/1208 
f 1208/1246/1208 1211/1249/1211 1152/1188/1152 
f 1153/1190/1153 1150/1189/1150 1209/1250/1209 
f 1209/1250/1209 1212/1251/1212 1153/1190/1153 
f 1154/1191/1154 1151/1187/1151 1210/1248/1210 
f 1210/1248/1210 1213/1252/1213 1154/1191/1154 
f 1155/1192/1155 1152/1188/1152 1211/1249/1211 
f 1211/1249/1211 1214/1253/1214 1155/1192/1155 
f 1156/1193/1156 1153/1190/1153 1212/1251/1212 
f 1212/1251/1212 1215/1254/1215 1156/1193/1156 
f 1157/1194/1157 1154/1191/1154 1213/1252/1213 
f 1213/1252/1213 1216/1255/1216 1157/1194/1157 
f 1158/1195/1158 1155/1192/1155 1214/1253/1214 
f 1214/1253/1214 1217/1256/1217 1158/1195/1158 
f 1159/1196/1159 1156/1193/1156 1215/1254/1215 
f 1215/1254/1215 1218/1257/1218 1159/1196/1159 
f 1160/1197/1160 1157/1194/1157 1216/1255/1216 
f 1216/1255/1216 1219/1258/1219 1160/1197/1160 
f 1161/1198/1161 1158/1195/1158 1217/1256/1217 
f 1217/1256/1217 1220/1259/1220 1161/1198/1161 
f 1162/1199/1162 1159/1196/1159 1218/1257/1218 
f 1218/1257/1218 1221/1260/1221 1162/1199/1162 
f 1163/1200/1163 1160/1197/1160 1219/1258/1219 
f 1219/1258/1219 1222/1261/1222 1163/1200/1163 
f 1164/1201/1164 1161/1198/1161 1220/1259/1220 
f 1220/1259/1220 1223/1262/1223 1164/1201/1164 
f 1165/1202/1165 1162/1199/1162 1221/1260/1221 
f 1221/1260/1221 1224/1263/1224 1165/1202/1165 
f 1166/1203/1166 1163/1200/1163 1222/1261/1222 
f 1222/1261/1222 1225/1264/1225 1166/1203/1166 
f 1167/1204/1167 1164/1201/1164 1223/1262/1223 
f 1223/1262/1223 1226/1265/1226 1167/1204/1167 
f 1168/1205/1168 1165/1202/1165 1224/1263/1224 
f 1224/1263/1224 1227/1266/1227 1168/1205/1168 
f 1169/1206/1169 1166/1203/1166 1225/1264/1225 
f 1225/1264/1225 1228/1267/1228 1169/1206/1169 
f 1170/1207/1170 1167/1204/1167 1226/1265/1226 
f 1226/1265/1226 1229/1268/1229 1170/1207/1170 
f 1171/1208/1171 1168/1205/1168 1227/1266/1227 
f 1227/1266/1227 1230/1269/1230 1171/1208/1171 
f 1172/1209/1172 1169/1206/1169 1228/1267/1228 
f 1228/1267/1228 1231/1270/1231 1172/1209/1172 
f 1173/1210/1173 1170/1207/1170 1229/1268/1229 
f 1229/1268/1229 1232/1271/1232 1173/1210/1173 
f 1174/1211/1174 1171/1208/1171 1230/1269/1230 
f 1230/1269/1230 1233/1272/1233 1174/1211/1174 
f 1175/1212/1175 1172/1209/1172 1231/1270/1231 
f 1231/1270/1231 1234/1273/1234 1175/1212/1175 
f 1176/1213/1176 1173/1210/1173 1232/1271/1232 
f 1232/1271/1232 1235/1274/1235 1176/1213/1176 
f 1177/1215/1177 1174/1214/1174 1233/1275/1233 
f 1233/1275/1233 1236/1276/1236 1177/1215/1177 
f 1178/1216/1178 1175/1212/1175 1234/1273/1234 
f 1234/1273/1234 1237/1277/1237 1178/1216/1178 
f 76/80/76 1176/1213/1176 1235/1274/1235 
f 1179/1217/1179 1177/1215/1177 1236/1276/1236 
f 1236/1276/1236 1238/1278/1238 1179/1217/1179 
f 1180/1218/1180 1178/1216/1178 1237/1277/1237 
f 1237/1277/1237 1239/1279/1239 1180/1218/1180 
f 1181/1219/1181 1179/1217/1179 1238/1278/1238 
f 1238/1278/1238 1240/1280/1240 1181/1219/1181 
f 1182/1220/1182 1180/1218/1180 1239/1279/1239 
f 1239/1279/1239 1241/1281/1241 1182/1220/1182 
f 1183/1221/1183 1181/1219/1181 1240/1280/1240 
f 1240/1280/1240 1242/1282/1242 1183/1221/1183 
f 1184/1222/1184 1182/1220/1182 1241/1281/1241 
f 1241/1281/1241 1243/1283/1243 1184/1222/1184 
f 1185/1223/1185 1183/1221/1183 1242/1282/1242 
f 1242/1282/1242 1244/1284/1244 1185/1223/1185 
f 1186/1224/1186 1184/1222/1184 1243/1283/1243 
f 1243/1283/1243 1245/1285/1245 1186/1224/1186 
f 1187/1225/1187 1185/1223/1185 1244/1284/1244 
f 1244/1284/1244 1246/1286/1246 1187/1225/1187 
f 1188/1226/1188 1186/1224/1186 1245/1285/1245 
f 1245/1285/1245 1247/1287/1247 1188/1226/1188 
f 1189/1227/1189 1187/1225/1187 1246/1286/1246 
f 1246/1286/1246 1248/1288/1248 1189/1227/1189 
f 1190/1228/1190 1188/1226/1188 1247/1287/1247 
f 1247/1287/1247 1249/1289/1249 1190/1228/1190 
f 1191/1229/1191 1189/1227/1189 1248/1288/1248 
f 1248/1288/1248 1250/1290/1250 1191/1229/1191 
f 1192/1230/1192 1190/1228/1190 1249/1289/1249 
f 1249/1289/1249 1251/1291/1251 1192/1230/1192 
f 1193/1231/1193 1191/1229/1191 1250/1290/1250 
f 1250/1290/1250 1252/1292/1252 1193/1231/1193 
f 1194/1232/1194 1192/1230/1192 1251/1291/1251 
f 1251/1291/1251 1253/1293/1253 1194/1232/1194 
f 1195/1233/1195 1193/1231/1193 1252/1292/1252 
f 1252/1292/1252 1254/1294/1254 1195/1233/1195 
f 1196/1234/1196 1194/1232/1194 1253/1293/1253 
f 1253/1293/1253 1255/1295/1255 1196/1234/1196 
f 1197/1235/1197 1195/1233/1195 1254/1294/1254 
f 1254/1294/1254 1256/1296/1256 1197/1235/1197 
f 1198/1236/1198 1196/1234/1196 1255/1295/1255 
f 1255/1295/1255 1257/1297/1257 1198/1236/1198 
f 1199/1237/1199 1197/1235/1197 1256/1296/1256 
f 1256/1296/1256 1258/1298/1258 1199/1237/1199 
f 1137/1173/1137 1198/1236/1198 1257/1297/1257 
f 1257/1297/1257 1259/1299/1259 1137/1173/1137 
f 1139/1175/1139 1199/1237/1199 1258/1298/1258 
f 1258/1298/1258 1260/1300/1260 1139/1175/1139 
f 1138/1174/1138 1137/1173/1137 1259/1299/1259 
f 1259/1299/1259 1261/1301/1261 1138/1174/1138 
f 1140/1176/1140 1139/1175/1139 1260/1300/1260 
f 1260/1300/1260 1262/1302/1262 1140/1176/1140 
f 1141/1177/1141 1138/1174/1138 1261/1301/1261 
f 1261/1301/1261 1200/1238/1200 1141/1177/1141 
f 1142/1178/1142 1140/1176/1140 1262/1302/1262 
f 1262/1302/1262 1202/1240/1202 1142/1178/1142 
f 1206/1244/1206 1204/1242/1204 1263/1303/1263 
f 1263/1303/1263 1264/1304/1264 1206/1244/1206 
f 1207/1245/1207 14/14/14 1265/1305/1265 
f 1208/1246/1208 1205/1243/1205 1266/1306/1266 
f 1266/1306/1266 1267/1307/1267 1208/1246/1208 
f 1209/1247/1209 1206/1244/1206 1264/1304/1264 
f 1264/1304/1264 1268/1308/1268 1209/1247/1209 
f 1210/1248/1210 1207/1245/1207 1265/1305/1265 
f 1265/1305/1265 1269/1309/1269 1210/1248/1210 
f 1211/1249/1211 1208/1246/1208 1267/1307/1267 
f 1267/1307/1267 1270/1310/1270 1211/1249/1211 
f 1212/1251/1212 1209/1250/1209 1268/1311/1268 
f 1268/1311/1268 1271/1312/1271 1212/1251/1212 
f 1213/1252/1213 1210/1248/1210 1269/1309/1269 
f 1269/1309/1269 1272/1313/1272 1213/1252/1213 
f 1214/1253/1214 1211/1249/1211 1270/1310/1270 
f 1270/1310/1270 1273/1314/1273 1214/1253/1214 
f 1215/1254/1215 1212/1251/1212 1271/1312/1271 
f 1271/1312/1271 1274/1315/1274 1215/1254/1215 
f 1216/1255/1216 1213/1252/1213 1272/1313/1272 
f 1272/1313/1272 1275/1316/1275 1216/1255/1216 
f 1217/1256/1217 1214/1253/1214 1273/1314/1273 
f 1273/1314/1273 1276/1317/1276 1217/1256/1217 
f 1218/1257/1218 1215/1254/1215 1274/1315/1274 
f 1274/1315/1274 1277/1318/1277 1218/1257/1218 
f 1219/1258/1219 1216/1255/1216 1275/1316/1275 
f 1275/1316/1275 1278/1319/1278 1219/1258/1219 
f 1220/1259/1220 1217/1256/1217 1276/1317/1276 
f 1276/1317/1276 1279/1320/1279 1220/1259/1220 
f 1221/1260/1221 1218/1257/1218 1277/1318/1277 
f 1277/1318/1277 1280/1321/1280 1221/1260/1221 
f 1222/1261/1222 1219/1258/1219 1278/1319/1278 
f 1278/1319/1278 1281/1322/1281 1222/1261/1222 
f 1223/1262/1223 1220/1259/1220 1279/1320/1279 
f 1279/1320/1279 1282/1323/1282 1223/1262/1223 
f 1224/1263/1224 1221/1260/1221 1280/1321/1280 
f 1280/1321/1280 1283/1324/1283 1224/1263/1224 
f 1225/1264/1225 1222/1261/1222 1281/1322/1281 
f 1281/1322/1281 1284/1325/1284 1225/1264/1225 
f 1226/1265/1226 1223/1262/1223 1282/1323/1282 
f 1282/1323/1282 1285/1326/1285 1226/1265/1226 
f 1227/1266/1227 1224/1263/1224 1283/1324/1283 
f 1283/1324/1283 1286/1327/1286 1227/1266/1227 
f 1228/1267/1228 1225/1264/1225 1284/1325/1284 
f 1284/1325/1284 1287/1328/1287 1228/1267/1228 
f 1229/1268/1229 1226/1265/1226 1285/1326/1285 
f 1285/1326/1285 1288/1329/1288 1229/1268/1229 
f 1230/1269/1230 1227/1266/1227 1286/1327/1286 
f 1286/1327/1286 1289/1330/1289 1230/1269/1230 
f 1231/1270/1231 1228/1267/1228 1287/1328/1287 
f 1287/1328/1287 1290/1331/1290 1231/1270/1231 
f 1232/1271/1232 1229/1268/1229 1288/1329/1288 
f 1288/1329/1288 1291/1332/1291 1232/1271/1232 
f 1233/1272/1233 1230/1269/1230 1289/1330/1289 
f 1289/1330/1289 1292/1333/1292 1233/1272/1233 
f 1234/1273/1234 1231/1270/1231 1290/1331/1290 
f 1290/1331/1290 1293/1334/1293 1234/1273/1234 
f 1235/1274/1235 1232/1271/1232 1291/1332/1291 
f 1291/1332/1291 1294/1335/1294 1235/1274/1235 
f 1236/1276/1236 1233/1275/1233 1292/1336/1292 
f 1292/1336/1292 1295/1337/1295 1236/1276/1236 
f 1237/1277/1237 1234/1273/1234 1293/1334/1293 
f 1293/1334/1293 1296/1338/1296 1237/1277/1237 
f 76/80/76 1235/1274/1235 1294/1335/1294 
f 1238/1278/1238 1236/1276/1236 1295/1337/1295 
f 1295/1337/1295 1297/1339/1297 1238/1278/1238 
f 1239/1279/1239 1237/1277/1237 1296/1338/1296 
f 1296/1338/1296 1298/1340/1298 1239/1279/1239 
f 1240/1280/1240 1238/1278/1238 1297/1339/1297 
f 1297/1339/1297 1299/1341/1299 1240/1280/1240 
f 1241/1281/1241 1239/1279/1239 1298/1340/1298 
f 1298/1340/1298 1300/1342/1300 1241/1281/1241 
f 1242/1282/1242 1240/1280/1240 1299/1341/1299 
f 1299/1341/1299 1301/1343/1301 1242/1282/1242 
f 1243/1283/1243 1241/1281/1241 1300/1342/1300 
f 1300/1342/1300 1302/1344/1302 1243/1283/1243 
f 1244/1284/1244 1242/1282/1242 1301/1343/1301 
f 1301/1343/1301 1303/1345/1303 1244/1284/1244 
f 1245/1285/1245 1243/1283/1243 1302/1344/1302 
f 1302/1344/1302 1304/1346/1304 1245/1285/1245 
f 1246/1286/1246 1244/1284/1244 1303/1345/1303 
f 1303/1345/1303 1305/1347/1305 1246/1286/1246 
f 1247/1287/1247 1245/1285/1245 1304/1346/1304 
f 1304/1346/1304 1306/1348/1306 1247/1287/1247 
f 1248/1288/1248 1246/1286/1246 1305/1347/1305 
f 1305/1347/1305 1307/1349/1307 1248/1288/1248 
f 1249/1289/1249 1247/1287/1247 1306/1348/1306 
f 1306/1348/1306 1308/1350/1308 1249/1289/1249 
f 1250/1290/1250 1248/1288/1248 1307/1349/1307 
f 1307/1349/1307 1309/1351/1309 1250/1290/1250 
f 1251/1291/1251 1249/1289/1249 1308/1350/1308 
f 1308/1350/1308 1310/1352/1310 1251/1291/1251 
f 1252/1292/1252 1250/1290/1250 1309/1351/1309 
f 1309/1351/1309 1311/1353/1311 1252/1292/1252 
f 1253/1293/1253 1251/1291/1251 1310/1352/1310 
f 1310/1352/1310 1312/1354/1312 1253/1293/1253 
f 1254/1294/1254 1252/1292/1252 1311/1353/1311 
f 1311/1353/1311 1313/1355/1313 1254/1294/1254 
f 1255/1295/1255 1253/1293/1253 1312/1354/1312 
f 1312/1354/1312 1314/1356/1314 1255/1295/1255 
f 1256/1296/1256 1254/1294/1254 1313/1355/1313 
f 1313/1355/1313 1315/1357/1315 1256/1296/1256 
f 1257/1297/1257 1255/1295/1255 1314/1356/1314 
f 1314/1356/1314 1316/1358/1316 1257/1297/1257 
f 1258/1298/1258 1256/1296/1256 1315/1357/1315 
f 1315/1357/1315 1317/1359/1317 1258/1298/1258 
f 1259/1299/1259 1257/1297/1257 1316/1358/1316 
f 1316/1358/1316 1318/1360/1318 1259/1299/1259 
f 1260/1300/1260 1258/1298/1258 1317/1359/1317 
f 1317/1359/1317 1319/1361/1319 1260/1300/1260 
f 1261/1301/1261 1259/1299/1259 1318/1360/1318 
f 1318/1360/1318 1320/1362/1320 1261/1301/1261 
f 1262/1302/1262 1260/1300/1260 1319/1361/1319 
f 1319/1361/1319 1321/1363/1321 1262/1302/1262 
f 1200/1238/1200 1261/1301/1261 1320/1362/1320 
f 1320/1362/1320 1322/1364/1322 1200/1238/1200 
f 1202/1240/1202 1262/1302/1262 1321/1363/1321 
f 1321/1363/1321 1323/1365/1323 1202/1240/1202 
f 1201/1239/1201 1200/1238/1200 1322/1364/1322 
f 1322/1364/1322 1324/1366/1324 1201/1239/1201 
f 1203/1241/1203 1202/1240/1202 1323/1365/1323 
f 1323/1365/1323 1325/1367/1325 1203/1241/1203 
f 1204/1242/1204 1201/1239/1201 1324/1366/1324 
f 1324/1366/1324 1263/1303/1263 1204/1242/1204 
f 1205/1243/1205 1203/1241/1203 1325/1367/1325 
f 1325/1367/1325 1266/1306/1266 1205/1243/1205 
f 1271/1312/1271 1268/1311/1268 1326/1368/1326 
f 1326/1368/1326 1327/1369/1327 1271/1312/1271 
f 1272/1313/1272 1269/1309/1269 1328/1370/1328 
f 1328/1370/1328 1329/1371/1329 1272/1313/1272 
f 1273/1314/1273 1270/1310/1270 1330/1372/1330 
f 1330/1372/1330 1331/1373/1331 1273/1314/1273 
f 1274/1315/1274 1271/1312/1271 1327/1369/1327 
f 1327/1369/1327 1332/1374/1332 1274/1315/1274 
f 1275/1316/1275 1272/1313/1272 1329/1371/1329 
f 1329/1371/1329 1333/1375/1333 1275/1316/1275 
f 1276/1317/1276 1273/1314/1273 1331/1373/1331 
f 1331/1373/1331 1334/1376/1334 1276/1317/1276 
f 1277/1318/1277 1274/1315/1274 1332/1374/1332 
f 1332/1374/1332 1335/1377/1335 1277/1318/1277 
f 1278/1319/1278 1275/1316/1275 1333/1375/1333 
f 1333/1375/1333 1336/1378/1336 1278/1319/1278 
f 1279/1320/1279 1276/1317/1276 1334/1376/1334 
f 1334/1376/1334 1337/1379/1337 1279/1320/1279 
f 1280/1321/1280 1277/1318/1277 1335/1377/1335 
f 1335/1377/1335 1338/1380/1338 1280/1321/1280 
f 1281/1322/1281 1278/1319/1278 1336/1378/1336 
f 1336/1378/1336 1339/1381/1339 1281/1322/1281 
f 1282/1323/1282 1279/1320/1279 1337/1379/1337 
f 1337/1379/1337 1340/1382/1340 1282/1323/1282 
f 1283/1324/1283 1280/1321/1280 1338/1380/1338 
f 1338/1380/1338 1341/1383/1341 1283/1324/1283 
f 1284/1325/1284 1281/1322/1281 1339/1381/1339 
f 1339/1381/1339 1342/1384/1342 1284/1325/1284 
f 1285/1326/1285 1282/1323/1282 1340/1382/1340 
f 1340/1382/1340 1343/1385/1343 1285/1326/1285 
f 1286/1327/1286 1283/1324/1283 1341/1383/1341 
f 1341/1383/1341 1344/1386/1344 1286/1327/1286 
f 1287/1328/1287 1284/1325/1284 1342/1384/1342 
f 1342/1384/1342 1345/1387/1345 1287/1328/1287 
f 1288/1329/1288 1285/1326/1285 1343/1385/1343 
f 1343/1385/1343 1346/1388/1346 1288/1329/1288 
f 1289/1330/1289 1286/1327/1286 1344/1386/1344 
f 1344/1386/1344 1347/1389/1347 1289/1330/1289 
f 1290/1331/1290 1287/1328/1287 1345/1387/1345 
f 1345/1387/1345 1348/1390/1348 1290/1331/1290 
f 1291/1332/1291 1288/1329/1288 1346/1388/1346 
f 1346/1388/1346 1349/1391/1349 1291/1332/1291 
f 1292/1333/1292 1289/1330/1289 1347/1389/1347 
f 1347/1389/1347 1350/1392/1350 1292/1333/1292 
f 1293/1334/1293 1290/1331/1290 1348/1390/1348 
f 1348/1390/1348 1351/1393/1351 1293/1334/1293 
f 1294/1335/1294 1291/1332/1291 1349/1391/1349 
f 1349/1391/1349 1352/1394/1352 1294/1335/1294 
f 1295/1337/1295 1292/1336/1292 1350/1395/1350 
f 1350/1395/1350 1353/1396/1353 1295/1337/1295 
f 1296/1338/1296 1293/1334/1293 1351/1393/1351 
f 1351/1393/1351 1354/1397/1354 1296/1338/1296 
f 76/80/76 1294/1335/1294 1352/1394/1352 
f 1297/1339/1297 1295/1337/1295 1353/1396/1353 
f 1353/1396/1353 1355/1398/1355 1297/1339/1297 
f 1298/1340/1298 1296/1338/1296 1354/1397/1354 
f 1354/1397/1354 1356/1399/1356 1298/1340/1298 
f 1299/1341/1299 1297/1339/1297 1355/1398/1355 
f 1355/1398/1355 1357/1400/1357 1299/1341/1299 
f 1300/1342/1300 1298/1340/1298 1356/1399/1356 
f 1356/1399/1356 1358/1401/1358 1300/1342/1300 
f 1301/1343/1301 1299/1341/1299 1357/1400/1357 
f 1357/1400/1357 1359/1402/1359 1301/1343/1301 
f 1302/1344/1302 1300/1342/1300 1358/1401/1358 
f 1358/1401/1358 1360/1403/1360 1302/1344/1302 
f 1303/1345/1303 1301/1343/1301 1359/1402/1359 
f 1359/1402/1359 1361/1404/1361 1303/1345/1303 
f 1304/1346/1304 1302/1344/1302 1360/1403/1360 
f 1360/1403/1360 1362/1405/1362 1304/1346/1304 
f 1305/1347/1305 1303/1345/1303 1361/1404/1361 
f 1361/1404/1361 1363/1406/1363 1305/1347/1305 
f 1306/1348/1306 1304/1346/1304 1362/1405/1362 
f 1362/1405/1362 1364/1407/1364 1306/1348/1306 
f 1307/1349/1307 1305/1347/1305 1363/1406/1363 
f 1363/1406/1363 1365/1408/1365 1307/1349/1307 
f 1308/1350/1308 1306/1348/1306 1364/1407/1364 
f 1364/1407/1364 1366/1409/1366 1308/1350/1308 
f 1309/1351/1309 1307/1349/1307 1365/1408/1365 
f 1365/1408/1365 1367/1410/1367 1309/1351/1309 
f 1310/1352/1310 1308/1350/1308 1366/1409/1366 
f 1366/1409/1366 1368/1411/1368 1310/1352/1310 
f 1311/1353/1311 1309/1351/1309 1367/1410/1367 
f 1367/1410/1367 1369/1412/1369 1311/1353/1311 
f 1312/1354/1312 1310/1352/1310 1368/1411/1368 
f 1368/1411/1368 1370/1413/1370 1312/1354/1312 
f 1313/1355/1313 1311/1353/1311 1369/1412/1369 
f 1369/1412/1369 1371/1414/1371 1313/1355/1313 
f 1314/1356/1314 1312/1354/1312 1370/1413/1370 
f 1370/1413/1370 1372/1415/1372 1314/1356/1314 
f 1315/1357/1315 1313/1355/1313 1371/1414/1371 
f 1371/1414/1371 1373/1416/1373 1315/1357/1315 
f 1316/1358/1316 1314/1356/1314 1372/1415/1372 
f 1372/1415/1372 1374/1417/1374 1316/1358/1316 
f 1317/1359/1317 1315/1357/1315 1373/1416/1373 
f 1373/1416/1373 1375/1418/1375 1317/1359/1317 
f 1318/1360/1318 1316/1358/1316 1374/1417/1374 
f 1374/1417/1374 1376/1419/1376 1318/1360/1318 
f 1319/1361/1319 1317/1359/1317 1375/1418/1375 
f 1375/1418/1375 1377/1420/1377 1319/1361/1319 
f 1320/1362/1320 1318/1360/1318 1376/1419/1376 
f 1376/1419/1376 1378/1421/1378 1320/1362/1320 
f 1321/1363/1321 1319/1361/1319 1377/1420/1377 
f 1377/1420/1377 1379/1422/1379 1321/1363/1321 
f 1322/1364/1322 1320/1362/1320 1378/1421/1378 
f 1378/1421/1378 1380/1423/1380 1322/1364/1322 
f 1323/1365/1323 1321/1363/1321 1379/1422/1379 
f 1379/1422/1379 1381/1424/1381 1323/1365/1323 
f 1324/1366/1324 1322/1364/1322 1380/1423/1380 
f 1380/1423/1380 1382/1425/1382 1324/1366/1324 
f 1325/1367/1325 1323/1365/1323 1381/1424/1381 
f 1381/1424/1381 1383/1426/1383 1325/1367/1325 
f 1263/1303/1263 1324/1366/1324 1382/1425/1382 
f 1382/1425/1382 1384/1427/1384 1263/1303/1263 
f 1266/1306/1266 1325/1367/1325 1383/1426/1383 
f 1383/1426/1383 1385/1428/1385 1266/1306/1266 
f 1264/1304/1264 1263/1303/1263 1384/1427/1384 
f 1384/1427/1384 1386/1429/1386 1264/1304/1264 
f 1265/1305/1265 14/14/14 1387/1430/1387 
f 1267/1307/1267 1266/1306/1266 1385/1428/1385 
f 1385/1428/1385 1388/1431/1388 1267/1307/1267 
f 1268/1308/1268 1264/1304/1264 1386/1429/1386 
f 1386/1429/1386 1326/1432/1326 1268/1308/1268 
f 1269/1309/1269 1265/1305/1265 1387/1430/1387 
f 1387/1430/1387 1328/1370/1328 1269/1309/1269 
f 1270/1310/1270 1267/1307/1267 1388/1431/1388 
f 1388/1431/1388 1330/1372/1330 1270/1310/1270 
f 1335/1377/1335 1332/1374/1332 1389/1433/1389 
f 1389/1433/1389 1390/1434/1390 1335/1377/1335 
f 1336/1378/1336 1333/1375/1333 1391/1435/1391 
f 1391/1435/1391 1392/1436/1392 1336/1378/1336 
f 1337/1379/1337 1334/1376/1334 1393/1437/1393 
f 1393/1437/1393 1394/1438/1394 1337/1379/1337 
f 1338/1380/1338 1335/1377/1335 1390/1434/1390 
f 1390/1434/1390 1395/1439/1395 1338/1380/1338 
f 1339/1381/1339 1336/1378/1336 1392/1436/1392 
f 1392/1436/1392 1396/1440/1396 1339/1381/1339 
f 1340/1382/1340 1337/1379/1337 1394/1438/1394 
f 1394/1438/1394 1397/1441/1397 1340/1382/1340 
f 1341/1383/1341 1338/1380/1338 1395/1439/1395 
f 1395/1439/1395 1398/1442/1398 1341/1383/1341 
f 1342/1384/1342 1339/1381/1339 1396/1440/1396 
f 1396/1440/1396 1399/1443/1399 1342/1384/1342 
f 1343/1385/1343 1340/1382/1340 1397/1441/1397 
f 1397/1441/1397 1400/1444/1400 1343/1385/1343 
f 1344/1386/1344 1341/1383/1341 1398/1442/1398 
f 1398/1442/1398 1401/1445/1401 1344/1386/1344 
f 1345/1387/1345 1342/1384/1342 1399/1443/1399 
f 1399/1443/1399 1402/1446/1402 1345/1387/1345 
f 1346/1388/1346 1343/1385/1343 1400/1444/1400 
f 1400/1444/1400 1403/1447/1403 1346/1388/1346 
f 1347/1389/1347 1344/1386/1344 1401/1445/1401 
f 1401/1445/1401 1404/1448/1404 1347/1389/1347 
f 1348/1390/1348 1345/1387/1345 1402/1446/1402 
f 1402/1446/1402 1405/1449/1405 1348/1390/1348 
f 1349/1391/1349 1346/1388/1346 1403/1447/1403 
f 1403/1447/1403 1406/1450/1406 1349/1391/1349 
f 1350/1392/1350 1347/1389/1347 1404/1448/1404 
f 1404/1448/1404 1407/1451/1407 1350/1392/1350 
f 1351/1393/1351 1348/1390/1348 1405/1449/1405 
f 1405/1449/1405 1408/1452/1408 1351/1393/1351 
f 1352/1394/1352 1349/1391/1349 1406/1450/1406 
f 1406/1450/1406 1409/1453/1409 1352/1394/1352 
f 1353/1396/1353 1350/1395/1350 1407/1454/1407 
f 1407/1454/1407 1410/1455/1410 1353/1396/1353 
f 1354/1397/1354 1351/1393/1351 1408/1452/1408 
f 1408/1452/1408 1411/1456/1411 1354/1397/1354 
f 76/80/76 1352/1394/1352 1409/1453/1409 
f 1355/1398/1355 1353/1396/1353 1410/1455/1410 
f 1410/1455/1410 1412/1457/1412 1355/1398/1355 
f 1356/1399/1356 1354/1397/1354 1411/1456/1411 
f 1411/1456/1411 1413/1458/1413 1356/1399/1356 
f 1357/1400/1357 1355/1398/1355 1412/1457/1412 
f 1412/1457/1412 1414/1459/1414 1357/1400/1357 
f 1358/1401/1358 1356/1399/1356 1413/1458/1413 
f 1413/1458/1413 1415/1460/1415 1358/1401/1358 
f 1359/1402/1359 1357/1400/1357 1414/1459/1414 
f 1414/1459/1414 1416/1461/1416 1359/1402/1359 
f 1360/1403/1360 1358/1401/1358 1415/1460/1415 
f 1415/1460/1415 1417/1462/1417 1360/1403/1360 
f 1361/1404/1361 1359/1402/1359 1416/1461/1416 
f 1416/1461/1416 1418/1463/1418 1361/1404/1361 
f 1362/1405/1362 1360/1403/1360 1417/1462/1417 
f 1417/1462/1417 1419/1464/1419 1362/1405/1362 
f 1363/1406/1363 1361/1404/1361 1418/1463/1418 
f 1418/1463/1418 1420/1465/1420 1363/1406/1363 
f 1364/1407/1364 1362/1405/1362 1419/1464/1419 
f 1419/1464/1419 1421/1466/1421 1364/1407/1364 
f 1365/1408/1365 1363/1406/1363 1420/1465/1420 
f 1420/1465/1420 1422/1467/1422 1365/1408/1365 
f 1366/1409/1366 1364/1407/1364 1421/1466/1421 
f 1421/1466/1421 1423/1468/1423 1366/1409/1366 
f 1367/1410/1367 1365/1408/1365 1422/1467/1422 
f 1422/1467/1422 1424/1469/1424 1367/1410/1367 
f 1368/1411/1368 1366/1409/1366 1423/1468/1423 
f 1423/1468/1423 1425/1470/1425 1368/1411/1368 
f 1369/1412/1369 1367/1410/1367 1424/1469/1424 
f 1424/1469/1424 1426/1471/1426 1369/1412/1369 
f 1370/1413/1370 1368/1411/1368 1425/1470/1425 
f 1425/1470/1425 1427/1472/1427 1370/1413/1370 
f 1371/1414/1371 1369/1412/1369 1426/1471/1426 
f 1426/1471/1426 1428/1473/1428 1371/1414/1371 
f 1372/1415/1372 1370/1413/1370 1427/1472/1427 
f 1427/1472/1427 1429/1474/1429 1372/1415/1372 
f 1373/1416/1373 1371/1414/1371 1428/1473/1428 
f 1428/1473/1428 1430/1475/1430 1373/1416/1373 
f 1374/1417/1374 1372/1415/1372 1429/1474/1429 
f 1429/1474/1429 1431/1476/1431 1374/1417/1374 
f 1375/1418/1375 1373/1416/1373 1430/1475/1430 
f 1430/1475/1430 1432/1477/1432 1375/1418/1375 
f 1376/1419/1376 1374/1417/1374 1431/1476/1431 
f 1431/1476/1431 1433/1478/1433 1376/1419/1376 
f 1377/1420/1377 1375/1418/1375 1432/1477/1432 
f 1432/1477/1432 1434/1479/1434 1377/1420/1377 
f 1378/1421/1378 1376/1419/1376 1433/1478/1433 
f 1433/1478/1433 1435/1480/1435 1378/1421/1378 
f 1379/1422/1379 1377/1420/1377 1434/1479/1434 
f 1434/1479/1434 1436/1481/1436 1379/1422/1379 
f 1380/1423/1380 1378/1421/1378 1435/1480/1435 
f 1435/1480/1435 1437/1482/1437 1380/1423/1380 
f 1381/1424/1381 1379/1422/1379 1436/1481/1436 
f 1436/1481/1436 1438/1483/1438 1381/1424/1381 
f 1382/1425/1382 1380/1423/1380 1437/1482/1437 
f 1437/1482/1437 1439/1484/1439 1382/1425/1382 
f 1383/1426/1383 1381/1424/1381 1438/1483/1438 
f 1438/1483/1438 1440/1485/1440 1383/1426/1383 
f 1384/1427/1384 1382/1425/1382 1439/1484/1439 
f 1439/1484/1439 1441/1486/1441 1384/1427/1384 
f 1385/1428/1385 1383/1426/1383 1440/1485/1440 
f 1440/1485/1440 1442/1487/1442 1385/1428/1385 
f 1386/1429/1386 1384/1427/1384 1441/1486/1441 
f 1441/1486/1441 1443/1488/1443 1386/1429/1386 
f 1387/1430/1387 14/14/14 1444/1489/1444 
f 1388/1431/1388 1385/1428/1385 1442/1487/1442 
f 1442/1487/1442 1445/1490/1445 1388/1431/1388 
f 1326/1432/1326 1386/1429/1386 1443/1488/1443 
f 1443/1488/1443 1446/1491/1446 1326/1432/1326 
f 1328/1370/1328 1387/1430/1387 1444/1489/1444 
f 1444/1489/1444 1447/1492/1447 1328/1370/1328 
f 1330/1372/1330 1388/1431/1388 1445/1490/1445 
f 1445/1490/1445 1448/1493/1448 1330/1372/1330 
f 1327/1369/1327 1326/1368/1326 1446/1494/1446 
f 1446/1494/1446 1449/1495/1449 1327/1369/1327 
f 1329/1371/1329 1328/1370/1328 1447/1492/1447 
f 1447/1492/1447 1450/1496/1450 1329/1371/1329 
f 1331/1373/1331 1330/1372/1330 1448/1493/1448 
f 1448/1493/1448 1451/1497/1451 1331/1373/1331 
f 1332/1374/1332 1327/1369/1327 1449/1495/1449 
f 1449/1495/1449 1389/1433/1389 1332/1374/1332 
f 1333/1375/1333 1329/1371/1329 1450/1496/1450 
f 1450/1496/1450 1391/1435/1391 1333/1375/1333 
f 1334/1376/1334 1331/1373/1331 1451/1497/1451 
f 1451/1497/1451 1393/1437/1393 1334/1376/1334 
f 1398/1442/1398 1395/1439/1395 1452/1498/1452 
f 1452/1498/1452 1453/1499/1453 1398/1442/1398 
f 1399/1443/1399 1396/1440/1396 1454/1500/1454 
f 1454/1500/1454 1455/1501/1455 1399/1443/1399 
f 1400/1444/1400 1397/1441/1397 1456/1502/1456 
f 1456/1502/1456 1457/1503/1457 1400/1444/1400 
f 1401/1445/1401 1398/1442/1398 1453/1499/1453 
f 1453/1499/1453 1458/1504/1458 1401/1445/1401 
f 1402/1446/1402 1399/1443/1399 1455/1501/1455 
f 1455/1501/1455 1459/1505/1459 1402/1446/1402 
f 1403/1447/1403 1400/1444/1400 1457/1503/1457 
f 1457/1503/1457 1460/1506/1460 1403/1447/1403 
f 1404/1448/1404 1401/1445/1401 1458/1504/1458 
f 1458/1504/1458 1461/1507/1461 1404/1448/1404 
f 1405/1449/1405 1402/1446/1402 1459/1505/1459 
f 1459/1505/1459 1462/1508/1462 1405/1449/1405 
f 1406/1450/1406 1403/1447/1403 1460/1506/1460 
f 1460/1506/1460 1463/1509/1463 1406/1450/1406 
f 1407/1451/1407 1404/1448/1404 1461/1507/1461 
f 1461/1507/1461 1464/1510/1464 1407/1451/1407 
f 1408/1452/1408 1405/1449/1405 1462/1508/1462 
f 1462/1508/1462 1465/1511/1465 1408/1452/1408 
f 1409/1453/1409 1406/1450/1406 1463/1509/1463 
f 1463/1509/1463 1466/1512/1466 1409/1453/1409 
f 1410/1455/1410 1407/1454/1407 1464/1513/1464 
f 1464/1513/1464 1467/1514/1467 1410/1455/1410 
f 1411/1456/1411 1408/1452/1408 1465/1511/1465 
f 1465/1511/1465 1468/1515/1468 1411/1456/1411 
f 76/80/76 1409/1453/1409 1466/1512/1466 
f 1412/1457/1412 1410/1455/1410 1467/1514/1467 
f 1467/1514/1467 1469/1516/1469 1412/1457/1412 
f 1413/1458/1413 1411/1456/1411 1468/1515/1468 
f 1468/1515/1468 1470/1517/1470 1413/1458/1413 
f 1414/1459/1414 1412/1457/1412 1469/1516/1469 
f 1469/1516/1469 1471/1518/1471 1414/1459/1414 
f 1415/1460/1415 1413/1458/1413 1470/1517/1470 
f 1470/1517/1470 1472/1519/1472 1415/1460/1415 
f 1416/1461/1416 1414/1459/1414 1471/1518/1471 
f 1471/1518/1471 1473/1520/1473 1416/1461/1416 
f 1417/1462/1417 1415/1460/1415 1472/1519/1472 
f 1472/1519/1472 1474/1521/1474 1417/1462/1417 
f 1418/1463/1418 1416/1461/1416 1473/1520/1473 
f 1473/1520/1473 1475/1522/1475 1418/1463/1418 
f 1419/1464/1419 1417/1462/1417 1474/1521/1474 
f 1474/1521/1474 1476/1523/1476 1419/1464/1419 
f 1420/1465/1420 1418/1463/1418 1475/1522/1475 
f 1475/1522/1475 1477/1524/1477 1420/1465/1420 
f 1421/1466/1421 1419/1464/1419 1476/1523/1476 
f 1476/1523/1476 1478/1525/1478 1421/1466/1421 
f 1422/1467/1422 1420/1465/1420 1477/1524/1477 
f 1477/1524/1477 1479/1526/1479 1422/1467/1422 
f 1423/1468/1423 1421/1466/1421 1478/1525/1478 
f 1478/1525/1478 1480/1527/1480 1423/1468/1423 
f 1424/1469/1424 1422/1467/1422 1479/1526/1479 
f 1479/1526/1479 1481/1528/1481 1424/1469/1424 
f 1425/1470/1425 1423/1468/1423 1480/1527/1480 
f 1480/1527/1480 1482/1529/1482 1425/1470/1425 
f 1426/1471/1426 1424/1469/1424 1481/1528/1481 
f 1481/1528/1481 1483/1530/1483 1426/1471/1426 
f 1427/1472/1427 1425/1470/1425 1482/1529/1482 
f 1482/1529/1482 1484/1531/1484 1427/1472/1427 
f 1428/1473/1428 1426/1471/1426 1483/1530/1483 
f 1483/1530/1483 1485/1532/1485 1428/1473/1428 
f 1429/1474/1429 1427/1472/1427 1484/1531/1484 
f 1484/1531/1484 1486/1533/1486 1429/1474/1429 
f 1430/1475/1430 1428/1473/1428 1485/1532/1485 
f 1485/1532/1485 1487/1534/1487 1430/1475/1430 
f 1431/1476/1431 1429/1474/1429 1486/1533/1486 
f 1486/1533/1486 1488/1535/1488 1431/1476/1431 
f 1432/1477/1432 1430/1475/1430 1487/1534/1487 
f 1487/1534/1487 1489/1536/1489 1432/1477/1432 
f 1433/1478/1433 1431/1476/1431 1488/1535/1488 
f 1488/1535/1488 1490/1537/1490 1433/1478/1433 
f 1434/1479/1434 1432/1477/1432 1489/1536/1489 
f 1489/1536/1489 1491/1538/1491 1434/1479/1434 
f 1435/1480/1435 1433/1478/1433 1490/1537/1490 
f 1490/1537/1490 1492/1539/1492 1435/1480/1435 
f 1436/1481/1436 1434/1479/1434 1491/1538/1491 
f 1491/1538/1491 1493/1540/1493 1436/1481/1436 
f 1437/1482/1437 1435/1480/1435 1492/1539/1492 
f 1492/1539/1492 1494/1541/1494 1437/1482/1437 
f 1438/1483/1438 1436/1481/1436 1493/1540/1493 
f 1493/1540/1493 1495/1542/1495 1438/1483/1438 
f 1439/1484/1439 1437/1482/1437 1494/1541/1494 
f 1494/1541/1494 1496/1543/1496 1439/1484/1439 
f 1440/1485/1440 1438/1483/1438 1495/1542/1495 
f 1495/1542/1495 1497/1544/1497 1440/1485/1440 
f 1441/1486/1441 1439/1484/1439 1496/1543/1496 
f 1496/1543/1496 1498/1545/1498 1441/1486/1441 
f 1442/1487/1442 1440/1485/1440 1497/1544/1497 
f 1497/1544/1497 1499/1546/1499 1442/1487/1442 
f 1443/1488/1443 1441/1486/1441 1498/1545/1498 
f 1498/1545/1498 1500/1547/1500 1443/1488/1443 
f 1444/1489/1444 14/14/14 1501/1548/1501 
f 1445/1490/1445 1442/1487/1442 1499/1546/1499 
f 1499/1546/1499 1502/1549/1502 1445/1490/1445 
f 1446/1491/1446 1443/1488/1443 1500/1547/1500 
f 1500/1547/1500 1503/1550/1503 1446/1491/1446 
f 1447/1492/1447 1444/1489/1444 1501/1548/1501 
f 1501/1548/1501 1504/1551/1504 1447/1492/1447 
f 1448/1493/1448 1445/1490/1445 1502/1549/1502 
f 1502/1549/1502 1505/1552/1505 1448/1493/1448 
f 1449/1495/1449 1446/1494/1446 1503/1553/1503 
f 1503/1553/1503 1506/1554/1506 1449/1495/1449 
f 1450/1496/1450 1447/1492/1447 1504/1551/1504 
f 1504/1551/1504 1507/1555/1507 1450/1496/1450 
f 1451/1497/1451 1448/1493/1448 1505/1552/1505 
f 1505/1552/1505 1508/1556/1508 1451/1497/1451 
f 1389/1433/1389 1449/1495/1449 1506/1554/1506 
f 1506/1554/1506 1509/1557/1509 1389/1433/1389 
f 1391/1435/1391 1450/1496/1450 1507/1555/1507 
f 1507/1555/1507 1510/1558/1510 1391/1435/1391 
f 1393/1437/1393 1451/1497/1451 1508/1556/1508 
f 1508/1556/1508 1511/1559/1511 1393/1437/1393 
f 1390/1434/1390 1389/1433/1389 1509/1557/1509 
f 1509/1557/1509 1512/1560/1512 1390/1434/1390 
f 1392/1436/1392 1391/1435/1391 1510/1558/1510 
f 1510/1558/1510 1513/1561/1513 1392/1436/1392 
f 1394/1438/1394 1393/1437/1393 1511/1559/1511 
f 1511/1559/1511 1514/1562/1514 1394/1438/1394 
f 1395/1439/1395 1390/1434/1390 1512/1560/1512 
f 1512/1560/1512 1452/1498/1452 1395/1439/1395 
f 1396/1440/1396 1392/1436/1392 1513/1561/1513 
f 1513/1561/1513 1454/1500/1454 1396/1440/1396 
f 1397/1441/1397 1394/1438/1394 1514/1562/1514 
f 1514/1562/1514 1456/1502/1456 1397/1441/1397 
f 1461/1507/1461 1458/1504/1458 1515/1563/1515 
f 1515/1563/1515 1516/1564/1516 1461/1507/1461 
f 1462/1508/1462 1459/1505/1459 1517/1565/1517 
f 1517/1565/1517 1518/1566/1518 1462/1508/1462 
f 1463/1509/1463 1460/1506/1460 1519/1567/1519 
f 1519/1567/1519 1520/1568/1520 1463/1509/1463 
f 1464/1510/1464 1461/1507/1461 1516/1564/1516 
f 1516/1564/1516 1521/1569/1521 1464/1510/1464 
f 1465/1511/1465 1462/1508/1462 1518/1566/1518 
f 1518/1566/1518 1522/1570/1522 1465/1511/1465 
f 1466/1512/1466 1463/1509/1463 1520/1568/1520 
f 1520/1568/1520 1523/1571/1523 1466/1512/1466 
f 1467/1514/1467 1464/1513/1464 1521/1572/1521 
f 1521/1572/1521 1524/1573/1524 1467/1514/1467 
f 1468/1515/1468 1465/1511/1465 1522/1570/1522 
f 1522/1570/1522 1525/1574/1525 1468/1515/1468 
f 76/80/76 1466/1512/1466 1523/1571/1523 
f 1469/1516/1469 1467/1514/1467 1524/1573/1524 
f 1524/1573/1524 1526/1575/1526 1469/1516/1469 
f 1470/1517/1470 1468/1515/1468 1525/1574/1525 
f 1525/1574/1525 1527/1576/1527 1470/1517/1470 
f 1471/1518/1471 1469/1516/1469 1526/1575/1526 
f 1526/1575/1526 1528/1577/1528 1471/1518/1471 
f 1472/1519/1472 1470/1517/1470 1527/1576/1527 
f 1527/1576/1527 1529/1578/1529 1472/1519/1472 
f 1473/1520/1473 1471/1518/1471 1528/1577/1528 
f 1528/1577/1528 1530/1579/1530 1473/1520/1473 
f 1474/1521/1474 1472/1519/1472 1529/1578/1529 
f 1529/1578/1529 1531/1580/1531 1474/1521/1474 
f 1475/1522/1475 1473/1520/1473 1530/1579/1530 
f 1530/1579/1530 1532/1581/1532 1475/1522/1475 
f 1476/1523/1476 1474/1521/1474 1531/1580/1531 
f 1531/1580/1531 1533/1582/1533 1476/1523/1476 
f 1477/1524/1477 1475/1522/1475 1532/1581/1532 
f 1532/1581/1532 1534/1583/1534 1477/1524/1477 
f 1478/1525/1478 1476/1523/1476 1533/1582/1533 
f 1533/1582/1533 1535/1584/1535 1478/1525/1478 
f 1479/1526/1479 1477/1524/1477 1534/1583/1534 
f 1534/1583/1534 1536/1585/1536 1479/1526/1479 
f 1480/1527/1480 1478/1525/1478 1535/1584/1535 
f 1535/1584/1535 1537/1586/1537 1480/1527/1480 
f 1481/1528/1481 1479/1526/1479 1536/1585/1536 
f 1536/1585/1536 1538/1587/1538 1481/1528/1481 
f 1482/1529/1482 1480/1527/1480 1537/1586/1537 
f 1537/1586/1537 1539/1588/1539 1482/1529/1482 
f 1483/1530/1483 1481/1528/1481 1538/1587/1538 
f 1538/1587/1538 1540/1589/1540 1483/1530/1483 
f 1484/1531/1484 1482/1529/1482 1539/1588/1539 
f 1539/1588/1539 1541/1590/1541 1484/1531/1484 
f 1485/1532/1485 1483/1530/1483 1540/1589/1540 
f 1540/1589/1540 1542/1591/1542 1485/1532/1485 
f 1486/1533/1486 1484/1531/1484 1541/1590/1541 
f 1541/1590/1541 1543/1592/1543 1486/1533/1486 
f 1487/1534/1487 1485/1532/1485 1542/1591/1542 
f 1542/1591/1542 1544/1593/1544 1487/1534/1487 
f 1488/1535/1488 1486/1533/1486 1543/1592/1543 
f 1543/1592/1543 1545/1594/1545 1488/1535/1488 
f 1489/1536/1489 1487/1534/1487 1544/1593/1544 
f 1544/1593/1544 1546/1595/1546 1489/1536/1489 
f 1490/1537/1490 1488/1535/1488 1545/1594/1545 
f 1545/1594/1545 1547/1596/1547 1490/1537/1490 
f 1491/1538/1491 1489/1536/1489 1546/1595/1546 
f 1546/1595/1546 1548/1597/1548 1491/1538/1491 
f 1492/1539/1492 1490/1537/1490 1547/1596/1547 
f 1547/1596/1547 1549/1598/1549 1492/1539/1492 
f 1493/1540/1493 1491/1538/1491 1548/1597/1548 
f 1548/1597/1548 1550/1599/1550 1493/1540/1493 
f 1494/1541/1494 1492/1539/1492 1549/1598/1549 
f 1549/1598/1549 1551/1600/1551 1494/1541/1494 
f 1495/1542/1495 1493/1540/1493 1550/1599/1550 
f 1550/1599/1550 1552/1601/1552 1495/1542/1495 
f 1496/1543/1496 1494/1541/1494 1551/1600/1551 
f 1551/1600/1551 1553/1602/1553 1496/1543/1496 
f 1497/1544/1497 1495/1542/1495 1552/1601/1552 
f 1552/1601/1552 1554/1603/1554 1497/1544/1497 
f 1498/1545/1498 1496/1543/1496 1553/1602/1553 
f 1553/1602/1553 1555/1604/1555 1498/1545/1498 
f 1499/1546/1499 1497/1544/1497 1554/1603/1554 
f 1554/1603/1554 1556/1605/1556 1499/1546/1499 
f 1500/1547/1500 1498/1545/1498 1555/1604/1555 
f 1555/1604/1555 1557/1606/1557 1500/1547/1500 
f 1501/1548/1501 14/14/14 1558/1607/1558 
f 1502/1549/1502 1499/1546/1499 1556/1605/1556 
f 1556/1605/1556 1559/1608/1559 1502/1549/1502 
f 1503/1550/1503 1500/1547/1500 1557/1606/1557 
f 1557/1606/1557 1560/1609/1560 1503/1550/1503 
f 1504/1551/1504 1501/1548/1501 1558/1607/1558 
f 1558/1607/1558 1561/1610/1561 1504/1551/1504 
f 1505/1552/1505 1502/1549/1502 1559/1608/1559 
f 1559/1608/1559 1562/1611/1562 1505/1552/1505 
f 1506/1554/1506 1503/1553/1503 1560/1612/1560 
f 1560/1612/1560 1563/1613/1563 1506/1554/1506 
f 1507/1555/1507 1504/1551/1504 1561/1610/1561 
f 1561/1610/1561 1564/1614/1564 1507/1555/1507 
f 1508/1556/1508 1505/1552/1505 1562/1611/1562 
f 1562/1611/1562 1565/1615/1565 1508/1556/1508 
f 1509/1557/1509 1506/1554/1506 1563/1613/1563 
f 1563/1613/1563 1566/1616/1566 1509/1557/1509 
f 1510/1558/1510 1507/1555/1507 1564/1614/1564 
f 1564/1614/1564 1567/1617/1567 1510/1558/1510 
f 1511/1559/1511 1508/1556/1508 1565/1615/1565 
f 1565/1615/1565 1568/1618/1568 1511/1559/1511 
f 1512/1560/1512 1509/1557/1509 1566/1616/1566 
f 1566/1616/1566 1569/1619/1569 1512/1560/1512 
f 1513/1561/1513 1510/1558/1510 1567/1617/1567 
f 1567/1617/1567 1570/1620/1570 1513/1561/1513 
f 1514/1562/1514 1511/1559/1511 1568/1618/1568 
f 1568/1618/1568 1571/1621/1571 1514/1562/1514 
f 1452/1498/1452 1512/1560/1512 1569/1619/1569 
f 1569/1619/1569 1572/1622/1572 1452/1498/1452 
f 1454/1500/1454 1513/1561/1513 1570/1620/1570 
f 1570/1620/1570 1573/1623/1573 1454/1500/1454 
f 1456/1502/1456 1514/1562/1514 1571/1621/1571 
f 1571/1621/1571 1574/1624/1574 1456/1502/1456 
f 1453/1499/1453 1452/1498/1452 1572/1622/1572 
f 1572/1622/1572 1575/1625/1575 1453/1499/1453 
f 1455/1501/1455 1454/1500/1454 1573/1623/1573 
f 1573/1623/1573 1576/1626/1576 1455/1501/1455 
f 1457/1503/1457 1456/1502/1456 1574/1624/1574 
f 1574/1624/1574 1577/1627/1577 1457/1503/1457 
f 1458/1504/1458 1453/1499/1453 1575/1625/1575 
f 1575/1625/1575 1515/1563/1515 1458/1504/1458 
f 1459/1505/1459 1455/1501/1455 1576/1626/1576 
f 1576/1626/1576 1517/1565/1517 1459/1505/1459 
f 1460/1506/1460 1457/1503/1457 1577/1627/1577 
f 1577/1627/1577 1519/1567/1519 1460/1506/1460 
f 1524/1573/1524 1521/1572/1521 1578/1628/1578 
f 1578/1628/1578 1579/1629/1579 1524/1573/1524 
f 1525/1574/1525 1522/1570/1522 1580/1630/1580 
f 1580/1630/1580 1581/1631/1581 1525/1574/1525 
f 76/80/76 1523/1571/1523 1582/1632/1582 
f 1526/1575/1526 1524/1573/1524 1579/1629/1579 
f 1579/1629/1579 1583/1633/1583 1526/1575/1526 
f 1527/1576/1527 1525/1574/1525 1581/1631/1581 
f 1581/1631/1581 1584/1634/1584 1527/1576/1527 
f 1528/1577/1528 1526/1575/1526 1583/1633/1583 
f 1583/1633/1583 1585/1635/1585 1528/1577/1528 
f 1529/1578/1529 1527/1576/1527 1584/1634/1584 
f 1584/1634/1584 1586/1636/1586 1529/1578/1529 
f 1530/1579/1530 1528/1577/1528 1585/1635/1585 
f 1585/1635/1585 1587/1637/1587 1530/1579/1530 
f 1531/1580/1531 1529/1578/1529 1586/1636/1586 
f 1586/1636/1586 1588/1638/1588 1531/1580/1531 
f 1532/1581/1532 1530/1579/1530 1587/1637/1587 
f 1587/1637/1587 1589/1639/1589 1532/1581/1532 
f 1533/1582/1533 1531/1580/1531 1588/1638/1588 
f 1588/1638/1588 1590/1640/1590 1533/1582/1533 
f 1534/1583/1534 1532/1581/1532 1589/1639/1589 
f 1589/1639/1589 1591/1641/1591 1534/1583/1534 
f 1535/1584/1535 1533/1582/1533 1590/1640/1590 
f 1590/1640/1590 1592/1642/1592 1535/1584/1535 
f 1536/1585/1536 1534/1583/1534 1591/1641/1591 
f 1591/1641/1591 1593/1643/1593 1536/1585/1536 
f 1537/1586/1537 1535/1584/1535 1592/1642/1592 
f 1592/1642/1592 1594/1644/1594 1537/1586/1537 
f 1538/1587/1538 1536/1585/1536 1593/1643/1593 
f 1593/1643/1593 1595/1645/1595 1538/1587/1538 
f 1539/1588/1539 1537/1586/1537 1594/1644/1594 
f 1594/1644/1594 1596/1646/1596 1539/1588/1539 
f 1540/1589/1540 1538/1587/1538 1595/1645/1595 
f 1595/1645/1595 1597/1647/1597 1540/1589/1540 
f 1541/1590/1541 1539/1588/1539 1596/1646/1596 
f 1596/1646/1596 1598/1648/1598 1541/1590/1541 
f 1542/1591/1542 1540/1589/1540 1597/1647/1597 
f 1597/1647/1597 1599/1649/1599 1542/1591/1542 
f 1543/1592/1543 1541/1590/1541 1598/1648/1598 
f 1598/1648/1598 1600/1650/1600 1543/1592/1543 
f 1544/1593/1544 1542/1591/1542 1599/1649/1599 
f 1599/1649/1599 1601/1651/1601 1544/1593/1544 
f 1545/1594/1545 1543/1592/1543 1600/1650/1600 
f 1600/1650/1600 1602/1652/1602 1545/1594/1545 
f 1546/1595/1546 1544/1593/1544 1601/1651/1601 
f 1601/1651/1601 1603/1653/1603 1546/1595/1546 
f 1547/1596/1547 1545/1594/1545 1602/1652/1602 
f 1602/1652/1602 1604/1654/1604 1547/1596/1547 
f 1548/1597/1548 1546/1595/1546 1603/1653/1603 
f 1603/1653/1603 1605/1655/1605 1548/1597/1548 
f 1549/1598/1549 1547/1596/1547 1604/1654/1604 
f 1604/1654/1604 1606/1656/1606 1549/1598/1549 
f 1550/1599/1550 1548/1597/1548 1605/1655/1605 
f 1605/1655/1605 1607/1657/1607 1550/1599/1550 
f 1551/1600/1551 1549/1598/1549 1606/1656/1606 
f 1606/1656/1606 1608/1658/1608 1551/1600/1551 
f 1552/1601/1552 1550/1599/1550 1607/1657/1607 
f 1607/1657/1607 1609/1659/1609 1552/1601/1552 
f 1553/1602/1553 1551/1600/1551 1608/1658/1608 
f 1608/1658/1608 1610/1660/1610 1553/1602/1553 
f 1554/1603/1554 1552/1601/1552 1609/1659/1609 
f 1609/1659/1609 1611/1661/1611 1554/1603/1554 
f 1555/1604/1555 1553/1602/1553 1610/1660/1610 
f 1610/1660/1610 1612/1662/1612 1555/1604/1555 
f 1556/1605/1556 1554/1603/1554 1611/1661/1611 
f 1611/1661/1611 1613/1663/1613 1556/1605/1556 
f 1557/1606/1557 1555/1604/1555 1612/1662/1612 
f 1612/1662/1612 1614/1664/1614 1557/1606/1557 
f 1558/1607/1558 14/14/14 1615/1665/1615 
f 1559/1608/1559 1556/1605/1556 1613/1663/1613 
f 1613/1663/1613 1616/1666/1616 1559/1608/1559 
f 1560/1609/1560 1557/1606/1557 1614/1664/1614 
f 1614/1664/1614 1617/1667/1617 1560/1609/1560 
f 1561/1610/1561 1558/1607/1558 1615/1665/1615 
f 1615/1665/1615 1618/1668/1618 1561/1610/1561 
f 1562/1611/1562 1559/1608/1559 1616/1666/1616 
f 1616/1666/1616 1619/1669/1619 1562/1611/1562 
f 1563/1613/1563 1560/1612/1560 1617/1670/1617 
f 1617/1670/1617 1620/1671/1620 1563/1613/1563 
f 1564/1614/1564 1561/1610/1561 1618/1668/1618 
f 1618/1668/1618 1621/1672/1621 1564/1614/1564 
f 1565/1615/1565 1562/1611/1562 1619/1669/1619 
f 1619/1669/1619 1622/1673/1622 1565/1615/1565 
f 1566/1616/1566 1563/1613/1563 1620/1671/1620 
f 1620/1671/1620 1623/1674/1623 1566/1616/1566 
f 1567/1617/1567 1564/1614/1564 1621/1672/1621 
f 1621/1672/1621 1624/1675/1624 1567/1617/1567 
f 1568/1618/1568 1565/1615/1565 1622/1673/1622 
f 1622/1673/1622 1625/1676/1625 1568/1618/1568 
f 1569/1619/1569 1566/1616/1566 1623/1674/1623 
f 1623/1674/1623 1626/1677/1626 1569/1619/1569 
f 1570/1620/1570 1567/1617/1567 1624/1675/1624 
f 1624/1675/1624 1627/1678/1627 1570/1620/1570 
f 1571/1621/1571 1568/1618/1568 1625/1676/1625 
f 1625/1676/1625 1628/1679/1628 1571/1621/1571 
f 1572/1622/1572 1569/1619/1569 1626/1677/1626 
f 1626/1677/1626 1629/1680/1629 1572/1622/1572 
f 1573/1623/1573 1570/1620/1570 1627/1678/1627 
f 1627/1678/1627 1630/1681/1630 1573/1623/1573 
f 1574/1624/1574 1571/1621/1571 1628/1679/1628 
f 1628/1679/1628 1631/1682/1631 1574/1624/1574 
f 1575/1625/1575 1572/1622/1572 1629/1680/1629 
f 1629/1680/1629 1632/1683/1632 1575/1625/1575 
f 1576/1626/1576 1573/1623/1573 1630/1681/1630 
f 1630/1681/1630 1633/1684/1633 1576/1626/1576 
f 1577/1627/1577 1574/1624/1574 1631/1682/1631 
f 1631/1682/1631 1634/1685/1634 1577/1627/1577 
f 1515/1563/1515 1575/1625/1575 1632/1683/1632 
f 1632/1683/1632 1635/1686/1635 1515/1563/1515 
f 1517/1565/1517 1576/1626/1576 1633/1684/1633 
f 1633/1684/1633 1636/1687/1636 1517/1565/1517 
f 1519/1567/1519 1577/1627/1577 1634/1685/1634 
f 1634/1685/1634 1637/1688/1637 1519/1567/1519 
f 1516/1564/1516 1515/1563/1515 1635/1686/1635 
f 1635/1686/1635 1638/1689/1638 1516/1564/1516 
f 1518/1566/1518 1517/1565/1517 1636/1687/1636 
f 1636/1687/1636 1639/1690/1639 1518/1566/1518 
f 1520/1568/1520 1519/1567/1519 1637/1688/1637 
f 1637/1688/1637 1640/1691/1640 1520/1568/1520 
f 1521/1569/1521 1516/1564/1516 1638/1689/1638 
f 1638/1689/1638 1578/1692/1578 1521/1569/1521 
f 1522/1570/1522 1518/1566/1518 1639/1690/1639 
f 1639/1690/1639 1580/1630/1580 1522/1570/1522 
f 1523/1571/1523 1520/1568/1520 1640/1691/1640 
f 1640/1691/1640 1582/1632/1582 1523/1571/1523 
f 1585/1635/1585 1583/1633/1583 1641/1693/1641 
f 1641/1693/1641 1642/1694/1642 1585/1635/1585 
f 1586/1636/1586 1584/1634/1584 1643/1695/1643 
f 1643/1695/1643 1644/1696/1644 1586/1636/1586 
f 1587/1637/1587 1585/1635/1585 1642/1694/1642 
f 1642/1694/1642 1645/1697/1645 1587/1637/1587 
f 1588/1638/1588 1586/1636/1586 1644/1696/1644 
f 1644/1696/1644 1646/1698/1646 1588/1638/1588 
f 1589/1639/1589 1587/1637/1587 1645/1697/1645 
f 1645/1697/1645 1647/1699/1647 1589/1639/1589 
f 1590/1640/1590 1588/1638/1588 1646/1698/1646 
f 1646/1698/1646 1648/1700/1648 1590/1640/1590 
f 1591/1641/1591 1589/1639/1589 1647/1699/1647 
f 1647/1699/1647 1649/1701/1649 1591/1641/1591 
f 1592/1642/1592 1590/1640/1590 1648/1700/1648 
f 1648/1700/1648 1650/1702/1650 1592/1642/1592 
f 1593/1643/1593 1591/1641/1591 1649/1701/1649 
f 1649/1701/1649 1651/1703/1651 1593/1643/1593 
f 1594/1644/1594 1592/1642/1592 1650/1702/1650 
f 1650/1702/1650 1652/1704/1652 1594/1644/1594 
f 1595/1645/1595 1593/1643/1593 1651/1703/1651 
f 1651/1703/1651 1653/1705/1653 1595/1645/1595 
f 1596/1646/1596 1594/1644/1594 1652/1704/1652 
f 1652/1704/1652 1654/1706/1654 1596/1646/1596 
f 1597/1647/1597 1595/1645/1595 1653/1705/1653 
f 1653/1705/1653 1655/1707/1655 1597/1647/1597 
f 1598/1648/1598 1596/1646/1596 1654/1706/1654 
f 1654/1706/1654 1656/1708/1656 1598/1648/1598 
f 1599/1649/1599 1597/1647/1597 1655/1707/1655 
f 1655/1707/1655 1657/1709/1657 1599/1649/1599 
f 1600/1650/1600 1598/1648/1598 1656/1708/1656 
f 1656/1708/1656 1658/1710/1658 1600/1650/1600 
f 1601/1651/1601 1599/1649/1599 1657/1709/1657 
f 1657/1709/1657 1659/1711/1659 1601/1651/1601 
f 1602/1652/1602 1600/1650/1600 1658/1710/1658 
f 1658/1710/1658 1660/1712/1660 1602/1652/1602 
f 1603/1653/1603 1601/1651/1601 1659/1711/1659 
f 1659/1711/1659 1661/1713/1661 1603/1653/1603 
f 1604/1654/1604 1602/1652/1602 1660/1712/1660 
f 1660/1712/1660 1662/1714/1662 1604/1654/1604 
f 1605/1655/1605 1603/1653/1603 1661/1713/1661 
f 1661/1713/1661 1663/1715/1663 1605/1655/1605 
f 1606/1656/1606 1604/1654/1604 1662/1714/1662 
f 1662/1714/1662 1664/1716/1664 1606/1656/1606 
f 1607/1657/1607 1605/1655/1605 1663/1715/1663 
f 1663/1715/1663 1665/1717/1665 1607/1657/1607 
f 1608/1658/1608 1606/1656/1606 1664/1716/1664 
f 1664/1716/1664 1666/1718/1666 1608/1658/1608 
f 1609/1659/1609 1607/1657/1607 1665/1717/1665 
f 1665/1717/1665 1667/1719/1667 1609/1659/1609 
f 1610/1660/1610 1608/1658/1608 1666/1718/1666 
f 1666/1718/1666 1668/1720/1668 1610/1660/1610 
f 1611/1661/1611 1609/1659/1609 1667/1719/1667 
f 1667/1719/1667 1669/1721/1669 1611/1661/1611 
f 1612/1662/1612 1610/1660/1610 1668/1720/1668 
f 1668/1720/1668 1670/1722/1670 1612/1662/1612 
f 1613/1663/1613 1611/1661/1611 1669/1721/1669 
f 1669/1721/1669 1671/1723/1671 1613/1663/1613 
f 1614/1664/1614 1612/1662/1612 1670/1722/1670 
f 1670/1722/1670 1672/1724/1672 1614/1664/1614 
f 1615/1665/1615 14/14/14 1673/1725/1673 
f 1616/1666/1616 1613/1663/1613 1671/1723/1671 
f 1671/1723/1671 1674/1726/1674 1616/1666/1616 
f 1617/1667/1617 1614/1664/1614 1672/1724/1672 
f 1672/1724/1672 1675/1727/1675 1617/1667/1617 
f 1618/1668/1618 1615/1665/1615 1673/1725/1673 
f 1673/1725/1673 1676/1728/1676 1618/1668/1618 
f 1619/1669/1619 1616/1666/1616 1674/1726/1674 
f 1674/1726/1674 1677/1729/1677 1619/1669/1619 
f 1620/1671/1620 1617/1670/1617 1675/1730/1675 
f 1675/1730/1675 1678/1731/1678 1620/1671/1620 
f 1621/1672/1621 1618/1668/1618 1676/1728/1676 
f 1676/1728/1676 1679/1732/1679 1621/1672/1621 
f 1622/1673/1622 1619/1669/1619 1677/1729/1677 
f 1677/1729/1677 1680/1733/1680 1622/1673/1622 
f 1623/1674/1623 1620/1671/1620 1678/1731/1678 
f 1678/1731/1678 1681/1734/1681 1623/1674/1623 
f 1624/1675/1624 1621/1672/1621 1679/1732/1679 
f 1679/1732/1679 1682/1735/1682 1624/1675/1624 
f 1625/1676/1625 1622/1673/1622 1680/1733/1680 
f 1680/1733/1680 1683/1736/1683 1625/1676/1625 
f 1626/1677/1626 1623/1674/1623 1681/1734/1681 
f 1681/1734/1681 1684/1737/1684 1626/1677/1626 
f 1627/1678/1627 1624/1675/1624 1682/1735/1682 
f 1682/1735/1682 1685/1738/1685 1627/1678/1627 
f 1628/1679/1628 1625/1676/1625 1683/1736/1683 
f 1683/1736/1683 1686/1739/1686 1628/1679/1628 
f 1629/1680/1629 1626/1677/1626 1684/1737/1684 
f 1684/1737/1684 1687/1740/1687 1629/1680/1629 
f 1630/1681/1630 1627/1678/1627 1685/1738/1685 
f 1685/1738/1685 1688/1741/1688 1630/1681/1630 
f 1631/1682/1631 1628/1679/1628 1686/1739/1686 
f 1686/1739/1686 1689/1742/1689 1631/1682/1631 
f 1632/1683/1632 1629/1680/1629 1687/1740/1687 
f 1687/1740/1687 1690/1743/1690 1632/1683/1632 
f 1633/1684/1633 1630/1681/1630 1688/1741/1688 
f 1688/1741/1688 1691/1744/1691 1633/1684/1633 
f 1634/1685/1634 1631/1682/1631 1689/1742/1689 
f 1689/1742/1689 1692/1745/1692 1634/1685/1634 
f 1635/1686/1635 1632/1683/1632 1690/1743/1690 
f 1690/1743/1690 1693/1746/1693 1635/1686/1635 
f 1636/1687/1636 1633/1684/1633 1691/1744/1691 
f 1691/1744/1691 1694/1747/1694 1636/1687/1636 
f 1637/1688/1637 1634/1685/1634 1692/1745/1692 
f 1692/1745/1692 1695/1748/1695 1637/1688/1637 
f 1638/1689/1638 1635/1686/1635 1693/1746/1693 
f 1693/1746/1693 1696/1749/1696 1638/1689/1638 
f 1639/1690/1639 1636/1687/1636 1694/1747/1694 
f 1694/1747/1694 1697/1750/1697 1639/1690/1639 
f 1640/1691/1640 1637/1688/1637 1695/1748/1695 
f 1695/1748/1695 1698/1751/1698 1640/1691/1640 
f 1578/1692/1578 1638/1689/1638 1696/1749/1696 
f 1696/1749/1696 1699/1752/1699 1578/1692/1578 
f 1580/1630/1580 1639/1690/1639 1697/1750/1697 
f 1697/1750/1697 1700/1753/1700 1580/1630/1580 
f 1582/1632/1582 1640/1691/1640 1698/1751/1698 
f 1698/1751/1698 1701/1754/1701 1582/1632/1582 
f 1579/1629/1579 1578/1628/1578 1699/1755/1699 
f 1699/1755/1699 1702/1756/1702 1579/1629/1579 
f 1581/1631/1581 1580/1630/1580 1700/1753/1700 
f 1700/1753/1700 1703/1757/1703 1581/1631/1581 
f 76/80/76 1582/1632/1582 1701/1754/1701 
f 1583/1633/1583 1579/1629/1579 1702/1756/1702 
f 1702/1756/1702 1641/1693/1641 1583/1633/1583 
f 1584/1634/1584 1581/1631/1581 1703/1757/1703 
f 1703/1757/1703 1643/1695/1643 1584/1634/1584 
f 1659/1711/1659 1657/1709/1657 1704/1758/1704 
f 1704/1758/1704 1705/1759/1705 1659/1711/1659 
f 1660/1712/1660 1658/1710/1658 1706/1760/1706 
f 1706/1760/1706 1707/1761/1707 1660/1712/1660 
f 1661/1713/1661 1659/1711/1659 1705/1759/1705 
f 1705/1759/1705 1708/1762/1708 1661/1713/1661 
f 1662/1714/1662 1660/1712/1660 1707/1761/1707 
f 1707/1761/1707 1709/1763/1709 1662/1714/1662 
f 1663/1715/1663 1661/1713/1661 1708/1762/1708 
f 1708/1762/1708 1710/1764/1710 1663/1715/1663 
f 1664/1716/1664 1662/1714/1662 1709/1763/1709 
f 1709/1763/1709 1711/1765/1711 1664/1716/1664 
f 1665/1717/1665 1663/1715/1663 1710/1764/1710 
f 1710/1764/1710 1712/1766/1712 1665/1717/1665 
f 1666/1718/1666 1664/1716/1664 1711/1765/1711 
f 1711/1765/1711 1713/1767/1713 1666/1718/1666 
f 1667/1719/1667 1665/1717/1665 1712/1766/1712 
f 1712/1766/1712 1714/1768/1714 1667/1719/1667 
f 1668/1720/1668 1666/1718/1666 1713/1767/1713 
f 1713/1767/1713 1715/1769/1715 1668/1720/1668 
f 1669/1721/1669 1667/1719/1667 1714/1768/1714 
f 1714/1768/1714 1716/1770/1716 1669/1721/1669 
f 1670/1722/1670 1668/1720/1668 1715/1769/1715 
f 1715/1769/1715 1717/1771/1717 1670/1722/1670 
f 1671/1723/1671 1669/1721/1669 1716/1770/1716 
f 1716/1770/1716 1718/1772/1718 1671/1723/1671 
f 1672/1724/1672 1670/1722/1670 1717/1771/1717 
f 1717/1771/1717 1719/1773/1719 1672/1724/1672 
f 1673/1725/1673 14/14/14 1720/1774/1720 
f 1674/1726/1674 1671/1723/1671 1718/1772/1718 
f 1718/1772/1718 1721/1775/1721 1674/1726/1674 
f 1675/1727/1675 1672/1724/1672 1719/1773/1719 
f 1719/1773/1719 1722/1776/1722 1675/1727/1675 
f 1676/1728/1676 1673/1725/1673 1720/1774/1720 
f 1720/1774/1720 1723/1777/1723 1676/1728/1676 
f 1677/1729/1677 1674/1726/1674 1721/1775/1721 
f 1721/1775/1721 1724/1778/1724 1677/1729/1677 
f 1678/1731/1678 1675/1730/1675 1722/1779/1722 
f 1722/1779/1722 1725/1780/1725 1678/1731/1678 
f 1679/1732/1679 1676/1728/1676 1723/1777/1723 
f 1723/1777/1723 1726/1781/1726 1679/1732/1679 
f 1680/1733/1680 1677/1729/1677 1724/1778/1724 
f 1724/1778/1724 1727/1782/1727 1680/1733/1680 
f 1681/1734/1681 1678/1731/1678 1725/1780/1725 
f 1725/1780/1725 1728/1783/1728 1681/1734/1681 
f 1682/1735/1682 1679/1732/1679 1726/1781/1726 
f 1726/1781/1726 1729/1784/1729 1682/1735/1682 
f 1683/1736/1683 1680/1733/1680 1727/1782/1727 
f 1727/1782/1727 1730/1785/1730 1683/1736/1683 
f 1684/1737/1684 1681/1734/1681 1728/1783/1728 
f 1728/1783/1728 1731/1786/1731 1684/1737/1684 
f 1685/1738/1685 1682/1735/1682 1729/1784/1729 
f 1729/1784/1729 1732/1787/1732 1685/1738/1685 
f 1686/1739/1686 1683/1736/1683 1730/1785/1730 
f 1730/1785/1730 1733/1788/1733 1686/1739/1686 
f 1687/1740/1687 1684/1737/1684 1731/1786/1731 
f 1731/1786/1731 1734/1789/1734 1687/1740/1687 
f 1688/1741/1688 1685/1738/1685 1732/1787/1732 
f 1732/1787/1732 1735/1790/1735 1688/1741/1688 
f 1689/1742/1689 1686/1739/1686 1733/1788/1733 
f 1733/1788/1733 1736/1791/1736 1689/1742/1689 
f 1690/1743/1690 1687/1740/1687 1734/1789/1734 
f 1734/1789/1734 1737/1792/1737 1690/1743/1690 
f 1691/1744/1691 1688/1741/1688 1735/1790/1735 
f 1735/1790/1735 1738/1793/1738 1691/1744/1691 
f 1692/1745/1692 1689/1742/1689 1736/1791/1736 
f 1736/1791/1736 1739/1794/1739 1692/1745/1692 
f 1693/1746/1693 1690/1743/1690 1737/1792/1737 
f 1737/1792/1737 1740/1795/1740 1693/1746/1693 
f 1694/1747/1694 1691/1744/1691 1738/1793/1738 
f 1738/1793/1738 1741/1796/1741 1694/1747/1694 
f 1695/1748/1695 1692/1745/1692 1739/1794/1739 
f 1739/1794/1739 1742/1797/1742 1695/1748/1695 
f 1696/1749/1696 1693/1746/1693 1740/1795/1740 
f 1740/1795/1740 1743/1798/1743 1696/1749/1696 
f 1697/1750/1697 1694/1747/1694 1741/1796/1741 
f 1741/1796/1741 1744/1799/1744 1697/1750/1697 
f 1698/1751/1698 1695/1748/1695 1742/1797/1742 
f 1742/1797/1742 1745/1800/1745 1698/1751/1698 
f 1699/1752/1699 1696/1749/1696 1743/1798/1743 
f 1743/1798/1743 1746/1801/1746 1699/1752/1699 
f 1700/1753/1700 1697/1750/1697 1744/1799/1744 
f 1744/1799/1744 1747/1802/1747 1700/1753/1700 
f 1701/1754/1701 1698/1751/1698 1745/1800/1745 
f 1745/1800/1745 1748/1803/1748 1701/1754/1701 
f 1702/1756/1702 1699/1755/1699 1746/1804/1746 
f 1746/1804/1746 1749/1805/1749 1702/1756/1702 
f 1703/1757/1703 1700/1753/1700 1747/1802/1747 
f 1747/1802/1747 1750/1806/1750 1703/1757/1703 
f 76/80/76 1701/1754/1701 1748/1803/1748 
f 1641/1693/1641 1702/1756/1702 1749/1805/1749 
f 1749/1805/1749 1751/1807/1751 1641/1693/1641 
f 1643/1695/1643 1703/1757/1703 1750/1806/1750 
f 1750/1806/1750 1752/1808/1752 1643/1695/1643 
f 1642/1694/1642 1641/1693/1641 1751/1807/1751 
f 1751/1807/1751 1753/1809/1753 1642/1694/1642 
f 1644/1696/1644 1643/1695/1643 1752/1808/1752 
f 1752/1808/1752 1754/1810/1754 1644/1696/1644 
f 1645/1697/1645 1642/1694/1642 1753/1809/1753 
f 1753/1809/1753 1755/1811/1755 1645/1697/1645 
f 1646/1698/1646 1644/1696/1644 1754/1810/1754 
f 1754/1810/1754 1756/1812/1756 1646/1698/1646 
f 1647/1699/1647 1645/1697/1645 1755/1811/1755 
f 1755/1811/1755 1757/1813/1757 1647/1699/1647 
f 1648/1700/1648 1646/1698/1646 1756/1812/1756 
f 1756/1812/1756 1758/1814/1758 1648/1700/1648 
f 1649/1701/1649 1647/1699/1647 1757/1813/1757 
f 1757/1813/1757 1759/1815/1759 1649/1701/1649 
f 1650/1702/1650 1648/1700/1648 1758/1814/1758 
f 1758/1814/1758 1760/1816/1760 1650/1702/1650 
f 1651/1703/1651 1649/1701/1649 1759/1815/1759 
f 1759/1815/1759 1761/1817/1761 1651/1703/1651 
f 1652/1704/1652 1650/1702/1650 1760/1816/1760 
f 1760/1816/1760 1762/1818/1762 1652/1704/1652 
f 1653/1705/1653 1651/1703/1651 1761/1817/1761 
f 1761/1817/1761 1763/1819/1763 1653/1705/1653 
f 1654/1706/1654 1652/1704/1652 1762/1818/1762 
f 1762/1818/1762 1764/1820/1764 1654/1706/1654 
f 1655/1707/1655 1653/1705/1653 1763/1819/1763 
f 1763/1819/1763 1765/1821/1765 1655/1707/1655 
f 1656/1708/1656 1654/1706/1654 1764/1820/1764 
f 1764/1820/1764 1766/1822/1766 1656/1708/1656 
f 1657/1709/1657 1655/1707/1655 1765/1821/1765 
f 1765/1821/1765 1704/1758/1704 1657/1709/1657 
f 1658/1710/1658 1656/1708/1656 1766/1822/1766 
f 1766/1822/1766 1706/1760/1706 1658/1710/1658 
f 1710/1764/1710 1708/1762/1708 1767/1823/1767 
f 1767/1823/1767 1768/1824/1768 1710/1764/1710 
f 1711/1765/1711 1709/1763/1709 1769/1825/1769 
f 1769/1825/1769 1770/1826/1770 1711/1765/1711 
f 1712/1766/1712 1710/1764/1710 1768/1824/1768 
f 1768/1824/1768 1771/1827/1771 1712/1766/1712 
f 1713/1767/1713 1711/1765/1711 1770/1826/1770 
f 1770/1826/1770 1772/1828/1772 1713/1767/1713 
f 1714/1768/1714 1712/1766/1712 1771/1827/1771 
f 1771/1827/1771 1773/1829/1773 1714/1768/1714 
f 1715/1769/1715 1713/1767/1713 1772/1828/1772 
f 1772/1828/1772 1774/1830/1774 1715/1769/1715 
f 1716/1770/1716 1714/1768/1714 1773/1829/1773 
f 1773/1829/1773 1775/1831/1775 1716/1770/1716 
f 1717/1771/1717 1715/1769/1715 1774/1830/1774 
f 1774/1830/1774 1776/1832/1776 1717/1771/1717 
f 1718/1772/1718 1716/1770/1716 1775/1831/1775 
f 1775/1831/1775 1777/1833/1777 1718/1772/1718 
f 1719/1773/1719 1717/1771/1717 1776/1832/1776 
f 1776/1832/1776 1778/1834/1778 1719/1773/1719 
f 1720/1774/1720 14/14/14 1779/1835/1779 
f 1721/1775/1721 1718/1772/1718 1777/1833/1777 
f 1777/1833/1777 1780/1836/1780 1721/1775/1721 
f 1722/1776/1722 1719/1773/1719 1778/1834/1778 
f 1778/1834/1778 1781/1837/1781 1722/1776/1722 
f 1723/1777/1723 1720/1774/1720 1779/1835/1779 
f 1779/1835/1779 1782/1838/1782 1723/1777/1723 
f 1724/1778/1724 1721/1775/1721 1780/1836/1780 
f 1780/1836/1780 1783/1839/1783 1724/1778/1724 
f 1725/1780/1725 1722/1779/1722 1781/1840/1781 
f 1781/1840/1781 1784/1841/1784 1725/1780/1725 
f 1726/1781/1726 1723/1777/1723 1782/1838/1782 
f 1782/1838/1782 1785/1842/1785 1726/1781/1726 
f 1727/1782/1727 1724/1778/1724 1783/1839/1783 
f 1783/1839/1783 1786/1843/1786 1727/1782/1727 
f 1728/1783/1728 1725/1780/1725 1784/1841/1784 
f 1784/1841/1784 1787/1844/1787 1728/1783/1728 
f 1729/1784/1729 1726/1781/1726 1785/1842/1785 
f 1785/1842/1785 1788/1845/1788 1729/1784/1729 
f 1730/1785/1730 1727/1782/1727 1786/1843/1786 
f 1786/1843/1786 1789/1846/1789 1730/1785/1730 
f 1731/1786/1731 1728/1783/1728 1787/1844/1787 
f 1787/1844/1787 1790/1847/1790 1731/1786/1731 
f 1732/1787/1732 1729/1784/1729 1788/1845/1788 
f 1788/1845/1788 1791/1848/1791 1732/1787/1732 
f 1733/1788/1733 1730/1785/1730 1789/1846/1789 
f 1789/1846/1789 1792/1849/1792 1733/1788/1733 
f 1734/1789/1734 1731/1786/1731 1790/1847/1790 
f 1790/1847/1790 1793/1850/1793 1734/1789/1734 
f 1735/1790/1735 1732/1787/1732 1791/1848/1791 
f 1791/1848/1791 1794/1851/1794 1735/1790/1735 
f 1736/1791/1736 1733/1788/1733 1792/1849/1792 
f 1792/1849/1792 1795/1852/1795 1736/1791/1736 
f 1737/1792/1737 1734/1789/1734 1793/1850/1793 
f 1793/1850/1793 1796/1853/1796 1737/1792/1737 
f 1738/1793/1738 1735/1790/1735 1794/1851/1794 
f 1794/1851/1794 1797/1854/1797 1738/1793/1738 
f 1739/1794/1739 1736/1791/1736 1795/1852/1795 
f 1795/1852/1795 1798/1855/1798 1739/1794/1739 
f 1740/1795/1740 1737/1792/1737 1796/1853/1796 
f 1796/1853/1796 1799/1856/1799 1740/1795/1740 
f 1741/1796/1741 1738/1793/1738 1797/1854/1797 
f 1797/1854/1797 1800/1857/1800 1741/1796/1741 
f 1742/1797/1742 1739/1794/1739 1798/1855/1798 
f 1798/1855/1798 1801/1858/1801 1742/1797/1742 
f 1743/1798/1743 1740/1795/1740 1799/1856/1799 
f 1799/1856/1799 1802/1859/1802 1743/1798/1743 
f 1744/1799/1744 1741/1796/1741 1800/1857/1800 
f 1800/1857/1800 1803/1860/1803 1744/1799/1744 
f 1745/1800/1745 1742/1797/1742 1801/1858/1801 
f 1801/1858/1801 1804/1861/1804 1745/1800/1745 
f 1746/1801/1746 1743/1798/1743 1802/1859/1802 
f 1802/1859/1802 1805/1862/1805 1746/1801/1746 
f 1747/1802/1747 1744/1799/1744 1803/1860/1803 
f 1803/1860/1803 1806/1863/1806 1747/1802/1747 
f 1748/1803/1748 1745/1800/1745 1804/1861/1804 
f 1804/1861/1804 1807/1864/1807 1748/1803/1748 
f 1749/1805/1749 1746/1804/1746 1805/1865/1805 
f 1805/1865/1805 1808/1866/1808 1749/1805/1749 
f 1750/1806/1750 1747/1802/1747 1806/1863/1806 
f 1806/1863/1806 1809/1867/1809 1750/1806/1750 
f 76/80/76 1748/1803/1748 1807/1864/1807 
f 1751/1807/1751 1749/1805/1749 1808/1866/1808 
f 1808/1866/1808 1810/1868/1810 1751/1807/1751 
f 1752/1808/1752 1750/1806/1750 1809/1867/1809 
f 1809/1867/1809 1811/1869/1811 1752/1808/1752 
f 1753/1809/1753 1751/1807/1751 1810/1868/1810 
f 1810/1868/1810 1812/1870/1812 1753/1809/1753 
f 1754/1810/1754 1752/1808/1752 1811/1869/1811 
f 1811/1869/1811 1813/1871/1813 1754/1810/1754 
f 1755/1811/1755 1753/1809/1753 1812/1870/1812 
f 1812/1870/1812 1814/1872/1814 1755/1811/1755 
f 1756/1812/1756 1754/1810/1754 1813/1871/1813 
f 1813/1871/1813 1815/1873/1815 1756/1812/1756 
f 1757/1813/1757 1755/1811/1755 1814/1872/1814 
f 1814/1872/1814 1816/1874/1816 1757/1813/1757 
f 1758/1814/1758 1756/1812/1756 1815/1873/1815 
f 1815/1873/1815 1817/1875/1817 1758/1814/1758 
f 1759/1815/1759 1757/1813/1757 1816/1874/1816 
f 1816/1874/1816 1818/1876/1818 1759/1815/1759 
f 1760/1816/1760 1758/1814/1758 1817/1875/1817 
f 1817/1875/1817 1819/1877/1819 1760/1816/1760 
f 1761/1817/1761 1759/1815/1759 1818/1876/1818 
f 1818/1876/1818 1820/1878/1820 1761/1817/1761 
f 1762/1818/1762 1760/1816/1760 1819/1877/1819 
f 1819/1877/1819 1821/1879/1821 1762/1818/1762 
f 1763/1819/1763 1761/1817/1761 1820/1878/1820 
f 1820/1878/1820 1822/1880/1822 1763/1819/1763 
f 1764/1820/1764 1762/1818/1762 1821/1879/1821 
f 1821/1879/1821 1823/1881/1823 1764/1820/1764 
f 1765/1821/1765 1763/1819/1763 1822/1880/1822 
f 1822/1880/1822 1824/1882/1824 1765/1821/1765 
f 1766/1822/1766 1764/1820/1764 1823/1881/1823 
f 1823/1881/1823 1825/1883/1825 1766/1822/1766 
f 1704/1758/1704 1765/1821/1765 1824/1882/1824 
f 1824/1882/1824 1826/1884/1826 1704/1758/1704 
f 1706/1760/1706 1766/1822/1766 1825/1883/1825 
f 1825/1883/1825 1827/1885/1827 1706/1760/1706 
f 1705/1759/1705 1704/1758/1704 1826/1884/1826 
f 1826/1884/1826 1828/1886/1828 1705/1759/1705 
f 1707/1761/1707 1706/1760/1706 1827/1885/1827 
f 1827/1885/1827 1829/1887/1829 1707/1761/1707 
f 1708/1762/1708 1705/1759/1705 1828/1886/1828 
f 1828/1886/1828 1767/1823/1767 1708/1762/1708 
f 1709/1763/1709 1707/1761/1707 1829/1887/1829 
f 1829/1887/1829 1769/1825/1769 1709/1763/1709 
f 1773/1829/1773 1771/1827/1771 1830/1888/1830 
f 1830/1888/1830 1831/1889/1831 1773/1829/1773 
f 1774/1830/1774 1772/1828/1772 1832/1890/1832 
f 1832/1890/1832 1833/1891/1833 1774/1830/1774 
f 1775/1831/1775 1773/1829/1773 1831/1889/1831 
f 1831/1889/1831 1834/1892/1834 1775/1831/1775 
f 1776/1832/1776 1774/1830/1774 1833/1891/1833 
f 1833/1891/1833 1835/1893/1835 1776/1832/1776 
f 1777/1833/1777 1775/1831/1775 1834/1892/1834 
f 1834/1892/1834 1836/1894/1836 1777/1833/1777 
f 1778/1834/1778 1776/1832/1776 1835/1893/1835 
f 1835/1893/1835 1837/1895/1837 1778/1834/1778 
f 1779/1835/1779 14/14/14 1838/1896/1838 
f 1780/1836/1780 1777/1833/1777 1836/1894/1836 
f 1836/1894/1836 1839/1897/1839 1780/1836/1780 
f 1781/1837/1781 1778/1834/1778 1837/1895/1837 
f 1837/1895/1837 1840/1898/1840 1781/1837/1781 
f 1782/1838/1782 1779/1835/1779 1838/1896/1838 
f 1838/1896/1838 1841/1899/1841 1782/1838/1782 
f 1783/1839/1783 1780/1836/1780 1839/1897/1839 
f 1839/1897/1839 1842/1900/1842 1783/1839/1783 
f 1784/1841/1784 1781/1840/1781 1840/1901/1840 
f 1840/1901/1840 1843/1902/1843 1784/1841/1784 
f 1785/1842/1785 1782/1838/1782 1841/1899/1841 
f 1841/1899/1841 1844/1903/1844 1785/1842/1785 
f 1786/1843/1786 1783/1839/1783 1842/1900/1842 
f 1842/1900/1842 1845/1904/1845 1786/1843/1786 
f 1787/1844/1787 1784/1841/1784 1843/1902/1843 
f 1843/1902/1843 1846/1905/1846 1787/1844/1787 
f 1788/1845/1788 1785/1842/1785 1844/1903/1844 
f 1844/1903/1844 1847/1906/1847 1788/1845/1788 
f 1789/1846/1789 1786/1843/1786 1845/1904/1845 
f 1845/1904/1845 1848/1907/1848 1789/1846/1789 
f 1790/1847/1790 1787/1844/1787 1846/1905/1846 
f 1846/1905/1846 1849/1908/1849 1790/1847/1790 
f 1791/1848/1791 1788/1845/1788 1847/1906/1847 
f 1847/1906/1847 1850/1909/1850 1791/1848/1791 
f 1792/1849/1792 1789/1846/1789 1848/1907/1848 
f 1848/1907/1848 1851/1910/1851 1792/1849/1792 
f 1793/1850/1793 1790/1847/1790 1849/1908/1849 
f 1849/1908/1849 1852/1911/1852 1793/1850/1793 
f 1794/1851/1794 1791/1848/1791 1850/1909/1850 
f 1850/1909/1850 1853/1912/1853 1794/1851/1794 
f 1795/1852/1795 1792/1849/1792 1851/1910/1851 
f 1851/1910/1851 1854/1913/1854 1795/1852/1795 
f 1796/1853/1796 1793/1850/1793 1852/1911/1852 
f 1852/1911/1852 1855/1914/1855 1796/1853/1796 
f 1797/1854/1797 1794/1851/1794 1853/1912/1853 
f 1853/1912/1853 1856/1915/1856 1797/1854/1797 
f 1798/1855/1798 1795/1852/1795 1854/1913/1854 
f 1854/1913/1854 1857/1916/1857 1798/1855/1798 
f 1799/1856/1799 1796/1853/1796 1855/1914/1855 
f 1855/1914/1855 1858/1917/1858 1799/1856/1799 
f 1800/1857/1800 1797/1854/1797 1856/1915/1856 
f 1856/1915/1856 1859/1918/1859 1800/1857/1800 
f 1801/1858/1801 1798/1855/1798 1857/1916/1857 
f 1857/1916/1857 1860/1919/1860 1801/1858/1801 
f 1802/1859/1802 1799/1856/1799 1858/1917/1858 
f 1858/1917/1858 1861/1920/1861 1802/1859/1802 
f 1803/1860/1803 1800/1857/1800 1859/1918/1859 
f 1859/1918/1859 1862/1921/1862 1803/1860/1803 
f 1804/1861/1804 1801/1858/1801 1860/1919/1860 
f 1860/1919/1860 1863/1922/1863 1804/1861/1804 
f 1805/1862/1805 1802/1859/1802 1861/1920/1861 
f 1861/1920/1861 1864/1923/1864 1805/1862/1805 
f 1806/1863/1806 1803/1860/1803 1862/1921/1862 
f 1862/1921/1862 1865/1924/1865 1806/1863/1806 
f 1807/1864/1807 1804/1861/1804 1863/1922/1863 
f 1863/1922/1863 1866/1925/1866 1807/1864/1807 
f 1808/1866/1808 1805/1865/1805 1864/1926/1864 
f 1864/1926/1864 1867/1927/1867 1808/1866/1808 
f 1809/1867/1809 1806/1863/1806 1865/1924/1865 
f 1865/1924/1865 1868/1928/1868 1809/1867/1809 
f 76/80/76 1807/1864/1807 1866/1925/1866 
f 1810/1868/1810 1808/1866/1808 1867/1927/1867 
f 1867/1927/1867 1869/1929/1869 1810/1868/1810 
f 1811/1869/1811 1809/1867/1809 1868/1928/1868 
f 1868/1928/1868 1870/1930/1870 1811/1869/1811 
f 1812/1870/1812 1810/1868/1810 1869/1929/1869 
f 1869/1929/1869 1871/1931/1871 1812/1870/1812 
f 1813/1871/1813 1811/1869/1811 1870/1930/1870 
f 1870/1930/1870 1872/1932/1872 1813/1871/1813 
f 1814/1872/1814 1812/1870/1812 1871/1931/1871 
f 1871/1931/1871 1873/1933/1873 1814/1872/1814 
f 1815/1873/1815 1813/1871/1813 1872/1932/1872 
f 1872/1932/1872 1874/1934/1874 1815/1873/1815 
f 1816/1874/1816 1814/1872/1814 1873/1933/1873 
f 1873/1933/1873 1875/1935/1875 1816/1874/1816 
f 1817/1875/1817 1815/1873/1815 1874/1934/1874 
f 1874/1934/1874 1876/1936/1876 1817/1875/1817 
f 1818/1876/1818 1816/1874/1816 1875/1935/1875 
f 1875/1935/1875 1877/1937/1877 1818/1876/1818 
f 1819/1877/1819 1817/1875/1817 1876/1936/1876 
f 1876/1936/1876 1878/1938/1878 1819/1877/1819 
f 1820/1878/1820 1818/1876/1818 1877/1937/1877 
f 1877/1937/1877 1879/1939/1879 1820/1878/1820 
f 1821/1879/1821 1819/1877/1819 1878/1938/1878 
f 1878/1938/1878 1880/1940/1880 1821/1879/1821 
f 1822/1880/1822 1820/1878/1820 1879/1939/1879 
f 1879/1939/1879 1881/1941/1881 1822/1880/1822 
f 1823/1881/1823 1821/1879/1821 1880/1940/1880 
f 1880/1940/1880 1882/1942/1882 1823/1881/1823 
f 1824/1882/1824 1822/1880/1822 1881/1941/1881 
f 1881/1941/1881 1883/1943/1883 1824/1882/1824 
f 1825/1883/1825 1823/1881/1823 1882/1942/1882 
f 1882/1942/1882 1884/1944/1884 1825/1883/1825 
f 1826/1884/1826 1824/1882/1824 1883/1943/1883 
f 1883/1943/1883 1885/1945/1885 1826/1884/1826 
f 1827/1885/1827 1825/1883/1825 1884/1944/1884 
f 1884/1944/1884 1886/1946/1886 1827/1885/1827 
f 1828/1886/1828 1826/1884/1826 1885/1945/1885 
f 1885/1945/1885 1887/1947/1887 1828/1886/1828 
f 1829/1887/1829 1827/1885/1827 1886/1946/1886 
f 1886/1946/1886 1888/1948/1888 1829/1887/1829 
f 1767/1823/1767 1828/1886/1828 1887/1947/1887 
f 1887/1947/1887 1889/1949/1889 1767/1823/1767 
f 1769/1825/1769 1829/1887/1829 1888/1948/1888 
f 1888/1948/1888 1890/1950/1890 1769/1825/1769 
f 1768/1824/1768 1767/1823/1767 1889/1949/1889 
f 1889/1949/1889 1891/1951/1891 1768/1824/1768 
f 1770/1826/1770 1769/1825/1769 1890/1950/1890 
f 1890/1950/1890 1892/1952/1892 1770/1826/1770 
f 1771/1827/1771 1768/1824/1768 1891/1951/1891 
f 1891/1951/1891 1830/1888/1830 1771/1827/1771 
f 1772/1828/1772 1770/1826/1770 1892/1952/1892 
f 1892/1952/1892 1832/1890/1832 1772/1828/1772 
f 1836/1894/1836 1834/1892/1834 1893/1953/1893 
f 1893/1953/1893 1894/1954/1894 1836/1894/1836 
f 1837/1895/1837 1835/1893/1835 1895/1955/1895 
f 1895/1955/1895 1896/1956/1896 1837/1895/1837 
f 1838/1896/1838 14/14/14 1897/1957/1897 
f 1839/1897/1839 1836/1894/1836 1894/1954/1894 
f 1894/1954/1894 1898/1958/1898 1839/1897/1839 
f 1840/1898/1840 1837/1895/1837 1896/1956/1896 
f 1896/1956/1896 1899/1959/1899 1840/1898/1840 
f 1841/1899/1841 1838/1896/1838 1897/1957/1897 
f 1897/1957/1897 1900/1960/1900 1841/1899/1841 
f 1842/1900/1842 1839/1897/1839 1898/1958/1898 
f 1898/1958/1898 1901/1961/1901 1842/1900/1842 
f 1843/1902/1843 1840/1901/1840 1899/1962/1899 
f 1899/1962/1899 1902/1963/1902 1843/1902/1843 
f 1844/1903/1844 1841/1899/1841 1900/1960/1900 
f 1900/1960/1900 1903/1964/1903 1844/1903/1844 
f 1845/1904/1845 1842/1900/1842 1901/1961/1901 
f 1901/1961/1901 1904/1965/1904 1845/1904/1845 
f 1846/1905/1846 1843/1902/1843 1902/1963/1902 
f 1902/1963/1902 1905/1966/1905 1846/1905/1846 
f 1847/1906/1847 1844/1903/1844 1903/1964/1903 
f 1903/1964/1903 1906/1967/1906 1847/1906/1847 
f 1848/1907/1848 1845/1904/1845 1904/1965/1904 
f 1904/1965/1904 1907/1968/1907 1848/1907/1848 
f 1849/1908/1849 1846/1905/1846 1905/1966/1905 
f 1905/1966/1905 1908/1969/1908 1849/1908/1849 
f 1850/1909/1850 1847/1906/1847 1906/1967/1906 
f 1906/1967/1906 1909/1970/1909 1850/1909/1850 
f 1851/1910/1851 1848/1907/1848 1907/1968/1907 
f 1907/1968/1907 1910/1971/1910 1851/1910/1851 
f 1852/1911/1852 1849/1908/1849 1908/1969/1908 
f 1908/1969/1908 1911/1972/1911 1852/1911/1852 
f 1853/1912/1853 1850/1909/1850 1909/1970/1909 
f 1909/1970/1909 1912/1973/1912 1853/1912/1853 
f 1854/1913/1854 1851/1910/1851 1910/1971/1910 
f 1910/1971/1910 1913/1974/1913 1854/1913/1854 
f 1855/1914/1855 1852/1911/1852 1911/1972/1911 
f 1911/1972/1911 1914/1975/1914 1855/1914/1855 
f 1856/1915/1856 1853/1912/1853 1912/1973/1912 
f 1912/1973/1912 1915/1976/1915 1856/1915/1856 
f 1857/1916/1857 1854/1913/1854 1913/1974/1913 
f 1913/1974/1913 1916/1977/1916 1857/1916/1857 
f 1858/1917/1858 1855/1914/1855 1914/1975/1914 
f 1914/1975/1914 1917/1978/1917 1858/1917/1858 
f 1859/1918/1859 1856/1915/1856 1915/1976/1915 
f 1915/1976/1915 1918/1979/1918 1859/1918/1859 
f 1860/1919/1860 1857/1916/1857 1916/1977/1916 
f 1916/1977/1916 1919/1980/1919 1860/1919/1860 
f 1861/1920/1861 1858/1917/1858 1917/1978/1917 
f 1917/1978/1917 1920/1981/1920 1861/1920/1861 
f 1862/1921/1862 1859/1918/1859 1918/1979/1918 
f 1918/1979/1918 1921/1982/1921 1862/1921/1862 
f 1863/1922/1863 1860/1919/1860 1919/1980/1919 
f 1919/1980/1919 1922/1983/1922 1863/1922/1863 
f 1864/1923/1864 1861/1920/1861 1920/1981/1920 
f 1920/1981/1920 1923/1984/1923 1864/1923/1864 
f 1865/1924/1865 1862/1921/1862 1921/1982/1921 
f 1921/1982/1921 1924/1985/1924 1865/1924/1865 
f 1866/1925/1866 1863/1922/1863 1922/1983/1922 
f 1922/1983/1922 1925/1986/1925 1866/1925/1866 
f 1867/1927/1867 1864/1926/1864 1923/1987/1923 
f 1923/1987/1923 1926/1988/1926 1867/1927/1867 
f 1868/1928/1868 1865/1924/1865 1924/1985/1924 
f 1924/1985/1924 1927/1989/1927 1868/1928/1868 
f 76/80/76 1866/1925/1866 1925/1986/1925 
f 1869/1929/1869 1867/1927/1867 1926/1988/1926 
f 1926/1988/1926 1928/1990/1928 1869/1929/1869 
f 1870/1930/1870 1868/1928/1868 1927/1989/1927 
f 1927/1989/1927 1929/1991/1929 1870/1930/1870 
f 1871/1931/1871 1869/1929/1869 1928/1990/1928 
f 1928/1990/1928 1930/1992/1930 1871/1931/1871 
f 1872/1932/1872 1870/1930/1870 1929/1991/1929 
f 1929/1991/1929 1931/1993/1931 1872/1932/1872 
f 1873/1933/1873 1871/1931/1871 1930/1992/1930 
f 1930/1992/1930 1932/1994/1932 1873/1933/1873 
f 1874/1934/1874 1872/1932/1872 1931/1993/1931 
f 1931/1993/1931 1933/1995/1933 1874/1934/1874 
f 1875/1935/1875 1873/1933/1873 1932/1994/1932 
f 1932/1994/1932 1934/1996/1934 1875/1935/1875 
f 1876/1936/1876 1874/1934/1874 1933/1995/1933 
f 1933/1995/1933 1935/1997/1935 1876/1936/1876 
f 1877/1937/1877 1875/1935/1875 1934/1996/1934 
f 1934/1996/1934 1936/1998/1936 1877/1937/1877 
f 1878/1938/1878 1876/1936/1876 1935/1997/1935 
f 1935/1997/1935 1937/1999/1937 1878/1938/1878 
f 1879/1939/1879 1877/1937/1877 1936/1998/1936 
f 1936/1998/1936 1938/2000/1938 1879/1939/1879 
f 1880/1940/1880 1878/1938/1878 1937/1999/1937 
f 1937/1999/1937 1939/2001/1939 1880/1940/1880 
f 1881/1941/1881 1879/1939/1879 1938/2000/1938 
f 1938/2000/1938 1940/2002/1940 1881/1941/1881 
f 1882/1942/1882 1880/1940/1880 1939/2001/1939 
f 1939/2001/1939 1941/2003/1941 1882/1942/1882 
f 1883/1943/1883 1881/1941/1881 1940/2002/1940 
f 1940/2002/1940 1942/2004/1942 1883/1943/1883 
f 1884/1944/1884 1882/1942/1882 1941/2003/1941 
f 1941/2003/1941 1943/2005/1943 1884/1944/1884 
f 1885/1945/1885 1883/1943/1883 1942/2004/1942 
f 1942/2004/1942 1944/2006/1944 1885/1945/1885 
f 1886/1946/1886 1884/1944/1884 1943/2005/1943 
f 1943/2005/1943 1945/2007/1945 1886/1946/1886 
f 1887/1947/1887 1885/1945/1885 1944/2006/1944 
f 1944/2006/1944 1946/2008/1946 1887/1947/1887 
f 1888/1948/1888 1886/1946/1886 1945/2007/1945 
f 1945/2007/1945 1947/2009/1947 1888/1948/1888 
f 1889/1949/1889 1887/1947/1887 1946/2008/1946 
f 1946/2008/1946 1948/2010/1948 1889/1949/1889 
f 1890/1950/1890 1888/1948/1888 1947/2009/1947 
f 1947/2009/1947 1949/2011/1949 1890/1950/1890 
f 1891/1951/1891 1889/1949/1889 1948/2010/1948 
f 1948/2010/1948 1950/2012/1950 1891/1951/1891 
f 1892/1952/1892 1890/1950/1890 1949/2011/1949 
f 1949/2011/1949 1951/2013/1951 1892/1952/1892 
f 1830/1888/1830 1891/1951/1891 1950/2012/1950 
f 1950/2012/1950 1952/2014/1952 1830/1888/1830 
f 1832/1890/1832 1892/1952/1892 1951/2013/1951 
f 1951/2013/1951 1953/2015/1953 1832/1890/1832 
f 1831/1889/1831 1830/1888/1830 1952/2014/1952 
f 1952/2014/1952 1954/2016/1954 1831/1889/1831 
f 1833/1891/1833 1832/1890/1832 1953/2015/1953 
f 1953/2015/1953 1955/2017/1955 1833/1891/1833 
f 1834/1892/1834 1831/1889/1831 1954/2016/1954 
f 1954/2016/1954 1893/1953/1893 1834/1892/1834 
f 1835/1893/1835 1833/1891/1833 1955/2017/1955 
f 1955/2017/1955 1895/1955/1895 1835/1893/1835 
f 1901/1961/1901 1898/1958/1898 1956/2018/1956 
f 1956/2018/1956 1957/2019/1957 1901/1961/1901 
f 1902/1963/1902 1899/1962/1899 1958/2020/1958 
f 1958/2020/1958 1959/2021/1959 1902/1963/1902 
f 1903/1964/1903 1900/1960/1900 1960/2022/1960 
f 1960/2022/1960 1961/2023/1961 1903/1964/1903 
f 1904/1965/1904 1901/1961/1901 1957/2019/1957 
f 1957/2019/1957 1962/2024/1962 1904/1965/1904 
f 1905/1966/1905 1902/1963/1902 1959/2021/1959 
f 1959/2021/1959 1963/2025/1963 1905/1966/1905 
f 1906/1967/1906 1903/1964/1903 1961/2023/1961 
f 1961/2023/1961 1964/2026/1964 1906/1967/1906 
f 1907/1968/1907 1904/1965/1904 1962/2024/1962 
f 1962/2024/1962 1965/2027/1965 1907/1968/1907 
f 1908/1969/1908 1905/1966/1905 1963/2025/1963 
f 1963/2025/1963 1966/2028/1966 1908/1969/1908 
f 1909/1970/1909 1906/1967/1906 1964/2026/1964 
f 1964/2026/1964 1967/2029/1967 1909/1970/1909 
f 1910/1971/1910 1907/1968/1907 1965/2027/1965 
f 1965/2027/1965 1968/2030/1968 1910/1971/1910 
f 1911/1972/1911 1908/1969/1908 1966/2028/1966 
f 1966/2028/1966 1969/2031/1969 1911/1972/1911 
f 1912/1973/1912 1909/1970/1909 1967/2029/1967 
f 1967/2029/1967 1970/2032/1970 1912/1973/1912 
f 1913/1974/1913 1910/1971/1910 1968/2030/1968 
f 1968/2030/1968 1971/2033/1971 1913/1974/1913 
f 1914/1975/1914 1911/1972/1911 1969/2031/1969 
f 1969/2031/1969 1972/2034/1972 1914/1975/1914 
f 1915/1976/1915 1912/1973/1912 1970/2032/1970 
f 1970/2032/1970 1973/2035/1973 1915/1976/1915 
f 1916/1977/1916 1913/1974/1913 1971/2033/1971 
f 1971/2033/1971 1974/2036/1974 1916/1977/1916 
f 1917/1978/1917 1914/1975/1914 1972/2034/1972 
f 1972/2034/1972 1975/2037/1975 1917/1978/1917 
f 1918/1979/1918 1915/1976/1915 1973/2035/1973 
f 1973/2035/1973 1976/2038/1976 1918/1979/1918 
f 1919/1980/1919 1916/1977/1916 1974/2036/1974 
f 1974/2036/1974 1977/2039/1977 1919/1980/1919 
f 1920/1981/1920 1917/1978/1917 1975/2037/1975 
f 1975/2037/1975 1978/2040/1978 1920/1981/1920 
f 1921/1982/1921 1918/1979/1918 1976/2038/1976 
f 1976/2038/1976 1979/2041/1979 1921/1982/1921 
f 1922/1983/1922 1919/1980/1919 1977/2039/1977 
f 1977/2039/1977 1980/2042/1980 1922/1983/1922 
f 1923/1984/1923 1920/1981/1920 1978/2040/1978 
f 1978/2040/1978 1981/2043/1981 1923/1984/1923 
f 1924/1985/1924 1921/1982/1921 1979/2041/1979 
f 1979/2041/1979 1982/2044/1982 1924/1985/1924 
f 1925/1986/1925 1922/1983/1922 1980/2042/1980 
f 1980/2042/1980 1983/2045/1983 1925/1986/1925 
f 1926/1988/1926 1923/1987/1923 1981/2046/1981 
f 1981/2046/1981 1984/2047/1984 1926/1988/1926 
f 1927/1989/1927 1924/1985/1924 1982/2044/1982 
f 1982/2044/1982 1985/2048/1985 1927/1989/1927 
f 76/80/76 1925/1986/1925 1983/2045/1983 
f 1928/1990/1928 1926/1988/1926 1984/2047/1984 
f 1984/2047/1984 1986/2049/1986 1928/1990/1928 
f 1929/1991/1929 1927/1989/1927 1985/2048/1985 
f 1985/2048/1985 1987/2050/1987 1929/1991/1929 
f 1930/1992/1930 1928/1990/1928 1986/2049/1986 
f 1986/2049/1986 1988/2051/1988 1930/1992/1930 
f 1931/1993/1931 1929/1991/1929 1987/2050/1987 
f 1987/2050/1987 1989/2052/1989 1931/1993/1931 
f 1932/1994/1932 1930/1992/1930 1988/2051/1988 
f 1988/2051/1988 1990/2053/1990 1932/1994/1932 
f 1933/1995/1933 1931/1993/1931 1989/2052/1989 
f 1989/2052/1989 1991/2054/1991 1933/1995/1933 
f 1934/1996/1934 1932/1994/1932 1990/2053/1990 
f 1990/2053/1990 1992/2055/1992 1934/1996/1934 
f 1935/1997/1935 1933/1995/1933 1991/2054/1991 
f 1991/2054/1991 1993/2056/1993 1935/1997/1935 
f 1936/1998/1936 1934/1996/1934 1992/2055/1992 
f 1992/2055/1992 1994/2057/1994 1936/1998/1936 
f 1937/1999/1937 1935/1997/1935 1993/2056/1993 
f 1993/2056/1993 1995/2058/1995 1937/1999/1937 
f 1938/2000/1938 1936/1998/1936 1994/2057/1994 
f 1994/2057/1994 1996/2059/1996 1938/2000/1938 
f 1939/2001/1939 1937/1999/1937 1995/2058/1995 
f 1995/2058/1995 1997/2060/1997 1939/2001/1939 
f 1940/2002/1940 1938/2000/1938 1996/2059/1996 
f 1996/2059/1996 1998/2061/1998 1940/2002/1940 
f 1941/2003/1941 1939/2001/1939 1997/2060/1997 
f 1997/2060/1997 1999/2062/1999 1941/2003/1941 
f 1942/2004/1942 1940/2002/1940 1998/2061/1998 
f 1998/2061/1998 2000/2063/2000 1942/2004/1942 
f 1943/2005/1943 1941/2003/1941 1999/2062/1999 
f 1999/2062/1999 2001/2064/2001 1943/2005/1943 
f 1944/2006/1944 1942/2004/1942 2000/2063/2000 
f 2000/2063/2000 2002/2065/2002 1944/2006/1944 
f 1945/2007/1945 1943/2005/1943 2001/2064/2001 
f 2001/2064/2001 2003/2066/2003 1945/2007/1945 
f 1946/2008/1946 1944/2006/1944 2002/2065/2002 
f 2002/2065/2002 2004/2067/2004 1946/2008/1946 
f 1947/2009/1947 1945/2007/1945 2003/2066/2003 
f 2003/2066/2003 2005/2068/2005 1947/2009/1947 
f 1948/2010/1948 1946/2008/1946 2004/2067/2004 
f 2004/2067/2004 2006/2069/2006 1948/2010/1948 
f 1949/2011/1949 1947/2009/1947 2005/2068/2005 
f 2005/2068/2005 2007/2070/2007 1949/2011/1949 
f 1950/2012/1950 1948/2010/1948 2006/2069/2006 
f 2006/2069/2006 2008/2071/2008 1950/2012/1950 
f 1951/2013/1951 1949/2011/1949 2007/2070/2007 
f 2007/2070/2007 2009/2072/2009 1951/2013/1951 
f 1952/2014/1952 1950/2012/1950 2008/2071/2008 
f 2008/2071/2008 2010/2073/2010 1952/2014/1952 
f 1953/2015/1953 1951/2013/1951 2009/2072/2009 
f 2009/2072/2009 2011/2074/2011 1953/2015/1953 
f 1954/2016/1954 1952/2014/1952 2010/2073/2010 
f 2010/2073/2010 2012/2075/2012 1954/2016/1954 
f 1955/2017/1955 1953/2015/1953 2011/2074/2011 
f 2011/2074/2011 2013/2076/2013 1955/2017/1955 
f 1893/1953/1893 1954/2016/1954 2012/2075/2012 
f 2012/2075/2012 2014/2077/2014 1893/1953/1893 
f 1895/1955/1895 1955/2017/1955 2013/2076/2013 
f 2013/2076/2013 2015/2078/2015 1895/1955/1895 
f 1894/1954/1894 1893/1953/1893 2014/2077/2014 
f 2014/2077/2014 2016/2079/2016 1894/1954/1894 
f 1896/1956/1896 1895/1955/1895 2015/2078/2015 
f 2015/2078/2015 2017/2080/2017 1896/1956/1896 
f 1897/1957/1897 14/14/14 2018/2081/2018 
f 1898/1958/1898 1894/1954/1894 2016/2079/2016 
f 2016/2079/2016 1956/2018/1956 1898/1958/1898 
f 1899/1959/1899 1896/1956/1896 2017/2080/2017 
f 2017/2080/2017 1958/2082/1958 1899/1959/1899 
f 1900/1960/1900 1897/1957/1897 2018/2081/2018 
f 2018/2081/2018 1960/2022/1960 1900/1960/1900 
f 1965/2027/1965 1962/2024/1962 2019/2083/2019 
f 2019/2083/2019 2020/2084/2020 1965/2027/1965 
f 1966/2028/1966 1963/2025/1963 2021/2085/2021 
f 2021/2085/2021 2022/2086/2022 1966/2028/1966 
f 1967/2029/1967 1964/2026/1964 2023/2087/2023 
f 2023/2087/2023 2024/2088/2024 1967/2029/1967 
f 1968/2030/1968 1965/2027/1965 2020/2084/2020 
f 2020/2084/2020 2025/2089/2025 1968/2030/1968 
f 1969/2031/1969 1966/2028/1966 2022/2086/2022 
f 2022/2086/2022 2026/2090/2026 1969/2031/1969 
f 1970/2032/1970 1967/2029/1967 2024/2088/2024 
f 2024/2088/2024 2027/2091/2027 1970/2032/1970 
f 1971/2033/1971 1968/2030/1968 2025/2089/2025 
f 2025/2089/2025 2028/2092/2028 1971/2033/1971 
f 1972/2034/1972 1969/2031/1969 2026/2090/2026 
f 2026/2090/2026 2029/2093/2029 1972/2034/1972 
f 1973/2035/1973 1970/2032/1970 2027/2091/2027 
f 2027/2091/2027 2030/2094/2030 1973/2035/1973 
f 1974/2036/1974 1971/2033/1971 2028/2092/2028 
f 2028/2092/2028 2031/2095/2031 1974/2036/1974 
f 1975/2037/1975 1972/2034/1972 2029/2093/2029 
f 2029/2093/2029 2032/2096/2032 1975/2037/1975 
f 1976/2038/1976 1973/2035/1973 2030/2094/2030 
f 2030/2094/2030 2033/2097/2033 1976/2038/1976 
f 1977/2039/1977 1974/2036/1974 2031/2095/2031 
f 2031/2095/2031 2034/2098/2034 1977/2039/1977 
f 1978/2040/1978 1975/2037/1975 2032/2096/2032 
f 2032/2096/2032 2035/2099/2035 1978/2040/1978 
f 1979/2041/1979 1976/2038/1976 2033/2097/2033 
f 2033/2097/2033 2036/2100/2036 1979/2041/1979 
f 1980/2042/1980 1977/2039/1977 2034/2098/2034 
f 2034/2098/2034 2037/2101/2037 1980/2042/1980 
f 1981/2043/1981 1978/2040/1978 2035/2099/2035 
f 2035/2099/2035 2038/2102/2038 1981/2043/1981 
f 1982/2044/1982 1979/2041/1979 2036/2100/2036 
f 2036/2100/2036 2039/2103/2039 1982/2044/1982 
f 1983/2045/1983 1980/2042/1980 2037/2101/2037 
f 2037/2101/2037 2040/2104/2040 1983/2045/1983 
f 1984/2047/1984 1981/2046/1981 2038/2105/2038 
f 2038/2105/2038 2041/2106/2041 1984/2047/1984 
f 1985/2048/1985 1982/2044/1982 2039/2103/2039 
f 2039/2103/2039 2042/2107/2042 1985/2048/1985 
f 76/80/76 1983/2045/1983 2040/2104/2040 
f 1986/2049/1986 1984/2047/1984 2041/2106/2041 
f 2041/2106/2041 2043/2108/2043 1986/2049/1986 
f 1987/2050/1987 1985/2048/1985 2042/2107/2042 
f 2042/2107/2042 2044/2109/2044 1987/2050/1987 
f 1988/2051/1988 1986/2049/1986 2043/2108/2043 
f 2043/2108/2043 2045/2110/2045 1988/2051/1988 
f 1989/2052/1989 1987/2050/1987 2044/2109/2044 
f 2044/2109/2044 2046/2111/2046 1989/2052/1989 
f 1990/2053/1990 1988/2051/1988 2045/2110/2045 
f 2045/2110/2045 2047/2112/2047 1990/2053/1990 
f 1991/2054/1991 1989/2052/1989 2046/2111/2046 
f 2046/2111/2046 2048/2113/2048 1991/2054/1991 
f 1992/2055/1992 1990/2053/1990 2047/2112/2047 
f 2047/2112/2047 2049/2114/2049 1992/2055/1992 
f 1993/2056/1993 1991/2054/1991 2048/2113/2048 
f 2048/2113/2048 2050/2115/2050 1993/2056/1993 
f 1994/2057/1994 1992/2055/1992 2049/2114/2049 
f 2049/2114/2049 2051/2116/2051 1994/2057/1994 
f 1995/2058/1995 1993/2056/1993 2050/2115/2050 
f 2050/2115/2050 2052/2117/2052 1995/2058/1995 
f 1996/2059/1996 1994/2057/1994 2051/2116/2051 
f 2051/2116/2051 2053/2118/2053 1996/2059/1996 
f 1997/2060/1997 1995/2058/1995 2052/2117/2052 
f 2052/2117/2052 2054/2119/2054 1997/2060/1997 
f 1998/2061/1998 1996/2059/1996 2053/2118/2053 
f 2053/2118/2053 2055/2120/2055 1998/2061/1998 
f 1999/2062/1999 1997/2060/1997 2054/2119/2054 
f 2054/2119/2054 2056/2121/2056 1999/2062/1999 
f 2000/2063/2000 1998/2061/1998 2055/2120/2055 
f 2055/2120/2055 2057/2122/2057 2000/2063/2000 
f 2001/2064/2001 1999/2062/1999 2056/2121/2056 
f 2056/2121/2056 2058/2123/2058 2001/2064/2001 
f 2002/2065/2002 2000/2063/2000 2057/2122/2057 
f 2057/2122/2057 2059/2124/2059 2002/2065/2002 
f 2003/2066/2003 2001/2064/2001 2058/2123/2058 
f 2058/2123/2058 2060/2125/2060 2003/2066/2003 
f 2004/2067/2004 2002/2065/2002 2059/2124/2059 
f 2059/2124/2059 2061/2126/2061 2004/2067/2004 
f 2005/2068/2005 2003/2066/2003 2060/2125/2060 
f 2060/2125/2060 2062/2127/2062 2005/2068/2005 
f 2006/2069/2006 2004/2067/2004 2061/2126/2061 
f 2061/2126/2061 2063/2128/2063 2006/2069/2006 
f 2007/2070/2007 2005/2068/2005 2062/2127/2062 
f 2062/2127/2062 2064/2129/2064 2007/2070/2007 
f 2008/2071/2008 2006/2069/2006 2063/2128/2063 
f 2063/2128/2063 2065/2130/2065 2008/2071/2008 
f 2009/2072/2009 2007/2070/2007 2064/2129/2064 
f 2064/2129/2064 2066/2131/2066 2009/2072/2009 
f 2010/2073/2010 2008/2071/2008 2065/2130/2065 
f 2065/2130/2065 2067/2132/2067 2010/2073/2010 
f 2011/2074/2011 2009/2072/2009 2066/2131/2066 
f 2066/2131/2066 2068/2133/2068 2011/2074/2011 
f 2012/2075/2012 2010/2073/2010 2067/2132/2067 
f 2067/2132/2067 2069/2134/2069 2012/2075/2012 
f 2013/2076/2013 2011/2074/2011 2068/2133/2068 
f 2068/2133/2068 2070/2135/2070 2013/2076/2013 
f 2014/2077/2014 2012/2075/2012 2069/2134/2069 
f 2069/2134/2069 2071/2136/2071 2014/2077/2014 
f 2015/2078/2015 2013/2076/2013 2070/2135/2070 
f 2070/2135/2070 2072/2137/2072 2015/2078/2015 
f 2016/2079/2016 2014/2077/2014 2071/2136/2071 
f 2071/2136/2071 2073/2138/2073 2016/2079/2016 
f 2017/2080/2017 2015/2078/2015 2072/2137/2072 
f 2072/2137/2072 2074/2139/2074 2017/2080/2017 
f 2018/2081/2018 14/14/14 2075/2140/2075 
f 1956/2018/1956 2016/2079/2016 2073/2138/2073 
f 2073/2138/2073 2076/2141/2076 1956/2018/1956 
f 1958/2082/1958 2017/2080/2017 2074/2139/2074 
f 2074/2139/2074 2077/2142/2077 1958/2082/1958 
f 1960/2022/1960 2018/2081/2018 2075/2140/2075 
f 2075/2140/2075 2078/2143/2078 1960/2022/1960 
f 1957/2019/1957 1956/2018/1956 2076/2141/2076 
f 2076/2141/2076 2079/2144/2079 1957/2019/1957 
f 1959/2021/1959 1958/2020/1958 2077/2145/2077 
f 2077/2145/2077 2080/2146/2080 1959/2021/1959 
f 1961/2023/1961 1960/2022/1960 2078/2143/2078 
f 2078/2143/2078 2081/2147/2081 1961/2023/1961 
f 1962/2024/1962 1957/2019/1957 2079/2144/2079 
f 2079/2144/2079 2019/2083/2019 1962/2024/1962 
f 1963/2025/1963 1959/2021/1959 2080/2146/2080 
f 2080/2146/2080 2021/2085/2021 1963/2025/1963 
f 1964/2026/1964 1961/2023/1961 2081/2147/2081 
f 2081/2147/2081 2023/2087/2023 1964/2026/1964 
f 2028/2092/2028 2025/2089/2025 2082/2148/2082 
f 2082/2148/2082 2083/2149/2083 2028/2092/2028 
f 2029/2093/2029 2026/2090/2026 2084/2150/2084 
f 2084/2150/2084 2085/2151/2085 2029/2093/2029 
f 2030/2094/2030 2027/2091/2027 2086/2152/2086 
f 2086/2152/2086 2087/2153/2087 2030/2094/2030 
f 2031/2095/2031 2028/2092/2028 2083/2149/2083 
f 2083/2149/2083 2088/2154/2088 2031/2095/2031 
f 2032/2096/2032 2029/2093/2029 2085/2151/2085 
f 2085/2151/2085 2089/2155/2089 2032/2096/2032 
f 2033/2097/2033 2030/2094/2030 2087/2153/2087 
f 2087/2153/2087 2090/2156/2090 2033/2097/2033 
f 2034/2098/2034 2031/2095/2031 2088/2154/2088 
f 2088/2154/2088 2091/2157/2091 2034/2098/2034 
f 2035/2099/2035 2032/2096/2032 2089/2155/2089 
f 2089/2155/2089 2092/2158/2092 2035/2099/2035 
f 2036/2100/2036 2033/2097/2033 2090/2156/2090 
f 2090/2156/2090 2093/2159/2093 2036/2100/2036 
f 2037/2101/2037 2034/2098/2034 2091/2157/2091 
f 2091/2157/2091 2094/2160/2094 2037/2101/2037 
f 2038/2102/2038 2035/2099/2035 2092/2158/2092 
f 2092/2158/2092 2095/2161/2095 2038/2102/2038 
f 2039/2103/2039 2036/2100/2036 2093/2159/2093 
f 2093/2159/2093 2096/2162/2096 2039/2103/2039 
f 2040/2104/2040 2037/2101/2037 2094/2160/2094 
f 2094/2160/2094 2097/2163/2097 2040/2104/2040 
f 2041/2106/2041 2038/2105/2038 2095/2164/2095 
f 2095/2164/2095 2098/2165/2098 2041/2106/2041 
f 2042/2107/2042 2039/2103/2039 2096/2162/2096 
f 2096/2162/2096 2099/2166/2099 2042/2107/2042 
f 76/80/76 2040/2104/2040 2097/2163/2097 
f 2043/2108/2043 2041/2106/2041 2098/2165/2098 
f 2098/2165/2098 2100/2167/2100 2043/2108/2043 
f 2044/2109/2044 2042/2107/2042 2099/2166/2099 
f 2099/2166/2099 2101/2168/2101 2044/2109/2044 
f 2045/2110/2045 2043/2108/2043 2100/2167/2100 
f 2100/2167/2100 2102/2169/2102 2045/2110/2045 
f 2046/2111/2046 2044/2109/2044 2101/2168/2101 
f 2101/2168/2101 2103/2170/2103 2046/2111/2046 
f 2047/2112/2047 2045/2110/2045 2102/2169/2102 
f 2102/2169/2102 2104/2171/2104 2047/2112/2047 
f 2048/2113/2048 2046/2111/2046 2103/2170/2103 
f 2103/2170/2103 2105/2172/2105 2048/2113/2048 
f 2049/2114/2049 2047/2112/2047 2104/2171/2104 
f 2104/2171/2104 2106/2173/2106 2049/2114/2049 
f 2050/2115/2050 2048/2113/2048 2105/2172/2105 
f 2105/2172/2105 2107/2174/2107 2050/2115/2050 
f 2051/2116/2051 2049/2114/2049 2106/2173/2106 
f 2106/2173/2106 2108/2175/2108 2051/2116/2051 
f 2052/2117/2052 2050/2115/2050 2107/2174/2107 
f 2107/2174/2107 2109/2176/2109 2052/2117/2052 
f 2053/2118/2053 2051/2116/2051 2108/2175/2108 
f 2108/2175/2108 2110/2177/2110 2053/2118/2053 
f 2054/2119/2054 2052/2117/2052 2109/2176/2109 
f 2109/2176/2109 2111/2178/2111 2054/2119/2054 
f 2055/2120/2055 2053/2118/2053 2110/2177/2110 
f 2110/2177/2110 2112/2179/2112 2055/2120/2055 
f 2056/2121/2056 2054/2119/2054 2111/2178/2111 
f 2111/2178/2111 2113/2180/2113 2056/2121/2056 
f 2057/2122/2057 2055/2120/2055 2112/2179/2112 
f 2112/2179/2112 2114/2181/2114 2057/2122/2057 
f 2058/2123/2058 2056/2121/2056 2113/2180/2113 
f 2113/2180/2113 2115/2182/2115 2058/2123/2058 
f 2059/2124/2059 2057/2122/2057 2114/2181/2114 
f 2114/2181/2114 2116/2183/2116 2059/2124/2059 
f 2060/2125/2060 2058/2123/2058 2115/2182/2115 
f 2115/2182/2115 2117/2184/2117 2060/2125/2060 
f 2061/2126/2061 2059/2124/2059 2116/2183/2116 
f 2116/2183/2116 2118/2185/2118 2061/2126/2061 
f 2062/2127/2062 2060/2125/2060 2117/2184/2117 
f 2117/2184/2117 2119/2186/2119 2062/2127/2062 
f 2063/2128/2063 2061/2126/2061 2118/2185/2118 
f 2118/2185/2118 2120/2187/2120 2063/2128/2063 
f 2064/2129/2064 2062/2127/2062 2119/2186/2119 
f 2119/2186/2119 2121/2188/2121 2064/2129/2064 
f 2065/2130/2065 2063/2128/2063 2120/2187/2120 
f 2120/2187/2120 2122/2189/2122 2065/2130/2065 
f 2066/2131/2066 2064/2129/2064 2121/2188/2121 
f 2121/2188/2121 2123/2190/2123 2066/2131/2066 
f 2067/2132/2067 2065/2130/2065 2122/2189/2122 
f 2122/2189/2122 2124/2191/2124 2067/2132/2067 
f 2068/2133/2068 2066/2131/2066 2123/2190/2123 
f 2123/2190/2123 2125/2192/2125 2068/2133/2068 
f 2069/2134/2069 2067/2132/2067 2124/2191/2124 
f 2124/2191/2124 2126/2193/2126 2069/2134/2069 
f 2070/2135/2070 2068/2133/2068 2125/2192/2125 
f 2125/2192/2125 2127/2194/2127 2070/2135/2070 
f 2071/2136/2071 2069/2134/2069 2126/2193/2126 
f 2126/2193/2126 2128/2195/2128 2071/2136/2071 
f 2072/2137/2072 2070/2135/2070 2127/2194/2127 
f 2127/2194/2127 2129/2196/2129 2072/2137/2072 
f 2073/2138/2073 2071/2136/2071 2128/2195/2128 
f 2128/2195/2128 2130/2197/2130 2073/2138/2073 
f 2074/2139/2074 2072/2137/2072 2129/2196/2129 
f 2129/2196/2129 2131/2198/2131 2074/2139/2074 
f 2075/2140/2075 14/14/14 2132/2199/2132 
f 2076/2141/2076 2073/2138/2073 2130/2197/2130 
f 2130/2197/2130 2133/2200/2133 2076/2141/2076 
f 2077/2142/2077 2074/2139/2074 2131/2198/2131 
f 2131/2198/2131 2134/2201/2134 2077/2142/2077 
f 2078/2143/2078 2075/2140/2075 2132/2199/2132 
f 2132/2199/2132 2135/2202/2135 2078/2143/2078 
f 2079/2144/2079 2076/2141/2076 2133/2200/2133 
f 2133/2200/2133 2136/2203/2136 2079/2144/2079 
f 2080/2146/2080 2077/2145/2077 2134/2204/2134 
f 2134/2204/2134 2137/2205/2137 2080/2146/2080 
f 2081/2147/2081 2078/2143/2078 2135/2202/2135 
f 2135/2202/2135 2138/2206/2138 2081/2147/2081 
f 2019/2083/2019 2079/2144/2079 2136/2203/2136 
f 2136/2203/2136 2139/2207/2139 2019/2083/2019 
f 2021/2085/2021 2080/2146/2080 2137/2205/2137 
f 2137/2205/2137 2140/2208/2140 2021/2085/2021 
f 2023/2087/2023 2081/2147/2081 2138/2206/2138 
f 2138/2206/2138 2141/2209/2141 2023/2087/2023 
f 2020/2084/2020 2019/2083/2019 2139/2207/2139 
f 2139/2207/2139 2142/2210/2142 2020/2084/2020 
f 2022/2086/2022 2021/2085/2021 2140/2208/2140 
f 2140/2208/2140 2143/2211/2143 2022/2086/2022 
f 2024/2088/2024 2023/2087/2023 2141/2209/2141 
f 2141/2209/2141 2144/2212/2144 2024/2088/2024 
f 2025/2089/2025 2020/2084/2020 2142/2210/2142 
f 2142/2210/2142 2082/2148/2082 2025/2089/2025 
f 2026/2090/2026 2022/2086/2022 2143/2211/2143 
f 2143/2211/2143 2084/2150/2084 2026/2090/2026 
f 2027/2091/2027 2024/2088/2024 2144/2212/2144 
f 2144/2212/2144 2086/2152/2086 2027/2091/2027 
f 2091/2157/2091 2088/2154/2088 2145/2213/2145 
f 2145/2213/2145 2146/2214/2146 2091/2157/2091 
f 2092/2158/2092 2089/2155/2089 2147/2215/2147 
f 2147/2215/2147 2148/2216/2148 2092/2158/2092 
f 2093/2159/2093 2090/2156/2090 2149/2217/2149 
f 2149/2217/2149 2150/2218/2150 2093/2159/2093 
f 2094/2160/2094 2091/2157/2091 2146/2214/2146 
f 2146/2214/2146 2151/2219/2151 2094/2160/2094 
f 2095/2161/2095 2092/2158/2092 2148/2216/2148 
f 2148/2216/2148 2152/2220/2152 2095/2161/2095 
f 2096/2162/2096 2093/2159/2093 2150/2218/2150 
f 2150/2218/2150 2153/2221/2153 2096/2162/2096 
f 2097/2163/2097 2094/2160/2094 2151/2219/2151 
f 2151/2219/2151 2154/2222/2154 2097/2163/2097 
f 2098/2165/2098 2095/2164/2095 2152/2223/2152 
f 2152/2223/2152 2155/2224/2155 2098/2165/2098 
f 2099/2166/2099 2096/2162/2096 2153/2221/2153 
f 2153/2221/2153 2156/2225/2156 2099/2166/2099 
f 76/80/76 2097/2163/2097 2154/2222/2154 
f 2100/2167/2100 2098/2165/2098 2155/2224/2155 
f 2155/2224/2155 2157/2226/2157 2100/2167/2100 
f 2101/2168/2101 2099/2166/2099 2156/2225/2156 
f 2156/2225/2156 2158/2227/2158 2101/2168/2101 
f 2102/2169/2102 2100/2167/2100 2157/2226/2157 
f 2157/2226/2157 2159/2228/2159 2102/2169/2102 
f 2103/2170/2103 2101/2168/2101 2158/2227/2158 
f 2158/2227/2158 2160/2229/2160 2103/2170/2103 
f 2104/2171/2104 2102/2169/2102 2159/2228/2159 
f 2159/2228/2159 2161/2230/2161 2104/2171/2104 
f 2105/2172/2105 2103/2170/2103 2160/2229/2160 
f 2160/2229/2160 2162/2231/2162 2105/2172/2105 
f 2106/2173/2106 2104/2171/2104 2161/2230/2161 
f 2161/2230/2161 2163/2232/2163 2106/2173/2106 
f 2107/2174/2107 2105/2172/2105 2162/2231/2162 
f 2162/2231/2162 2164/2233/2164 2107/2174/2107 
f 2108/2175/2108 2106/2173/2106 2163/2232/2163 
f 2163/2232/2163 2165/2234/2165 2108/2175/2108 
f 2109/2176/2109 2107/2174/2107 2164/2233/2164 
f 2164/2233/2164 2166/2235/2166 2109/2176/2109 
f 2110/2177/2110 2108/2175/2108 2165/2234/2165 
f 2165/2234/2165 2167/2236/2167 2110/2177/2110 
f 2111/2178/2111 2109/2176/2109 2166/2235/2166 
f 2166/2235/2166 2168/2237/2168 2111/2178/2111 
f 2112/2179/2112 2110/2177/2110 2167/2236/2167 
f 2167/2236/2167 2169/2238/2169 2112/2179/2112 
f 2113/2180/2113 2111/2178/2111 2168/2237/2168 
f 2168/2237/2168 2170/2239/2170 2113/2180/2113 
f 2114/2181/2114 2112/2179/2112 2169/2238/2169 
f 2169/2238/2169 2171/2240/2171 2114/2181/2114 
f 2115/2182/2115 2113/2180/2113 2170/2239/2170 
f 2170/2239/2170 2172/2241/2172 2115/2182/2115 
f 2116/2183/2116 2114/2181/2114 2171/2240/2171 
f 2171/2240/2171 2173/2242/2173 2116/2183/2116 
f 2117/2184/2117 2115/2182/2115 2172/2241/2172 
f 2172/2241/2172 2174/2243/2174 2117/2184/2117 
f 2118/2185/2118 2116/2183/2116 2173/2242/2173 
f 2173/2242/2173 2175/2244/2175 2118/2185/2118 
f 2119/2186/2119 2117/2184/2117 2174/2243/2174 
f 2174/2243/2174 2176/2245/2176 2119/2186/2119 
f 2120/2187/2120 2118/2185/2118 2175/2244/2175 
f 2175/2244/2175 2177/2246/2177 2120/2187/2120 
f 2121/2188/2121 2119/2186/2119 2176/2245/2176 
f 2176/2245/2176 2178/2247/2178 2121/2188/2121 
f 2122/2189/2122 2120/2187/2120 2177/2246/2177 
f 2177/2246/2177 2179/2248/2179 2122/2189/2122 
f 2123/2190/2123 2121/2188/2121 2178/2247/2178 
f 2178/2247/2178 2180/2249/2180 2123/2190/2123 
f 2124/2191/2124 2122/2189/2122 2179/2248/2179 
f 2179/2248/2179 2181/2250/2181 2124/2191/2124 
f 2125/2192/2125 2123/2190/2123 2180/2249/2180 
f 2180/2249/2180 2182/2251/2182 2125/2192/2125 
f 2126/2193/2126 2124/2191/2124 2181/2250/2181 
f 2181/2250/2181 2183/2252/2183 2126/2193/2126 
f 2127/2194/2127 2125/2192/2125 2182/2251/2182 
f 2182/2251/2182 2184/2253/2184 2127/2194/2127 
f 2128/2195/2128 2126/2193/2126 2183/2252/2183 
f 2183/2252/2183 2185/2254/2185 2128/2195/2128 
f 2129/2196/2129 2127/2194/2127 2184/2253/2184 
f 2184/2253/2184 2186/2255/2186 2129/2196/2129 
f 2130/2197/2130 2128/2195/2128 2185/2254/2185 
f 2185/2254/2185 2187/2256/2187 2130/2197/2130 
f 2131/2198/2131 2129/2196/2129 2186/2255/2186 
f 2186/2255/2186 2188/2257/2188 2131/2198/2131 
f 2132/2199/2132 14/14/14 2189/2258/2189 
f 2133/2200/2133 2130/2197/2130 2187/2256/2187 
f 2187/2256/2187 2190/2259/2190 2133/2200/2133 
f 2134/2201/2134 2131/2198/2131 2188/2257/2188 
f 2188/2257/2188 2191/2260/2191 2134/2201/2134 
f 2135/2202/2135 2132/2199/2132 2189/2258/2189 
f 2189/2258/2189 2192/2261/2192 2135/2202/2135 
f 2136/2203/2136 2133/2200/2133 2190/2259/2190 
f 2190/2259/2190 2193/2262/2193 2136/2203/2136 
f 2137/2205/2137 2134/2204/2134 2191/2263/2191 
f 2191/2263/2191 2194/2264/2194 2137/2205/2137 
f 2138/2206/2138 2135/2202/2135 2192/2261/2192 
f 2192/2261/2192 2195/2265/2195 2138/2206/2138 
f 2139/2207/2139 2136/2203/2136 2193/2262/2193 
f 2193/2262/2193 2196/2266/2196 2139/2207/2139 
f 2140/2208/2140 2137/2205/2137 2194/2264/2194 
f 2194/2264/2194 2197/2267/2197 2140/2208/2140 
f 2141/2209/2141 2138/2206/2138 2195/2265/2195 
f 2195/2265/2195 2198/2268/2198 2141/2209/2141 
f 2142/2210/2142 2139/2207/2139 2196/2266/2196 
f 2196/2266/2196 2199/2269/2199 2142/2210/2142 
f 2143/2211/2143 2140/2208/2140 2197/2267/2197 
f 2197/2267/2197 2200/2270/2200 2143/2211/2143 
f 2144/2212/2144 2141/2209/2141 2198/2268/2198 
f 2198/2268/2198 2201/2271/2201 2144/2212/2144 
f 2082/2148/2082 2142/2210/2142 2199/2269/2199 
f 2199/2269/2199 2202/2272/2202 2082/2148/2082 
f 2084/2150/2084 2143/2211/2143 2200/2270/2200 
f 2200/2270/2200 2203/2273/2203 2084/2150/2084 
f 2086/2152/2086 2144/2212/2144 2201/2271/2201 
f 2201/2271/2201 2204/2274/2204 2086/2152/2086 
f 2083/2149/2083 2082/2148/2082 2202/2272/2202 
f 2202/2272/2202 2205/2275/2205 2083/2149/2083 
f 2085/2151/2085 2084/2150/2084 2203/2273/2203 
f 2203/2273/2203 2206/2276/2206 2085/2151/2085 
f 2087/2153/2087 2086/2152/2086 2204/2274/2204 
f 2204/2274/2204 2207/2277/2207 2087/2153/2087 
f 2088/2154/2088 2083/2149/2083 2205/2275/2205 
f 2205/2275/2205 2145/2213/2145 2088/2154/2088 
f 2089/2155/2089 2085/2151/2085 2206/2276/2206 
f 2206/2276/2206 2147/2215/2147 2089/2155/2089 
f 2090/2156/2090 2087/2153/2087 2207/2277/2207 
f 2207/2277/2207 2149/2217/2149 2090/2156/2090 
f 2154/2222/2154 2151/2219/2151 2208/2278/2208 
f 2208/2278/2208 2209/2279/2209 2154/2222/2154 
f 2155/2224/2155 2152/2223/2152 2210/2280/2210 
f 2210/2280/2210 2211/2281/2211 2155/2224/2155 
f 2156/2225/2156 2153/2221/2153 2212/2282/2212 
f 2212/2282/2212 2213/2283/2213 2156/2225/2156 
f 76/80/76 2154/2222/2154 2209/2279/2209 
f 2157/2226/2157 2155/2224/2155 2211/2281/2211 
f 2211/2281/2211 2214/2284/2214 2157/2226/2157 
f 2158/2227/2158 2156/2225/2156 2213/2283/2213 
f 2213/2283/2213 2215/2285/2215 2158/2227/2158 
f 2159/2228/2159 2157/2226/2157 2214/2284/2214 
f 2214/2284/2214 2216/2286/2216 2159/2228/2159 
f 2160/2229/2160 2158/2227/2158 2215/2285/2215 
f 2215/2285/2215 2217/2287/2217 2160/2229/2160 
f 2161/2230/2161 2159/2228/2159 2216/2286/2216 
f 2216/2286/2216 2218/2288/2218 2161/2230/2161 
f 2162/2231/2162 2160/2229/2160 2217/2287/2217 
f 2217/2287/2217 2219/2289/2219 2162/2231/2162 
f 2163/2232/2163 2161/2230/2161 2218/2288/2218 
f 2218/2288/2218 2220/2290/2220 2163/2232/2163 
f 2164/2233/2164 2162/2231/2162 2219/2289/2219 
f 2219/2289/2219 2221/2291/2221 2164/2233/2164 
f 2165/2234/2165 2163/2232/2163 2220/2290/2220 
f 2220/2290/2220 2222/2292/2222 2165/2234/2165 
f 2166/2235/2166 2164/2233/2164 2221/2291/2221 
f 2221/2291/2221 2223/2293/2223 2166/2235/2166 
f 2167/2236/2167 2165/2234/2165 2222/2292/2222 
f 2222/2292/2222 2224/2294/2224 2167/2236/2167 
f 2168/2237/2168 2166/2235/2166 2223/2293/2223 
f 2223/2293/2223 2225/2295/2225 2168/2237/2168 
f 2169/2238/2169 2167/2236/2167 2224/2294/2224 
f 2224/2294/2224 2226/2296/2226 2169/2238/2169 
f 2170/2239/2170 2168/2237/2168 2225/2295/2225 
f 2225/2295/2225 2227/2297/2227 2170/2239/2170 
f 2171/2240/2171 2169/2238/2169 2226/2296/2226 
f 2226/2296/2226 2228/2298/2228 2171/2240/2171 
f 2172/2241/2172 2170/2239/2170 2227/2297/2227 
f 2227/2297/2227 2229/2299/2229 2172/2241/2172 
f 2173/2242/2173 2171/2240/2171 2228/2298/2228 
f 2228/2298/2228 2230/2300/2230 2173/2242/2173 
f 2174/2243/2174 2172/2241/2172 2229/2299/2229 
f 2229/2299/2229 2231/2301/2231 2174/2243/2174 
f 2175/2244/2175 2173/2242/2173 2230/2300/2230 
f 2230/2300/2230 2232/2302/2232 2175/2244/2175 
f 2176/2245/2176 2174/2243/2174 2231/2301/2231 
f 2231/2301/2231 2233/2303/2233 2176/2245/2176 
f 2177/2246/2177 2175/2244/2175 2232/2302/2232 
f 2232/2302/2232 2234/2304/2234 2177/2246/2177 
f 2178/2247/2178 2176/2245/2176 2233/2303/2233 
f 2233/2303/2233 2235/2305/2235 2178/2247/2178 
f 2179/2248/2179 2177/2246/2177 2234/2304/2234 
f 2234/2304/2234 2236/2306/2236 2179/2248/2179 
f 2180/2249/2180 2178/2247/2178 2235/2305/2235 
f 2235/2305/2235 2237/2307/2237 2180/2249/2180 
f 2181/2250/2181 2179/2248/2179 2236/2306/2236 
f 2236/2306/2236 2238/2308/2238 2181/2250/2181 
f 2182/2251/2182 2180/2249/2180 2237/2307/2237 
f 2237/2307/2237 2239/2309/2239 2182/2251/2182 
f 2183/2252/2183 2181/2250/2181 2238/2308/2238 
f 2238/2308/2238 2240/2310/2240 2183/2252/2183 
f 2184/2253/2184 2182/2251/2182 2239/2309/2239 
f 2239/2309/2239 2241/2311/2241 2184/2253/2184 
f 2185/2254/2185 2183/2252/2183 2240/2310/2240 
f 2240/2310/2240 2242/2312/2242 2185/2254/2185 
f 2186/2255/2186 2184/2253/2184 2241/2311/2241 
f 2241/2311/2241 2243/2313/2243 2186/2255/2186 
f 2187/2256/2187 2185/2254/2185 2242/2312/2242 
f 2242/2312/2242 2244/2314/2244 2187/2256/2187 
f 2188/2257/2188 2186/2255/2186 2243/2313/2243 
f 2243/2313/2243 2245/2315/2245 2188/2257/2188 
f 2189/2258/2189 14/14/14 2246/2316/2246 
f 2190/2259/2190 2187/2256/2187 2244/2314/2244 
f 2244/2314/2244 2247/2317/2247 2190/2259/2190 
f 2191/2260/2191 2188/2257/2188 2245/2315/2245 
f 2245/2315/2245 2248/2318/2248 2191/2260/2191 
f 2192/2261/2192 2189/2258/2189 2246/2316/2246 
f 2246/2316/2246 2249/2319/2249 2192/2261/2192 
f 2193/2262/2193 2190/2259/2190 2247/2317/2247 
f 2247/2317/2247 2250/2320/2250 2193/2262/2193 
f 2194/2264/2194 2191/2263/2191 2248/2321/2248 
f 2248/2321/2248 2251/2322/2251 2194/2264/2194 
f 2195/2265/2195 2192/2261/2192 2249/2319/2249 
f 2249/2319/2249 2252/2323/2252 2195/2265/2195 
f 2196/2266/2196 2193/2262/2193 2250/2320/2250 
f 2250/2320/2250 2253/2324/2253 2196/2266/2196 
f 2197/2267/2197 2194/2264/2194 2251/2322/2251 
f 2251/2322/2251 2254/2325/2254 2197/2267/2197 
f 2198/2268/2198 2195/2265/2195 2252/2323/2252 
f 2252/2323/2252 2255/2326/2255 2198/2268/2198 
f 2199/2269/2199 2196/2266/2196 2253/2324/2253 
f 2253/2324/2253 2256/2327/2256 2199/2269/2199 
f 2200/2270/2200 2197/2267/2197 2254/2325/2254 
f 2254/2325/2254 2257/2328/2257 2200/2270/2200 
f 2201/2271/2201 2198/2268/2198 2255/2326/2255 
f 2255/2326/2255 2258/2329/2258 2201/2271/2201 
f 2202/2272/2202 2199/2269/2199 2256/2327/2256 
f 2256/2327/2256 2259/2330/2259 2202/2272/2202 
f 2203/2273/2203 2200/2270/2200 2257/2328/2257 
f 2257/2328/2257 2260/2331/2260 2203/2273/2203 
f 2204/2274/2204 2201/2271/2201 2258/2329/2258 
f 2258/2329/2258 2261/2332/2261 2204/2274/2204 
f 2205/2275/2205 2202/2272/2202 2259/2330/2259 
f 2259/2330/2259 2262/2333/2262 2205/2275/2205 
f 2206/2276/2206 2203/2273/2203 2260/2331/2260 
f 2260/2331/2260 2263/2334/2263 2206/2276/2206 
f 2207/2277/2207 2204/2274/2204 2261/2332/2261 
f 2261/2332/2261 2264/2335/2264 2207/2277/2207 
f 2145/2213/2145 2205/2275/2205 2262/2333/2262 
f 2262/2333/2262 2265/2336/2265 2145/2213/2145 
f 2147/2215/2147 2206/2276/2206 2263/2334/2263 
f 2263/2334/2263 2266/2337/2266 2147/2215/2147 
f 2149/2217/2149 2207/2277/2207 2264/2335/2264 
f 2264/2335/2264 2267/2338/2267 2149/2217/2149 
f 2146/2214/2146 2145/2213/2145 2265/2336/2265 
f 2265/2336/2265 2268/2339/2268 2146/2214/2146 
f 2148/2216/2148 2147/2215/2147 2266/2337/2266 
f 2266/2337/2266 2269/2340/2269 2148/2216/2148 
f 2150/2218/2150 2149/2217/2149 2267/2338/2267 
f 2267/2338/2267 2270/2341/2270 2150/2218/2150 
f 2151/2219/2151 2146/2214/2146 2268/2339/2268 
f 2268/2339/2268 2208/2278/2208 2151/2219/2151 
f 2152/2220/2152 2148/2216/2148 2269/2340/2269 
f 2269/2340/2269 2210/2342/2210 2152/2220/2152 
f 2153/2221/2153 2150/2218/2150 2270/2341/2270 
f 2270/2341/2270 2212/2282/2212 2153/2221/2153 
f 2216/2286/2216 2214/2284/2214 2271/2343/2271 
f 2271/2343/2271 2272/2344/2272 2216/2286/2216 
f 2217/2287/2217 2215/2285/2215 2273/2345/2273 
f 2273/2345/2273 2274/2346/2274 2217/2287/2217 
f 2218/2288/2218 2216/2286/2216 2272/2344/2272 
f 2272/2344/2272 2275/2347/2275 2218/2288/2218 
f 2219/2289/2219 2217/2287/2217 2274/2346/2274 
f 2274/2346/2274 2276/2348/2276 2219/2289/2219 
f 2220/2290/2220 2218/2288/2218 2275/2347/2275 
f 2275/2347/2275 2277/2349/2277 2220/2290/2220 
f 2221/2291/2221 2219/2289/2219 2276/2348/2276 
f 2276/2348/2276 2278/2350/2278 2221/2291/2221 
f 2222/2292/2222 2220/2290/2220 2277/2349/2277 
f 2277/2349/2277 2279/2351/2279 2222/2292/2222 
f 2223/2293/2223 2221/2291/2221 2278/2350/2278 
f 2278/2350/2278 2280/2352/2280 2223/2293/2223 
f 2224/2294/2224 2222/2292/2222 2279/2351/2279 
f 2279/2351/2279 2281/2353/2281 2224/2294/2224 
f 2225/2295/2225 2223/2293/2223 2280/2352/2280 
f 2280/2352/2280 2282/2354/2282 2225/2295/2225 
f 2226/2296/2226 2224/2294/2224 2281/2353/2281 
f 2281/2353/2281 2283/2355/2283 2226/2296/2226 
f 2227/2297/2227 2225/2295/2225 2282/2354/2282 
f 2282/2354/2282 2284/2356/2284 2227/2297/2227 
f 2228/2298/2228 2226/2296/2226 2283/2355/2283 
f 2283/2355/2283 2285/2357/2285 2228/2298/2228 
f 2229/2299/2229 2227/2297/2227 2284/2356/2284 
f 2284/2356/2284 2286/2358/2286 2229/2299/2229 
f 2230/2300/2230 2228/2298/2228 2285/2357/2285 
f 2285/2357/2285 2287/2359/2287 2230/2300/2230 
f 2231/2301/2231 2229/2299/2229 2286/2358/2286 
f 2286/2358/2286 2288/2360/2288 2231/2301/2231 
f 2232/2302/2232 2230/2300/2230 2287/2359/2287 
f 2287/2359/2287 2289/2361/2289 2232/2302/2232 
f 2233/2303/2233 2231/2301/2231 2288/2360/2288 
f 2288/2360/2288 2290/2362/2290 2233/2303/2233 
f 2234/2304/2234 2232/2302/2232 2289/2361/2289 
f 2289/2361/2289 2291/2363/2291 2234/2304/2234 
f 2235/2305/2235 2233/2303/2233 2290/2362/2290 
f 2290/2362/2290 2292/2364/2292 2235/2305/2235 
f 2236/2306/2236 2234/2304/2234 2291/2363/2291 
f 2291/2363/2291 2293/2365/2293 2236/2306/2236 
f 2237/2307/2237 2235/2305/2235 2292/2364/2292 
f 2292/2364/2292 2294/2366/2294 2237/2307/2237 
f 2238/2308/2238 2236/2306/2236 2293/2365/2293 
f 2293/2365/2293 2295/2367/2295 2238/2308/2238 
f 2239/2309/2239 2237/2307/2237 2294/2366/2294 
f 2294/2366/2294 2296/2368/2296 2239/2309/2239 
f 2240/2310/2240 2238/2308/2238 2295/2367/2295 
f 2295/2367/2295 2297/2369/2297 2240/2310/2240 
f 2241/2311/2241 2239/2309/2239 2296/2368/2296 
f 2296/2368/2296 2298/2370/2298 2241/2311/2241 
f 2242/2312/2242 2240/2310/2240 2297/2369/2297 
f 2297/2369/2297 2299/2371/2299 2242/2312/2242 
f 2243/2313/2243 2241/2311/2241 2298/2370/2298 
f 2298/2370/2298 2300/2372/2300 2243/2313/2243 
f 2244/2314/2244 2242/2312/2242 2299/2371/2299 
f 2299/2371/2299 2301/2373/2301 2244/2314/2244 
f 2245/2315/2245 2243/2313/2243 2300/2372/2300 
f 2300/2372/2300 2302/2374/2302 2245/2315/2245 
f 2246/2316/2246 14/14/14 2303/2375/2303 
f 2247/2317/2247 2244/2314/2244 2301/2373/2301 
f 2301/2373/2301 2304/2376/2304 2247/2317/2247 
f 2248/2318/2248 2245/2315/2245 2302/2374/2302 
f 2302/2374/2302 2305/2377/2305 2248/2318/2248 
f 2249/2319/2249 2246/2316/2246 2303/2375/2303 
f 2303/2375/2303 2306/2378/2306 2249/2319/2249 
f 2250/2320/2250 2247/2317/2247 2304/2376/2304 
f 2304/2376/2304 2307/2379/2307 2250/2320/2250 
f 2251/2322/2251 2248/2321/2248 2305/2380/2305 
f 2305/2380/2305 2308/2381/2308 2251/2322/2251 
f 2252/2323/2252 2249/2319/2249 2306/2378/2306 
f 2306/2378/2306 2309/2382/2309 2252/2323/2252 
f 2253/2324/2253 2250/2320/2250 2307/2379/2307 
f 2307/2379/2307 2310/2383/2310 2253/2324/2253 
f 2254/2325/2254 2251/2322/2251 2308/2381/2308 
f 2308/2381/2308 2311/2384/2311 2254/2325/2254 
f 2255/2326/2255 2252/2323/2252 2309/2382/2309 
f 2309/2382/2309 2312/2385/2312 2255/2326/2255 
f 2256/2327/2256 2253/2324/2253 2310/2383/2310 
f 2310/2383/2310 2313/2386/2313 2256/2327/2256 
f 2257/2328/2257 2254/2325/2254 2311/2384/2311 
f 2311/2384/2311 2314/2387/2314 2257/2328/2257 
f 2258/2329/2258 2255/2326/2255 2312/2385/2312 
f 2312/2385/2312 2315/2388/2315 2258/2329/2258 
f 2259/2330/2259 2256/2327/2256 2313/2386/2313 
f 2313/2386/2313 2316/2389/2316 2259/2330/2259 
f 2260/2331/2260 2257/2328/2257 2314/2387/2314 
f 2314/2387/2314 2317/2390/2317 2260/2331/2260 
f 2261/2332/2261 2258/2329/2258 2315/2388/2315 
f 2315/2388/2315 2318/2391/2318 2261/2332/2261 
f 2262/2333/2262 2259/2330/2259 2316/2389/2316 
f 2316/2389/2316 2319/2392/2319 2262/2333/2262 
f 2263/2334/2263 2260/2331/2260 2317/2390/2317 
f 2317/2390/2317 2320/2393/2320 2263/2334/2263 
f 2264/2335/2264 2261/2332/2261 2318/2391/2318 
f 2318/2391/2318 2321/2394/2321 2264/2335/2264 
f 2265/2336/2265 2262/2333/2262 2319/2392/2319 
f 2319/2392/2319 2322/2395/2322 2265/2336/2265 
f 2266/2337/2266 2263/2334/2263 2320/2393/2320 
f 2320/2393/2320 2323/2396/2323 2266/2337/2266 
f 2267/2338/2267 2264/2335/2264 2321/2394/2321 
f 2321/2394/2321 2324/2397/2324 2267/2338/2267 
f 2268/2339/2268 2265/2336/2265 2322/2395/2322 
f 2322/2395/2322 2325/2398/2325 2268/2339/2268 
f 2269/2340/2269 2266/2337/2266 2323/2396/2323 
f 2323/2396/2323 2326/2399/2326 2269/2340/2269 
f 2270/2341/2270 2267/2338/2267 2324/2397/2324 
f 2324/2397/2324 2327/2400/2327 2270/2341/2270 
f 2208/2278/2208 2268/2339/2268 2325/2398/2325 
f 2325/2398/2325 2328/2401/2328 2208/2278/2208 
f 2210/2342/2210 2269/2340/2269 2326/2399/2326 
f 2326/2399/2326 2329/2402/2329 2210/2342/2210 
f 2212/2282/2212 2270/2341/2270 2327/2400/2327 
f 2327/2400/2327 2330/2403/2330 2212/2282/2212 
f 2209/2279/2209 2208/2278/2208 2328/2401/2328 
f 2328/2401/2328 2331/2404/2331 2209/2279/2209 
f 2211/2281/2211 2210/2280/2210 2329/2405/2329 
f 2329/2405/2329 2332/2406/2332 2211/2281/2211 
f 2213/2283/2213 2212/2282/2212 2330/2403/2330 
f 2330/2403/2330 2333/2407/2333 2213/2283/2213 
f 76/80/76 2209/2279/2209 2331/2404/2331 
f 2214/2284/2214 2211/2281/2211 2332/2406/2332 
f 2332/2406/2332 2271/2343/2271 2214/2284/2214 
f 2215/2285/2215 2213/2283/2213 2333/2407/2333 
f 2333/2407/2333 2273/2345/2273 2215/2285/2215 
f 2277/2349/2277 2275/2347/2275 2334/2408/2334 
f 2334/2408/2334 2335/2409/2335 2277/2349/2277 
f 2278/2350/2278 2276/2348/2276 2336/2410/2336 
f 2336/2410/2336 2337/2411/2337 2278/2350/2278 
f 2279/2351/2279 2277/2349/2277 2335/2409/2335 
f 2335/2409/2335 2338/2412/2338 2279/2351/2279 
f 2280/2352/2280 2278/2350/2278 2337/2411/2337 
f 2337/2411/2337 2339/2413/2339 2280/2352/2280 
f 2281/2353/2281 2279/2351/2279 2338/2412/2338 
f 2338/2412/2338 2340/2414/2340 2281/2353/2281 
f 2282/2354/2282 2280/2352/2280 2339/2413/2339 
f 2339/2413/2339 2341/2415/2341 2282/2354/2282 
f 2283/2355/2283 2281/2353/2281 2340/2414/2340 
f 2340/2414/2340 2342/2416/2342 2283/2355/2283 
f 2284/2356/2284 2282/2354/2282 2341/2415/2341 
f 2341/2415/2341 2343/2417/2343 2284/2356/2284 
f 2285/2357/2285 2283/2355/2283 2342/2416/2342 
f 2342/2416/2342 2344/2418/2344 2285/2357/2285 
f 2286/2358/2286 2284/2356/2284 2343/2417/2343 
f 2343/2417/2343 2345/2419/2345 2286/2358/2286 
f 2287/2359/2287 2285/2357/2285 2344/2418/2344 
f 2344/2418/2344 2346/2420/2346 2287/2359/2287 
f 2288/2360/2288 2286/2358/2286 2345/2419/2345 
f 2345/2419/2345 2347/2421/2347 2288/2360/2288 
f 2289/2361/2289 2287/2359/2287 2346/2420/2346 
f 2346/2420/2346 2348/2422/2348 2289/2361/2289 
f 2290/2362/2290 2288/2360/2288 2347/2421/2347 
f 2347/2421/2347 2349/2423/2349 2290/2362/2290 
f 2291/2363/2291 2289/2361/2289 2348/2422/2348 
f 2348/2422/2348 2350/2424/2350 2291/2363/2291 
f 2292/2364/2292 2290/2362/2290 2349/2423/2349 
f 2349/2423/2349 2351/2425/2351 2292/2364/2292 
f 2293/2365/2293 2291/2363/2291 2350/2424/2350 
f 2350/2424/2350 2352/2426/2352 2293/2365/2293 
f 2294/2366/2294 2292/2364/2292 2351/2425/2351 
f 2351/2425/2351 2353/2427/2353 2294/2366/2294 
f 2295/2367/2295 2293/2365/2293 2352/2426/2352 
f 2352/2426/2352 2354/2428/2354 2295/2367/2295 
f 2296/2368/2296 2294/2366/2294 2353/2427/2353 
f 2353/2427/2353 2355/2429/2355 2296/2368/2296 
f 2297/2369/2297 2295/2367/2295 2354/2428/2354 
f 2354/2428/2354 2356/2430/2356 2297/2369/2297 
f 2298/2370/2298 2296/2368/2296 2355/2429/2355 
f 2355/2429/2355 2357/2431/2357 2298/2370/2298 
f 2299/2371/2299 2297/2369/2297 2356/2430/2356 
f 2356/2430/2356 2358/2432/2358 2299/2371/2299 
f 2300/2372/2300 2298/2370/2298 2357/2431/2357 
f 2357/2431/2357 2359/2433/2359 2300/2372/2300 
f 2301/2373/2301 2299/2371/2299 2358/2432/2358 
f 2358/2432/2358 2360/2434/2360 2301/2373/2301 
f 2302/2374/2302 2300/2372/2300 2359/2433/2359 
f 2359/2433/2359 2361/2435/2361 2302/2374/2302 
f 2303/2375/2303 14/14/14 2362/2436/2362 
f 2304/2376/2304 2301/2373/2301 2360/2434/2360 
f 2360/2434/2360 2363/2437/2363 2304/2376/2304 
f 2305/2377/2305 2302/2374/2302 2361/2435/2361 
f 2361/2435/2361 2364/2438/2364 2305/2377/2305 
f 2306/2378/2306 2303/2375/2303 2362/2436/2362 
f 2362/2436/2362 2365/2439/2365 2306/2378/2306 
f 2307/2379/2307 2304/2376/2304 2363/2437/2363 
f 2363/2437/2363 2366/2440/2366 2307/2379/2307 
f 2308/2381/2308 2305/2380/2305 2364/2441/2364 
f 2364/2441/2364 2367/2442/2367 2308/2381/2308 
f 2309/2382/2309 2306/2378/2306 2365/2439/2365 
f 2365/2439/2365 2368/2443/2368 2309/2382/2309 
f 2310/2383/2310 2307/2379/2307 2366/2440/2366 
f 2366/2440/2366 2369/2444/2369 2310/2383/2310 
f 2311/2384/2311 2308/2381/2308 2367/2442/2367 
f 2367/2442/2367 2370/2445/2370 2311/2384/2311 
f 2312/2385/2312 2309/2382/2309 2368/2443/2368 
f 2368/2443/2368 2371/2446/2371 2312/2385/2312 
f 2313/2386/2313 2310/2383/2310 2369/2444/2369 
f 2369/2444/2369 2372/2447/2372 2313/2386/2313 
f 2314/2387/2314 2311/2384/2311 2370/2445/2370 
f 2370/2445/2370 2373/2448/2373 2314/2387/2314 
f 2315/2388/2315 2312/2385/2312 2371/2446/2371 
f 2371/2446/2371 2374/2449/2374 2315/2388/2315 
f 2316/2389/2316 2313/2386/2313 2372/2447/2372 
f 2372/2447/2372 2375/2450/2375 2316/2389/2316 
f 2317/2390/2317 2314/2387/2314 2373/2448/2373 
f 2373/2448/2373 2376/2451/2376 2317/2390/2317 
f 2318/2391/2318 2315/2388/2315 2374/2449/2374 
f 2374/2449/2374 2377/2452/2377 2318/2391/2318 
f 2319/2392/2319 2316/2389/2316 2375/2450/2375 
f 2375/2450/2375 2378/2453/2378 2319/2392/2319 
f 2320/2393/2320 2317/2390/2317 2376/2451/2376 
f 2376/2451/2376 2379/2454/2379 2320/2393/2320 
f 2321/2394/2321 2318/2391/2318 2377/2452/2377 
f 2377/2452/2377 2380/2455/2380 2321/2394/2321 
f 2322/2395/2322 2319/2392/2319 2378/2453/2378 
f 2378/2453/2378 2381/2456/2381 2322/2395/2322 
f 2323/2396/2323 2320/2393/2320 2379/2454/2379 
f 2379/2454/2379 2382/2457/2382 2323/2396/2323 
f 2324/2397/2324 2321/2394/2321 2380/2455/2380 
f 2380/2455/2380 2383/2458/2383 2324/2397/2324 
f 2325/2398/2325 2322/2395/2322 2381/2456/2381 
f 2381/2456/2381 2384/2459/2384 2325/2398/2325 
f 2326/2399/2326 2323/2396/2323 2382/2457/2382 
f 2382/2457/2382 2385/2460/2385 2326/2399/2326 
f 2327/2400/2327 2324/2397/2324 2383/2458/2383 
f 2383/2458/2383 2386/2461/2386 2327/2400/2327 
f 2328/2401/2328 2325/2398/2325 2384/2459/2384 
f 2384/2459/2384 2387/2462/2387 2328/2401/2328 
f 2329/2402/2329 2326/2399/2326 2385/2460/2385 
f 2385/2460/2385 2388/2463/2388 2329/2402/2329 
f 2330/2403/2330 2327/2400/2327 2386/2461/2386 
f 2386/2461/2386 2389/2464/2389 2330/2403/2330 
f 2331/2404/2331 2328/2401/2328 2387/2462/2387 
f 2387/2462/2387 2390/2465/2390 2331/2404/2331 
f 2332/2406/2332 2329/2405/2329 2388/2466/2388 
f 2388/2466/2388 2391/2467/2391 2332/2406/2332 
f 2333/2407/2333 2330/2403/2330 2389/2464/2389 
f 2389/2464/2389 2392/2468/2392 2333/2407/2333 
f 76/80/76 2331/2404/2331 2390/2465/2390 
f 2271/2343/2271 2332/2406/2332 2391/2467/2391 
f 2391/2467/2391 2393/2469/2393 2271/2343/2271 
f 2273/2345/2273 2333/2407/2333 2392/2468/2392 
f 2392/2468/2392 2394/2470/2394 2273/2345/2273 
f 2272/2344/2272 2271/2343/2271 2393/2469/2393 
f 2393/2469/2393 2395/2471/2395 2272/2344/2272 
f 2274/2346/2274 2273/2345/2273 2394/2470/2394 
f 2394/2470/2394 2396/2472/2396 2274/2346/2274 
f 2275/2347/2275 2272/2344/2272 2395/2471/2395 
f 2395/2471/2395 2334/2408/2334 2275/2347/2275 
f 2276/2348/2276 2274/2346/2274 2396/2472/2396 
f 2396/2472/2396 2336/2410/2336 2276/2348/2276 
f 2340/2414/2340 2338/2412/2338 2397/2473/2397 
f 2397/2473/2397 2398/2474/2398 2340/2414/2340 
f 2341/2415/2341 2339/2413/2339 2399/2475/2399 
f 2399/2475/2399 2400/2476/2400 2341/2415/2341 
f 2342/2416/2342 2340/2414/2340 2398/2474/2398 
f 2398/2474/2398 2401/2477/2401 2342/2416/2342 
f 2343/2417/2343 2341/2415/2341 2400/2476/2400 
f 2400/2476/2400 2402/2478/2402 2343/2417/2343 
f 2344/2418/2344 2342/2416/2342 2401/2477/2401 
f 2401/2477/2401 2403/2479/2403 2344/2418/2344 
f 2345/2419/2345 2343/2417/2343 2402/2478/2402 
f 2402/2478/2402 2404/2480/2404 2345/2419/2345 
f 2346/2420/2346 2344/2418/2344 2403/2479/2403 
f 2403/2479/2403 2405/2481/2405 2346/2420/2346 
f 2347/2421/2347 2345/2419/2345 2404/2480/2404 
f 2404/2480/2404 2406/2482/2406 2347/2421/2347 
f 2348/2422/2348 2346/2420/2346 2405/2481/2405 
f 2405/2481/2405 2407/2483/2407 2348/2422/2348 
f 2349/2423/2349 2347/2421/2347 2406/2482/2406 
f 2406/2482/2406 2408/2484/2408 2349/2423/2349 
f 2350/2424/2350 2348/2422/2348 2407/2483/2407 
f 2407/2483/2407 2409/2485/2409 2350/2424/2350 
f 2351/2425/2351 2349/2423/2349 2408/2484/2408 
f 2408/2484/2408 2410/2486/2410 2351/2425/2351 
f 2352/2426/2352 2350/2424/2350 2409/2485/2409 
f 2409/2485/2409 2411/2487/2411 2352/2426/2352 
f 2353/2427/2353 2351/2425/2351 2410/2486/2410 
f 2410/2486/2410 2412/2488/2412 2353/2427/2353 
f 2354/2428/2354 2352/2426/2352 2411/2487/2411 
f 2411/2487/2411 2413/2489/2413 2354/2428/2354 
f 2355/2429/2355 2353/2427/2353 2412/2488/2412 
f 2412/2488/2412 2414/2490/2414 2355/2429/2355 
f 2356/2430/2356 2354/2428/2354 2413/2489/2413 
f 2413/2489/2413 2415/2491/2415 2356/2430/2356 
f 2357/2431/2357 2355/2429/2355 2414/2490/2414 
f 2414/2490/2414 2416/2492/2416 2357/2431/2357 
f 2358/2432/2358 2356/2430/2356 2415/2491/2415 
f 2415/2491/2415 2417/2493/2417 2358/2432/2358 
f 2359/2433/2359 2357/2431/2357 2416/2492/2416 
f 2416/2492/2416 2418/2494/2418 2359/2433/2359 
f 2360/2434/2360 2358/2432/2358 2417/2493/2417 
f 2417/2493/2417 2419/2495/2419 2360/2434/2360 
f 2361/2435/2361 2359/2433/2359 2418/2494/2418 
f 2418/2494/2418 2420/2496/2420 2361/2435/2361 
f 2362/2436/2362 14/14/14 2421/2497/2421 
f 2363/2437/2363 2360/2434/2360 2419/2495/2419 
f 2419/2495/2419 2422/2498/2422 2363/2437/2363 
f 2364/2438/2364 2361/2435/2361 2420/2496/2420 
f 2420/2496/2420 2423/2499/2423 2364/2438/2364 
f 2365/2439/2365 2362/2436/2362 2421/2497/2421 
f 2421/2497/2421 2424/2500/2424 2365/2439/2365 
f 2366/2440/2366 2363/2437/2363 2422/2498/2422 
f 2422/2498/2422 2425/2501/2425 2366/2440/2366 
f 2367/2442/2367 2364/2441/2364 2423/2502/2423 
f 2423/2502/2423 2426/2503/2426 2367/2442/2367 
f 2368/2443/2368 2365/2439/2365 2424/2500/2424 
f 2424/2500/2424 2427/2504/2427 2368/2443/2368 
f 2369/2444/2369 2366/2440/2366 2425/2501/2425 
f 2425/2501/2425 2428/2505/2428 2369/2444/2369 
f 2370/2445/2370 2367/2442/2367 2426/2503/2426 
f 2426/2503/2426 2429/2506/2429 2370/2445/2370 
f 2371/2446/2371 2368/2443/2368 2427/2504/2427 
f 2427/2504/2427 2430/2507/2430 2371/2446/2371 
f 2372/2447/2372 2369/2444/2369 2428/2505/2428 
f 2428/2505/2428 2431/2508/2431 2372/2447/2372 
f 2373/2448/2373 2370/2445/2370 2429/2506/2429 
f 2429/2506/2429 2432/2509/2432 2373/2448/2373 
f 2374/2449/2374 2371/2446/2371 2430/2507/2430 
f 2430/2507/2430 2433/2510/2433 2374/2449/2374 
f 2375/2450/2375 2372/2447/2372 2431/2508/2431 
f 2431/2508/2431 2434/2511/2434 2375/2450/2375 
f 2376/2451/2376 2373/2448/2373 2432/2509/2432 
f 2432/2509/2432 2435/2512/2435 2376/2451/2376 
f 2377/2452/2377 2374/2449/2374 2433/2510/2433 
f 2433/2510/2433 2436/2513/2436 2377/2452/2377 
f 2378/2453/2378 2375/2450/2375 2434/2511/2434 
f 2434/2511/2434 2437/2514/2437 2378/2453/2378 
f 2379/2454/2379 2376/2451/2376 2435/2512/2435 
f 2435/2512/2435 2438/2515/2438 2379/2454/2379 
f 2380/2455/2380 2377/2452/2377 2436/2513/2436 
f 2436/2513/2436 2439/2516/2439 2380/2455/2380 
f 2381/2456/2381 2378/2453/2378 2437/2514/2437 
f 2437/2514/2437 2440/2517/2440 2381/2456/2381 
f 2382/2457/2382 2379/2454/2379 2438/2515/2438 
f 2438/2515/2438 2441/2518/2441 2382/2457/2382 
f 2383/2458/2383 2380/2455/2380 2439/2516/2439 
f 2439/2516/2439 2442/2519/2442 2383/2458/2383 
f 2384/2459/2384 2381/2456/2381 2440/2517/2440 
f 2440/2517/2440 2443/2520/2443 2384/2459/2384 
f 2385/2460/2385 2382/2457/2382 2441/2518/2441 
f 2441/2518/2441 2444/2521/2444 2385/2460/2385 
f 2386/2461/2386 2383/2458/2383 2442/2519/2442 
f 2442/2519/2442 2445/2522/2445 2386/2461/2386 
f 2387/2462/2387 2384/2459/2384 2443/2520/2443 
f 2443/2520/2443 2446/2523/2446 2387/2462/2387 
f 2388/2463/2388 2385/2460/2385 2444/2521/2444 
f 2444/2521/2444 2447/2524/2447 2388/2463/2388 
f 2389/2464/2389 2386/2461/2386 2445/2522/2445 
f 2445/2522/2445 2448/2525/2448 2389/2464/2389 
f 2390/2465/2390 2387/2462/2387 2446/2523/2446 
f 2446/2523/2446 2449/2526/2449 2390/2465/2390 
f 2391/2467/2391 2388/2466/2388 2447/2527/2447 
f 2447/2527/2447 2450/2528/2450 2391/2467/2391 
f 2392/2468/2392 2389/2464/2389 2448/2525/2448 
f 2448/2525/2448 2451/2529/2451 2392/2468/2392 
f 76/80/76 2390/2465/2390 2449/2526/2449 
f 2393/2469/2393 2391/2467/2391 2450/2528/2450 
f 2450/2528/2450 2452/2530/2452 2393/2469/2393 
f 2394/2470/2394 2392/2468/2392 2451/2529/2451 
f 2451/2529/2451 2453/2531/2453 2394/2470/2394 
f 2395/2471/2395 2393/2469/2393 2452/2530/2452 
f 2452/2530/2452 2454/2532/2454 2395/2471/2395 
f 2396/2472/2396 2394/2470/2394 2453/2531/2453 
f 2453/2531/2453 2455/2533/2455 2396/2472/2396 
f 2334/2408/2334 2395/2471/2395 2454/2532/2454 
f 2454/2532/2454 2456/2534/2456 2334/2408/2334 
f 2336/2410/2336 2396/2472/2396 2455/2533/2455 
f 2455/2533/2455 2457/2535/2457 2336/2410/2336 
f 2335/2409/2335 2334/2408/2334 2456/2534/2456 
f 2456/2534/2456 2458/2536/2458 2335/2409/2335 
f 2337/2411/2337 2336/2410/2336 2457/2535/2457 
f 2457/2535/2457 2459/2537/2459 2337/2411/2337 
f 2338/2412/2338 2335/2409/2335 2458/2536/2458 
f 2458/2536/2458 2397/2473/2397 2338/2412/2338 
f 2339/2413/2339 2337/2411/2337 2459/2537/2459 
f 2459/2537/2459 2399/2475/2399 2339/2413/2339 
f 2403/2479/2403 2401/2477/2401 2460/2538/2460 
f 2460/2538/2460 2461/2539/2461 2403/2479/2403 
f 2404/2480/2404 2402/2478/2402 2462/2540/2462 
f 2462/2540/2462 2463/2541/2463 2404/2480/2404 
f 2405/2481/2405 2403/2479/2403 2461/2539/2461 
f 2461/2539/2461 2464/2542/2464 2405/2481/2405 
f 2406/2482/2406 2404/2480/2404 2463/2541/2463 
f 2463/2541/2463 2465/2543/2465 2406/2482/2406 
f 2407/2483/2407 2405/2481/2405 2464/2542/2464 
f 2464/2542/2464 2466/2544/2466 2407/2483/2407 
f 2408/2484/2408 2406/2482/2406 2465/2543/2465 
f 2465/2543/2465 2467/2545/2467 2408/2484/2408 
f 2409/2485/2409 2407/2483/2407 2466/2544/2466 
f 2466/2544/2466 2468/2546/2468 2409/2485/2409 
f 2410/2486/2410 2408/2484/2408 2467/2545/2467 
f 2467/2545/2467 2469/2547/2469 2410/2486/2410 
f 2411/2487/2411 2409/2485/2409 2468/2546/2468 
f 2468/2546/2468 2470/2548/2470 2411/2487/2411 
f 2412/2488/2412 2410/2486/2410 2469/2547/2469 
f 2469/2547/2469 2471/2549/2471 2412/2488/2412 
f 2413/2489/2413 2411/2487/2411 2470/2548/2470 
f 2470/2548/2470 2472/2550/2472 2413/2489/2413 
f 2414/2490/2414 2412/2488/2412 2471/2549/2471 
f 2471/2549/2471 2473/2551/2473 2414/2490/2414 
f 2415/2491/2415 2413/2489/2413 2472/2550/2472 
f 2472/2550/2472 2474/2552/2474 2415/2491/2415 
f 2416/2492/2416 2414/2490/2414 2473/2551/2473 
f 2473/2551/2473 2475/2553/2475 2416/2492/2416 
f 2417/2493/2417 2415/2491/2415 2474/2552/2474 
f 2474/2552/2474 2476/2554/2476 2417/2493/2417 
f 2418/2494/2418 2416/2492/2416 2475/2553/2475 
f 2475/2553/2475 2477/2555/2477 2418/2494/2418 
f 2419/2495/2419 2417/2493/2417 2476/2554/2476 
f 2476/2554/2476 2478/2556/2478 2419/2495/2419 
f 2420/2496/2420 2418/2494/2418 2477/2555/2477 
f 2477/2555/2477 2479/2557/2479 2420/2496/2420 
f 2421/2497/2421 14/14/14 2480/2558/2480 
f 2422/2498/2422 2419/2495/2419 2478/2556/2478 
f 2478/2556/2478 2481/2559/2481 2422/2498/2422 
f 2423/2499/2423 2420/2496/2420 2479/2557/2479 
f 2479/2557/2479 2482/2560/2482 2423/2499/2423 
f 2424/2500/2424 2421/2497/2421 2480/2558/2480 
f 2480/2558/2480 2483/2561/2483 2424/2500/2424 
f 2425/2501/2425 2422/2498/2422 2481/2559/2481 
f 2481/2559/2481 2484/2562/2484 2425/2501/2425 
f 2426/2503/2426 2423/2502/2423 2482/2563/2482 
f 2482/2563/2482 2485/2564/2485 2426/2503/2426 
f 2427/2504/2427 2424/2500/2424 2483/2561/2483 
f 2483/2561/2483 2486/2565/2486 2427/2504/2427 
f 2428/2505/2428 2425/2501/2425 2484/2562/2484 
f 2484/2562/2484 2487/2566/2487 2428/2505/2428 
f 2429/2506/2429 2426/2503/2426 2485/2564/2485 
f 2485/2564/2485 2488/2567/2488 2429/2506/2429 
f 2430/2507/2430 2427/2504/2427 2486/2565/2486 
f 2486/2565/2486 2489/2568/2489 2430/2507/2430 
f 2431/2508/2431 2428/2505/2428 2487/2566/2487 
f 2487/2566/2487 2490/2569/2490 2431/2508/2431 
f 2432/2509/2432 2429/2506/2429 2488/2567/2488 
f 2488/2567/2488 2491/2570/2491 2432/2509/2432 
f 2433/2510/2433 2430/2507/2430 2489/2568/2489 
f 2489/2568/2489 2492/2571/2492 2433/2510/2433 
f 2434/2511/2434 2431/2508/2431 2490/2569/2490 
f 2490/2569/2490 2493/2572/2493 2434/2511/2434 
f 2435/2512/2435 2432/2509/2432 2491/2570/2491 
f 2491/2570/2491 2494/2573/2494 2435/2512/2435 
f 2436/2513/2436 2433/2510/2433 2492/2571/2492 
f 2492/2571/2492 2495/2574/2495 2436/2513/2436 
f 2437/2514/2437 2434/2511/2434 2493/2572/2493 
f 2493/2572/2493 2496/2575/2496 2437/2514/2437 
f 2438/2515/2438 2435/2512/2435 2494/2573/2494 
f 2494/2573/2494 2497/2576/2497 2438/2515/2438 
f 2439/2516/2439 2436/2513/2436 2495/2574/2495 
f 2495/2574/2495 2498/2577/2498 2439/2516/2439 
f 2440/2517/2440 2437/2514/2437 2496/2575/2496 
f 2496/2575/2496 2499/2578/2499 2440/2517/2440 
f 2441/2518/2441 2438/2515/2438 2497/2576/2497 
f 2497/2576/2497 2500/2579/2500 2441/2518/2441 
f 2442/2519/2442 2439/2516/2439 2498/2577/2498 
f 2498/2577/2498 2501/2580/2501 2442/2519/2442 
f 2443/2520/2443 2440/2517/2440 2499/2578/2499 
f 2499/2578/2499 2502/2581/2502 2443/2520/2443 
f 2444/2521/2444 2441/2518/2441 2500/2579/2500 
f 2500/2579/2500 2503/2582/2503 2444/2521/2444 
f 2445/2522/2445 2442/2519/2442 2501/2580/2501 
f 2501/2580/2501 2504/2583/2504 2445/2522/2445 
f 2446/2523/2446 2443/2520/2443 2502/2581/2502 
f 2502/2581/2502 2505/2584/2505 2446/2523/2446 
f 2447/2524/2447 2444/2521/2444 2503/2582/2503 
f 2503/2582/2503 2506/2585/2506 2447/2524/2447 
f 2448/2525/2448 2445/2522/2445 2504/2583/2504 
f 2504/2583/2504 2507/2586/2507 2448/2525/2448 
f 2449/2526/2449 2446/2523/2446 2505/2584/2505 
f 2505/2584/2505 2508/2587/2508 2449/2526/2449 
f 2450/2528/2450 2447/2527/2447 2506/2588/2506 
f 2506/2588/2506 2509/2589/2509 2450/2528/2450 
f 2451/2529/2451 2448/2525/2448 2507/2586/2507 
f 2507/2586/2507 2510/2590/2510 2451/2529/2451 
f 76/80/76 2449/2526/2449 2508/2587/2508 
f 2452/2530/2452 2450/2528/2450 2509/2589/2509 
f 2509/2589/2509 2511/2591/2511 2452/2530/2452 
f 2453/2531/2453 2451/2529/2451 2510/2590/2510 
f 2510/2590/2510 2512/2592/2512 2453/2531/2453 
f 2454/2532/2454 2452/2530/2452 2511/2591/2511 
f 2511/2591/2511 2513/2593/2513 2454/2532/2454 
f 2455/2533/2455 2453/2531/2453 2512/2592/2512 
f 2512/2592/2512 2514/2594/2514 2455/2533/2455 
f 2456/2534/2456 2454/2532/2454 2513/2593/2513 
f 2513/2593/2513 2515/2595/2515 2456/2534/2456 
f 2457/2535/2457 2455/2533/2455 2514/2594/2514 
f 2514/2594/2514 2516/2596/2516 2457/2535/2457 
f 2458/2536/2458 2456/2534/2456 2515/2595/2515 
f 2515/2595/2515 2517/2597/2517 2458/2536/2458 
f 2459/2537/2459 2457/2535/2457 2516/2596/2516 
f 2516/2596/2516 2518/2598/2518 2459/2537/2459 
f 2397/2473/2397 2458/2536/2458 2517/2597/2517 
f 2517/2597/2517 2519/2599/2519 2397/2473/2397 
f 2399/2475/2399 2459/2537/2459 2518/2598/2518 
f 2518/2598/2518 2520/2600/2520 2399/2475/2399 
f 2398/2474/2398 2397/2473/2397 2519/2599/2519 
f 2519/2599/2519 2521/2601/2521 2398/2474/2398 
f 2400/2476/2400 2399/2475/2399 2520/2600/2520 
f 2520/2600/2520 2522/2602/2522 2400/2476/2400 
f 2401/2477/2401 2398/2474/2398 2521/2601/2521 
f 2521/2601/2521 2460/2538/2460 2401/2477/2401 
f 2402/2478/2402 2400/2476/2400 2522/2602/2522 
f 2522/2602/2522 2462/2540/2462 2402/2478/2402 
f 2466/2544/2466 2464/2542/2464 2523/2603/2523 
f 2523/2603/2523 2524/2604/2524 2466/2544/2466 
f 2467/2545/2467 2465/2543/2465 2525/2605/2525 
f 2525/2605/2525 2526/2606/2526 2467/2545/2467 
f 2468/2546/2468 2466/2544/2466 2524/2604/2524 
f 2524/2604/2524 2527/2607/2527 2468/2546/2468 
f 2469/2547/2469 2467/2545/2467 2526/2606/2526 
f 2526/2606/2526 2528/2608/2528 2469/2547/2469 
f 2470/2548/2470 2468/2546/2468 2527/2607/2527 
f 2527/2607/2527 2529/2609/2529 2470/2548/2470 
f 2471/2549/2471 2469/2547/2469 2528/2608/2528 
f 2528/2608/2528 2530/2610/2530 2471/2549/2471 
f 2472/2550/2472 2470/2548/2470 2529/2609/2529 
f 2529/2609/2529 2531/2611/2531 2472/2550/2472 
f 2473/2551/2473 2471/2549/2471 2530/2610/2530 
f 2530/2610/2530 2532/2612/2532 2473/2551/2473 
f 2474/2552/2474 2472/2550/2472 2531/2611/2531 
f 2531/2611/2531 2533/2613/2533 2474/2552/2474 
f 2475/2553/2475 2473/2551/2473 2532/2612/2532 
f 2532/2612/2532 2534/2614/2534 2475/2553/2475 
f 2476/2554/2476 2474/2552/2474 2533/2613/2533 
f 2533/2613/2533 2535/2615/2535 2476/2554/2476 
f 2477/2555/2477 2475/2553/2475 2534/2614/2534 
f 2534/2614/2534 2536/2616/2536 2477/2555/2477 
f 2478/2556/2478 2476/2554/2476 2535/2615/2535 
f 2535/2615/2535 2537/2617/2537 2478/2556/2478 
f 2479/2557/2479 2477/2555/2477 2536/2616/2536 
f 2536/2616/2536 2538/2618/2538 2479/2557/2479 
f 2480/2558/2480 14/14/14 2539/2619/2539 
f 2481/2559/2481 2478/2556/2478 2537/2617/2537 
f 2537/2617/2537 2540/2620/2540 2481/2559/2481 
f 2482/2560/2482 2479/2557/2479 2538/2618/2538 
f 2538/2618/2538 2541/2621/2541 2482/2560/2482 
f 2483/2561/2483 2480/2558/2480 2539/2619/2539 
f 2539/2619/2539 2542/2622/2542 2483/2561/2483 
f 2484/2562/2484 2481/2559/2481 2540/2620/2540 
f 2540/2620/2540 2543/2623/2543 2484/2562/2484 
f 2485/2564/2485 2482/2563/2482 2541/2624/2541 
f 2541/2624/2541 2544/2625/2544 2485/2564/2485 
f 2486/2565/2486 2483/2561/2483 2542/2622/2542 
f 2542/2622/2542 2545/2626/2545 2486/2565/2486 
f 2487/2566/2487 2484/2562/2484 2543/2623/2543 
f 2543/2623/2543 2546/2627/2546 2487/2566/2487 
f 2488/2567/2488 2485/2564/2485 2544/2625/2544 
f 2544/2625/2544 2547/2628/2547 2488/2567/2488 
f 2489/2568/2489 2486/2565/2486 2545/2626/2545 
f 2545/2626/2545 2548/2629/2548 2489/2568/2489 
f 2490/2569/2490 2487/2566/2487 2546/2627/2546 
f 2546/2627/2546 2549/2630/2549 2490/2569/2490 
f 2491/2570/2491 2488/2567/2488 2547/2628/2547 
f 2547/2628/2547 2550/2631/2550 2491/2570/2491 
f 2492/2571/2492 2489/2568/2489 2548/2629/2548 
f 2548/2629/2548 2551/2632/2551 2492/2571/2492 
f 2493/2572/2493 2490/2569/2490 2549/2630/2549 
f 2549/2630/2549 2552/2633/2552 2493/2572/2493 
f 2494/2573/2494 2491/2570/2491 2550/2631/2550 
f 2550/2631/2550 2553/2634/2553 2494/2573/2494 
f 2495/2574/2495 2492/2571/2492 2551/2632/2551 
f 2551/2632/2551 2554/2635/2554 2495/2574/2495 
f 2496/2575/2496 2493/2572/2493 2552/2633/2552 
f 2552/2633/2552 2555/2636/2555 2496/2575/2496 
f 2497/2576/2497 2494/2573/2494 2553/2634/2553 
f 2553/2634/2553 2556/2637/2556 2497/2576/2497 
f 2498/2577/2498 2495/2574/2495 2554/2635/2554 
f 2554/2635/2554 2557/2638/2557 2498/2577/2498 
f 2499/2578/2499 2496/2575/2496 2555/2636/2555 
f 2555/2636/2555 2558/2639/2558 2499/2578/2499 
f 2500/2579/2500 2497/2576/2497 2556/2637/2556 
f 2556/2637/2556 2559/2640/2559 2500/2579/2500 
f 2501/2580/2501 2498/2577/2498 2557/2638/2557 
f 2557/2638/2557 2560/2641/2560 2501/2580/2501 
f 2502/2581/2502 2499/2578/2499 2558/2639/2558 
f 2558/2639/2558 2561/2642/2561 2502/2581/2502 
f 2503/2582/2503 2500/2579/2500 2559/2640/2559 
f 2559/2640/2559 2562/2643/2562 2503/2582/2503 
f 2504/2583/2504 2501/2580/2501 2560/2641/2560 
f 2560/2641/2560 2563/2644/2563 2504/2583/2504 
f 2505/2584/2505 2502/2581/2502 2561/2642/2561 
f 2561/2642/2561 2564/2645/2564 2505/2584/2505 
f 2506/2585/2506 2503/2582/2503 2562/2643/2562 
f 2562/2643/2562 2565/2646/2565 2506/2585/2506 
f 2507/2586/2507 2504/2583/2504 2563/2644/2563 
f 2563/2644/2563 2566/2647/2566 2507/2586/2507 
f 2508/2587/2508 2505/2584/2505 2564/2645/2564 
f 2564/2645/2564 2567/2648/2567 2508/2587/2508 
f 2509/2589/2509 2506/2588/2506 2565/2649/2565 
f 2565/2649/2565 2568/2650/2568 2509/2589/2509 
f 2510/2590/2510 2507/2586/2507 2566/2647/2566 
f 2566/2647/2566 2569/2651/2569 2510/2590/2510 
f 76/80/76 2508/2587/2508 2567/2648/2567 
f 2511/2591/2511 2509/2589/2509 2568/2650/2568 
f 2568/2650/2568 2570/2652/2570 2511/2591/2511 
f 2512/2592/2512 2510/2590/2510 2569/2651/2569 
f 2569/2651/2569 2571/2653/2571 2512/2592/2512 
f 2513/2593/2513 2511/2591/2511 2570/2652/2570 
f 2570/2652/2570 2572/2654/2572 2513/2593/2513 
f 2514/2594/2514 2512/2592/2512 2571/2653/2571 
f 2571/2653/2571 2573/2655/2573 2514/2594/2514 
f 2515/2595/2515 2513/2593/2513 2572/2654/2572 
f 2572/2654/2572 2574/2656/2574 2515/2595/2515 
f 2516/2596/2516 2514/2594/2514 2573/2655/2573 
f 2573/2655/2573 2575/2657/2575 2516/2596/2516 
f 2517/2597/2517 2515/2595/2515 2574/2656/2574 
f 2574/2656/2574 2576/2658/2576 2517/2597/2517 
f 2518/2598/2518 2516/2596/2516 2575/2657/2575 
f 2575/2657/2575 2577/2659/2577 2518/2598/2518 
f 2519/2599/2519 2517/2597/2517 2576/2658/2576 
f 2576/2658/2576 2578/2660/2578 2519/2599/2519 
f 2520/2600/2520 2518/2598/2518 2577/2659/2577 
f 2577/2659/2577 2579/2661/2579 2520/2600/2520 
f 2521/2601/2521 2519/2599/2519 2578/2660/2578 
f 2578/2660/2578 2580/2662/2580 2521/2601/2521 
f 2522/2602/2522 2520/2600/2520 2579/2661/2579 
f 2579/2661/2579 2581/2663/2581 2522/2602/2522 
f 2460/2538/2460 2521/2601/2521 2580/2662/2580 
f 2580/2662/2580 2582/2664/2582 2460/2538/2460 
f 2462/2540/2462 2522/2602/2522 2581/2663/2581 
f 2581/2663/2581 2583/2665/2583 2462/2540/2462 
f 2461/2539/2461 2460/2538/2460 2582/2664/2582 
f 2582/2664/2582 2584/2666/2584 2461/2539/2461 
f 2463/2541/2463 2462/2540/2462 2583/2665/2583 
f 2583/2665/2583 2585/2667/2585 2463/2541/2463 
f 2464/2542/2464 2461/2539/2461 2584/2666/2584 
f 2584/2666/2584 2523/2603/2523 2464/2542/2464 
f 2465/2543/2465 2463/2541/2463 2585/2667/2585 
f 2585/2667/2585 2525/2605/2525 2465/2543/2465 
f 2529/2609/2529 2527/2607/2527 2586/2668/2586 
f 2586/2668/2586 2587/2669/2587 2529/2609/2529 
f 2530/2610/2530 2528/2608/2528 2588/2670/2588 
f 2588/2670/2588 2589/2671/2589 2530/2610/2530 
f 2531/2611/2531 2529/2609/2529 2587/2669/2587 
f 2587/2669/2587 2590/2672/2590 2531/2611/2531 
f 2532/2612/2532 2530/2610/2530 2589/2671/2589 
f 2589/2671/2589 2591/2673/2591 2532/2612/2532 
f 2533/2613/2533 2531/2611/2531 2590/2672/2590 
f 2590/2672/2590 2592/2674/2592 2533/2613/2533 
f 2534/2614/2534 2532/2612/2532 2591/2673/2591 
f 2591/2673/2591 2593/2675/2593 2534/2614/2534 
f 2535/2615/2535 2533/2613/2533 2592/2674/2592 
f 2592/2674/2592 2594/2676/2594 2535/2615/2535 
f 2536/2616/2536 2534/2614/2534 2593/2675/2593 
f 2593/2675/2593 2595/2677/2595 2536/2616/2536 
f 2537/2617/2537 2535/2615/2535 2594/2676/2594 
f 2594/2676/2594 2596/2678/2596 2537/2617/2537 
f 2538/2618/2538 2536/2616/2536 2595/2677/2595 
f 2595/2677/2595 2597/2679/2597 2538/2618/2538 
f 2539/2619/2539 14/14/14 2598/2680/2598 
f 2540/2620/2540 2537/2617/2537 2596/2678/2596 
f 2596/2678/2596 2599/2681/2599 2540/2620/2540 
f 2541/2621/2541 2538/2618/2538 2597/2679/2597 
f 2597/2679/2597 2600/2682/2600 2541/2621/2541 
f 2542/2622/2542 2539/2619/2539 2598/2680/2598 
f 2598/2680/2598 2601/2683/2601 2542/2622/2542 
f 2543/2623/2543 2540/2620/2540 2599/2681/2599 
f 2599/2681/2599 2602/2684/2602 2543/2623/2543 
f 2544/2625/2544 2541/2624/2541 2600/2685/2600 
f 2600/2685/2600 2603/2686/2603 2544/2625/2544 
f 2545/2626/2545 2542/2622/2542 2601/2683/2601 
f 2601/2683/2601 2604/2687/2604 2545/2626/2545 
f 2546/2627/2546 2543/2623/2543 2602/2684/2602 
f 2602/2684/2602 2605/2688/2605 2546/2627/2546 
f 2547/2628/2547 2544/2625/2544 2603/2686/2603 
f 2603/2686/2603 2606/2689/2606 2547/2628/2547 
f 2548/2629/2548 2545/2626/2545 2604/2687/2604 
f 2604/2687/2604 2607/2690/2607 2548/2629/2548 
f 2549/2630/2549 2546/2627/2546 2605/2688/2605 
f 2605/2688/2605 2608/2691/2608 2549/2630/2549 
f 2550/2631/2550 2547/2628/2547 2606/2689/2606 
f 2606/2689/2606 2609/2692/2609 2550/2631/2550 
f 2551/2632/2551 2548/2629/2548 2607/2690/2607 
f 2607/2690/2607 2610/2693/2610 2551/2632/2551 
f 2552/2633/2552 2549/2630/2549 2608/2691/2608 
f 2608/2691/2608 2611/2694/2611 2552/2633/2552 
f 2553/2634/2553 2550/2631/2550 2609/2692/2609 
f 2609/2692/2609 2612/2695/2612 2553/2634/2553 
f 2554/2635/2554 2551/2632/2551 2610/2693/2610 
f 2610/2693/2610 2613/2696/2613 2554/2635/2554 
f 2555/2636/2555 2552/2633/2552 2611/2694/2611 
f 2611/2694/2611 2614/2697/2614 2555/2636/2555 
f 2556/2637/2556 2553/2634/2553 2612/2695/2612 
f 2612/2695/2612 2615/2698/2615 2556/2637/2556 
f 2557/2638/2557 2554/2635/2554 2613/2696/2613 
f 2613/2696/2613 2616/2699/2616 2557/2638/2557 
f 2558/2639/2558 2555/2636/2555 2614/2697/2614 
f 2614/2697/2614 2617/2700/2617 2558/2639/2558 
f 2559/2640/2559 2556/2637/2556 2615/2698/2615 
f 2615/2698/2615 2618/2701/2618 2559/2640/2559 
f 2560/2641/2560 2557/2638/2557 2616/2699/2616 
f 2616/2699/2616 2619/2702/2619 2560/2641/2560 
f 2561/2642/2561 2558/2639/2558 2617/2700/2617 
f 2617/2700/2617 2620/2703/2620 2561/2642/2561 
f 2562/2643/2562 2559/2640/2559 2618/2701/2618 
f 2618/2701/2618 2621/2704/2621 2562/2643/2562 
f 2563/2644/2563 2560/2641/2560 2619/2702/2619 
f 2619/2702/2619 2622/2705/2622 2563/2644/2563 
f 2564/2645/2564 2561/2642/2561 2620/2703/2620 
f 2620/2703/2620 2623/2706/2623 2564/2645/2564 
f 2565/2646/2565 2562/2643/2562 2621/2704/2621 
f 2621/2704/2621 2624/2707/2624 2565/2646/2565 
f 2566/2647/2566 2563/2644/2563 2622/2705/2622 
f 2622/2705/2622 2625/2708/2625 2566/2647/2566 
f 2567/2648/2567 2564/2645/2564 2623/2706/2623 
f 2623/2706/2623 2626/2709/2626 2567/2648/2567 
f 2568/2650/2568 2565/2649/2565 2624/2710/2624 
f 2624/2710/2624 2627/2711/2627 2568/2650/2568 
f 2569/2651/2569 2566/2647/2566 2625/2708/2625 
f 2625/2708/2625 2628/2712/2628 2569/2651/2569 
f 76/80/76 2567/2648/2567 2626/2709/2626 
f 2570/2652/2570 2568/2650/2568 2627/2711/2627 
f 2627/2711/2627 2629/2713/2629 2570/2652/2570 
f 2571/2653/2571 2569/2651/2569 2628/2712/2628 
f 2628/2712/2628 2630/2714/2630 2571/2653/2571 
f 2572/2654/2572 2570/2652/2570 2629/2713/2629 
f 2629/2713/2629 2631/2715/2631 2572/2654/2572 
f 2573/2655/2573 2571/2653/2571 2630/2714/2630 
f 2630/2714/2630 2632/2716/2632 2573/2655/2573 
f 2574/2656/2574 2572/2654/2572 2631/2715/2631 
f 2631/2715/2631 2633/2717/2633 2574/2656/2574 
f 2575/2657/2575 2573/2655/2573 2632/2716/2632 
f 2632/2716/2632 2634/2718/2634 2575/2657/2575 
f 2576/2658/2576 2574/2656/2574 2633/2717/2633 
f 2633/2717/2633 2635/2719/2635 2576/2658/2576 
f 2577/2659/2577 2575/2657/2575 2634/2718/2634 
f 2634/2718/2634 2636/2720/2636 2577/2659/2577 
f 2578/2660/2578 2576/2658/2576 2635/2719/2635 
f 2635/2719/2635 2637/2721/2637 2578/2660/2578 
f 2579/2661/2579 2577/2659/2577 2636/2720/2636 
f 2636/2720/2636 2638/2722/2638 2579/2661/2579 
f 2580/2662/2580 2578/2660/2578 2637/2721/2637 
f 2637/2721/2637 2639/2723/2639 2580/2662/2580 
f 2581/2663/2581 2579/2661/2579 2638/2722/2638 
f 2638/2722/2638 2640/2724/2640 2581/2663/2581 
f 2582/2664/2582 2580/2662/2580 2639/2723/2639 
f 2639/2723/2639 2641/2725/2641 2582/2664/2582 
f 2583/2665/2583 2581/2663/2581 2640/2724/2640 
f 2640/2724/2640 2642/2726/2642 2583/2665/2583 
f 2584/2666/2584 2582/2664/2582 2641/2725/2641 
f 2641/2725/2641 2643/2727/2643 2584/2666/2584 
f 2585/2667/2585 2583/2665/2583 2642/2726/2642 
f 2642/2726/2642 2644/2728/2644 2585/2667/2585 
f 2523/2603/2523 2584/2666/2584 2643/2727/2643 
f 2643/2727/2643 2645/2729/2645 2523/2603/2523 
f 2525/2605/2525 2585/2667/2585 2644/2728/2644 
f 2644/2728/2644 2646/2730/2646 2525/2605/2525 
f 2524/2604/2524 2523/2603/2523 2645/2729/2645 
f 2645/2729/2645 2647/2731/2647 2524/2604/2524 
f 2526/2606/2526 2525/2605/2525 2646/2730/2646 
f 2646/2730/2646 2648/2732/2648 2526/2606/2526 
f 2527/2607/2527 2524/2604/2524 2647/2731/2647 
f 2647/2731/2647 2586/2668/2586 2527/2607/2527 
f 2528/2608/2528 2526/2606/2526 2648/2732/2648 
f 2648/2732/2648 2588/2670/2588 2528/2608/2528 
f 2592/2674/2592 2590/2672/2590 2649/2733/2649 
f 2649/2733/2649 2650/2734/2650 2592/2674/2592 
f 2593/2675/2593 2591/2673/2591 2651/2735/2651 
f 2651/2735/2651 2652/2736/2652 2593/2675/2593 
f 2594/2676/2594 2592/2674/2592 2650/2734/2650 
f 2650/2734/2650 2653/2737/2653 2594/2676/2594 
f 2595/2677/2595 2593/2675/2593 2652/2736/2652 
f 2652/2736/2652 2654/2738/2654 2595/2677/2595 
f 2596/2678/2596 2594/2676/2594 2653/2737/2653 
f 2653/2737/2653 2655/2739/2655 2596/2678/2596 
f 2597/2679/2597 2595/2677/2595 2654/2738/2654 
f 2654/2738/2654 2656/2740/2656 2597/2679/2597 
f 2598/2680/2598 14/14/14 2657/2741/2657 
f 2599/2681/2599 2596/2678/2596 2655/2739/2655 
f 2655/2739/2655 2658/2742/2658 2599/2681/2599 
f 2600/2682/2600 2597/2679/2597 2656/2740/2656 
f 2656/2740/2656 2659/2743/2659 2600/2682/2600 
f 2601/2683/2601 2598/2680/2598 2657/2741/2657 
f 2657/2741/2657 2660/2744/2660 2601/2683/2601 
f 2602/2684/2602 2599/2681/2599 2658/2742/2658 
f 2658/2742/2658 2661/2745/2661 2602/2684/2602 
f 2603/2686/2603 2600/2685/2600 2659/2746/2659 
f 2659/2746/2659 2662/2747/2662 2603/2686/2603 
f 2604/2687/2604 2601/2683/2601 2660/2744/2660 
f 2660/2744/2660 2663/2748/2663 2604/2687/2604 
f 2605/2688/2605 2602/2684/2602 2661/2745/2661 
f 2661/2745/2661 2664/2749/2664 2605/2688/2605 
f 2606/2689/2606 2603/2686/2603 2662/2747/2662 
f 2662/2747/2662 2665/2750/2665 2606/2689/2606 
f 2607/2690/2607 2604/2687/2604 2663/2748/2663 
f 2663/2748/2663 2666/2751/2666 2607/2690/2607 
f 2608/2691/2608 2605/2688/2605 2664/2749/2664 
f 2664/2749/2664 2667/2752/2667 2608/2691/2608 
f 2609/2692/2609 2606/2689/2606 2665/2750/2665 
f 2665/2750/2665 2668/2753/2668 2609/2692/2609 
f 2610/2693/2610 2607/2690/2607 2666/2751/2666 
f 2666/2751/2666 2669/2754/2669 2610/2693/2610 
f 2611/2694/2611 2608/2691/2608 2667/2752/2667 
f 2667/2752/2667 2670/2755/2670 2611/2694/2611 
f 2612/2695/2612 2609/2692/2609 2668/2753/2668 
f 2668/2753/2668 2671/2756/2671 2612/2695/2612 
f 2613/2696/2613 2610/2693/2610 2669/2754/2669 
f 2669/2754/2669 2672/2757/2672 2613/2696/2613 
f 2614/2697/2614 2611/2694/2611 2670/2755/2670 
f 2670/2755/2670 2673/2758/2673 2614/2697/2614 
f 2615/2698/2615 2612/2695/2612 2671/2756/2671 
f 2671/2756/2671 2674/2759/2674 2615/2698/2615 
f 2616/2699/2616 2613/2696/2613 2672/2757/2672 
f 2672/2757/2672 2675/2760/2675 2616/2699/2616 
f 2617/2700/2617 2614/2697/2614 2673/2758/2673 
f 2673/2758/2673 2676/2761/2676 2617/2700/2617 
f 2618/2701/2618 2615/2698/2615 2674/2759/2674 
f 2674/2759/2674 2677/2762/2677 2618/2701/2618 
f 2619/2702/2619 2616/2699/2616 2675/2760/2675 
f 2675/2760/2675 2678/2763/2678 2619/2702/2619 
f 2620/2703/2620 2617/2700/2617 2676/2761/2676 
f 2676/2761/2676 2679/2764/2679 2620/2703/2620 
f 2621/2704/2621 2618/2701/2618 2677/2762/2677 
f 2677/2762/2677 2680/2765/2680 2621/2704/2621 
f 2622/2705/2622 2619/2702/2619 2678/2763/2678 
f 2678/2763/2678 2681/2766/2681 2622/2705/2622 
f 2623/2706/2623 2620/2703/2620 2679/2764/2679 
f 2679/2764/2679 2682/2767/2682 2623/2706/2623 
f 2624/2707/2624 2621/2704/2621 2680/2765/2680 
f 2680/2765/2680 2683/2768/2683 2624/2707/2624 
f 2625/2708/2625 2622/2705/2622 2681/2766/2681 
f 2681/2766/2681 2684/2769/2684 2625/2708/2625 
f 2626/2709/2626 2623/2706/2623 2682/2767/2682 
f 2682/2767/2682 2685/2770/2685 2626/2709/2626 
f 2627/2711/2627 2624/2710/2624 2683/2771/2683 
f 2683/2771/2683 2686/2772/2686 2627/2711/2627 
f 2628/2712/2628 2625/2708/2625 2684/2769/2684 
f 2684/2769/2684 2687/2773/2687 2628/2712/2628 
f 76/80/76 2626/2709/2626 2685/2770/2685 
f 2629/2713/2629 2627/2711/2627 2686/2772/2686 
f 2686/2772/2686 2688/2774/2688 2629/2713/2629 
f 2630/2714/2630 2628/2712/2628 2687/2773/2687 
f 2687/2773/2687 2689/2775/2689 2630/2714/2630 
f 2631/2715/2631 2629/2713/2629 2688/2774/2688 
f 2688/2774/2688 2690/2776/2690 2631/2715/2631 
f 2632/2716/2632 2630/2714/2630 2689/2775/2689 
f 2689/2775/2689 2691/2777/2691 2632/2716/2632 
f 2633/2717/2633 2631/2715/2631 2690/2776/2690 
f 2690/2776/2690 2692/2778/2692 2633/2717/2633 
f 2634/2718/2634 2632/2716/2632 2691/2777/2691 
f 2691/2777/2691 2693/2779/2693 2634/2718/2634 
f 2635/2719/2635 2633/2717/2633 2692/2778/2692 
f 2692/2778/2692 2694/2780/2694 2635/2719/2635 
f 2636/2720/2636 2634/2718/2634 2693/2779/2693 
f 2693/2779/2693 2695/2781/2695 2636/2720/2636 
f 2637/2721/2637 2635/2719/2635 2694/2780/2694 
f 2694/2780/2694 2696/2782/2696 2637/2721/2637 
f 2638/2722/2638 2636/2720/2636 2695/2781/2695 
f 2695/2781/2695 2697/2783/2697 2638/2722/2638 
f 2639/2723/2639 2637/2721/2637 2696/2782/2696 
f 2696/2782/2696 2698/2784/2698 2639/2723/2639 
f 2640/2724/2640 2638/2722/2638 2697/2783/2697 
f 2697/2783/2697 2699/2785/2699 2640/2724/2640 
f 2641/2725/2641 2639/2723/2639 2698/2784/2698 
f 2698/2784/2698 2700/2786/2700 2641/2725/2641 
f 2642/2726/2642 2640/2724/2640 2699/2785/2699 
f 2699/2785/2699 2701/2787/2701 2642/2726/2642 
f 2643/2727/2643 2641/2725/2641 2700/2786/2700 
f 2700/2786/2700 2702/2788/2702 2643/2727/2643 
f 2644/2728/2644 2642/2726/2642 2701/2787/2701 
f 2701/2787/2701 2703/2789/2703 2644/2728/2644 
f 2645/2729/2645 2643/2727/2643 2702/2788/2702 
f 2702/2788/2702 2704/2790/2704 2645/2729/2645 
f 2646/2730/2646 2644/2728/2644 2703/2789/2703 
f 2703/2789/2703 2705/2791/2705 2646/2730/2646 
f 2647/2731/2647 2645/2729/2645 2704/2790/2704 
f 2704/2790/2704 2706/2792/2706 2647/2731/2647 
f 2648/2732/2648 2646/2730/2646 2705/2791/2705 
f 2705/2791/2705 2707/2793/2707 2648/2732/2648 
f 2586/2668/2586 2647/2731/2647 2706/2792/2706 
f 2706/2792/2706 2708/2794/2708 2586/2668/2586 
f 2588/2670/2588 2648/2732/2648 2707/2793/2707 
f 2707/2793/2707 2709/2795/2709 2588/2670/2588 
f 2587/2669/2587 2586/2668/2586 2708/2794/2708 
f 2708/2794/2708 2710/2796/2710 2587/2669/2587 
f 2589/2671/2589 2588/2670/2588 2709/2795/2709 
f 2709/2795/2709 2711/2797/2711 2589/2671/2589 
f 2590/2672/2590 2587/2669/2587 2710/2796/2710 
f 2710/2796/2710 2649/2733/2649 2590/2672/2590 
f 2591/2673/2591 2589/2671/2589 2711/2797/2711 
f 2711/2797/2711 2651/2735/2651 2591/2673/2591 
f 2655/2739/2655 2653/2737/2653 2712/2798/2712 
f 2712/2798/2712 2713/2799/2713 2655/2739/2655 
f 2656/2740/2656 2654/2738/2654 2714/2800/2714 
f 2714/2800/2714 2715/2801/2715 2656/2740/2656 
f 2657/2741/2657 14/14/14 2716/2802/2716 
f 2658/2742/2658 2655/2739/2655 2713/2799/2713 
f 2713/2799/2713 2717/2803/2717 2658/2742/2658 
f 2659/2743/2659 2656/2740/2656 2715/2801/2715 
f 2715/2801/2715 2718/2804/2718 2659/2743/2659 
f 2660/2744/2660 2657/2741/2657 2716/2802/2716 
f 2716/2802/2716 2719/2805/2719 2660/2744/2660 
f 2661/2745/2661 2658/2742/2658 2717/2803/2717 
f 2717/2803/2717 2720/2806/2720 2661/2745/2661 
f 2662/2747/2662 2659/2746/2659 2718/2807/2718 
f 2718/2807/2718 2721/2808/2721 2662/2747/2662 
f 2663/2748/2663 2660/2744/2660 2719/2805/2719 
f 2719/2805/2719 2722/2809/2722 2663/2748/2663 
f 2664/2749/2664 2661/2745/2661 2720/2806/2720 
f 2720/2806/2720 2723/2810/2723 2664/2749/2664 
f 2665/2750/2665 2662/2747/2662 2721/2808/2721 
f 2721/2808/2721 2724/2811/2724 2665/2750/2665 
f 2666/2751/2666 2663/2748/2663 2722/2809/2722 
f 2722/2809/2722 2725/2812/2725 2666/2751/2666 
f 2667/2752/2667 2664/2749/2664 2723/2810/2723 
f 2723/2810/2723 2726/2813/2726 2667/2752/2667 
f 2668/2753/2668 2665/2750/2665 2724/2811/2724 
f 2724/2811/2724 2727/2814/2727 2668/2753/2668 
f 2669/2754/2669 2666/2751/2666 2725/2812/2725 
f 2725/2812/2725 2728/2815/2728 2669/2754/2669 
f 2670/2755/2670 2667/2752/2667 2726/2813/2726 
f 2726/2813/2726 2729/2816/2729 2670/2755/2670 
f 2671/2756/2671 2668/2753/2668 2727/2814/2727 
f 2727/2814/2727 2730/2817/2730 2671/2756/2671 
f 2672/2757/2672 2669/2754/2669 2728/2815/2728 
f 2728/2815/2728 2731/2818/2731 2672/2757/2672 
f 2673/2758/2673 2670/2755/2670 2729/2816/2729 
f 2729/2816/2729 2732/2819/2732 2673/2758/2673 
f 2674/2759/2674 2671/2756/2671 2730/2817/2730 
f 2730/2817/2730 2733/2820/2733 2674/2759/2674 
f 2675/2760/2675 2672/2757/2672 2731/2818/2731 
f 2731/2818/2731 2734/2821/2734 2675/2760/2675 
f 2676/2761/2676 2673/2758/2673 2732/2819/2732 
f 2732/2819/2732 2735/2822/2735 2676/2761/2676 
f 2677/2762/2677 2674/2759/2674 2733/2820/2733 
f 2733/2820/2733 2736/2823/2736 2677/2762/2677 
f 2678/2763/2678 2675/2760/2675 2734/2821/2734 
f 2734/2821/2734 2737/2824/2737 2678/2763/2678 
f 2679/2764/2679 2676/2761/2676 2735/2822/2735 
f 2735/2822/2735 2738/2825/2738 2679/2764/2679 
f 2680/2765/2680 2677/2762/2677 2736/2823/2736 
f 2736/2823/2736 2739/2826/2739 2680/2765/2680 
f 2681/2766/2681 2678/2763/2678 2737/2824/2737 
f 2737/2824/2737 2740/2827/2740 2681/2766/2681 
f 2682/2767/2682 2679/2764/2679 2738/2825/2738 
f 2738/2825/2738 2741/2828/2741 2682/2767/2682 
f 2683/2768/2683 2680/2765/2680 2739/2826/2739 
f 2739/2826/2739 2742/2829/2742 2683/2768/2683 
f 2684/2769/2684 2681/2766/2681 2740/2827/2740 
f 2740/2827/2740 2743/2830/2743 2684/2769/2684 
f 2685/2770/2685 2682/2767/2682 2741/2828/2741 
f 2741/2828/2741 2744/2831/2744 2685/2770/2685 
f 2686/2772/2686 2683/2771/2683 2742/2832/2742 
f 2742/2832/2742 2745/2833/2745 2686/2772/2686 
f 2687/2773/2687 2684/2769/2684 2743/2830/2743 
f 2743/2830/2743 2746/2834/2746 2687/2773/2687 
f 76/80/76 2685/2770/2685 2744/2831/2744 
f 2688/2774/2688 2686/2772/2686 2745/2833/2745 
f 2745/2833/2745 2747/2835/2747 2688/2774/2688 
f 2689/2775/2689 2687/2773/2687 2746/2834/2746 
f 2746/2834/2746 2748/2836/2748 2689/2775/2689 
f 2690/2776/2690 2688/2774/2688 2747/2835/2747 
f 2747/2835/2747 2749/2837/2749 2690/2776/2690 
f 2691/2777/2691 2689/2775/2689 2748/2836/2748 
f 2748/2836/2748 2750/2838/2750 2691/2777/2691 
f 2692/2778/2692 2690/2776/2690 2749/2837/2749 
f 2749/2837/2749 2751/2839/2751 2692/2778/2692 
f 2693/2779/2693 2691/2777/2691 2750/2838/2750 
f 2750/2838/2750 2752/2840/2752 2693/2779/2693 
f 2694/2780/2694 2692/2778/2692 2751/2839/2751 
f 2751/2839/2751 2753/2841/2753 2694/2780/2694 
f 2695/2781/2695 2693/2779/2693 2752/2840/2752 
f 2752/2840/2752 2754/2842/2754 2695/2781/2695 
f 2696/2782/2696 2694/2780/2694 2753/2841/2753 
f 2753/2841/2753 2755/2843/2755 2696/2782/2696 
f 2697/2783/2697 2695/2781/2695 2754/2842/2754 
f 2754/2842/2754 2756/2844/2756 2697/2783/2697 
f 2698/2784/2698 2696/2782/2696 2755/2843/2755 
f 2755/2843/2755 2757/2845/2757 2698/2784/2698 
f 2699/2785/2699 2697/2783/2697 2756/2844/2756 
f 2756/2844/2756 2758/2846/2758 2699/2785/2699 
f 2700/2786/2700 2698/2784/2698 2757/2845/2757 
f 2757/2845/2757 2759/2847/2759 2700/2786/2700 
f 2701/2787/2701 2699/2785/2699 2758/2846/2758 
f 2758/2846/2758 2760/2848/2760 2701/2787/2701 
f 2702/2788/2702 2700/2786/2700 2759/2847/2759 
f 2759/2847/2759 2761/2849/2761 2702/2788/2702 
f 2703/2789/2703 2701/2787/2701 2760/2848/2760 
f 2760/2848/2760 2762/2850/2762 2703/2789/2703 
f 2704/2790/2704 2702/2788/2702 2761/2849/2761 
f 2761/2849/2761 2763/2851/2763 2704/2790/2704 
f 2705/2791/2705 2703/2789/2703 2762/2850/2762 
f 2762/2850/2762 2764/2852/2764 2705/2791/2705 
f 2706/2792/2706 2704/2790/2704 2763/2851/2763 
f 2763/2851/2763 2765/2853/2765 2706/2792/2706 
f 2707/2793/2707 2705/2791/2705 2764/2852/2764 
f 2764/2852/2764 2766/2854/2766 2707/2793/2707 
f 2708/2794/2708 2706/2792/2706 2765/2853/2765 
f 2765/2853/2765 2767/2855/2767 2708/2794/2708 
f 2709/2795/2709 2707/2793/2707 2766/2854/2766 
f 2766/2854/2766 2768/2856/2768 2709/2795/2709 
f 2710/2796/2710 2708/2794/2708 2767/2855/2767 
f 2767/2855/2767 2769/2857/2769 2710/2796/2710 
f 2711/2797/2711 2709/2795/2709 2768/2856/2768 
f 2768/2856/2768 2770/2858/2770 2711/2797/2711 
f 2649/2733/2649 2710/2796/2710 2769/2857/2769 
f 2769/2857/2769 2771/2859/2771 2649/2733/2649 
f 2651/2735/2651 2711/2797/2711 2770/2858/2770 
f 2770/2858/2770 2772/2860/2772 2651/2735/2651 
f 2650/2734/2650 2649/2733/2649 2771/2859/2771 
f 2771/2859/2771 2773/2861/2773 2650/2734/2650 
f 2652/2736/2652 2651/2735/2651 2772/2860/2772 
f 2772/2860/2772 2774/2862/2774 2652/2736/2652 
f 2653/2737/2653 2650/2734/2650 2773/2861/2773 
f 2773/2861/2773 2712/2798/2712 2653/2737/2653 
f 2654/2738/2654 2652/2736/2652 2774/2862/2774 
f 2774/2862/2774 2714/2800/2714 2654/2738/2654 
f 2720/2806/2720 2717/2803/2717 2775/2863/2775 
f 2775/2863/2775 2776/2864/2776 2720/2806/2720 
f 2721/2808/2721 2718/2807/2718 2777/2865/2777 
f 2777/2865/2777 2778/2866/2778 2721/2808/2721 
f 2722/2809/2722 2719/2805/2719 2779/2867/2779 
f 2779/2867/2779 2780/2868/2780 2722/2809/2722 
f 2723/2810/2723 2720/2806/2720 2776/2864/2776 
f 2776/2864/2776 2781/2869/2781 2723/2810/2723 
f 2724/2811/2724 2721/2808/2721 2778/2866/2778 
f 2778/2866/2778 2782/2870/2782 2724/2811/2724 
f 2725/2812/2725 2722/2809/2722 2780/2868/2780 
f 2780/2868/2780 2783/2871/2783 2725/2812/2725 
f 2726/2813/2726 2723/2810/2723 2781/2869/2781 
f 2781/2869/2781 2784/2872/2784 2726/2813/2726 
f 2727/2814/2727 2724/2811/2724 2782/2870/2782 
f 2782/2870/2782 2785/2873/2785 2727/2814/2727 
f 2728/2815/2728 2725/2812/2725 2783/2871/2783 
f 2783/2871/2783 2786/2874/2786 2728/2815/2728 
f 2729/2816/2729 2726/2813/2726 2784/2872/2784 
f 2784/2872/2784 2787/2875/2787 2729/2816/2729 
f 2730/2817/2730 2727/2814/2727 2785/2873/2785 
f 2785/2873/2785 2788/2876/2788 2730/2817/2730 
f 2731/2818/2731 2728/2815/2728 2786/2874/2786 
f 2786/2874/2786 2789/2877/2789 2731/2818/2731 
f 2732/2819/2732 2729/2816/2729 2787/2875/2787 
f 2787/2875/2787 2790/2878/2790 2732/2819/2732 
f 2733/2820/2733 2730/2817/2730 2788/2876/2788 
f 2788/2876/2788 2791/2879/2791 2733/2820/2733 
f 2734/2821/2734 2731/2818/2731 2789/2877/2789 
f 2789/2877/2789 2792/2880/2792 2734/2821/2734 
f 2735/2822/2735 2732/2819/2732 2790/2878/2790 
f 2790/2878/2790 2793/2881/2793 2735/2822/2735 
f 2736/2823/2736 2733/2820/2733 2791/2879/2791 
f 2791/2879/2791 2794/2882/2794 2736/2823/2736 
f 2737/2824/2737 2734/2821/2734 2792/2880/2792 
f 2792/2880/2792 2795/2883/2795 2737/2824/2737 
f 2738/2825/2738 2735/2822/2735 2793/2881/2793 
f 2793/2881/2793 2796/2884/2796 2738/2825/2738 
f 2739/2826/2739 2736/2823/2736 2794/2882/2794 
f 2794/2882/2794 2797/2885/2797 2739/2826/2739 
f 2740/2827/2740 2737/2824/2737 2795/2883/2795 
f 2795/2883/2795 2798/2886/2798 2740/2827/2740 
f 2741/2828/2741 2738/2825/2738 2796/2884/2796 
f 2796/2884/2796 2799/2887/2799 2741/2828/2741 
f 2742/2829/2742 2739/2826/2739 2797/2885/2797 
f 2797/2885/2797 2800/2888/2800 2742/2829/2742 
f 2743/2830/2743 2740/2827/2740 2798/2886/2798 
f 2798/2886/2798 2801/2889/2801 2743/2830/2743 
f 2744/2831/2744 2741/2828/2741 2799/2887/2799 
f 2799/2887/2799 2802/2890/2802 2744/2831/2744 
f 2745/2833/2745 2742/2832/2742 2800/2891/2800 
f 2800/2891/2800 2803/2892/2803 2745/2833/2745 
f 2746/2834/2746 2743/2830/2743 2801/2889/2801 
f 2801/2889/2801 2804/2893/2804 2746/2834/2746 
f 76/80/76 2744/2831/2744 2802/2890/2802 
f 2747/2835/2747 2745/2833/2745 2803/2892/2803 
f 2803/2892/2803 2805/2894/2805 2747/2835/2747 
f 2748/2836/2748 2746/2834/2746 2804/2893/2804 
f 2804/2893/2804 2806/2895/2806 2748/2836/2748 
f 2749/2837/2749 2747/2835/2747 2805/2894/2805 
f 2805/2894/2805 2807/2896/2807 2749/2837/2749 
f 2750/2838/2750 2748/2836/2748 2806/2895/2806 
f 2806/2895/2806 2808/2897/2808 2750/2838/2750 
f 2751/2839/2751 2749/2837/2749 2807/2896/2807 
f 2807/2896/2807 2809/2898/2809 2751/2839/2751 
f 2752/2840/2752 2750/2838/2750 2808/2897/2808 
f 2808/2897/2808 2810/2899/2810 2752/2840/2752 
f 2753/2841/2753 2751/2839/2751 2809/2898/2809 
f 2809/2898/2809 2811/2900/2811 2753/2841/2753 
f 2754/2842/2754 2752/2840/2752 2810/2899/2810 
f 2810/2899/2810 2812/2901/2812 2754/2842/2754 
f 2755/2843/2755 2753/2841/2753 2811/2900/2811 
f 2811/2900/2811 2813/2902/2813 2755/2843/2755 
f 2756/2844/2756 2754/2842/2754 2812/2901/2812 
f 2812/2901/2812 2814/2903/2814 2756/2844/2756 
f 2757/2845/2757 2755/2843/2755 2813/2902/2813 
f 2813/2902/2813 2815/2904/2815 2757/2845/2757 
f 2758/2846/2758 2756/2844/2756 2814/2903/2814 
f 2814/2903/2814 2816/2905/2816 2758/2846/2758 
f 2759/2847/2759 2757/2845/2757 2815/2904/2815 
f 2815/2904/2815 2817/2906/2817 2759/2847/2759 
f 2760/2848/2760 2758/2846/2758 2816/2905/2816 
f 2816/2905/2816 2818/2907/2818 2760/2848/2760 
f 2761/2849/2761 2759/2847/2759 2817/2906/2817 
f 2817/2906/2817 2819/2908/2819 2761/2849/2761 
f 2762/2850/2762 2760/2848/2760 2818/2907/2818 
f 2818/2907/2818 2820/2909/2820 2762/2850/2762 
f 2763/2851/2763 2761/2849/2761 2819/2908/2819 
f 2819/2908/2819 2821/2910/2821 2763/2851/2763 
f 2764/2852/2764 2762/2850/2762 2820/2909/2820 
f 2820/2909/2820 2822/2911/2822 2764/2852/2764 
f 2765/2853/2765 2763/2851/2763 2821/2910/2821 
f 2821/2910/2821 2823/2912/2823 2765/2853/2765 
f 2766/2854/2766 2764/2852/2764 2822/2911/2822 
f 2822/2911/2822 2824/2913/2824 2766/2854/2766 
f 2767/2855/2767 2765/2853/2765 2823/2912/2823 
f 2823/2912/2823 2825/2914/2825 2767/2855/2767 
f 2768/2856/2768 2766/2854/2766 2824/2913/2824 
f 2824/2913/2824 2826/2915/2826 2768/2856/2768 
f 2769/2857/2769 2767/2855/2767 2825/2914/2825 
f 2825/2914/2825 2827/2916/2827 2769/2857/2769 
f 2770/2858/2770 2768/2856/2768 2826/2915/2826 
f 2826/2915/2826 2828/2917/2828 2770/2858/2770 
f 2771/2859/2771 2769/2857/2769 2827/2916/2827 
f 2827/2916/2827 2829/2918/2829 2771/2859/2771 
f 2772/2860/2772 2770/2858/2770 2828/2917/2828 
f 2828/2917/2828 2830/2919/2830 2772/2860/2772 
f 2773/2861/2773 2771/2859/2771 2829/2918/2829 
f 2829/2918/2829 2831/2920/2831 2773/2861/2773 
f 2774/2862/2774 2772/2860/2772 2830/2919/2830 
f 2830/2919/2830 2832/2921/2832 2774/2862/2774 
f 2712/2798/2712 2773/2861/2773 2831/2920/2831 
f 2831/2920/2831 2833/2922/2833 2712/2798/2712 
f 2714/2800/2714 2774/2862/2774 2832/2921/2832 
f 2832/2921/2832 2834/2923/2834 2714/2800/2714 
f 2713/2799/2713 2712/2798/2712 2833/2922/2833 
f 2833/2922/2833 2835/2924/2835 2713/2799/2713 
f 2715/2801/2715 2714/2800/2714 2834/2923/2834 
f 2834/2923/2834 2836/2925/2836 2715/2801/2715 
f 2716/2802/2716 14/14/14 2837/2926/2837 
f 2717/2803/2717 2713/2799/2713 2835/2924/2835 
f 2835/2924/2835 2775/2863/2775 2717/2803/2717 
f 2718/2804/2718 2715/2801/2715 2836/2925/2836 
f 2836/2925/2836 2777/2927/2777 2718/2804/2718 
f 2719/2805/2719 2716/2802/2716 2837/2926/2837 
f 2837/2926/2837 2779/2867/2779 2719/2805/2719 
f 2784/2872/2784 2781/2869/2781 2838/2928/2838 
f 2838/2928/2838 2839/2929/2839 2784/2872/2784 
f 2785/2873/2785 2782/2870/2782 2840/2930/2840 
f 2840/2930/2840 2841/2931/2841 2785/2873/2785 
f 2786/2874/2786 2783/2871/2783 2842/2932/2842 
f 2842/2932/2842 2843/2933/2843 2786/2874/2786 
f 2787/2875/2787 2784/2872/2784 2839/2929/2839 
f 2839/2929/2839 2844/2934/2844 2787/2875/2787 
f 2788/2876/2788 2785/2873/2785 2841/2931/2841 
f 2841/2931/2841 2845/2935/2845 2788/2876/2788 
f 2789/2877/2789 2786/2874/2786 2843/2933/2843 
f 2843/2933/2843 2846/2936/2846 2789/2877/2789 
f 2790/2878/2790 2787/2875/2787 2844/2934/2844 
f 2844/2934/2844 2847/2937/2847 2790/2878/2790 
f 2791/2879/2791 2788/2876/2788 2845/2935/2845 
f 2845/2935/2845 2848/2938/2848 2791/2879/2791 
f 2792/2880/2792 2789/2877/2789 2846/2936/2846 
f 2846/2936/2846 2849/2939/2849 2792/2880/2792 
f 2793/2881/2793 2790/2878/2790 2847/2937/2847 
f 2847/2937/2847 2850/2940/2850 2793/2881/2793 
f 2794/2882/2794 2791/2879/2791 2848/2938/2848 
f 2848/2938/2848 2851/2941/2851 2794/2882/2794 
f 2795/2883/2795 2792/2880/2792 2849/2939/2849 
f 2849/2939/2849 2852/2942/2852 2795/2883/2795 
f 2796/2884/2796 2793/2881/2793 2850/2940/2850 
f 2850/2940/2850 2853/2943/2853 2796/2884/2796 
f 2797/2885/2797 2794/2882/2794 2851/2941/2851 
f 2851/2941/2851 2854/2944/2854 2797/2885/2797 
f 2798/2886/2798 2795/2883/2795 2852/2942/2852 
f 2852/2942/2852 2855/2945/2855 2798/2886/2798 
f 2799/2887/2799 2796/2884/2796 2853/2943/2853 
f 2853/2943/2853 2856/2946/2856 2799/2887/2799 
f 2800/2888/2800 2797/2885/2797 2854/2944/2854 
f 2854/2944/2854 2857/2947/2857 2800/2888/2800 
f 2801/2889/2801 2798/2886/2798 2855/2945/2855 
f 2855/2945/2855 2858/2948/2858 2801/2889/2801 
f 2802/2890/2802 2799/2887/2799 2856/2946/2856 
f 2856/2946/2856 2859/2949/2859 2802/2890/2802 
f 2803/2892/2803 2800/2891/2800 2857/2950/2857 
f 2857/2950/2857 2860/2951/2860 2803/2892/2803 
f 2804/2893/2804 2801/2889/2801 2858/2948/2858 
f 2858/2948/2858 2861/2952/2861 2804/2893/2804 
f 76/80/76 2802/2890/2802 2859/2949/2859 
f 2805/2894/2805 2803/2892/2803 2860/2951/2860 
f 2860/2951/2860 2862/2953/2862 2805/2894/2805 
f 2806/2895/2806 2804/2893/2804 2861/2952/2861 
f 2861/2952/2861 2863/2954/2863 2806/2895/2806 
f 2807/2896/2807 2805/2894/2805 2862/2953/2862 
f 2862/2953/2862 2864/2955/2864 2807/2896/2807 
f 2808/2897/2808 2806/2895/2806 2863/2954/2863 
f 2863/2954/2863 2865/2956/2865 2808/2897/2808 
f 2809/2898/2809 2807/2896/2807 2864/2955/2864 
f 2864/2955/2864 2866/2957/2866 2809/2898/2809 
f 2810/2899/2810 2808/2897/2808 2865/2956/2865 
f 2865/2956/2865 2867/2958/2867 2810/2899/2810 
f 2811/2900/2811 2809/2898/2809 2866/2957/2866 
f 2866/2957/2866 2868/2959/2868 2811/2900/2811 
f 2812/2901/2812 2810/2899/2810 2867/2958/2867 
f 2867/2958/2867 2869/2960/2869 2812/2901/2812 
f 2813/2902/2813 2811/2900/2811 2868/2959/2868 
f 2868/2959/2868 2870/2961/2870 2813/2902/2813 
f 2814/2903/2814 2812/2901/2812 2869/2960/2869 
f 2869/2960/2869 2871/2962/2871 2814/2903/2814 
f 2815/2904/2815 2813/2902/2813 2870/2961/2870 
f 2870/2961/2870 2872/2963/2872 2815/2904/2815 
f 2816/2905/2816 2814/2903/2814 2871/2962/2871 
f 2871/2962/2871 2873/2964/2873 2816/2905/2816 
f 2817/2906/2817 2815/2904/2815 2872/2963/2872 
f 2872/2963/2872 2874/2965/2874 2817/2906/2817 
f 2818/2907/2818 2816/2905/2816 2873/2964/2873 
f 2873/2964/2873 2875/2966/2875 2818/2907/2818 
f 2819/2908/2819 2817/2906/2817 2874/2965/2874 
f 2874/2965/2874 2876/2967/2876 2819/2908/2819 
f 2820/2909/2820 2818/2907/2818 2875/2966/2875 
f 2875/2966/2875 2877/2968/2877 2820/2909/2820 
f 2821/2910/2821 2819/2908/2819 2876/2967/2876 
f 2876/2967/2876 2878/2969/2878 2821/2910/2821 
f 2822/2911/2822 2820/2909/2820 2877/2968/2877 
f 2877/2968/2877 2879/2970/2879 2822/2911/2822 
f 2823/2912/2823 2821/2910/2821 2878/2969/2878 
f 2878/2969/2878 2880/2971/2880 2823/2912/2823 
f 2824/2913/2824 2822/2911/2822 2879/2970/2879 
f 2879/2970/2879 2881/2972/2881 2824/2913/2824 
f 2825/2914/2825 2823/2912/2823 2880/2971/2880 
f 2880/2971/2880 2882/2973/2882 2825/2914/2825 
f 2826/2915/2826 2824/2913/2824 2881/2972/2881 
f 2881/2972/2881 2883/2974/2883 2826/2915/2826 
f 2827/2916/2827 2825/2914/2825 2882/2973/2882 
f 2882/2973/2882 2884/2975/2884 2827/2916/2827 
f 2828/2917/2828 2826/2915/2826 2883/2974/2883 
f 2883/2974/2883 2885/2976/2885 2828/2917/2828 
f 2829/2918/2829 2827/2916/2827 2884/2975/2884 
f 2884/2975/2884 2886/2977/2886 2829/2918/2829 
f 2830/2919/2830 2828/2917/2828 2885/2976/2885 
f 2885/2976/2885 2887/2978/2887 2830/2919/2830 
f 2831/2920/2831 2829/2918/2829 2886/2977/2886 
f 2886/2977/2886 2888/2979/2888 2831/2920/2831 
f 2832/2921/2832 2830/2919/2830 2887/2978/2887 
f 2887/2978/2887 2889/2980/2889 2832/2921/2832 
f 2833/2922/2833 2831/2920/2831 2888/2979/2888 
f 2888/2979/2888 2890/2981/2890 2833/2922/2833 
f 2834/2923/2834 2832/2921/2832 2889/2980/2889 
f 2889/2980/2889 2891/2982/2891 2834/2923/2834 
f 2835/2924/2835 2833/2922/2833 2890/2981/2890 
f 2890/2981/2890 2892/2983/2892 2835/2924/2835 
f 2836/2925/2836 2834/2923/2834 2891/2982/2891 
f 2891/2982/2891 2893/2984/2893 2836/2925/2836 
f 2837/2926/2837 14/14/14 2894/2985/2894 
f 2775/2863/2775 2835/2924/2835 2892/2983/2892 
f 2892/2983/2892 2895/2986/2895 2775/2863/2775 
f 2777/2927/2777 2836/2925/2836 2893/2984/2893 
f 2893/2984/2893 2896/2987/2896 2777/2927/2777 
f 2779/2867/2779 2837/2926/2837 2894/2985/2894 
f 2894/2985/2894 2897/2988/2897 2779/2867/2779 
f 2776/2864/2776 2775/2863/2775 2895/2986/2895 
f 2895/2986/2895 2898/2989/2898 2776/2864/2776 
f 2778/2866/2778 2777/2865/2777 2896/2990/2896 
f 2896/2990/2896 2899/2991/2899 2778/2866/2778 
f 2780/2868/2780 2779/2867/2779 2897/2988/2897 
f 2897/2988/2897 2900/2992/2900 2780/2868/2780 
f 2781/2869/2781 2776/2864/2776 2898/2989/2898 
f 2898/2989/2898 2838/2928/2838 2781/2869/2781 
f 2782/2870/2782 2778/2866/2778 2899/2991/2899 
f 2899/2991/2899 2840/2930/2840 2782/2870/2782 
f 2783/2871/2783 2780/2868/2780 2900/2992/2900 
f 2900/2992/2900 2842/2932/2842 2783/2871/2783 
f 2847/2937/2847 2844/2934/2844 2901/2993/2901 
f 2901/2993/2901 2902/2994/2902 2847/2937/2847 
f 2848/2938/2848 2845/2935/2845 2903/2995/2903 
f 2903/2995/2903 2904/2996/2904 2848/2938/2848 
f 2849/2939/2849 2846/2936/2846 2905/2997/2905 
f 2905/2997/2905 2906/2998/2906 2849/2939/2849 
f 2850/2940/2850 2847/2937/2847 2902/2994/2902 
f 2902/2994/2902 2907/2999/2907 2850/2940/2850 
f 2851/2941/2851 2848/2938/2848 2904/2996/2904 
f 2904/2996/2904 2908/3000/2908 2851/2941/2851 
f 2852/2942/2852 2849/2939/2849 2906/2998/2906 
f 2906/2998/2906 2909/3001/2909 2852/2942/2852 
f 2853/2943/2853 2850/2940/2850 2907/2999/2907 
f 2907/2999/2907 2910/3002/2910 2853/2943/2853 
f 2854/2944/2854 2851/2941/2851 2908/3000/2908 
f 2908/3000/2908 2911/3003/2911 2854/2944/2854 
f 2855/2945/2855 2852/2942/2852 2909/3001/2909 
f 2909/3001/2909 2912/3004/2912 2855/2945/2855 
f 2856/2946/2856 2853/2943/2853 2910/3002/2910 
f 2910/3002/2910 2913/3005/2913 2856/2946/2856 
f 2857/2947/2857 2854/2944/2854 2911/3003/2911 
f 2911/3003/2911 2914/3006/2914 2857/2947/2857 
f 2858/2948/2858 2855/2945/2855 2912/3004/2912 
f 2912/3004/2912 2915/3007/2915 2858/2948/2858 
f 2859/2949/2859 2856/2946/2856 2913/3005/2913 
f 2913/3005/2913 2916/3008/2916 2859/2949/2859 
f 2860/2951/2860 2857/2950/2857 2914/3009/2914 
f 2914/3009/2914 2917/3010/2917 2860/2951/2860 
f 2861/2952/2861 2858/2948/2858 2915/3007/2915 
f 2915/3007/2915 2918/3011/2918 2861/2952/2861 
f 76/80/76 2859/2949/2859 2916/3008/2916 
f 2862/2953/2862 2860/2951/2860 2917/3010/2917 
f 2917/3010/2917 2919/3012/2919 2862/2953/2862 
f 2863/2954/2863 2861/2952/2861 2918/3011/2918 
f 2918/3011/2918 2920/3013/2920 2863/2954/2863 
f 2864/2955/2864 2862/2953/2862 2919/3012/2919 
f 2919/3012/2919 2921/3014/2921 2864/2955/2864 
f 2865/2956/2865 2863/2954/2863 2920/3013/2920 
f 2920/3013/2920 2922/3015/2922 2865/2956/2865 
f 2866/2957/2866 2864/2955/2864 2921/3014/2921 
f 2921/3014/2921 2923/3016/2923 2866/2957/2866 
f 2867/2958/2867 2865/2956/2865 2922/3015/2922 
f 2922/3015/2922 2924/3017/2924 2867/2958/2867 
f 2868/2959/2868 2866/2957/2866 2923/3016/2923 
f 2923/3016/2923 2925/3018/2925 2868/2959/2868 
f 2869/2960/2869 2867/2958/2867 2924/3017/2924 
f 2924/3017/2924 2926/3019/2926 2869/2960/2869 
f 2870/2961/2870 2868/2959/2868 2925/3018/2925 
f 2925/3018/2925 2927/3020/2927 2870/2961/2870 
f 2871/2962/2871 2869/2960/2869 2926/3019/2926 
f 2926/3019/2926 2928/3021/2928 2871/2962/2871 
f 2872/2963/2872 2870/2961/2870 2927/3020/2927 
f 2927/3020/2927 2929/3022/2929 2872/2963/2872 
f 2873/2964/2873 2871/2962/2871 2928/3021/2928 
f 2928/3021/2928 2930/3023/2930 2873/2964/2873 
f 2874/2965/2874 2872/2963/2872 2929/3022/2929 
f 2929/3022/2929 2931/3024/2931 2874/2965/2874 
f 2875/2966/2875 2873/2964/2873 2930/3023/2930 
f 2930/3023/2930 2932/3025/2932 2875/2966/2875 
f 2876/2967/2876 2874/2965/2874 2931/3024/2931 
f 2931/3024/2931 2933/3026/2933 2876/2967/2876 
f 2877/2968/2877 2875/2966/2875 2932/3025/2932 
f 2932/3025/2932 2934/3027/2934 2877/2968/2877 
f 2878/2969/2878 2876/2967/2876 2933/3026/2933 
f 2933/3026/2933 2935/3028/2935 2878/2969/2878 
f 2879/2970/2879 2877/2968/2877 2934/3027/2934 
f 2934/3027/2934 2936/3029/2936 2879/2970/2879 
f 2880/2971/2880 2878/2969/2878 2935/3028/2935 
f 2935/3028/2935 2937/3030/2937 2880/2971/2880 
f 2881/2972/2881 2879/2970/2879 2936/3029/2936 
f 2936/3029/2936 2938/3031/2938 2881/2972/2881 
f 2882/2973/2882 2880/2971/2880 2937/3030/2937 
f 2937/3030/2937 2939/3032/2939 2882/2973/2882 
f 2883/2974/2883 2881/2972/2881 2938/3031/2938 
f 2938/3031/2938 2940/3033/2940 2883/2974/2883 
f 2884/2975/2884 2882/2973/2882 2939/3032/2939 
f 2939/3032/2939 2941/3034/2941 2884/2975/2884 
f 2885/2976/2885 2883/2974/2883 2940/3033/2940 
f 2940/3033/2940 2942/3035/2942 2885/2976/2885 
f 2886/2977/2886 2884/2975/2884 2941/3034/2941 
f 2941/3034/2941 2943/3036/2943 2886/2977/2886 
f 2887/2978/2887 2885/2976/2885 2942/3035/2942 
f 2942/3035/2942 2944/3037/2944 2887/2978/2887 
f 2888/2979/2888 2886/2977/2886 2943/3036/2943 
f 2943/3036/2943 2945/3038/2945 2888/2979/2888 
f 2889/2980/2889 2887/2978/2887 2944/3037/2944 
f 2944/3037/2944 2946/3039/2946 2889/2980/2889 
f 2890/2981/2890 2888/2979/2888 2945/3038/2945 
f 2945/3038/2945 2947/3040/2947 2890/2981/2890 
f 2891/2982/2891 2889/2980/2889 2946/3039/2946 
f 2946/3039/2946 2948/3041/2948 2891/2982/2891 
f 2892/2983/2892 2890/2981/2890 2947/3040/2947 
f 2947/3040/2947 2949/3042/2949 2892/2983/2892 
f 2893/2984/2893 2891/2982/2891 2948/3041/2948 
f 2948/3041/2948 2950/3043/2950 2893/2984/2893 
f 2894/2985/2894 14/14/14 2951/3044/2951 
f 2895/2986/2895 2892/2983/2892 2949/3042/2949 
f 2949/3042/2949 2952/3045/2952 2895/2986/2895 
f 2896/2987/2896 2893/2984/2893 2950/3043/2950 
f 2950/3043/2950 2953/3046/2953 2896/2987/2896 
f 2897/2988/2897 2894/2985/2894 2951/3044/2951 
f 2951/3044/2951 2954/3047/2954 2897/2988/2897 
f 2898/2989/2898 2895/2986/2895 2952/3045/2952 
f 2952/3045/2952 2955/3048/2955 2898/2989/2898 
f 2899/2991/2899 2896/2990/2896 2953/3049/2953 
f 2953/3049/2953 2956/3050/2956 2899/2991/2899 
f 2900/2992/2900 2897/2988/2897 2954/3047/2954 
f 2954/3047/2954 2957/3051/2957 2900/2992/2900 
f 2838/2928/2838 2898/2989/2898 2955/3048/2955 
f 2955/3048/2955 2958/3052/2958 2838/2928/2838 
f 2840/2930/2840 2899/2991/2899 2956/3050/2956 
f 2956/3050/2956 2959/3053/2959 2840/2930/2840 
f 2842/2932/2842 2900/2992/2900 2957/3051/2957 
f 2957/3051/2957 2960/3054/2960 2842/2932/2842 
f 2839/2929/2839 2838/2928/2838 2958/3052/2958 
f 2958/3052/2958 2961/3055/2961 2839/2929/2839 
f 2841/2931/2841 2840/2930/2840 2959/3053/2959 
f 2959/3053/2959 2962/3056/2962 2841/2931/2841 
f 2843/2933/2843 2842/2932/2842 2960/3054/2960 
f 2960/3054/2960 2963/3057/2963 2843/2933/2843 
f 2844/2934/2844 2839/2929/2839 2961/3055/2961 
f 2961/3055/2961 2901/2993/2901 2844/2934/2844 
f 2845/2935/2845 2841/2931/2841 2962/3056/2962 
f 2962/3056/2962 2903/2995/2903 2845/2935/2845 
f 2846/2936/2846 2843/2933/2843 2963/3057/2963 
f 2963/3057/2963 2905/2997/2905 2846/2936/2846 
f 2910/3002/2910 2907/2999/2907 2964/3058/2964 
f 2964/3058/2964 2965/3059/2965 2910/3002/2910 
f 2911/3003/2911 2908/3000/2908 2966/3060/2966 
f 2966/3060/2966 2967/3061/2967 2911/3003/2911 
f 2912/3004/2912 2909/3001/2909 2968/3062/2968 
f 2968/3062/2968 2969/3063/2969 2912/3004/2912 
f 2913/3005/2913 2910/3002/2910 2965/3059/2965 
f 2965/3059/2965 2970/3064/2970 2913/3005/2913 
f 2914/3006/2914 2911/3003/2911 2967/3061/2967 
f 2967/3061/2967 2971/3065/2971 2914/3006/2914 
f 2915/3007/2915 2912/3004/2912 2969/3063/2969 
f 2969/3063/2969 2972/3066/2972 2915/3007/2915 
f 2916/3008/2916 2913/3005/2913 2970/3064/2970 
f 2970/3064/2970 2973/3067/2973 2916/3008/2916 
f 2917/3010/2917 2914/3009/2914 2971/3068/2971 
f 2971/3068/2971 2974/3069/2974 2917/3010/2917 
f 2918/3011/2918 2915/3007/2915 2972/3066/2972 
f 2972/3066/2972 2975/3070/2975 2918/3011/2918 
f 76/80/76 2916/3008/2916 2973/3067/2973 
f 2919/3012/2919 2917/3010/2917 2974/3069/2974 
f 2974/3069/2974 2976/3071/2976 2919/3012/2919 
f 2920/3013/2920 2918/3011/2918 2975/3070/2975 
f 2975/3070/2975 2977/3072/2977 2920/3013/2920 
f 2921/3014/2921 2919/3012/2919 2976/3071/2976 
f 2976/3071/2976 2978/3073/2978 2921/3014/2921 
f 2922/3015/2922 2920/3013/2920 2977/3072/2977 
f 2977/3072/2977 2979/3074/2979 2922/3015/2922 
f 2923/3016/2923 2921/3014/2921 2978/3073/2978 
f 2978/3073/2978 2980/3075/2980 2923/3016/2923 
f 2924/3017/2924 2922/3015/2922 2979/3074/2979 
f 2979/3074/2979 2981/3076/2981 2924/3017/2924 
f 2925/3018/2925 2923/3016/2923 2980/3075/2980 
f 2980/3075/2980 2982/3077/2982 2925/3018/2925 
f 2926/3019/2926 2924/3017/2924 2981/3076/2981 
f 2981/3076/2981 2983/3078/2983 2926/3019/2926 
f 2927/3020/2927 2925/3018/2925 2982/3077/2982 
f 2982/3077/2982 2984/3079/2984 2927/3020/2927 
f 2928/3021/2928 2926/3019/2926 2983/3078/2983 
f 2983/3078/2983 2985/3080/2985 2928/3021/2928 
f 2929/3022/2929 2927/3020/2927 2984/3079/2984 
f 2984/3079/2984 2986/3081/2986 2929/3022/2929 
f 2930/3023/2930 2928/3021/2928 2985/3080/2985 
f 2985/3080/2985 2987/3082/2987 2930/3023/2930 
f 2931/3024/2931 2929/3022/2929 2986/3081/2986 
f 2986/3081/2986 2988/3083/2988 2931/3024/2931 
f 2932/3025/2932 2930/3023/2930 2987/3082/2987 
f 2987/3082/2987 2989/3084/2989 2932/3025/2932 
f 2933/3026/2933 2931/3024/2931 2988/3083/2988 
f 2988/3083/2988 2990/3085/2990 2933/3026/2933 
f 2934/3027/2934 2932/3025/2932 2989/3084/2989 
f 2989/3084/2989 2991/3086/2991 2934/3027/2934 
f 2935/3028/2935 2933/3026/2933 2990/3085/2990 
f 2990/3085/2990 2992/3087/2992 2935/3028/2935 
f 2936/3029/2936 2934/3027/2934 2991/3086/2991 
f 2991/3086/2991 2993/3088/2993 2936/3029/2936 
f 2937/3030/2937 2935/3028/2935 2992/3087/2992 
f 2992/3087/2992 2994/3089/2994 2937/3030/2937 
f 2938/3031/2938 2936/3029/2936 2993/3088/2993 
f 2993/3088/2993 2995/3090/2995 2938/3031/2938 
f 2939/3032/2939 2937/3030/2937 2994/3089/2994 
f 2994/3089/2994 2996/3091/2996 2939/3032/2939 
f 2940/3033/2940 2938/3031/2938 2995/3090/2995 
f 2995/3090/2995 2997/3092/2997 2940/3033/2940 
f 2941/3034/2941 2939/3032/2939 2996/3091/2996 
f 2996/3091/2996 2998/3093/2998 2941/3034/2941 
f 2942/3035/2942 2940/3033/2940 2997/3092/2997 
f 2997/3092/2997 2999/3094/2999 2942/3035/2942 
f 2943/3036/2943 2941/3034/2941 2998/3093/2998 
f 2998/3093/2998 3000/3095/3000 2943/3036/2943 
f 2944/3037/2944 2942/3035/2942 2999/3094/2999 
f 2999/3094/2999 3001/3096/3001 2944/3037/2944 
f 2945/3038/2945 2943/3036/2943 3000/3095/3000 
f 3000/3095/3000 3002/3097/3002 2945/3038/2945 
f 2946/3039/2946 2944/3037/2944 3001/3096/3001 
f 3001/3096/3001 3003/3098/3003 2946/3039/2946 
f 2947/3040/2947 2945/3038/2945 3002/3097/3002 
f 3002/3097/3002 3004/3099/3004 2947/3040/2947 
f 2948/3041/2948 2946/3039/2946 3003/3098/3003 
f 3003/3098/3003 3005/3100/3005 2948/3041/2948 
f 2949/3042/2949 2947/3040/2947 3004/3099/3004 
f 3004/3099/3004 3006/3101/3006 2949/3042/2949 
f 2950/3043/2950 2948/3041/2948 3005/3100/3005 
f 3005/3100/3005 3007/3102/3007 2950/3043/2950 
f 2951/3044/2951 14/14/14 3008/3103/3008 
f 2952/3045/2952 2949/3042/2949 3006/3101/3006 
f 3006/3101/3006 3009/3104/3009 2952/3045/2952 
f 2953/3046/2953 2950/3043/2950 3007/3102/3007 
f 3007/3102/3007 3010/3105/3010 2953/3046/2953 
f 2954/3047/2954 2951/3044/2951 3008/3103/3008 
f 3008/3103/3008 3011/3106/3011 2954/3047/2954 
f 2955/3048/2955 2952/3045/2952 3009/3104/3009 
f 3009/3104/3009 3012/3107/3012 2955/3048/2955 
f 2956/3050/2956 2953/3049/2953 3010/3108/3010 
f 3010/3108/3010 3013/3109/3013 2956/3050/2956 
f 2957/3051/2957 2954/3047/2954 3011/3106/3011 
f 3011/3106/3011 3014/3110/3014 2957/3051/2957 
f 2958/3052/2958 2955/3048/2955 3012/3107/3012 
f 3012/3107/3012 3015/3111/3015 2958/3052/2958 
f 2959/3053/2959 2956/3050/2956 3013/3109/3013 
f 3013/3109/3013 3016/3112/3016 2959/3053/2959 
f 2960/3054/2960 2957/3051/2957 3014/3110/3014 
f 3014/3110/3014 3017/3113/3017 2960/3054/2960 
f 2961/3055/2961 2958/3052/2958 3015/3111/3015 
f 3015/3111/3015 3018/3114/3018 2961/3055/2961 
f 2962/3056/2962 2959/3053/2959 3016/3112/3016 
f 3016/3112/3016 3019/3115/3019 2962/3056/2962 
f 2963/3057/2963 2960/3054/2960 3017/3113/3017 
f 3017/3113/3017 3020/3116/3020 2963/3057/2963 
f 2901/2993/2901 2961/3055/2961 3018/3114/3018 
f 3018/3114/3018 3021/3117/3021 2901/2993/2901 
f 2903/2995/2903 2962/3056/2962 3019/3115/3019 
f 3019/3115/3019 3022/3118/3022 2903/2995/2903 
f 2905/2997/2905 2963/3057/2963 3020/3116/3020 
f 3020/3116/3020 3023/3119/3023 2905/2997/2905 
f 2902/2994/2902 2901/2993/2901 3021/3117/3021 
f 3021/3117/3021 3024/3120/3024 2902/2994/2902 
f 2904/2996/2904 2903/2995/2903 3022/3118/3022 
f 3022/3118/3022 3025/3121/3025 2904/2996/2904 
f 2906/2998/2906 2905/2997/2905 3023/3119/3023 
f 3023/3119/3023 3026/3122/3026 2906/2998/2906 
f 2907/2999/2907 2902/2994/2902 3024/3120/3024 
f 3024/3120/3024 2964/3058/2964 2907/2999/2907 
f 2908/3000/2908 2904/2996/2904 3025/3121/3025 
f 3025/3121/3025 2966/3060/2966 2908/3000/2908 
f 2909/3001/2909 2906/2998/2906 3026/3122/3026 
f 3026/3122/3026 2968/3062/2968 2909/3001/2909 
f 2973/3067/2973 2970/3064/2970 3027/3123/3027 
f 3027/3123/3027 3028/3124/3028 2973/3067/2973 
f 2974/3069/2974 2971/3068/2971 3029/3125/3029 
f 3029/3125/3029 3030/3126/3030 2974/3069/2974 
f 2975/3070/2975 2972/3066/2972 3031/3127/3031 
f 3031/3127/3031 3032/3128/3032 2975/3070/2975 
f 76/80/76 2973/3067/2973 3028/3124/3028 
f 2976/3071/2976 2974/3069/2974 3030/3126/3030 
f 3030/3126/3030 3033/3129/3033 2976/3071/2976 
f 2977/3072/2977 2975/3070/2975 3032/3128/3032 
f 3032/3128/3032 3034/3130/3034 2977/3072/2977 
f 2978/3073/2978 2976/3071/2976 3033/3129/3033 
f 3033/3129/3033 3035/3131/3035 2978/3073/2978 
f 2979/3074/2979 2977/3072/2977 3034/3130/3034 
f 3034/3130/3034 3036/3132/3036 2979/3074/2979 
f 2980/3075/2980 2978/3073/2978 3035/3131/3035 
f 3035/3131/3035 3037/3133/3037 2980/3075/2980 
f 2981/3076/2981 2979/3074/2979 3036/3132/3036 
f 3036/3132/3036 3038/3134/3038 2981/3076/2981 
f 2982/3077/2982 2980/3075/2980 3037/3133/3037 
f 3037/3133/3037 3039/3135/3039 2982/3077/2982 
f 2983/3078/2983 2981/3076/2981 3038/3134/3038 
f 3038/3134/3038 3040/3136/3040 2983/3078/2983 
f 2984/3079/2984 2982/3077/2982 3039/3135/3039 
f 3039/3135/3039 3041/3137/3041 2984/3079/2984 
f 2985/3080/2985 2983/3078/2983 3040/3136/3040 
f 3040/3136/3040 3042/3138/3042 2985/3080/2985 
f 2986/3081/2986 2984/3079/2984 3041/3137/3041 
f 3041/3137/3041 3043/3139/3043 2986/3081/2986 
f 2987/3082/2987 2985/3080/2985 3042/3138/3042 
f 3042/3138/3042 3044/3140/3044 2987/3082/2987 
f 2988/3083/2988 2986/3081/2986 3043/3139/3043 
f 3043/3139/3043 3045/3141/3045 2988/3083/2988 
f 2989/3084/2989 2987/3082/2987 3044/3140/3044 
f 3044/3140/3044 3046/3142/3046 2989/3084/2989 
f 2990/3085/2990 2988/3083/2988 3045/3141/3045 
f 3045/3141/3045 3047/3143/3047 2990/3085/2990 
f 2991/3086/2991 2989/3084/2989 3046/3142/3046 
f 3046/3142/3046 3048/3144/3048 2991/3086/2991 
f 2992/3087/2992 2990/3085/2990 3047/3143/3047 
f 3047/3143/3047 3049/3145/3049 2992/3087/2992 
f 2993/3088/2993 2991/3086/2991 3048/3144/3048 
f 3048/3144/3048 3050/3146/3050 2993/3088/2993 
f 2994/3089/2994 2992/3087/2992 3049/3145/3049 
f 3049/3145/3049 3051/3147/3051 2994/3089/2994 
f 2995/3090/2995 2993/3088/2993 3050/3146/3050 
f 3050/3146/3050 3052/3148/3052 2995/3090/2995 
f 2996/3091/2996 2994/3089/2994 3051/3147/3051 
f 3051/3147/3051 3053/3149/3053 2996/3091/2996 
f 2997/3092/2997 2995/3090/2995 3052/3148/3052 
f 3052/3148/3052 3054/3150/3054 2997/3092/2997 
f 2998/3093/2998 2996/3091/2996 3053/3149/3053 
f 3053/3149/3053 3055/3151/3055 2998/3093/2998 
f 2999/3094/2999 2997/3092/2997 3054/3150/3054 
f 3054/3150/3054 3056/3152/3056 2999/3094/2999 
f 3000/3095/3000 2998/3093/2998 3055/3151/3055 
f 3055/3151/3055 3057/3153/3057 3000/3095/3000 
f 3001/3096/3001 2999/3094/2999 3056/3152/3056 
f 3056/3152/3056 3058/3154/3058 3001/3096/3001 
f 3002/3097/3002 3000/3095/3000 3057/3153/3057 
f 3057/3153/3057 3059/3155/3059 3002/3097/3002 
f 3003/3098/3003 3001/3096/3001 3058/3154/3058 
f 3058/3154/3058 3060/3156/3060 3003/3098/3003 
f 3004/3099/3004 3002/3097/3002 3059/3155/3059 
f 3059/3155/3059 3061/3157/3061 3004/3099/3004 
f 3005/3100/3005 3003/3098/3003 3060/3156/3060 
f 3060/3156/3060 3062/3158/3062 3005/3100/3005 
f 3006/3101/3006 3004/3099/3004 3061/3157/3061 
f 3061/3157/3061 3063/3159/3063 3006/3101/3006 
f 3007/3102/3007 3005/3100/3005 3062/3158/3062 
f 3062/3158/3062 3064/3160/3064 3007/3102/3007 
f 3008/3103/3008 14/14/14 3065/3161/3065 
f 3009/3104/3009 3006/3101/3006 3063/3159/3063 
f 3063/3159/3063 3066/3162/3066 3009/3104/3009 
f 3010/3105/3010 3007/3102/3007 3064/3160/3064 
f 3064/3160/3064 3067/3163/3067 3010/3105/3010 
f 3011/3106/3011 3008/3103/3008 3065/3161/3065 
f 3065/3161/3065 3068/3164/3068 3011/3106/3011 
f 3012/3107/3012 3009/3104/3009 3066/3162/3066 
f 3066/3162/3066 3069/3165/3069 3012/3107/3012 
f 3013/3109/3013 3010/3108/3010 3067/3166/3067 
f 3067/3166/3067 3070/3167/3070 3013/3109/3013 
f 3014/3110/3014 3011/3106/3011 3068/3164/3068 
f 3068/3164/3068 3071/3168/3071 3014/3110/3014 
f 3015/3111/3015 3012/3107/3012 3069/3165/3069 
f 3069/3165/3069 3072/3169/3072 3015/3111/3015 
f 3016/3112/3016 3013/3109/3013 3070/3167/3070 
f 3070/3167/3070 3073/3170/3073 3016/3112/3016 
f 3017/3113/3017 3014/3110/3014 3071/3168/3071 
f 3071/3168/3071 3074/3171/3074 3017/3113/3017 
f 3018/3114/3018 3015/3111/3015 3072/3169/3072 
f 3072/3169/3072 3075/3172/3075 3018/3114/3018 
f 3019/3115/3019 3016/3112/3016 3073/3170/3073 
f 3073/3170/3073 3076/3173/3076 3019/3115/3019 
f 3020/3116/3020 3017/3113/3017 3074/3171/3074 
f 3074/3171/3074 3077/3174/3077 3020/3116/3020 
f 3021/3117/3021 3018/3114/3018 3075/3172/3075 
f 3075/3172/3075 3078/3175/3078 3021/3117/3021 
f 3022/3118/3022 3019/3115/3019 3076/3173/3076 
f 3076/3173/3076 3079/3176/3079 3022/3118/3022 
f 3023/3119/3023 3020/3116/3020 3077/3174/3077 
f 3077/3174/3077 3080/3177/3080 3023/3119/3023 
f 3024/3120/3024 3021/3117/3021 3078/3175/3078 
f 3078/3175/3078 3081/3178/3081 3024/3120/3024 
f 3025/3121/3025 3022/3118/3022 3079/3176/3079 
f 3079/3176/3079 3082/3179/3082 3025/3121/3025 
f 3026/3122/3026 3023/3119/3023 3080/3177/3080 
f 3080/3177/3080 3083/3180/3083 3026/3122/3026 
f 2964/3058/2964 3024/3120/3024 3081/3178/3081 
f 3081/3178/3081 3084/3181/3084 2964/3058/2964 
f 2966/3060/2966 3025/3121/3025 3082/3179/3082 
f 3082/3179/3082 3085/3182/3085 2966/3060/2966 
f 2968/3062/2968 3026/3122/3026 3083/3180/3083 
f 3083/3180/3083 3086/3183/3086 2968/3062/2968 
f 2965/3059/2965 2964/3058/2964 3084/3181/3084 
f 3084/3181/3084 3087/3184/3087 2965/3059/2965 
f 2967/3061/2967 2966/3060/2966 3085/3182/3085 
f 3085/3182/3085 3088/3185/3088 2967/3061/2967 
f 2969/3063/2969 2968/3062/2968 3086/3183/3086 
f 3086/3183/3086 3089/3186/3089 2969/3063/2969 
f 2970/3064/2970 2965/3059/2965 3087/3184/3087 
f 3087/3184/3087 3027/3123/3027 2970/3064/2970 
f 2971/3065/2971 2967/3061/2967 3088/3185/3088 
f 3088/3185/3088 3029/3187/3029 2971/3065/2971 
f 2972/3066/2972 2969/3063/2969 3089/3186/3089 
f 3089/3186/3089 3031/3127/3031 2972/3066/2972 
f 3035/3131/3035 3033/3129/3033 3090/3188/3090 
f 3090/3188/3090 3091/3189/3091 3035/3131/3035 
f 3036/3132/3036 3034/3130/3034 3092/3190/3092 
f 3092/3190/3092 3093/3191/3093 3036/3132/3036 
f 3037/3133/3037 3035/3131/3035 3091/3189/3091 
f 3091/3189/3091 3094/3192/3094 3037/3133/3037 
f 3038/3134/3038 3036/3132/3036 3093/3191/3093 
f 3093/3191/3093 3095/3193/3095 3038/3134/3038 
f 3039/3135/3039 3037/3133/3037 3094/3192/3094 
f 3094/3192/3094 3096/3194/3096 3039/3135/3039 
f 3040/3136/3040 3038/3134/3038 3095/3193/3095 
f 3095/3193/3095 3097/3195/3097 3040/3136/3040 
f 3041/3137/3041 3039/3135/3039 3096/3194/3096 
f 3096/3194/3096 3098/3196/3098 3041/3137/3041 
f 3042/3138/3042 3040/3136/3040 3097/3195/3097 
f 3097/3195/3097 3099/3197/3099 3042/3138/3042 
f 3043/3139/3043 3041/3137/3041 3098/3196/3098 
f 3098/3196/3098 3100/3198/3100 3043/3139/3043 
f 3044/3140/3044 3042/3138/3042 3099/3197/3099 
f 3099/3197/3099 3101/3199/3101 3044/3140/3044 
f 3045/3141/3045 3043/3139/3043 3100/3198/3100 
f 3100/3198/3100 3102/3200/3102 3045/3141/3045 
f 3046/3142/3046 3044/3140/3044 3101/3199/3101 
f 3101/3199/3101 3103/3201/3103 3046/3142/3046 
f 3047/3143/3047 3045/3141/3045 3102/3200/3102 
f 3102/3200/3102 3104/3202/3104 3047/3143/3047 
f 3048/3144/3048 3046/3142/3046 3103/3201/3103 
f 3103/3201/3103 3105/3203/3105 3048/3144/3048 
f 3049/3145/3049 3047/3143/3047 3104/3202/3104 
f 3104/3202/3104 3106/3204/3106 3049/3145/3049 
f 3050/3146/3050 3048/3144/3048 3105/3203/3105 
f 3105/3203/3105 3107/3205/3107 3050/3146/3050 
f 3051/3147/3051 3049/3145/3049 3106/3204/3106 
f 3106/3204/3106 3108/3206/3108 3051/3147/3051 
f 3052/3148/3052 3050/3146/3050 3107/3205/3107 
f 3107/3205/3107 3109/3207/3109 3052/3148/3052 
f 3053/3149/3053 3051/3147/3051 3108/3206/3108 
f 3108/3206/3108 3110/3208/3110 3053/3149/3053 
f 3054/3150/3054 3052/3148/3052 3109/3207/3109 
f 3109/3207/3109 3111/3209/3111 3054/3150/3054 
f 3055/3151/3055 3053/3149/3053 3110/3208/3110 
f 3110/3208/3110 3112/3210/3112 3055/3151/3055 
f 3056/3152/3056 3054/3150/3054 3111/3209/3111 
f 3111/3209/3111 3113/3211/3113 3056/3152/3056 
f 3057/3153/3057 3055/3151/3055 3112/3210/3112 
f 3112/3210/3112 3114/3212/3114 3057/3153/3057 
f 3058/3154/3058 3056/3152/3056 3113/3211/3113 
f 3113/3211/3113 3115/3213/3115 3058/3154/3058 
f 3059/3155/3059 3057/3153/3057 3114/3212/3114 
f 3114/3212/3114 3116/3214/3116 3059/3155/3059 
f 3060/3156/3060 3058/3154/3058 3115/3213/3115 
f 3115/3213/3115 3117/3215/3117 3060/3156/3060 
f 3061/3157/3061 3059/3155/3059 3116/3214/3116 
f 3116/3214/3116 3118/3216/3118 3061/3157/3061 
f 3062/3158/3062 3060/3156/3060 3117/3215/3117 
f 3117/3215/3117 3119/3217/3119 3062/3158/3062 
f 3063/3159/3063 3061/3157/3061 3118/3216/3118 
f 3118/3216/3118 3120/3218/3120 3063/3159/3063 
f 3064/3160/3064 3062/3158/3062 3119/3217/3119 
f 3119/3217/3119 3121/3219/3121 3064/3160/3064 
f 3065/3161/3065 14/14/14 3122/3220/3122 
f 3066/3162/3066 3063/3159/3063 3120/3218/3120 
f 3120/3218/3120 3123/3221/3123 3066/3162/3066 
f 3067/3163/3067 3064/3160/3064 3121/3219/3121 
f 3121/3219/3121 3124/3222/3124 3067/3163/3067 
f 3068/3164/3068 3065/3161/3065 3122/3220/3122 
f 3122/3220/3122 3125/3223/3125 3068/3164/3068 
f 3069/3165/3069 3066/3162/3066 3123/3221/3123 
f 3123/3221/3123 3126/3224/3126 3069/3165/3069 
f 3070/3167/3070 3067/3166/3067 3124/3225/3124 
f 3124/3225/3124 3127/3226/3127 3070/3167/3070 
f 3071/3168/3071 3068/3164/3068 3125/3223/3125 
f 3125/3223/3125 3128/3227/3128 3071/3168/3071 
f 3072/3169/3072 3069/3165/3069 3126/3224/3126 
f 3126/3224/3126 3129/3228/3129 3072/3169/3072 
f 3073/3170/3073 3070/3167/3070 3127/3226/3127 
f 3127/3226/3127 3130/3229/3130 3073/3170/3073 
f 3074/3171/3074 3071/3168/3071 3128/3227/3128 
f 3128/3227/3128 3131/3230/3131 3074/3171/3074 
f 3075/3172/3075 3072/3169/3072 3129/3228/3129 
f 3129/3228/3129 3132/3231/3132 3075/3172/3075 
f 3076/3173/3076 3073/3170/3073 3130/3229/3130 
f 3130/3229/3130 3133/3232/3133 3076/3173/3076 
f 3077/3174/3077 3074/3171/3074 3131/3230/3131 
f 3131/3230/3131 3134/3233/3134 3077/3174/3077 
f 3078/3175/3078 3075/3172/3075 3132/3231/3132 
f 3132/3231/3132 3135/3234/3135 3078/3175/3078 
f 3079/3176/3079 3076/3173/3076 3133/3232/3133 
f 3133/3232/3133 3136/3235/3136 3079/3176/3079 
f 3080/3177/3080 3077/3174/3077 3134/3233/3134 
f 3134/3233/3134 3137/3236/3137 3080/3177/3080 
f 3081/3178/3081 3078/3175/3078 3135/3234/3135 
f 3135/3234/3135 3138/3237/3138 3081/3178/3081 
f 3082/3179/3082 3079/3176/3079 3136/3235/3136 
f 3136/3235/3136 3139/3238/3139 3082/3179/3082 
f 3083/3180/3083 3080/3177/3080 3137/3236/3137 
f 3137/3236/3137 3140/3239/3140 3083/3180/3083 
f 3084/3181/3084 3081/3178/3081 3138/3237/3138 
f 3138/3237/3138 3141/3240/3141 3084/3181/3084 
f 3085/3182/3085 3082/3179/3082 3139/3238/3139 
f 3139/3238/3139 3142/3241/3142 3085/3182/3085 
f 3086/3183/3086 3083/3180/3083 3140/3239/3140 
f 3140/3239/3140 3143/3242/3143 3086/3183/3086 
f 3087/3184/3087 3084/3181/3084 3141/3240/3141 
f 3141/3240/3141 3144/3243/3144 3087/3184/3087 
f 3088/3185/3088 3085/3182/3085 3142/3241/3142 
f 3142/3241/3142 3145/3244/3145 3088/3185/3088 
f 3089/3186/3089 3086/3183/3086 3143/3242/3143 
f 3143/3242/3143 3146/3245/3146 3089/3186/3089 
f 3027/3123/3027 3087/3184/3087 3144/3243/3144 
f 3144/3243/3144 3147/3246/3147 3027/3123/3027 
f 3029/3187/3029 3088/3185/3088 3145/3244/3145 
f 3145/3244/3145 3148/3247/3148 3029/3187/3029 
f 3031/3127/3031 3089/3186/3089 3146/3245/3146 
f 3146/3245/3146 3149/3248/3149 3031/3127/3031 
f 3028/3124/3028 3027/3123/3027 3147/3246/3147 
f 3147/3246/3147 3150/3249/3150 3028/3124/3028 
f 3030/3126/3030 3029/3125/3029 3148/3250/3148 
f 3148/3250/3148 3151/3251/3151 3030/3126/3030 
f 3032/3128/3032 3031/3127/3031 3149/3248/3149 
f 3149/3248/3149 3152/3252/3152 3032/3128/3032 
f 76/80/76 3028/3124/3028 3150/3249/3150 
f 3033/3129/3033 3030/3126/3030 3151/3251/3151 
f 3151/3251/3151 3090/3188/3090 3033/3129/3033 
f 3034/3130/3034 3032/3128/3032 3152/3252/3152 
f 3152/3252/3152 3092/3190/3092 3034/3130/3034 
f 3096/3194/3096 3094/3192/3094 3153/3253/3153 
f 3153/3253/3153 3154/3254/3154 3096/3194/3096 
f 3097/3195/3097 3095/3193/3095 3155/3255/3155 
f 3155/3255/3155 3156/3256/3156 3097/3195/3097 
f 3098/3196/3098 3096/3194/3096 3154/3254/3154 
f 3154/3254/3154 3157/3257/3157 3098/3196/3098 
f 3099/3197/3099 3097/3195/3097 3156/3256/3156 
f 3156/3256/3156 3158/3258/3158 3099/3197/3099 
f 3100/3198/3100 3098/3196/3098 3157/3257/3157 
f 3157/3257/3157 3159/3259/3159 3100/3198/3100 
f 3101/3199/3101 3099/3197/3099 3158/3258/3158 
f 3158/3258/3158 3160/3260/3160 3101/3199/3101 
f 3102/3200/3102 3100/3198/3100 3159/3259/3159 
f 3159/3259/3159 3161/3261/3161 3102/3200/3102 
f 3103/3201/3103 3101/3199/3101 3160/3260/3160 
f 3160/3260/3160 3162/3262/3162 3103/3201/3103 
f 3104/3202/3104 3102/3200/3102 3161/3261/3161 
f 3161/3261/3161 3163/3263/3163 3104/3202/3104 
f 3105/3203/3105 3103/3201/3103 3162/3262/3162 
f 3162/3262/3162 3164/3264/3164 3105/3203/3105 
f 3106/3204/3106 3104/3202/3104 3163/3263/3163 
f 3163/3263/3163 3165/3265/3165 3106/3204/3106 
f 3107/3205/3107 3105/3203/3105 3164/3264/3164 
f 3164/3264/3164 3166/3266/3166 3107/3205/3107 
f 3108/3206/3108 3106/3204/3106 3165/3265/3165 
f 3165/3265/3165 3167/3267/3167 3108/3206/3108 
f 3109/3207/3109 3107/3205/3107 3166/3266/3166 
f 3166/3266/3166 3168/3268/3168 3109/3207/3109 
f 3110/3208/3110 3108/3206/3108 3167/3267/3167 
f 3167/3267/3167 3169/3269/3169 3110/3208/3110 
f 3111/3209/3111 3109/3207/3109 3168/3268/3168 
f 3168/3268/3168 3170/3270/3170 3111/3209/3111 
f 3112/3210/3112 3110/3208/3110 3169/3269/3169 
f 3169/3269/3169 3171/3271/3171 3112/3210/3112 
f 3113/3211/3113 3111/3209/3111 3170/3270/3170 
f 3170/3270/3170 3172/3272/3172 3113/3211/3113 
f 3114/3212/3114 3112/3210/3112 3171/3271/3171 
f 3171/3271/3171 3173/3273/3173 3114/3212/3114 
f 3115/3213/3115 3113/3211/3113 3172/3272/3172 
f 3172/3272/3172 3174/3274/3174 3115/3213/3115 
f 3116/3214/3116 3114/3212/3114 3173/3273/3173 
f 3173/3273/3173 3175/3275/3175 3116/3214/3116 
f 3117/3215/3117 3115/3213/3115 3174/3274/3174 
f 3174/3274/3174 3176/3276/3176 3117/3215/3117 
f 3118/3216/3118 3116/3214/3116 3175/3275/3175 
f 3175/3275/3175 3177/3277/3177 3118/3216/3118 
f 3119/3217/3119 3117/3215/3117 3176/3276/3176 
f 3176/3276/3176 3178/3278/3178 3119/3217/3119 
f 3120/3218/3120 3118/3216/3118 3177/3277/3177 
f 3177/3277/3177 3179/3279/3179 3120/3218/3120 
f 3121/3219/3121 3119/3217/3119 3178/3278/3178 
f 3178/3278/3178 3180/3280/3180 3121/3219/3121 
f 3122/3220/3122 14/14/14 3181/3281/3181 
f 3123/3221/3123 3120/3218/3120 3179/3279/3179 
f 3179/3279/3179 3182/3282/3182 3123/3221/3123 
f 3124/3222/3124 3121/3219/3121 3180/3280/3180 
f 3180/3280/3180 3183/3283/3183 3124/3222/3124 
f 3125/3223/3125 3122/3220/3122 3181/3281/3181 
f 3181/3281/3181 3184/3284/3184 3125/3223/3125 
f 3126/3224/3126 3123/3221/3123 3182/3282/3182 
f 3182/3282/3182 3185/3285/3185 3126/3224/3126 
f 3127/3226/3127 3124/3225/3124 3183/3286/3183 
f 3183/3286/3183 3186/3287/3186 3127/3226/3127 
f 3128/3227/3128 3125/3223/3125 3184/3284/3184 
f 3184/3284/3184 3187/3288/3187 3128/3227/3128 
f 3129/3228/3129 3126/3224/3126 3185/3285/3185 
f 3185/3285/3185 3188/3289/3188 3129/3228/3129 
f 3130/3229/3130 3127/3226/3127 3186/3287/3186 
f 3186/3287/3186 3189/3290/3189 3130/3229/3130 
f 3131/3230/3131 3128/3227/3128 3187/3288/3187 
f 3187/3288/3187 3190/3291/3190 3131/3230/3131 
f 3132/3231/3132 3129/3228/3129 3188/3289/3188 
f 3188/3289/3188 3191/3292/3191 3132/3231/3132 
f 3133/3232/3133 3130/3229/3130 3189/3290/3189 
f 3189/3290/3189 3192/3293/3192 3133/3232/3133 
f 3134/3233/3134 3131/3230/3131 3190/3291/3190 
f 3190/3291/3190 3193/3294/3193 3134/3233/3134 
f 3135/3234/3135 3132/3231/3132 3191/3292/3191 
f 3191/3292/3191 3194/3295/3194 3135/3234/3135 
f 3136/3235/3136 3133/3232/3133 3192/3293/3192 
f 3192/3293/3192 3195/3296/3195 3136/3235/3136 
f 3137/3236/3137 3134/3233/3134 3193/3294/3193 
f 3193/3294/3193 3196/3297/3196 3137/3236/3137 
f 3138/3237/3138 3135/3234/3135 3194/3295/3194 
f 3194/3295/3194 3197/3298/3197 3138/3237/3138 
f 3139/3238/3139 3136/3235/3136 3195/3296/3195 
f 3195/3296/3195 3198/3299/3198 3139/3238/3139 
f 3140/3239/3140 3137/3236/3137 3196/3297/3196 
f 3196/3297/3196 3199/3300/3199 3140/3239/3140 
f 3141/3240/3141 3138/3237/3138 3197/3298/3197 
f 3197/3298/3197 3200/3301/3200 3141/3240/3141 
f 3142/3241/3142 3139/3238/3139 3198/3299/3198 
f 3198/3299/3198 3201/3302/3201 3142/3241/3142 
f 3143/3242/3143 3140/3239/3140 3199/3300/3199 
f 3199/3300/3199 3202/3303/3202 3143/3242/3143 
f 3144/3243/3144 3141/3240/3141 3200/3301/3200 
f 3200/3301/3200 3203/3304/3203 3144/3243/3144 
f 3145/3244/3145 3142/3241/3142 3201/3302/3201 
f 3201/3302/3201 3204/3305/3204 3145/3244/3145 
f 3146/3245/3146 3143/3242/3143 3202/3303/3202 
f 3202/3303/3202 3205/3306/3205 3146/3245/3146 
f 3147/3246/3147 3144/3243/3144 3203/3304/3203 
f 3203/3304/3203 3206/3307/3206 3147/3246/3147 
f 3148/3247/3148 3145/3244/3145 3204/3305/3204 
f 3204/3305/3204 3207/3308/3207 3148/3247/3148 
f 3149/3248/3149 3146/3245/3146 3205/3306/3205 
f 3205/3306/3205 3208/3309/3208 3149/3248/3149 
f 3150/3249/3150 3147/3246/3147 3206/3307/3206 
f 3206/3307/3206 3209/3310/3209 3150/3249/3150 
f 3151/3251/3151 3148/3250/3148 3207/3311/3207 
f 3207/3311/3207 3210/3312/3210 3151/3251/3151 
f 3152/3252/3152 3149/3248/3149 3208/3309/3208 
f 3208/3309/3208 3211/3313/3211 3152/3252/3152 
f 76/80/76 3150/3249/3150 3209/3310/3209 
f 3090/3188/3090 3151/3251/3151 3210/3312/3210 
f 3210/3312/3210 3212/3314/3212 3090/3188/3090 
f 3092/3190/3092 3152/3252/3152 3211/3313/3211 
f 3211/3313/3211 3213/3315/3213 3092/3190/3092 
f 3091/3189/3091 3090/3188/3090 3212/3314/3212 
f 3212/3314/3212 3214/3316/3214 3091/3189/3091 
f 3093/3191/3093 3092/3190/3092 3213/3315/3213 
f 3213/3315/3213 3215/3317/3215 3093/3191/3093 
f 3094/3192/3094 3091/3189/3091 3214/3316/3214 
f 3214/3316/3214 3153/3253/3153 3094/3192/3094 
f 3095/3193/3095 3093/3191/3093 3215/3317/3215 
f 3215/3317/3215 3155/3255/3155 3095/3193/3095 
f 3159/3259/3159 3157/3257/3157 3216/3318/3216 
f 3216/3318/3216 3217/3319/3217 3159/3259/3159 
f 3160/3260/3160 3158/3258/3158 3218/3320/3218 
f 3218/3320/3218 3219/3321/3219 3160/3260/3160 
f 3161/3261/3161 3159/3259/3159 3217/3319/3217 
f 3217/3319/3217 3220/3322/3220 3161/3261/3161 
f 3162/3262/3162 3160/3260/3160 3219/3321/3219 
f 3219/3321/3219 3221/3323/3221 3162/3262/3162 
f 3163/3263/3163 3161/3261/3161 3220/3322/3220 
f 3220/3322/3220 3222/3324/3222 3163/3263/3163 
f 3164/3264/3164 3162/3262/3162 3221/3323/3221 
f 3221/3323/3221 3223/3325/3223 3164/3264/3164 
f 3165/3265/3165 3163/3263/3163 3222/3324/3222 
f 3222/3324/3222 3224/3326/3224 3165/3265/3165 
f 3166/3266/3166 3164/3264/3164 3223/3325/3223 
f 3223/3325/3223 3225/3327/3225 3166/3266/3166 
f 3167/3267/3167 3165/3265/3165 3224/3326/3224 
f 3224/3326/3224 3226/3328/3226 3167/3267/3167 
f 3168/3268/3168 3166/3266/3166 3225/3327/3225 
f 3225/3327/3225 3227/3329/3227 3168/3268/3168 
f 3169/3269/3169 3167/3267/3167 3226/3328/3226 
f 3226/3328/3226 3228/3330/3228 3169/3269/3169 
f 3170/3270/3170 3168/3268/3168 3227/3329/3227 
f 3227/3329/3227 3229/3331/3229 3170/3270/3170 
f 3171/3271/3171 3169/3269/3169 3228/3330/3228 
f 3228/3330/3228 3230/3332/3230 3171/3271/3171 
f 3172/3272/3172 3170/3270/3170 3229/3331/3229 
f 3229/3331/3229 3231/3333/3231 3172/3272/3172 
f 3173/3273/3173 3171/3271/3171 3230/3332/3230 
f 3230/3332/3230 3232/3334/3232 3173/3273/3173 
f 3174/3274/3174 3172/3272/3172 3231/3333/3231 
f 3231/3333/3231 3233/3335/3233 3174/3274/3174 
f 3175/3275/3175 3173/3273/3173 3232/3334/3232 
f 3232/3334/3232 3234/3336/3234 3175/3275/3175 
f 3176/3276/3176 3174/3274/3174 3233/3335/3233 
f 3233/3335/3233 3235/3337/3235 3176/3276/3176 
f 3177/3277/3177 3175/3275/3175 3234/3336/3234 
f 3234/3336/3234 3236/3338/3236 3177/3277/3177 
f 3178/3278/3178 3176/3276/3176 3235/3337/3235 
f 3235/3337/3235 3237/3339/3237 3178/3278/3178 
f 3179/3279/3179 3177/3277/3177 3236/3338/3236 
f 3236/3338/3236 3238/3340/3238 3179/3279/3179 
f 3180/3280/3180 3178/3278/3178 3237/3339/3237 
f 3237/3339/3237 3239/3341/3239 3180/3280/3180 
f 3181/3281/3181 14/14/14 3240/3342/3240 
f 3182/3282/3182 3179/3279/3179 3238/3340/3238 
f 3238/3340/3238 3241/3343/3241 3182/3282/3182 
f 3183/3283/3183 3180/3280/3180 3239/3341/3239 
f 3239/3341/3239 3242/3344/3242 3183/3283/3183 
f 3184/3284/3184 3181/3281/3181 3240/3342/3240 
f 3240/3342/3240 3243/3345/3243 3184/3284/3184 
f 3185/3285/3185 3182/3282/3182 3241/3343/3241 
f 3241/3343/3241 3244/3346/3244 3185/3285/3185 
f 3186/3287/3186 3183/3286/3183 3242/3347/3242 
f 3242/3347/3242 3245/3348/3245 3186/3287/3186 
f 3187/3288/3187 3184/3284/3184 3243/3345/3243 
f 3243/3345/3243 3246/3349/3246 3187/3288/3187 
f 3188/3289/3188 3185/3285/3185 3244/3346/3244 
f 3244/3346/3244 3247/3350/3247 3188/3289/3188 
f 3189/3290/3189 3186/3287/3186 3245/3348/3245 
f 3245/3348/3245 3248/3351/3248 3189/3290/3189 
f 3190/3291/3190 3187/3288/3187 3246/3349/3246 
f 3246/3349/3246 3249/3352/3249 3190/3291/3190 
f 3191/3292/3191 3188/3289/3188 3247/3350/3247 
f 3247/3350/3247 3250/3353/3250 3191/3292/3191 
f 3192/3293/3192 3189/3290/3189 3248/3351/3248 
f 3248/3351/3248 3251/3354/3251 3192/3293/3192 
f 3193/3294/3193 3190/3291/3190 3249/3352/3249 
f 3249/3352/3249 3252/3355/3252 3193/3294/3193 
f 3194/3295/3194 3191/3292/3191 3250/3353/3250 
f 3250/3353/3250 3253/3356/3253 3194/3295/3194 
f 3195/3296/3195 3192/3293/3192 3251/3354/3251 
f 3251/3354/3251 3254/3357/3254 3195/3296/3195 
f 3196/3297/3196 3193/3294/3193 3252/3355/3252 
f 3252/3355/3252 3255/3358/3255 3196/3297/3196 
f 3197/3298/3197 3194/3295/3194 3253/3356/3253 
f 3253/3356/3253 3256/3359/3256 3197/3298/3197 
f 3198/3299/3198 3195/3296/3195 3254/3357/3254 
f 3254/3357/3254 3257/3360/3257 3198/3299/3198 
f 3199/3300/3199 3196/3297/3196 3255/3358/3255 
f 3255/3358/3255 3258/3361/3258 3199/3300/3199 
f 3200/3301/3200 3197/3298/3197 3256/3359/3256 
f 3256/3359/3256 3259/3362/3259 3200/3301/3200 
f 3201/3302/3201 3198/3299/3198 3257/3360/3257 
f 3257/3360/3257 3260/3363/3260 3201/3302/3201 
f 3202/3303/3202 3199/3300/3199 3258/3361/3258 
f 3258/3361/3258 3261/3364/3261 3202/3303/3202 
f 3203/3304/3203 3200/3301/3200 3259/3362/3259 
f 3259/3362/3259 3262/3365/3262 3203/3304/3203 
f 3204/3305/3204 3201/3302/3201 3260/3363/3260 
f 3260/3363/3260 3263/3366/3263 3204/3305/3204 
f 3205/3306/3205 3202/3303/3202 3261/3364/3261 
f 3261/3364/3261 3264/3367/3264 3205/3306/3205 
f 3206/3307/3206 3203/3304/3203 3262/3365/3262 
f 3262/3365/3262 3265/3368/3265 3206/3307/3206 
f 3207/3308/3207 3204/3305/3204 3263/3366/3263 
f 3263/3366/3263 3266/3369/3266 3207/3308/3207 
f 3208/3309/3208 3205/3306/3205 3264/3367/3264 
f 3264/3367/3264 3267/3370/3267 3208/3309/3208 
f 3209/3310/3209 3206/3307/3206 3265/3368/3265 
f 3265/3368/3265 3268/3371/3268 3209/3310/3209 
f 3210/3312/3210 3207/3311/3207 3266/3372/3266 
f 3266/3372/3266 3269/3373/3269 3210/3312/3210 
f 3211/3313/3211 3208/3309/3208 3267/3370/3267 
f 3267/3370/3267 3270/3374/3270 3211/3313/3211 
f 76/80/76 3209/3310/3209 3268/3371/3268 
f 3212/3314/3212 3210/3312/3210 3269/3373/3269 
f 3269/3373/3269 3271/3375/3271 3212/3314/3212 
f 3213/3315/3213 3211/3313/3211 3270/3374/3270 
f 3270/3374/3270 3272/3376/3272 3213/3315/3213 
f 3214/3316/3214 3212/3314/3212 3271/3375/3271 
f 3271/3375/3271 3273/3377/3273 3214/3316/3214 
f 3215/3317/3215 3213/3315/3213 3272/3376/3272 
f 3272/3376/3272 3274/3378/3274 3215/3317/3215 
f 3153/3253/3153 3214/3316/3214 3273/3377/3273 
f 3273/3377/3273 3275/3379/3275 3153/3253/3153 
f 3155/3255/3155 3215/3317/3215 3274/3378/3274 
f 3274/3378/3274 3276/3380/3276 3155/3255/3155 
f 3154/3254/3154 3153/3253/3153 3275/3379/3275 
f 3275/3379/3275 3277/3381/3277 3154/3254/3154 
f 3156/3256/3156 3155/3255/3155 3276/3380/3276 
f 3276/3380/3276 3278/3382/3278 3156/3256/3156 
f 3157/3257/3157 3154/3254/3154 3277/3381/3277 
f 3277/3381/3277 3216/3318/3216 3157/3257/3157 
f 3158/3258/3158 3156/3256/3156 3278/3382/3278 
f 3278/3382/3278 3218/3320/3218 3158/3258/3158 
f 3247/3350/3247 3244/3346/3244 3279/3383/3279 
f 3279/3383/3279 3280/3384/3280 3247/3350/3247 
f 3223/3325/3223 3221/3323/3221 3281/3385/3281 
f 3281/3385/3281 3282/3386/3282 3223/3325/3223 
f 3250/3353/3250 3247/3350/3247 3280/3384/3280 
f 3280/3384/3280 3283/3387/3283 3250/3353/3250 
f 3225/3327/3225 3223/3325/3223 3282/3386/3282 
f 3282/3386/3282 3284/3388/3284 3225/3327/3225 
f 3253/3356/3253 3250/3353/3250 3283/3387/3283 
f 3283/3387/3283 3285/3389/3285 3253/3356/3253 
f 3227/3329/3227 3225/3327/3225 3284/3388/3284 
f 3284/3388/3284 3286/3390/3286 3227/3329/3227 
f 3256/3359/3256 3253/3356/3253 3285/3389/3285 
f 3285/3389/3285 3287/3391/3287 3256/3359/3256 
f 3229/3331/3229 3227/3329/3227 3286/3390/3286 
f 3286/3390/3286 3288/3392/3288 3229/3331/3229 
f 3259/3362/3259 3256/3359/3256 3287/3391/3287 
f 3287/3391/3287 3289/3393/3289 3259/3362/3259 
f 3231/3333/3231 3229/3331/3229 3288/3392/3288 
f 3288/3392/3288 3290/3394/3290 3231/3333/3231 
f 3262/3365/3262 3259/3362/3259 3289/3393/3289 
f 3289/3393/3289 3291/3395/3291 3262/3365/3262 
f 3233/3335/3233 3231/3333/3231 3290/3394/3290 
f 3290/3394/3290 3292/3396/3292 3233/3335/3233 
f 3265/3368/3265 3262/3365/3262 3291/3395/3291 
f 3291/3395/3291 3293/3397/3293 3265/3368/3265 
f 3235/3337/3235 3233/3335/3233 3292/3396/3292 
f 3292/3396/3292 3294/3398/3294 3235/3337/3235 
f 3268/3371/3268 3265/3368/3265 3293/3397/3293 
f 3293/3397/3293 3295/3399/3295 3268/3371/3268 
f 3237/3339/3237 3235/3337/3235 3294/3398/3294 
f 3294/3398/3294 3296/3400/3296 3237/3339/3237 
f 76/80/76 3268/3371/3268 3295/3399/3295 
f 3239/3341/3239 3237/3339/3237 3296/3400/3296 
f 3296/3400/3296 3297/3401/3297 3239/3341/3239 
f 3240/3342/3240 14/14/14 3298/3402/3298 
f 3242/3344/3242 3239/3341/3239 3297/3401/3297 
f 3297/3401/3297 3299/3403/3299 3242/3344/3242 
f 3243/3345/3243 3240/3342/3240 3298/3402/3298 
f 3298/3402/3298 3300/3404/3300 3243/3345/3243 
f 3273/3377/3273 3271/3375/3271 3301/3405/3301 
f 3301/3405/3301 3302/3406/3302 3273/3377/3273 
f 3245/3348/3245 3242/3347/3242 3299/3407/3299 
f 3299/3407/3299 3303/3408/3303 3245/3348/3245 
f 3246/3349/3246 3243/3345/3243 3300/3404/3300 
f 3300/3404/3300 3304/3409/3304 3246/3349/3246 
f 3275/3379/3275 3273/3377/3273 3302/3406/3302 
f 3302/3406/3302 3305/3410/3305 3275/3379/3275 
f 3248/3351/3248 3245/3348/3245 3303/3408/3303 
f 3303/3408/3303 3306/3411/3306 3248/3351/3248 
f 3277/3381/3277 3275/3379/3275 3305/3410/3305 
f 3305/3410/3305 3307/3412/3307 3277/3381/3277 
f 3249/3352/3249 3246/3349/3246 3304/3409/3304 
f 3304/3409/3304 3308/3413/3308 3249/3352/3249 
f 3251/3354/3251 3248/3351/3248 3306/3411/3306 
f 3306/3411/3306 3309/3414/3309 3251/3354/3251 
f 3216/3318/3216 3277/3381/3277 3307/3412/3307 
f 3307/3412/3307 3310/3415/3310 3216/3318/3216 
f 3252/3355/3252 3249/3352/3249 3308/3413/3308 
f 3308/3413/3308 3311/3416/3311 3252/3355/3252 
f 3254/3357/3254 3251/3354/3251 3309/3414/3309 
f 3309/3414/3309 3312/3417/3312 3254/3357/3254 
f 3217/3319/3217 3216/3318/3216 3310/3415/3310 
f 3310/3415/3310 3313/3418/3313 3217/3319/3217 
f 3255/3358/3255 3252/3355/3252 3311/3416/3311 
f 3311/3416/3311 3314/3419/3314 3255/3358/3255 
f 3257/3360/3257 3254/3357/3254 3312/3417/3312 
f 3312/3417/3312 3315/3420/3315 3257/3360/3257 
f 3220/3322/3220 3217/3319/3217 3313/3418/3313 
f 3313/3418/3313 3316/3421/3316 3220/3322/3220 
f 3258/3361/3258 3255/3358/3255 3314/3419/3314 
f 3314/3419/3314 3317/3422/3317 3258/3361/3258 
f 3260/3363/3260 3257/3360/3257 3315/3420/3315 
f 3315/3420/3315 3318/3423/3318 3260/3363/3260 
f 3222/3324/3222 3220/3322/3220 3316/3421/3316 
f 3316/3421/3316 3319/3424/3319 3222/3324/3222 
f 3261/3364/3261 3258/3361/3258 3317/3422/3317 
f 3317/3422/3317 3320/3425/3320 3261/3364/3261 
f 3263/3366/3263 3260/3363/3260 3318/3423/3318 
f 3318/3423/3318 3321/3426/3321 3263/3366/3263 
f 3224/3326/3224 3222/3324/3222 3319/3424/3319 
f 3319/3424/3319 3322/3427/3322 3224/3326/3224 
f 3264/3367/3264 3261/3364/3261 3320/3425/3320 
f 3320/3425/3320 3323/3428/3323 3264/3367/3264 
f 3266/3369/3266 3263/3366/3263 3321/3426/3321 
f 3321/3426/3321 3324/3429/3324 3266/3369/3266 
f 3267/3370/3267 3264/3367/3264 3323/3428/3323 
f 3323/3428/3323 3325/3430/3325 3267/3370/3267 
f 3226/3328/3226 3224/3326/3224 3322/3427/3322 
f 3322/3427/3322 3326/3431/3326 3226/3328/3226 
f 3269/3373/3269 3266/3372/3266 3324/3432/3324 
f 3324/3432/3324 3327/3433/3327 3269/3373/3269 
f 3270/3374/3270 3267/3370/3267 3325/3430/3325 
f 3325/3430/3325 3328/3434/3328 3270/3374/3270 
f 3228/3330/3228 3226/3328/3226 3326/3431/3326 
f 3326/3431/3326 3329/3435/3329 3228/3330/3228 
f 3271/3375/3271 3269/3373/3269 3327/3433/3327 
f 3327/3433/3327 3301/3405/3301 3271/3375/3271 
f 3272/3376/3272 3270/3374/3270 3328/3434/3328 
f 3328/3434/3328 3330/3436/3330 3272/3376/3272 
f 3230/3332/3230 3228/3330/3228 3329/3435/3329 
f 3329/3435/3329 3331/3437/3331 3230/3332/3230 
f 3274/3378/3274 3272/3376/3272 3330/3436/3330 
f 3330/3436/3330 3332/3438/3332 3274/3378/3274 
f 3232/3334/3232 3230/3332/3230 3331/3437/3331 
f 3331/3437/3331 3333/3439/3333 3232/3334/3232 
f 3276/3380/3276 3274/3378/3274 3332/3438/3332 
f 3332/3438/3332 3334/3440/3334 3276/3380/3276 
f 3234/3336/3234 3232/3334/3232 3333/3439/3333 
f 3333/3439/3333 3335/3441/3335 3234/3336/3234 
f 3236/3338/3236 3234/3336/3234 3335/3441/3335 
f 3335/3441/3335 3336/3442/3336 3236/3338/3236 
f 3278/3382/3278 3276/3380/3276 3334/3440/3334 
f 3334/3440/3334 3337/3443/3337 3278/3382/3278 
f 3238/3340/3238 3236/3338/3236 3336/3442/3336 
f 3336/3442/3336 3338/3444/3338 3238/3340/3238 
f 3218/3320/3218 3278/3382/3278 3337/3443/3337 
f 3337/3443/3337 3339/3445/3339 3218/3320/3218 
f 3241/3343/3241 3238/3340/3238 3338/3444/3338 
f 3338/3444/3338 3340/3446/3340 3241/3343/3241 
f 3219/3321/3219 3218/3320/3218 3339/3445/3339 
f 3339/3445/3339 3341/3447/3341 3219/3321/3219 
f 3244/3346/3244 3241/3343/3241 3340/3446/3340 
f 3340/3446/3340 3279/3383/3279 3244/3346/3244 
f 3221/3323/3221 3219/3321/3219 3341/3447/3341 
f 3341/3447/3341 3281/3385/3281 3221/3323/3221 
f 3311/3416/3311 3308/3413/3308 3342/3448/3342 
f 3342/3448/3342 3343/3449/3343 3311/3416/3311 
f 3285/3389/3285 3283/3387/3283 3344/3450/3344 
f 3344/3450/3344 3345/3451/3345 3285/3389/3285 
f 3312/3417/3312 3309/3414/3309 3346/3452/3346 
f 3346/3452/3346 3347/3453/3347 3312/3417/3312 
f 3314/3419/3314 3311/3416/3311 3343/3449/3343 
f 3343/3449/3343 3348/3454/3348 3314/3419/3314 
f 3287/3391/3287 3285/3389/3285 3345/3451/3345 
f 3345/3451/3345 3349/3455/3349 3287/3391/3287 
f 3315/3420/3315 3312/3417/3312 3347/3453/3347 
f 3347/3453/3347 3350/3456/3350 3315/3420/3315 
f 3317/3422/3317 3314/3419/3314 3348/3454/3348 
f 3348/3454/3348 3351/3457/3351 3317/3422/3317 
f 3289/3393/3289 3287/3391/3287 3349/3455/3349 
f 3349/3455/3349 3352/3458/3352 3289/3393/3289 
f 3318/3423/3318 3315/3420/3315 3350/3456/3350 
f 3350/3456/3350 3353/3459/3353 3318/3423/3318 
f 3320/3425/3320 3317/3422/3317 3351/3457/3351 
f 3351/3457/3351 3354/3460/3354 3320/3425/3320 
f 3291/3395/3291 3289/3393/3289 3352/3458/3352 
f 3352/3458/3352 3355/3461/3355 3291/3395/3291 
f 3321/3426/3321 3318/3423/3318 3353/3459/3353 
f 3353/3459/3353 3356/3462/3356 3321/3426/3321 
f 3323/3428/3323 3320/3425/3320 3354/3460/3354 
f 3354/3460/3354 3357/3463/3357 3323/3428/3323 
f 3293/3397/3293 3291/3395/3291 3355/3461/3355 
f 3355/3461/3355 3358/3464/3358 3293/3397/3293 
f 3324/3429/3324 3321/3426/3321 3356/3462/3356 
f 3356/3462/3356 3359/3465/3359 3324/3429/3324 
f 3325/3430/3325 3323/3428/3323 3357/3463/3357 
f 3357/3463/3357 3360/3466/3360 3325/3430/3325 
f 3295/3399/3295 3293/3397/3293 3358/3464/3358 
f 3358/3464/3358 3361/3467/3361 3295/3399/3295 
f 3327/3433/3327 3324/3432/3324 3359/3468/3359 
f 3359/3468/3359 3362/3469/3362 3327/3433/3327 
f 3328/3434/3328 3325/3430/3325 3360/3466/3360 
f 3360/3466/3360 3363/3470/3363 3328/3434/3328 
f 76/80/76 3295/3399/3295 3361/3467/3361 
f 3301/3405/3301 3327/3433/3327 3362/3469/3362 
f 3362/3469/3362 3364/3471/3364 3301/3405/3301 
f 3330/3436/3330 3328/3434/3328 3363/3470/3363 
f 3363/3470/3363 3365/3472/3365 3330/3436/3330 
f 3302/3406/3302 3301/3405/3301 3364/3471/3364 
f 3364/3471/3364 3366/3473/3366 3302/3406/3302 
f 3332/3438/3332 3330/3436/3330 3365/3472/3365 
f 3365/3472/3365 3367/3474/3367 3332/3438/3332 
f 3305/3410/3305 3302/3406/3302 3366/3473/3366 
f 3366/3473/3366 3368/3475/3368 3305/3410/3305 
f 3334/3440/3334 3332/3438/3332 3367/3474/3367 
f 3367/3474/3367 3369/3476/3369 3334/3440/3334 
f 3307/3412/3307 3305/3410/3305 3368/3475/3368 
f 3368/3475/3368 3370/3477/3370 3307/3412/3307 
f 3337/3443/3337 3334/3440/3334 3369/3476/3369 
f 3369/3476/3369 3371/3478/3371 3337/3443/3337 
f 3310/3415/3310 3307/3412/3307 3370/3477/3370 
f 3370/3477/3370 3372/3479/3372 3310/3415/3310 
f 3339/3445/3339 3337/3443/3337 3371/3478/3371 
f 3371/3478/3371 3373/3480/3373 3339/3445/3339 
f 3313/3418/3313 3310/3415/3310 3372/3479/3372 
f 3372/3479/3372 3374/3481/3374 3313/3418/3313 
f 3341/3447/3341 3339/3445/3339 3373/3480/3373 
f 3373/3480/3373 3375/3482/3375 3341/3447/3341 
f 3316/3421/3316 3313/3418/3313 3374/3481/3374 
f 3374/3481/3374 3376/3483/3376 3316/3421/3316 
f 3281/3385/3281 3341/3447/3341 3375/3482/3375 
f 3375/3482/3375 3377/3484/3377 3281/3385/3281 
f 3319/3424/3319 3316/3421/3316 3376/3483/3376 
f 3376/3483/3376 3378/3485/3378 3319/3424/3319 
f 3282/3386/3282 3281/3385/3281 3377/3484/3377 
f 3377/3484/3377 3379/3486/3379 3282/3386/3282 
f 3322/3427/3322 3319/3424/3319 3378/3485/3378 
f 3378/3485/3378 3380/3487/3380 3322/3427/3322 
f 3284/3388/3284 3282/3386/3282 3379/3486/3379 
f 3379/3486/3379 3381/3488/3381 3284/3388/3284 
f 3326/3431/3326 3322/3427/3322 3380/3487/3380 
f 3380/3487/3380 3382/3489/3382 3326/3431/3326 
f 3286/3390/3286 3284/3388/3284 3381/3488/3381 
f 3381/3488/3381 3383/3490/3383 3286/3390/3286 
f 3329/3435/3329 3326/3431/3326 3382/3489/3382 
f 3382/3489/3382 3384/3491/3384 3329/3435/3329 
f 3288/3392/3288 3286/3390/3286 3383/3490/3383 
f 3383/3490/3383 3385/3492/3385 3288/3392/3288 
f 3331/3437/3331 3329/3435/3329 3384/3491/3384 
f 3384/3491/3384 3386/3493/3386 3331/3437/3331 
f 3290/3394/3290 3288/3392/3288 3385/3492/3385 
f 3385/3492/3385 3387/3494/3387 3290/3394/3290 
f 3333/3439/3333 3331/3437/3331 3386/3493/3386 
f 3386/3493/3386 3388/3495/3388 3333/3439/3333 
f 3292/3396/3292 3290/3394/3290 3387/3494/3387 
f 3387/3494/3387 3389/3496/3389 3292/3396/3292 
f 3335/3441/3335 3333/3439/3333 3388/3495/3388 
f 3388/3495/3388 3390/3497/3390 3335/3441/3335 
f 3294/3398/3294 3292/3396/3292 3389/3496/3389 
f 3389/3496/3389 3391/3498/3391 3294/3398/3294 
f 3336/3442/3336 3335/3441/3335 3390/3497/3390 
f 3390/3497/3390 3392/3499/3392 3336/3442/3336 
f 3296/3400/3296 3294/3398/3294 3391/3498/3391 
f 3391/3498/3391 3393/3500/3393 3296/3400/3296 
f 3338/3444/3338 3336/3442/3336 3392/3499/3392 
f 3392/3499/3392 3394/3501/3394 3338/3444/3338 
f 3297/3401/3297 3296/3400/3296 3393/3500/3393 
f 3393/3500/3393 3395/3502/3395 3297/3401/3297 
f 3298/3402/3298 14/14/14 3396/3503/3396 
f 3340/3446/3340 3338/3444/3338 3394/3501/3394 
f 3394/3501/3394 3397/3504/3397 3340/3446/3340 
f 3299/3403/3299 3297/3401/3297 3395/3502/3395 
f 3395/3502/3395 3398/3505/3398 3299/3403/3299 
f 3300/3404/3300 3298/3402/3298 3396/3503/3396 
f 3396/3503/3396 3399/3506/3399 3300/3404/3300 
f 3279/3383/3279 3340/3446/3340 3397/3504/3397 
f 3397/3504/3397 3400/3507/3400 3279/3383/3279 
f 3303/3408/3303 3299/3407/3299 3398/3508/3398 
f 3398/3508/3398 3401/3509/3401 3303/3408/3303 
f 3304/3409/3304 3300/3404/3300 3399/3506/3399 
f 3399/3506/3399 3402/3510/3402 3304/3409/3304 
f 3280/3384/3280 3279/3383/3279 3400/3507/3400 
f 3400/3507/3400 3403/3511/3403 3280/3384/3280 
f 3306/3411/3306 3303/3408/3303 3401/3509/3401 
f 3401/3509/3401 3404/3512/3404 3306/3411/3306 
f 3308/3413/3308 3304/3409/3304 3402/3510/3402 
f 3402/3510/3402 3342/3448/3342 3308/3413/3308 
f 3283/3387/3283 3280/3384/3280 3403/3511/3403 
f 3403/3511/3403 3344/3450/3344 3283/3387/3283 
f 3309/3414/3309 3306/3411/3306 3404/3512/3404 
f 3404/3512/3404 3346/3452/3346 3309/3414/3309 
f 3351/3457/3351 3348/3454/3348 3405/3513/3405 
f 3405/3513/3405 3406/3514/3406 3351/3457/3351 
f 3352/3458/3352 3349/3455/3349 3407/3515/3407 
f 3407/3515/3407 3408/3516/3408 3352/3458/3352 
f 3353/3459/3353 3350/3456/3350 3409/3517/3409 
f 3409/3517/3409 3410/3518/3410 3353/3459/3353 
f 3354/3460/3354 3351/3457/3351 3406/3514/3406 
f 3406/3514/3406 3411/3519/3411 3354/3460/3354 
f 3355/3461/3355 3352/3458/3352 3408/3516/3408 
f 3408/3516/3408 3412/3520/3412 3355/3461/3355 
f 3356/3462/3356 3353/3459/3353 3410/3518/3410 
f 3410/3518/3410 3413/3521/3413 3356/3462/3356 
f 3357/3463/3357 3354/3460/3354 3411/3519/3411 
f 3411/3519/3411 3414/3522/3414 3357/3463/3357 
f 3358/3464/3358 3355/3461/3355 3412/3520/3412 
f 3412/3520/3412 3415/3523/3415 3358/3464/3358 
f 3359/3465/3359 3356/3462/3356 3413/3521/3413 
f 3413/3521/3413 3416/3524/3416 3359/3465/3359 
f 3360/3466/3360 3357/3463/3357 3414/3522/3414 
f 3414/3522/3414 3417/3525/3417 3360/3466/3360 
f 3361/3467/3361 3358/3464/3358 3415/3523/3415 
f 3415/3523/3415 3418/3526/3418 3361/3467/3361 
f 3362/3469/3362 3359/3468/3359 3416/3527/3416 
f 3416/3527/3416 3419/3528/3419 3362/3469/3362 
f 3363/3470/3363 3360/3466/3360 3417/3525/3417 
f 3417/3525/3417 3420/3529/3420 3363/3470/3363 
f 76/80/76 3361/3467/3361 3418/3526/3418 
f 3364/3471/3364 3362/3469/3362 3419/3528/3419 
f 3419/3528/3419 3421/3530/3421 3364/3471/3364 
f 3365/3472/3365 3363/3470/3363 3420/3529/3420 
f 3420/3529/3420 3422/3531/3422 3365/3472/3365 
f 3366/3473/3366 3364/3471/3364 3421/3530/3421 
f 3421/3530/3421 3423/3532/3423 3366/3473/3366 
f 3367/3474/3367 3365/3472/3365 3422/3531/3422 
f 3422/3531/3422 3424/3533/3424 3367/3474/3367 
f 3368/3475/3368 3366/3473/3366 3423/3532/3423 
f 3423/3532/3423 3425/3534/3425 3368/3475/3368 
f 3369/3476/3369 3367/3474/3367 3424/3533/3424 
f 3424/3533/3424 3426/3535/3426 3369/3476/3369 
f 3370/3477/3370 3368/3475/3368 3425/3534/3425 
f 3425/3534/3425 3427/3536/3427 3370/3477/3370 
f 3371/3478/3371 3369/3476/3369 3426/3535/3426 
f 3426/3535/3426 3428/3537/3428 3371/3478/3371 
f 3372/3479/3372 3370/3477/3370 3427/3536/3427 
f 3427/3536/3427 3429/3538/3429 3372/3479/3372 
f 3373/3480/3373 3371/3478/3371 3428/3537/3428 
f 3428/3537/3428 3430/3539/3430 3373/3480/3373 
f 3374/3481/3374 3372/3479/3372 3429/3538/3429 
f 3429/3538/3429 3431/3540/3431 3374/3481/3374 
f 3375/3482/3375 3373/3480/3373 3430/3539/3430 
f 3430/3539/3430 3432/3541/3432 3375/3482/3375 
f 3376/3483/3376 3374/3481/3374 3431/3540/3431 
f 3431/3540/3431 3433/3542/3433 3376/3483/3376 
f 3377/3484/3377 3375/3482/3375 3432/3541/3432 
f 3432/3541/3432 3434/3543/3434 3377/3484/3377 
f 3378/3485/3378 3376/3483/3376 3433/3542/3433 
f 3433/3542/3433 3435/3544/3435 3378/3485/3378 
f 3379/3486/3379 3377/3484/3377 3434/3543/3434 
f 3434/3543/3434 3436/3545/3436 3379/3486/3379 
f 3380/3487/3380 3378/3485/3378 3435/3544/3435 
f 3435/3544/3435 3437/3546/3437 3380/3487/3380 
f 3381/3488/3381 3379/3486/3379 3436/3545/3436 
f 3436/3545/3436 3438/3547/3438 3381/3488/3381 
f 3382/3489/3382 3380/3487/3380 3437/3546/3437 
f 3437/3546/3437 3439/3548/3439 3382/3489/3382 
f 3383/3490/3383 3381/3488/3381 3438/3547/3438 
f 3438/3547/3438 3440/3549/3440 3383/3490/3383 
f 3384/3491/3384 3382/3489/3382 3439/3548/3439 
f 3439/3548/3439 3441/3550/3441 3384/3491/3384 
f 3385/3492/3385 3383/3490/3383 3440/3549/3440 
f 3440/3549/3440 3442/3551/3442 3385/3492/3385 
f 3386/3493/3386 3384/3491/3384 3441/3550/3441 
f 3441/3550/3441 3443/3552/3443 3386/3493/3386 
f 3387/3494/3387 3385/3492/3385 3442/3551/3442 
f 3442/3551/3442 3444/3553/3444 3387/3494/3387 
f 3388/3495/3388 3386/3493/3386 3443/3552/3443 
f 3443/3552/3443 3445/3554/3445 3388/3495/3388 
f 3389/3496/3389 3387/3494/3387 3444/3553/3444 
f 3444/3553/3444 3446/3555/3446 3389/3496/3389 
f 3390/3497/3390 3388/3495/3388 3445/3554/3445 
f 3445/3554/3445 3447/3556/3447 3390/3497/3390 
f 3391/3498/3391 3389/3496/3389 3446/3555/3446 
f 3446/3555/3446 3448/3557/3448 3391/3498/3391 
f 3392/3499/3392 3390/3497/3390 3447/3556/3447 
f 3447/3556/3447 3449/3558/3449 3392/3499/3392 
f 3393/3500/3393 3391/3498/3391 3448/3557/3448 
f 3448/3557/3448 3450/3559/3450 3393/3500/3393 
f 3394/3501/3394 3392/3499/3392 3449/3558/3449 
f 3449/3558/3449 3451/3560/3451 3394/3501/3394 
f 3395/3502/3395 3393/3500/3393 3450/3559/3450 
f 3450/3559/3450 3452/3561/3452 3395/3502/3395 
f 3396/3503/3396 14/14/14 3453/3562/3453 
f 3397/3504/3397 3394/3501/3394 3451/3560/3451 
f 3451/3560/3451 3454/3563/3454 3397/3504/3397 
f 3398/3505/3398 3395/3502/3395 3452/3561/3452 
f 3452/3561/3452 3455/3564/3455 3398/3505/3398 
f 3399/3506/3399 3396/3503/3396 3453/3562/3453 
f 3453/3562/3453 3456/3565/3456 3399/3506/3399 
f 3400/3507/3400 3397/3504/3397 3454/3563/3454 
f 3454/3563/3454 3457/3566/3457 3400/3507/3400 
f 3401/3509/3401 3398/3508/3398 3455/3567/3455 
f 3455/3567/3455 3458/3568/3458 3401/3509/3401 
f 3402/3510/3402 3399/3506/3399 3456/3565/3456 
f 3456/3565/3456 3459/3569/3459 3402/3510/3402 
f 3403/3511/3403 3400/3507/3400 3457/3566/3457 
f 3457/3566/3457 3460/3570/3460 3403/3511/3403 
f 3404/3512/3404 3401/3509/3401 3458/3568/3458 
f 3458/3568/3458 3461/3571/3461 3404/3512/3404 
f 3342/3448/3342 3402/3510/3402 3459/3569/3459 
f 3459/3569/3459 3462/3572/3462 3342/3448/3342 
f 3344/3450/3344 3403/3511/3403 3460/3570/3460 
f 3460/3570/3460 3463/3573/3463 3344/3450/3344 
f 3346/3452/3346 3404/3512/3404 3461/3571/3461 
f 3461/3571/3461 3464/3574/3464 3346/3452/3346 
f 3343/3449/3343 3342/3448/3342 3462/3572/3462 
f 3462/3572/3462 3465/3575/3465 3343/3449/3343 
f 3345/3451/3345 3344/3450/3344 3463/3573/3463 
f 3463/3573/3463 3466/3576/3466 3345/3451/3345 
f 3347/3453/3347 3346/3452/3346 3464/3574/3464 
f 3464/3574/3464 3467/3577/3467 3347/3453/3347 
f 3348/3454/3348 3343/3449/3343 3465/3575/3465 
f 3465/3575/3465 3405/3513/3405 3348/3454/3348 
f 3349/3455/3349 3345/3451/3345 3466/3576/3466 
f 3466/3576/3466 3407/3515/3407 3349/3455/3349 
f 3350/3456/3350 3347/3453/3347 3467/3577/3467 
f 3467/3577/3467 3409/3517/3409 3350/3456/3350 
f 3414/3522/3414 3411/3519/3411 3468/3578/3468 
f 3468/3578/3468 3469/3579/3469 3414/3522/3414 
f 3415/3523/3415 3412/3520/3412 3470/3580/3470 
f 3470/3580/3470 3471/3581/3471 3415/3523/3415 
f 3416/3524/3416 3413/3521/3413 3472/3582/3472 
f 3472/3582/3472 3473/3583/3473 3416/3524/3416 
f 3417/3525/3417 3414/3522/3414 3469/3579/3469 
f 3469/3579/3469 3474/3584/3474 3417/3525/3417 
f 3418/3526/3418 3415/3523/3415 3471/3581/3471 
f 3471/3581/3471 3475/3585/3475 3418/3526/3418 
f 3419/3528/3419 3416/3527/3416 3473/3586/3473 
f 3473/3586/3473 3476/3587/3476 3419/3528/3419 
f 3420/3529/3420 3417/3525/3417 3474/3584/3474 
f 3474/3584/3474 3477/3588/3477 3420/3529/3420 
f 76/80/76 3418/3526/3418 3475/3585/3475 
f 3421/3530/3421 3419/3528/3419 3476/3587/3476 
f 3476/3587/3476 3478/3589/3478 3421/3530/3421 
f 3422/3531/3422 3420/3529/3420 3477/3588/3477 
f 3477/3588/3477 3479/3590/3479 3422/3531/3422 
f 3423/3532/3423 3421/3530/3421 3478/3589/3478 
f 3478/3589/3478 3480/3591/3480 3423/3532/3423 
f 3424/3533/3424 3422/3531/3422 3479/3590/3479 
f 3479/3590/3479 3481/3592/3481 3424/3533/3424 
f 3425/3534/3425 3423/3532/3423 3480/3591/3480 
f 3480/3591/3480 3482/3593/3482 3425/3534/3425 
f 3426/3535/3426 3424/3533/3424 3481/3592/3481 
f 3481/3592/3481 3483/3594/3483 3426/3535/3426 
f 3427/3536/3427 3425/3534/3425 3482/3593/3482 
f 3482/3593/3482 3484/3595/3484 3427/3536/3427 
f 3428/3537/3428 3426/3535/3426 3483/3594/3483 
f 3483/3594/3483 3485/3596/3485 3428/3537/3428 
f 3429/3538/3429 3427/3536/3427 3484/3595/3484 
f 3484/3595/3484 3486/3597/3486 3429/3538/3429 
f 3430/3539/3430 3428/3537/3428 3485/3596/3485 
f 3485/3596/3485 3487/3598/3487 3430/3539/3430 
f 3431/3540/3431 3429/3538/3429 3486/3597/3486 
f 3486/3597/3486 3488/3599/3488 3431/3540/3431 
f 3432/3541/3432 3430/3539/3430 3487/3598/3487 
f 3487/3598/3487 3489/3600/3489 3432/3541/3432 
f 3433/3542/3433 3431/3540/3431 3488/3599/3488 
f 3488/3599/3488 3490/3601/3490 3433/3542/3433 
f 3434/3543/3434 3432/3541/3432 3489/3600/3489 
f 3489/3600/3489 3491/3602/3491 3434/3543/3434 
f 3435/3544/3435 3433/3542/3433 3490/3601/3490 
f 3490/3601/3490 3492/3603/3492 3435/3544/3435 
f 3436/3545/3436 3434/3543/3434 3491/3602/3491 
f 3491/3602/3491 3493/3604/3493 3436/3545/3436 
f 3437/3546/3437 3435/3544/3435 3492/3603/3492 
f 3492/3603/3492 3494/3605/3494 3437/3546/3437 
f 3438/3547/3438 3436/3545/3436 3493/3604/3493 
f 3493/3604/3493 3495/3606/3495 3438/3547/3438 
f 3439/3548/3439 3437/3546/3437 3494/3605/3494 
f 3494/3605/3494 3496/3607/3496 3439/3548/3439 
f 3440/3549/3440 3438/3547/3438 3495/3606/3495 
f 3495/3606/3495 3497/3608/3497 3440/3549/3440 
f 3441/3550/3441 3439/3548/3439 3496/3607/3496 
f 3496/3607/3496 3498/3609/3498 3441/3550/3441 
f 3442/3551/3442 3440/3549/3440 3497/3608/3497 
f 3497/3608/3497 3499/3610/3499 3442/3551/3442 
f 3443/3552/3443 3441/3550/3441 3498/3609/3498 
f 3498/3609/3498 3500/3611/3500 3443/3552/3443 
f 3444/3553/3444 3442/3551/3442 3499/3610/3499 
f 3499/3610/3499 3501/3612/3501 3444/3553/3444 
f 3445/3554/3445 3443/3552/3443 3500/3611/3500 
f 3500/3611/3500 3502/3613/3502 3445/3554/3445 
f 3446/3555/3446 3444/3553/3444 3501/3612/3501 
f 3501/3612/3501 3503/3614/3503 3446/3555/3446 
f 3447/3556/3447 3445/3554/3445 3502/3613/3502 
f 3502/3613/3502 3504/3615/3504 3447/3556/3447 
f 3448/3557/3448 3446/3555/3446 3503/3614/3503 
f 3503/3614/3503 3505/3616/3505 3448/3557/3448 
f 3449/3558/3449 3447/3556/3447 3504/3615/3504 
f 3504/3615/3504 3506/3617/3506 3449/3558/3449 
f 3450/3559/3450 3448/3557/3448 3505/3616/3505 
f 3505/3616/3505 3507/3618/3507 3450/3559/3450 
f 3451/3560/3451 3449/3558/3449 3506/3617/3506 
f 3506/3617/3506 3508/3619/3508 3451/3560/3451 
f 3452/3561/3452 3450/3559/3450 3507/3618/3507 
f 3507/3618/3507 3509/3620/3509 3452/3561/3452 
f 3453/3562/3453 14/14/14 3510/3621/3510 
f 3454/3563/3454 3451/3560/3451 3508/3619/3508 
f 3508/3619/3508 3511/3622/3511 3454/3563/3454 
f 3455/3564/3455 3452/3561/3452 3509/3620/3509 
f 3509/3620/3509 3512/3623/3512 3455/3564/3455 
f 3456/3565/3456 3453/3562/3453 3510/3621/3510 
f 3510/3621/3510 3513/3624/3513 3456/3565/3456 
f 3457/3566/3457 3454/3563/3454 3511/3622/3511 
f 3511/3622/3511 3514/3625/3514 3457/3566/3457 
f 3458/3568/3458 3455/3567/3455 3512/3626/3512 
f 3512/3626/3512 3515/3627/3515 3458/3568/3458 
f 3459/3569/3459 3456/3565/3456 3513/3624/3513 
f 3513/3624/3513 3516/3628/3516 3459/3569/3459 
f 3460/3570/3460 3457/3566/3457 3514/3625/3514 
f 3514/3625/3514 3517/3629/3517 3460/3570/3460 
f 3461/3571/3461 3458/3568/3458 3515/3627/3515 
f 3515/3627/3515 3518/3630/3518 3461/3571/3461 
f 3462/3572/3462 3459/3569/3459 3516/3628/3516 
f 3516/3628/3516 3519/3631/3519 3462/3572/3462 
f 3463/3573/3463 3460/3570/3460 3517/3629/3517 
f 3517/3629/3517 3520/3632/3520 3463/3573/3463 
f 3464/3574/3464 3461/3571/3461 3518/3630/3518 
f 3518/3630/3518 3521/3633/3521 3464/3574/3464 
f 3465/3575/3465 3462/3572/3462 3519/3631/3519 
f 3519/3631/3519 3522/3634/3522 3465/3575/3465 
f 3466/3576/3466 3463/3573/3463 3520/3632/3520 
f 3520/3632/3520 3523/3635/3523 3466/3576/3466 
f 3467/3577/3467 3464/3574/3464 3521/3633/3521 
f 3521/3633/3521 3524/3636/3524 3467/3577/3467 
f 3405/3513/3405 3465/3575/3465 3522/3634/3522 
f 3522/3634/3522 3525/3637/3525 3405/3513/3405 
f 3407/3515/3407 3466/3576/3466 3523/3635/3523 
f 3523/3635/3523 3526/3638/3526 3407/3515/3407 
f 3409/3517/3409 3467/3577/3467 3524/3636/3524 
f 3524/3636/3524 3527/3639/3527 3409/3517/3409 
f 3406/3514/3406 3405/3513/3405 3525/3637/3525 
f 3525/3637/3525 3528/3640/3528 3406/3514/3406 
f 3408/3516/3408 3407/3515/3407 3526/3638/3526 
f 3526/3638/3526 3529/3641/3529 3408/3516/3408 
f 3410/3518/3410 3409/3517/3409 3527/3639/3527 
f 3527/3639/3527 3530/3642/3530 3410/3518/3410 
f 3411/3519/3411 3406/3514/3406 3528/3640/3528 
f 3528/3640/3528 3468/3578/3468 3411/3519/3411 
f 3412/3520/3412 3408/3516/3408 3529/3641/3529 
f 3529/3641/3529 3470/3580/3470 3412/3520/3412 
f 3413/3521/3413 3410/3518/3410 3530/3642/3530 
f 3530/3642/3530 3472/3582/3472 3413/3521/3413 
f 3477/3588/3477 3474/3584/3474 3531/3643/3531 
f 3531/3643/3531 3532/3644/3532 3477/3588/3477 
f 76/80/76 3475/3585/3475 3533/3645/3533 
f 3478/3589/3478 3476/3587/3476 3534/3646/3534 
f 3534/3646/3534 3535/3647/3535 3478/3589/3478 
f 3479/3590/3479 3477/3588/3477 3532/3644/3532 
f 3532/3644/3532 3536/3648/3536 3479/3590/3479 
f 3480/3591/3480 3478/3589/3478 3535/3647/3535 
f 3535/3647/3535 3537/3649/3537 3480/3591/3480 
f 3481/3592/3481 3479/3590/3479 3536/3648/3536 
f 3536/3648/3536 3538/3650/3538 3481/3592/3481 
f 3482/3593/3482 3480/3591/3480 3537/3649/3537 
f 3537/3649/3537 3539/3651/3539 3482/3593/3482 
f 3483/3594/3483 3481/3592/3481 3538/3650/3538 
f 3538/3650/3538 3540/3652/3540 3483/3594/3483 
f 3484/3595/3484 3482/3593/3482 3539/3651/3539 
f 3539/3651/3539 3541/3653/3541 3484/3595/3484 
f 3485/3596/3485 3483/3594/3483 3540/3652/3540 
f 3540/3652/3540 3542/3654/3542 3485/3596/3485 
f 3486/3597/3486 3484/3595/3484 3541/3653/3541 
f 3541/3653/3541 3543/3655/3543 3486/3597/3486 
f 3487/3598/3487 3485/3596/3485 3542/3654/3542 
f 3542/3654/3542 3544/3656/3544 3487/3598/3487 
f 3488/3599/3488 3486/3597/3486 3543/3655/3543 
f 3543/3655/3543 3545/3657/3545 3488/3599/3488 
f 3489/3600/3489 3487/3598/3487 3544/3656/3544 
f 3544/3656/3544 3546/3658/3546 3489/3600/3489 
f 3490/3601/3490 3488/3599/3488 3545/3657/3545 
f 3545/3657/3545 3547/3659/3547 3490/3601/3490 
f 3491/3602/3491 3489/3600/3489 3546/3658/3546 
f 3546/3658/3546 3548/3660/3548 3491/3602/3491 
f 3492/3603/3492 3490/3601/3490 3547/3659/3547 
f 3547/3659/3547 3549/3661/3549 3492/3603/3492 
f 3493/3604/3493 3491/3602/3491 3548/3660/3548 
f 3548/3660/3548 3550/3662/3550 3493/3604/3493 
f 3494/3605/3494 3492/3603/3492 3549/3661/3549 
f 3549/3661/3549 3551/3663/3551 3494/3605/3494 
f 3495/3606/3495 3493/3604/3493 3550/3662/3550 
f 3550/3662/3550 3552/3664/3552 3495/3606/3495 
f 3496/3607/3496 3494/3605/3494 3551/3663/3551 
f 3551/3663/3551 3553/3665/3553 3496/3607/3496 
f 3497/3608/3497 3495/3606/3495 3552/3664/3552 
f 3552/3664/3552 3554/3666/3554 3497/3608/3497 
f 3498/3609/3498 3496/3607/3496 3553/3665/3553 
f 3553/3665/3553 3555/3667/3555 3498/3609/3498 
f 3499/3610/3499 3497/3608/3497 3554/3666/3554 
f 3554/3666/3554 3556/3668/3556 3499/3610/3499 
f 3500/3611/3500 3498/3609/3498 3555/3667/3555 
f 3555/3667/3555 3557/3669/3557 3500/3611/3500 
f 3501/3612/3501 3499/3610/3499 3556/3668/3556 
f 3556/3668/3556 3558/3670/3558 3501/3612/3501 
f 3502/3613/3502 3500/3611/3500 3557/3669/3557 
f 3557/3669/3557 3559/3671/3559 3502/3613/3502 
f 3503/3614/3503 3501/3612/3501 3558/3670/3558 
f 3558/3670/3558 3560/3672/3560 3503/3614/3503 
f 3504/3615/3504 3502/3613/3502 3559/3671/3559 
f 3559/3671/3559 3561/3673/3561 3504/3615/3504 
f 3505/3616/3505 3503/3614/3503 3560/3672/3560 
f 3560/3672/3560 3562/3674/3562 3505/3616/3505 
f 3506/3617/3506 3504/3615/3504 3561/3673/3561 
f 3561/3673/3561 3563/3675/3563 3506/3617/3506 
f 3507/3618/3507 3505/3616/3505 3562/3674/3562 
f 3562/3674/3562 3564/3676/3564 3507/3618/3507 
f 3508/3619/3508 3506/3617/3506 3563/3675/3563 
f 3563/3675/3563 3565/3677/3565 3508/3619/3508 
f 3509/3620/3509 3507/3618/3507 3564/3676/3564 
f 3564/3676/3564 3566/3678/3566 3509/3620/3509 
f 3510/3621/3510 14/14/14 3567/3679/3567 
f 3511/3622/3511 3508/3619/3508 3565/3677/3565 
f 3565/3677/3565 3568/3680/3568 3511/3622/3511 
f 3512/3623/3512 3509/3620/3509 3566/3678/3566 
f 3566/3678/3566 3569/3681/3569 3512/3623/3512 
f 3513/3624/3513 3510/3621/3510 3567/3679/3567 
f 3567/3679/3567 3570/3682/3570 3513/3624/3513 
f 3514/3625/3514 3511/3622/3511 3568/3680/3568 
f 3568/3680/3568 3571/3683/3571 3514/3625/3514 
f 3515/3627/3515 3512/3626/3512 3569/3684/3569 
f 3569/3684/3569 3572/3685/3572 3515/3627/3515 
f 3516/3628/3516 3513/3624/3513 3570/3682/3570 
f 3570/3682/3570 3573/3686/3573 3516/3628/3516 
f 3517/3629/3517 3514/3625/3514 3571/3683/3571 
f 3571/3683/3571 3574/3687/3574 3517/3629/3517 
f 3518/3630/3518 3515/3627/3515 3572/3685/3572 
f 3572/3685/3572 3575/3688/3575 3518/3630/3518 
f 3519/3631/3519 3516/3628/3516 3573/3686/3573 
f 3573/3686/3573 3576/3689/3576 3519/3631/3519 
f 3520/3632/3520 3517/3629/3517 3574/3687/3574 
f 3574/3687/3574 3577/3690/3577 3520/3632/3520 
f 3521/3633/3521 3518/3630/3518 3575/3688/3575 
f 3575/3688/3575 3578/3691/3578 3521/3633/3521 
f 3522/3634/3522 3519/3631/3519 3576/3689/3576 
f 3576/3689/3576 3579/3692/3579 3522/3634/3522 
f 3523/3635/3523 3520/3632/3520 3577/3690/3577 
f 3577/3690/3577 3580/3693/3580 3523/3635/3523 
f 3524/3636/3524 3521/3633/3521 3578/3691/3578 
f 3578/3691/3578 3581/3694/3581 3524/3636/3524 
f 3525/3637/3525 3522/3634/3522 3579/3692/3579 
f 3579/3692/3579 3582/3695/3582 3525/3637/3525 
f 3526/3638/3526 3523/3635/3523 3580/3693/3580 
f 3580/3693/3580 3583/3696/3583 3526/3638/3526 
f 3527/3639/3527 3524/3636/3524 3581/3694/3581 
f 3581/3694/3581 3584/3697/3584 3527/3639/3527 
f 3528/3640/3528 3525/3637/3525 3582/3695/3582 
f 3582/3695/3582 3585/3698/3585 3528/3640/3528 
f 3529/3641/3529 3526/3638/3526 3583/3696/3583 
f 3583/3696/3583 3586/3699/3586 3529/3641/3529 
f 3530/3642/3530 3527/3639/3527 3584/3697/3584 
f 3584/3697/3584 3587/3700/3587 3530/3642/3530 
f 3468/3578/3468 3528/3640/3528 3585/3698/3585 
f 3585/3698/3585 3588/3701/3588 3468/3578/3468 
f 3470/3580/3470 3529/3641/3529 3586/3699/3586 
f 3586/3699/3586 3589/3702/3589 3470/3580/3470 
f 3472/3582/3472 3530/3642/3530 3587/3700/3587 
f 3587/3700/3587 3590/3703/3590 3472/3582/3472 
f 3469/3579/3469 3468/3578/3468 3588/3701/3588 
f 3588/3701/3588 3591/3704/3591 3469/3579/3469 
f 3471/3581/3471 3470/3580/3470 3589/3702/3589 
f 3589/3702/3589 3592/3705/3592 3471/3581/3471 
f 3473/3583/3473 3472/3582/3472 3590/3703/3590 
f 3590/3703/3590 3593/3706/3593 3473/3583/3473 
f 3474/3584/3474 3469/3579/3469 3591/3704/3591 
f 3591/3704/3591 3531/3643/3531 3474/3584/3474 
f 3475/3585/3475 3471/3581/3471 3592/3705/3592 
f 3592/3705/3592 3533/3645/3533 3475/3585/3475 
f 3476/3587/3476 3473/3586/3473 3593/3707/3593 
f 3593/3707/3593 3534/3646/3534 3476/3587/3476 
f 3538/3650/3538 3536/3648/3536 3594/3708/3594 
f 3594/3708/3594 3595/3709/3595 3538/3650/3538 
f 3539/3651/3539 3537/3649/3537 3596/3710/3596 
f 3596/3710/3596 3597/3711/3597 3539/3651/3539 
f 3540/3652/3540 3538/3650/3538 3595/3709/3595 
f 3595/3709/3595 3598/3712/3598 3540/3652/3540 
f 3541/3653/3541 3539/3651/3539 3597/3711/3597 
f 3597/3711/3597 3599/3713/3599 3541/3653/3541 
f 3542/3654/3542 3540/3652/3540 3598/3712/3598 
f 3598/3712/3598 3600/3714/3600 3542/3654/3542 
f 3543/3655/3543 3541/3653/3541 3599/3713/3599 
f 3599/3713/3599 3601/3715/3601 3543/3655/3543 
f 3544/3656/3544 3542/3654/3542 3600/3714/3600 
f 3600/3714/3600 3602/3716/3602 3544/3656/3544 
f 3545/3657/3545 3543/3655/3543 3601/3715/3601 
f 3601/3715/3601 3603/3717/3603 3545/3657/3545 
f 3546/3658/3546 3544/3656/3544 3602/3716/3602 
f 3602/3716/3602 3604/3718/3604 3546/3658/3546 
f 3547/3659/3547 3545/3657/3545 3603/3717/3603 
f 3603/3717/3603 3605/3719/3605 3547/3659/3547 
f 3548/3660/3548 3546/3658/3546 3604/3718/3604 
f 3604/3718/3604 3606/3720/3606 3548/3660/3548 
f 3549/3661/3549 3547/3659/3547 3605/3719/3605 
f 3605/3719/3605 3607/3721/3607 3549/3661/3549 
f 3550/3662/3550 3548/3660/3548 3606/3720/3606 
f 3606/3720/3606 3608/3722/3608 3550/3662/3550 
f 3551/3663/3551 3549/3661/3549 3607/3721/3607 
f 3607/3721/3607 3609/3723/3609 3551/3663/3551 
f 3552/3664/3552 3550/3662/3550 3608/3722/3608 
f 3608/3722/3608 3610/3724/3610 3552/3664/3552 
f 3553/3665/3553 3551/3663/3551 3609/3723/3609 
f 3609/3723/3609 3611/3725/3611 3553/3665/3553 
f 3554/3666/3554 3552/3664/3552 3610/3724/3610 
f 3610/3724/3610 3612/3726/3612 3554/3666/3554 
f 3555/3667/3555 3553/3665/3553 3611/3725/3611 
f 3611/3725/3611 3613/3727/3613 3555/3667/3555 
f 3556/3668/3556 3554/3666/3554 3612/3726/3612 
f 3612/3726/3612 3614/3728/3614 3556/3668/3556 
f 3557/3669/3557 3555/3667/3555 3613/3727/3613 
f 3613/3727/3613 3615/3729/3615 3557/3669/3557 
f 3558/3670/3558 3556/3668/3556 3614/3728/3614 
f 3614/3728/3614 3616/3730/3616 3558/3670/3558 
f 3559/3671/3559 3557/3669/3557 3615/3729/3615 
f 3615/3729/3615 3617/3731/3617 3559/3671/3559 
f 3560/3672/3560 3558/3670/3558 3616/3730/3616 
f 3616/3730/3616 3618/3732/3618 3560/3672/3560 
f 3561/3673/3561 3559/3671/3559 3617/3731/3617 
f 3617/3731/3617 3619/3733/3619 3561/3673/3561 
f 3562/3674/3562 3560/3672/3560 3618/3732/3618 
f 3618/3732/3618 3620/3734/3620 3562/3674/3562 
f 3563/3675/3563 3561/3673/3561 3619/3733/3619 
f 3619/3733/3619 3621/3735/3621 3563/3675/3563 
f 3564/3676/3564 3562/3674/3562 3620/3734/3620 
f 3620/3734/3620 3622/3736/3622 3564/3676/3564 
f 3565/3677/3565 3563/3675/3563 3621/3735/3621 
f 3621/3735/3621 3623/3737/3623 3565/3677/3565 
f 3566/3678/3566 3564/3676/3564 3622/3736/3622 
f 3622/3736/3622 3624/3738/3624 3566/3678/3566 
f 3567/3679/3567 14/14/14 3625/3739/3625 
f 3568/3680/3568 3565/3677/3565 3623/3737/3623 
f 3623/3737/3623 3626/3740/3626 3568/3680/3568 
f 3569/3681/3569 3566/3678/3566 3624/3738/3624 
f 3624/3738/3624 3627/3741/3627 3569/3681/3569 
f 3570/3682/3570 3567/3679/3567 3625/3739/3625 
f 3625/3739/3625 3628/3742/3628 3570/3682/3570 
f 3571/3683/3571 3568/3680/3568 3626/3740/3626 
f 3626/3740/3626 3629/3743/3629 3571/3683/3571 
f 3572/3685/3572 3569/3684/3569 3627/3744/3627 
f 3627/3744/3627 3630/3745/3630 3572/3685/3572 
f 3573/3686/3573 3570/3682/3570 3628/3742/3628 
f 3628/3742/3628 3631/3746/3631 3573/3686/3573 
f 3574/3687/3574 3571/3683/3571 3629/3743/3629 
f 3629/3743/3629 3632/3747/3632 3574/3687/3574 
f 3575/3688/3575 3572/3685/3572 3630/3745/3630 
f 3630/3745/3630 3633/3748/3633 3575/3688/3575 
f 3576/3689/3576 3573/3686/3573 3631/3746/3631 
f 3631/3746/3631 3634/3749/3634 3576/3689/3576 
f 3577/3690/3577 3574/3687/3574 3632/3747/3632 
f 3632/3747/3632 3635/3750/3635 3577/3690/3577 
f 3578/3691/3578 3575/3688/3575 3633/3748/3633 
f 3633/3748/3633 3636/3751/3636 3578/3691/3578 
f 3579/3692/3579 3576/3689/3576 3634/3749/3634 
f 3634/3749/3634 3637/3752/3637 3579/3692/3579 
f 3580/3693/3580 3577/3690/3577 3635/3750/3635 
f 3635/3750/3635 3638/3753/3638 3580/3693/3580 
f 3581/3694/3581 3578/3691/3578 3636/3751/3636 
f 3636/3751/3636 3639/3754/3639 3581/3694/3581 
f 3582/3695/3582 3579/3692/3579 3637/3752/3637 
f 3637/3752/3637 3640/3755/3640 3582/3695/3582 
f 3583/3696/3583 3580/3693/3580 3638/3753/3638 
f 3638/3753/3638 3641/3756/3641 3583/3696/3583 
f 3584/3697/3584 3581/3694/3581 3639/3754/3639 
f 3639/3754/3639 3642/3757/3642 3584/3697/3584 
f 3585/3698/3585 3582/3695/3582 3640/3755/3640 
f 3640/3755/3640 3643/3758/3643 3585/3698/3585 
f 3586/3699/3586 3583/3696/3583 3641/3756/3641 
f 3641/3756/3641 3644/3759/3644 3586/3699/3586 
f 3587/3700/3587 3584/3697/3584 3642/3757/3642 
f 3642/3757/3642 3645/3760/3645 3587/3700/3587 
f 3588/3701/3588 3585/3698/3585 3643/3758/3643 
f 3643/3758/3643 3646/3761/3646 3588/3701/3588 
f 3589/3702/3589 3586/3699/3586 3644/3759/3644 
f 3644/3759/3644 3647/3762/3647 3589/3702/3589 
f 3590/3703/3590 3587/3700/3587 3645/3760/3645 
f 3645/3760/3645 3648/3763/3648 3590/3703/3590 
f 3591/3704/3591 3588/3701/3588 3646/3761/3646 
f 3646/3761/3646 3649/3764/3649 3591/3704/3591 
f 3592/3705/3592 3589/3702/3589 3647/3762/3647 
f 3647/3762/3647 3650/3765/3650 3592/3705/3592 
f 3593/3706/3593 3590/3703/3590 3648/3763/3648 
f 3648/3763/3648 3651/3766/3651 3593/3706/3593 
f 3531/3643/3531 3591/3704/3591 3649/3764/3649 
f 3649/3764/3649 3652/3767/3652 3531/3643/3531 
f 3533/3645/3533 3592/3705/3592 3650/3765/3650 
f 3650/3765/3650 3653/3768/3653 3533/3645/3533 
f 3534/3646/3534 3593/3707/3593 3651/3769/3651 
f 3651/3769/3651 3654/3770/3654 3534/3646/3534 
f 3532/3644/3532 3531/3643/3531 3652/3767/3652 
f 3652/3767/3652 3655/3771/3655 3532/3644/3532 
f 76/80/76 3533/3645/3533 3653/3768/3653 
f 3535/3647/3535 3534/3646/3534 3654/3770/3654 
f 3654/3770/3654 3656/3772/3656 3535/3647/3535 
f 3536/3648/3536 3532/3644/3532 3655/3771/3655 
f 3655/3771/3655 3594/3708/3594 3536/3648/3536 
f 3537/3649/3537 3535/3647/3535 3656/3772/3656 
f 3656/3772/3656 3596/3710/3596 3537/3649/3537 
f 3600/3714/3600 3598/3712/3598 3657/3773/3657 
f 3657/3773/3657 3658/3774/3658 3600/3714/3600 
f 3601/3715/3601 3599/3713/3599 3659/3775/3659 
f 3659/3775/3659 3660/3776/3660 3601/3715/3601 
f 3602/3716/3602 3600/3714/3600 3658/3774/3658 
f 3658/3774/3658 3661/3777/3661 3602/3716/3602 
f 3603/3717/3603 3601/3715/3601 3660/3776/3660 
f 3660/3776/3660 3662/3778/3662 3603/3717/3603 
f 3604/3718/3604 3602/3716/3602 3661/3777/3661 
f 3661/3777/3661 3663/3779/3663 3604/3718/3604 
f 3605/3719/3605 3603/3717/3603 3662/3778/3662 
f 3662/3778/3662 3664/3780/3664 3605/3719/3605 
f 3606/3720/3606 3604/3718/3604 3663/3779/3663 
f 3663/3779/3663 3665/3781/3665 3606/3720/3606 
f 3607/3721/3607 3605/3719/3605 3664/3780/3664 
f 3664/3780/3664 3666/3782/3666 3607/3721/3607 
f 3608/3722/3608 3606/3720/3606 3665/3781/3665 
f 3665/3781/3665 3667/3783/3667 3608/3722/3608 
f 3609/3723/3609 3607/3721/3607 3666/3782/3666 
f 3666/3782/3666 3668/3784/3668 3609/3723/3609 
f 3610/3724/3610 3608/3722/3608 3667/3783/3667 
f 3667/3783/3667 3669/3785/3669 3610/3724/3610 
f 3611/3725/3611 3609/3723/3609 3668/3784/3668 
f 3668/3784/3668 3670/3786/3670 3611/3725/3611 
f 3612/3726/3612 3610/3724/3610 3669/3785/3669 
f 3669/3785/3669 3671/3787/3671 3612/3726/3612 
f 3613/3727/3613 3611/3725/3611 3670/3786/3670 
f 3670/3786/3670 3672/3788/3672 3613/3727/3613 
f 3614/3728/3614 3612/3726/3612 3671/3787/3671 
f 3671/3787/3671 3673/3789/3673 3614/3728/3614 
f 3615/3729/3615 3613/3727/3613 3672/3788/3672 
f 3672/3788/3672 3674/3790/3674 3615/3729/3615 
f 3616/3730/3616 3614/3728/3614 3673/3789/3673 
f 3673/3789/3673 3675/3791/3675 3616/3730/3616 
f 3617/3731/3617 3615/3729/3615 3674/3790/3674 
f 3674/3790/3674 3676/3792/3676 3617/3731/3617 
f 3618/3732/3618 3616/3730/3616 3675/3791/3675 
f 3675/3791/3675 3677/3793/3677 3618/3732/3618 
f 3619/3733/3619 3617/3731/3617 3676/3792/3676 
f 3676/3792/3676 3678/3794/3678 3619/3733/3619 
f 3620/3734/3620 3618/3732/3618 3677/3793/3677 
f 3677/3793/3677 3679/3795/3679 3620/3734/3620 
f 3621/3735/3621 3619/3733/3619 3678/3794/3678 
f 3678/3794/3678 3680/3796/3680 3621/3735/3621 
f 3622/3736/3622 3620/3734/3620 3679/3795/3679 
f 3679/3795/3679 3681/3797/3681 3622/3736/3622 
f 3623/3737/3623 3621/3735/3621 3680/3796/3680 
f 3680/3796/3680 3682/3798/3682 3623/3737/3623 
f 3624/3738/3624 3622/3736/3622 3681/3797/3681 
f 3681/3797/3681 3683/3799/3683 3624/3738/3624 
f 3625/3739/3625 14/14/14 3684/3800/3684 
f 3626/3740/3626 3623/3737/3623 3682/3798/3682 
f 3682/3798/3682 3685/3801/3685 3626/3740/3626 
f 3627/3741/3627 3624/3738/3624 3683/3799/3683 
f 3683/3799/3683 3686/3802/3686 3627/3741/3627 
f 3628/3742/3628 3625/3739/3625 3684/3800/3684 
f 3684/3800/3684 3687/3803/3687 3628/3742/3628 
f 3629/3743/3629 3626/3740/3626 3685/3801/3685 
f 3685/3801/3685 3688/3804/3688 3629/3743/3629 
f 3630/3745/3630 3627/3744/3627 3686/3805/3686 
f 3686/3805/3686 3689/3806/3689 3630/3745/3630 
f 3631/3746/3631 3628/3742/3628 3687/3803/3687 
f 3687/3803/3687 3690/3807/3690 3631/3746/3631 
f 3632/3747/3632 3629/3743/3629 3688/3804/3688 
f 3688/3804/3688 3691/3808/3691 3632/3747/3632 
f 3633/3748/3633 3630/3745/3630 3689/3806/3689 
f 3689/3806/3689 3692/3809/3692 3633/3748/3633 
f 3634/3749/3634 3631/3746/3631 3690/3807/3690 
f 3690/3807/3690 3693/3810/3693 3634/3749/3634 
f 3635/3750/3635 3632/3747/3632 3691/3808/3691 
f 3691/3808/3691 3694/3811/3694 3635/3750/3635 
f 3636/3751/3636 3633/3748/3633 3692/3809/3692 
f 3692/3809/3692 3695/3812/3695 3636/3751/3636 
f 3637/3752/3637 3634/3749/3634 3693/3810/3693 
f 3693/3810/3693 3696/3813/3696 3637/3752/3637 
f 3638/3753/3638 3635/3750/3635 3694/3811/3694 
f 3694/3811/3694 3697/3814/3697 3638/3753/3638 
f 3639/3754/3639 3636/3751/3636 3695/3812/3695 
f 3695/3812/3695 3698/3815/3698 3639/3754/3639 
f 3640/3755/3640 3637/3752/3637 3696/3813/3696 
f 3696/3813/3696 3699/3816/3699 3640/3755/3640 
f 3641/3756/3641 3638/3753/3638 3697/3814/3697 
f 3697/3814/3697 3700/3817/3700 3641/3756/3641 
f 3642/3757/3642 3639/3754/3639 3698/3815/3698 
f 3698/3815/3698 3701/3818/3701 3642/3757/3642 
f 3643/3758/3643 3640/3755/3640 3699/3816/3699 
f 3699/3816/3699 3702/3819/3702 3643/3758/3643 
f 3644/3759/3644 3641/3756/3641 3700/3817/3700 
f 3700/3817/3700 3703/3820/3703 3644/3759/3644 
f 3645/3760/3645 3642/3757/3642 3701/3818/3701 
f 3701/3818/3701 3704/3821/3704 3645/3760/3645 
f 3646/3761/3646 3643/3758/3643 3702/3819/3702 
f 3702/3819/3702 3705/3822/3705 3646/3761/3646 
f 3647/3762/3647 3644/3759/3644 3703/3820/3703 
f 3703/3820/3703 3706/3823/3706 3647/3762/3647 
f 3648/3763/3648 3645/3760/3645 3704/3821/3704 
f 3704/3821/3704 3707/3824/3707 3648/3763/3648 
f 3649/3764/3649 3646/3761/3646 3705/3822/3705 
f 3705/3822/3705 3708/3825/3708 3649/3764/3649 
f 3650/3765/3650 3647/3762/3647 3706/3823/3706 
f 3706/3823/3706 3709/3826/3709 3650/3765/3650 
f 3651/3766/3651 3648/3763/3648 3707/3824/3707 
f 3707/3824/3707 3710/3827/3710 3651/3766/3651 
f 3652/3767/3652 3649/3764/3649 3708/3825/3708 
f 3708/3825/3708 3711/3828/3711 3652/3767/3652 
f 3653/3768/3653 3650/3765/3650 3709/3826/3709 
f 3709/3826/3709 3712/3829/3712 3653/3768/3653 
f 3654/3770/3654 3651/3769/3651 3710/3830/3710 
f 3710/3830/3710 3713/3831/3713 3654/3770/3654 
f 3655/3771/3655 3652/3767/3652 3711/3828/3711 
f 3711/3828/3711 3714/3832/3714 3655/3771/3655 
f 76/80/76 3653/3768/3653 3712/3829/3712 
f 3656/3772/3656 3654/3770/3654 3713/3831/3713 
f 3713/3831/3713 3715/3833/3715 3656/3772/3656 
f 3594/3708/3594 3655/3771/3655 3714/3832/3714 
f 3714/3832/3714 3716/3834/3716 3594/3708/3594 
f 3596/3710/3596 3656/3772/3656 3715/3833/3715 
f 3715/3833/3715 3717/3835/3717 3596/3710/3596 
f 3595/3709/3595 3594/3708/3594 3716/3834/3716 
f 3716/3834/3716 3718/3836/3718 3595/3709/3595 
f 3597/3711/3597 3596/3710/3596 3717/3835/3717 
f 3717/3835/3717 3719/3837/3719 3597/3711/3597 
f 3598/3712/3598 3595/3709/3595 3718/3836/3718 
f 3718/3836/3718 3657/3773/3657 3598/3712/3598 
f 3599/3713/3599 3597/3711/3597 3719/3837/3719 
f 3719/3837/3719 3659/3775/3659 3599/3713/3599 
f 3663/3779/3663 3661/3777/3661 3720/3838/3720 
f 3720/3838/3720 3721/3839/3721 3663/3779/3663 
f 3664/3780/3664 3662/3778/3662 3722/3840/3722 
f 3722/3840/3722 3723/3841/3723 3664/3780/3664 
f 3665/3781/3665 3663/3779/3663 3721/3839/3721 
f 3721/3839/3721 3724/3842/3724 3665/3781/3665 
f 3666/3782/3666 3664/3780/3664 3723/3841/3723 
f 3723/3841/3723 3725/3843/3725 3666/3782/3666 
f 3667/3783/3667 3665/3781/3665 3724/3842/3724 
f 3724/3842/3724 3726/3844/3726 3667/3783/3667 
f 3668/3784/3668 3666/3782/3666 3725/3843/3725 
f 3725/3843/3725 3727/3845/3727 3668/3784/3668 
f 3669/3785/3669 3667/3783/3667 3726/3844/3726 
f 3726/3844/3726 3728/3846/3728 3669/3785/3669 
f 3670/3786/3670 3668/3784/3668 3727/3845/3727 
f 3727/3845/3727 3729/3847/3729 3670/3786/3670 
f 3671/3787/3671 3669/3785/3669 3728/3846/3728 
f 3728/3846/3728 3730/3848/3730 3671/3787/3671 
f 3672/3788/3672 3670/3786/3670 3729/3847/3729 
f 3729/3847/3729 3731/3849/3731 3672/3788/3672 
f 3673/3789/3673 3671/3787/3671 3730/3848/3730 
f 3730/3848/3730 3732/3850/3732 3673/3789/3673 
f 3674/3790/3674 3672/3788/3672 3731/3849/3731 
f 3731/3849/3731 3733/3851/3733 3674/3790/3674 
f 3675/3791/3675 3673/3789/3673 3732/3850/3732 
f 3732/3850/3732 3734/3852/3734 3675/3791/3675 
f 3676/3792/3676 3674/3790/3674 3733/3851/3733 
f 3733/3851/3733 3735/3853/3735 3676/3792/3676 
f 3677/3793/3677 3675/3791/3675 3734/3852/3734 
f 3734/3852/3734 3736/3854/3736 3677/3793/3677 
f 3678/3794/3678 3676/3792/3676 3735/3853/3735 
f 3735/3853/3735 3737/3855/3737 3678/3794/3678 
f 3679/3795/3679 3677/3793/3677 3736/3854/3736 
f 3736/3854/3736 3738/3856/3738 3679/3795/3679 
f 3680/3796/3680 3678/3794/3678 3737/3855/3737 
f 3737/3855/3737 3739/3857/3739 3680/3796/3680 
f 3681/3797/3681 3679/3795/3679 3738/3856/3738 
f 3738/3856/3738 3740/3858/3740 3681/3797/3681 
f 3682/3798/3682 3680/3796/3680 3739/3857/3739 
f 3739/3857/3739 3741/3859/3741 3682/3798/3682 
f 3683/3799/3683 3681/3797/3681 3740/3858/3740 
f 3740/3858/3740 3742/3860/3742 3683/3799/3683 
f 3684/3800/3684 14/14/14 3743/3861/3743 
f 3685/3801/3685 3682/3798/3682 3741/3859/3741 
f 3741/3859/3741 3744/3862/3744 3685/3801/3685 
f 3686/3802/3686 3683/3799/3683 3742/3860/3742 
f 3742/3860/3742 3745/3863/3745 3686/3802/3686 
f 3687/3803/3687 3684/3800/3684 3743/3861/3743 
f 3743/3861/3743 3746/3864/3746 3687/3803/3687 
f 3688/3804/3688 3685/3801/3685 3744/3862/3744 
f 3744/3862/3744 3747/3865/3747 3688/3804/3688 
f 3689/3806/3689 3686/3805/3686 3745/3866/3745 
f 3745/3866/3745 3748/3867/3748 3689/3806/3689 
f 3690/3807/3690 3687/3803/3687 3746/3864/3746 
f 3746/3864/3746 3749/3868/3749 3690/3807/3690 
f 3691/3808/3691 3688/3804/3688 3747/3865/3747 
f 3747/3865/3747 3750/3869/3750 3691/3808/3691 
f 3692/3809/3692 3689/3806/3689 3748/3867/3748 
f 3748/3867/3748 3751/3870/3751 3692/3809/3692 
f 3693/3810/3693 3690/3807/3690 3749/3868/3749 
f 3749/3868/3749 3752/3871/3752 3693/3810/3693 
f 3694/3811/3694 3691/3808/3691 3750/3869/3750 
f 3750/3869/3750 3753/3872/3753 3694/3811/3694 
f 3695/3812/3695 3692/3809/3692 3751/3870/3751 
f 3751/3870/3751 3754/3873/3754 3695/3812/3695 
f 3696/3813/3696 3693/3810/3693 3752/3871/3752 
f 3752/3871/3752 3755/3874/3755 3696/3813/3696 
f 3697/3814/3697 3694/3811/3694 3753/3872/3753 
f 3753/3872/3753 3756/3875/3756 3697/3814/3697 
f 3698/3815/3698 3695/3812/3695 3754/3873/3754 
f 3754/3873/3754 3757/3876/3757 3698/3815/3698 
f 3699/3816/3699 3696/3813/3696 3755/3874/3755 
f 3755/3874/3755 3758/3877/3758 3699/3816/3699 
f 3700/3817/3700 3697/3814/3697 3756/3875/3756 
f 3756/3875/3756 3759/3878/3759 3700/3817/3700 
f 3701/3818/3701 3698/3815/3698 3757/3876/3757 
f 3757/3876/3757 3760/3879/3760 3701/3818/3701 
f 3702/3819/3702 3699/3816/3699 3758/3877/3758 
f 3758/3877/3758 3761/3880/3761 3702/3819/3702 
f 3703/3820/3703 3700/3817/3700 3759/3878/3759 
f 3759/3878/3759 3762/3881/3762 3703/3820/3703 
f 3704/3821/3704 3701/3818/3701 3760/3879/3760 
f 3760/3879/3760 3763/3882/3763 3704/3821/3704 
f 3705/3822/3705 3702/3819/3702 3761/3880/3761 
f 3761/3880/3761 3764/3883/3764 3705/3822/3705 
f 3706/3823/3706 3703/3820/3703 3762/3881/3762 
f 3762/3881/3762 3765/3884/3765 3706/3823/3706 
f 3707/3824/3707 3704/3821/3704 3763/3882/3763 
f 3763/3882/3763 3766/3885/3766 3707/3824/3707 
f 3708/3825/3708 3705/3822/3705 3764/3883/3764 
f 3764/3883/3764 3767/3886/3767 3708/3825/3708 
f 3709/3826/3709 3706/3823/3706 3765/3884/3765 
f 3765/3884/3765 3768/3887/3768 3709/3826/3709 
f 3710/3827/3710 3707/3824/3707 3766/3885/3766 
f 3766/3885/3766 3769/3888/3769 3710/3827/3710 
f 3711/3828/3711 3708/3825/3708 3767/3886/3767 
f 3767/3886/3767 3770/3889/3770 3711/3828/3711 
f 3712/3829/3712 3709/3826/3709 3768/3887/3768 
f 3768/3887/3768 3771/3890/3771 3712/3829/3712 
f 3713/3831/3713 3710/3830/3710 3769/3891/3769 
f 3769/3891/3769 3772/3892/3772 3713/3831/3713 
f 3714/3832/3714 3711/3828/3711 3770/3889/3770 
f 3770/3889/3770 3773/3893/3773 3714/3832/3714 
f 76/80/76 3712/3829/3712 3771/3890/3771 
f 3715/3833/3715 3713/3831/3713 3772/3892/3772 
f 3772/3892/3772 3774/3894/3774 3715/3833/3715 
f 3716/3834/3716 3714/3832/3714 3773/3893/3773 
f 3773/3893/3773 3775/3895/3775 3716/3834/3716 
f 3717/3835/3717 3715/3833/3715 3774/3894/3774 
f 3774/3894/3774 3776/3896/3776 3717/3835/3717 
f 3718/3836/3718 3716/3834/3716 3775/3895/3775 
f 3775/3895/3775 3777/3897/3777 3718/3836/3718 
f 3719/3837/3719 3717/3835/3717 3776/3896/3776 
f 3776/3896/3776 3778/3898/3778 3719/3837/3719 
f 3657/3773/3657 3718/3836/3718 3777/3897/3777 
f 3777/3897/3777 3779/3899/3779 3657/3773/3657 
f 3659/3775/3659 3719/3837/3719 3778/3898/3778 
f 3778/3898/3778 3780/3900/3780 3659/3775/3659 
f 3658/3774/3658 3657/3773/3657 3779/3899/3779 
f 3779/3899/3779 3781/3901/3781 3658/3774/3658 
f 3660/3776/3660 3659/3775/3659 3780/3900/3780 
f 3780/3900/3780 3782/3902/3782 3660/3776/3660 
f 3661/3777/3661 3658/3774/3658 3781/3901/3781 
f 3781/3901/3781 3720/3838/3720 3661/3777/3661 
f 3662/3778/3662 3660/3776/3660 3782/3902/3782 
f 3782/3902/3782 3722/3840/3722 3662/3778/3662 
f 3726/3844/3726 3724/3842/3724 3783/3903/3783 
f 3783/3903/3783 3784/3904/3784 3726/3844/3726 
f 3727/3845/3727 3725/3843/3725 3785/3905/3785 
f 3785/3905/3785 3786/3906/3786 3727/3845/3727 
f 3728/3846/3728 3726/3844/3726 3784/3904/3784 
f 3784/3904/3784 3787/3907/3787 3728/3846/3728 
f 3729/3847/3729 3727/3845/3727 3786/3906/3786 
f 3786/3906/3786 3788/3908/3788 3729/3847/3729 
f 3730/3848/3730 3728/3846/3728 3787/3907/3787 
f 3787/3907/3787 3789/3909/3789 3730/3848/3730 
f 3731/3849/3731 3729/3847/3729 3788/3908/3788 
f 3788/3908/3788 3790/3910/3790 3731/3849/3731 
f 3732/3850/3732 3730/3848/3730 3789/3909/3789 
f 3789/3909/3789 3791/3911/3791 3732/3850/3732 
f 3733/3851/3733 3731/3849/3731 3790/3910/3790 
f 3790/3910/3790 3792/3912/3792 3733/3851/3733 
f 3734/3852/3734 3732/3850/3732 3791/3911/3791 
f 3791/3911/3791 3793/3913/3793 3734/3852/3734 
f 3735/3853/3735 3733/3851/3733 3792/3912/3792 
f 3792/3912/3792 3794/3914/3794 3735/3853/3735 
f 3736/3854/3736 3734/3852/3734 3793/3913/3793 
f 3793/3913/3793 3795/3915/3795 3736/3854/3736 
f 3737/3855/3737 3735/3853/3735 3794/3914/3794 
f 3794/3914/3794 3796/3916/3796 3737/3855/3737 
f 3738/3856/3738 3736/3854/3736 3795/3915/3795 
f 3795/3915/3795 3797/3917/3797 3738/3856/3738 
f 3739/3857/3739 3737/3855/3737 3796/3916/3796 
f 3796/3916/3796 3798/3918/3798 3739/3857/3739 
f 3740/3858/3740 3738/3856/3738 3797/3917/3797 
f 3797/3917/3797 3799/3919/3799 3740/3858/3740 
f 3741/3859/3741 3739/3857/3739 3798/3918/3798 
f 3798/3918/3798 3800/3920/3800 3741/3859/3741 
f 3742/3860/3742 3740/3858/3740 3799/3919/3799 
f 3799/3919/3799 3801/3921/3801 3742/3860/3742 
f 3743/3861/3743 14/14/14 3802/3922/3802 
f 3744/3862/3744 3741/3859/3741 3800/3920/3800 
f 3800/3920/3800 3803/3923/3803 3744/3862/3744 
f 3745/3863/3745 3742/3860/3742 3801/3921/3801 
f 3801/3921/3801 3804/3924/3804 3745/3863/3745 
f 3746/3864/3746 3743/3861/3743 3802/3922/3802 
f 3802/3922/3802 3805/3925/3805 3746/3864/3746 
f 3747/3865/3747 3744/3862/3744 3803/3923/3803 
f 3803/3923/3803 3806/3926/3806 3747/3865/3747 
f 3748/3867/3748 3745/3866/3745 3804/3927/3804 
f 3804/3927/3804 3807/3928/3807 3748/3867/3748 
f 3749/3868/3749 3746/3864/3746 3805/3925/3805 
f 3805/3925/3805 3808/3929/3808 3749/3868/3749 
f 3750/3869/3750 3747/3865/3747 3806/3926/3806 
f 3806/3926/3806 3809/3930/3809 3750/3869/3750 
f 3751/3870/3751 3748/3867/3748 3807/3928/3807 
f 3807/3928/3807 3810/3931/3810 3751/3870/3751 
f 3752/3871/3752 3749/3868/3749 3808/3929/3808 
f 3808/3929/3808 3811/3932/3811 3752/3871/3752 
f 3753/3872/3753 3750/3869/3750 3809/3930/3809 
f 3809/3930/3809 3812/3933/3812 3753/3872/3753 
f 3754/3873/3754 3751/3870/3751 3810/3931/3810 
f 3810/3931/3810 3813/3934/3813 3754/3873/3754 
f 3755/3874/3755 3752/3871/3752 3811/3932/3811 
f 3811/3932/3811 3814/3935/3814 3755/3874/3755 
f 3756/3875/3756 3753/3872/3753 3812/3933/3812 
f 3812/3933/3812 3815/3936/3815 3756/3875/3756 
f 3757/3876/3757 3754/3873/3754 3813/3934/3813 
f 3813/3934/3813 3816/3937/3816 3757/3876/3757 
f 3758/3877/3758 3755/3874/3755 3814/3935/3814 
f 3814/3935/3814 3817/3938/3817 3758/3877/3758 
f 3759/3878/3759 3756/3875/3756 3815/3936/3815 
f 3815/3936/3815 3818/3939/3818 3759/3878/3759 
f 3760/3879/3760 3757/3876/3757 3816/3937/3816 
f 3816/3937/3816 3819/3940/3819 3760/3879/3760 
f 3761/3880/3761 3758/3877/3758 3817/3938/3817 
f 3817/3938/3817 3820/3941/3820 3761/3880/3761 
f 3762/3881/3762 3759/3878/3759 3818/3939/3818 
f 3818/3939/3818 3821/3942/3821 3762/3881/3762 
f 3763/3882/3763 3760/3879/3760 3819/3940/3819 
f 3819/3940/3819 3822/3943/3822 3763/3882/3763 
f 3764/3883/3764 3761/3880/3761 3820/3941/3820 
f 3820/3941/3820 3823/3944/3823 3764/3883/3764 
f 3765/3884/3765 3762/3881/3762 3821/3942/3821 
f 3821/3942/3821 3824/3945/3824 3765/3884/3765 
f 3766/3885/3766 3763/3882/3763 3822/3943/3822 
f 3822/3943/3822 3825/3946/3825 3766/3885/3766 
f 3767/3886/3767 3764/3883/3764 3823/3944/3823 
f 3823/3944/3823 3826/3947/3826 3767/3886/3767 
f 3768/3887/3768 3765/3884/3765 3824/3945/3824 
f 3824/3945/3824 3827/3948/3827 3768/3887/3768 
f 3769/3888/3769 3766/3885/3766 3825/3946/3825 
f 3825/3946/3825 3828/3949/3828 3769/3888/3769 
f 3770/3889/3770 3767/3886/3767 3826/3947/3826 
f 3826/3947/3826 3829/3950/3829 3770/3889/3770 
f 3771/3890/3771 3768/3887/3768 3827/3948/3827 
f 3827/3948/3827 3830/3951/3830 3771/3890/3771 
f 3772/3892/3772 3769/3891/3769 3828/3952/3828 
f 3828/3952/3828 3831/3953/3831 3772/3892/3772 
f 3773/3893/3773 3770/3889/3770 3829/3950/3829 
f 3829/3950/3829 3832/3954/3832 3773/3893/3773 
f 76/80/76 3771/3890/3771 3830/3951/3830 
f 3774/3894/3774 3772/3892/3772 3831/3953/3831 
f 3831/3953/3831 3833/3955/3833 3774/3894/3774 
f 3775/3895/3775 3773/3893/3773 3832/3954/3832 
f 3832/3954/3832 3834/3956/3834 3775/3895/3775 
f 3776/3896/3776 3774/3894/3774 3833/3955/3833 
f 3833/3955/3833 3835/3957/3835 3776/3896/3776 
f 3777/3897/3777 3775/3895/3775 3834/3956/3834 
f 3834/3956/3834 3836/3958/3836 3777/3897/3777 
f 3778/3898/3778 3776/3896/3776 3835/3957/3835 
f 3835/3957/3835 3837/3959/3837 3778/3898/3778 
f 3779/3899/3779 3777/3897/3777 3836/3958/3836 
f 3836/3958/3836 3838/3960/3838 3779/3899/3779 
f 3780/3900/3780 3778/3898/3778 3837/3959/3837 
f 3837/3959/3837 3839/3961/3839 3780/3900/3780 
f 3781/3901/3781 3779/3899/3779 3838/3960/3838 
f 3838/3960/3838 3840/3962/3840 3781/3901/3781 
f 3782/3902/3782 3780/3900/3780 3839/3961/3839 
f 3839/3961/3839 3841/3963/3841 3782/3902/3782 
f 3720/3838/3720 3781/3901/3781 3840/3962/3840 
f 3840/3962/3840 3842/3964/3842 3720/3838/3720 
f 3722/3840/3722 3782/3902/3782 3841/3963/3841 
f 3841/3963/3841 3843/3965/3843 3722/3840/3722 
f 3721/3839/3721 3720/3838/3720 3842/3964/3842 
f 3842/3964/3842 3844/3966/3844 3721/3839/3721 
f 3723/3841/3723 3722/3840/3722 3843/3965/3843 
f 3843/3965/3843 3845/3967/3845 3723/3841/3723 
f 3724/3842/3724 3721/3839/3721 3844/3966/3844 
f 3844/3966/3844 3783/3903/3783 3724/3842/3724 
f 3725/3843/3725 3723/3841/3723 3845/3967/3845 
f 3845/3967/3845 3785/3905/3785 3725/3843/3725 
f 3789/3909/3789 3787/3907/3787 3846/3968/3846 
f 3846/3968/3846 3847/3969/3847 3789/3909/3789 
f 3790/3910/3790 3788/3908/3788 3848/3970/3848 
f 3848/3970/3848 3849/3971/3849 3790/3910/3790 
f 3791/3911/3791 3789/3909/3789 3847/3969/3847 
f 3847/3969/3847 3850/3972/3850 3791/3911/3791 
f 3792/3912/3792 3790/3910/3790 3849/3971/3849 
f 3849/3971/3849 3851/3973/3851 3792/3912/3792 
f 3793/3913/3793 3791/3911/3791 3850/3972/3850 
f 3850/3972/3850 3852/3974/3852 3793/3913/3793 
f 3794/3914/3794 3792/3912/3792 3851/3973/3851 
f 3851/3973/3851 3853/3975/3853 3794/3914/3794 
f 3795/3915/3795 3793/3913/3793 3852/3974/3852 
f 3852/3974/3852 3854/3976/3854 3795/3915/3795 
f 3796/3916/3796 3794/3914/3794 3853/3975/3853 
f 3853/3975/3853 3855/3977/3855 3796/3916/3796 
f 3797/3917/3797 3795/3915/3795 3854/3976/3854 
f 3854/3976/3854 3856/3978/3856 3797/3917/3797 
f 3798/3918/3798 3796/3916/3796 3855/3977/3855 
f 3855/3977/3855 3857/3979/3857 3798/3918/3798 
f 3799/3919/3799 3797/3917/3797 3856/3978/3856 
f 3856/3978/3856 3858/3980/3858 3799/3919/3799 
f 3800/3920/3800 3798/3918/3798 3857/3979/3857 
f 3857/3979/3857 3859/3981/3859 3800/3920/3800 
f 3801/3921/3801 3799/3919/3799 3858/3980/3858 
f 3858/3980/3858 3860/3982/3860 3801/3921/3801 
f 3802/3922/3802 14/14/14 3861/3983/3861 
f 3803/3923/3803 3800/3920/3800 3859/3981/3859 
f 3859/3981/3859 3862/3984/3862 3803/3923/3803 
f 3804/3924/3804 3801/3921/3801 3860/3982/3860 
f 3860/3982/3860 3863/3985/3863 3804/3924/3804 
f 3805/3925/3805 3802/3922/3802 3861/3983/3861 
f 3861/3983/3861 3864/3986/3864 3805/3925/3805 
f 3806/3926/3806 3803/3923/3803 3862/3984/3862 
f 3862/3984/3862 3865/3987/3865 3806/3926/3806 
f 3807/3928/3807 3804/3927/3804 3863/3988/3863 
f 3863/3988/3863 3866/3989/3866 3807/3928/3807 
f 3808/3929/3808 3805/3925/3805 3864/3986/3864 
f 3864/3986/3864 3867/3990/3867 3808/3929/3808 
f 3809/3930/3809 3806/3926/3806 3865/3987/3865 
f 3865/3987/3865 3868/3991/3868 3809/3930/3809 
f 3810/3931/3810 3807/3928/3807 3866/3989/3866 
f 3866/3989/3866 3869/3992/3869 3810/3931/3810 
f 3811/3932/3811 3808/3929/3808 3867/3990/3867 
f 3867/3990/3867 3870/3993/3870 3811/3932/3811 
f 3812/3933/3812 3809/3930/3809 3868/3991/3868 
f 3868/3991/3868 3871/3994/3871 3812/3933/3812 
f 3813/3934/3813 3810/3931/3810 3869/3992/3869 
f 3869/3992/3869 3872/3995/3872 3813/3934/3813 
f 3814/3935/3814 3811/3932/3811 3870/3993/3870 
f 3870/3993/3870 3873/3996/3873 3814/3935/3814 
f 3815/3936/3815 3812/3933/3812 3871/3994/3871 
f 3871/3994/3871 3874/3997/3874 3815/3936/3815 
f 3816/3937/3816 3813/3934/3813 3872/3995/3872 
f 3872/3995/3872 3875/3998/3875 3816/3937/3816 
f 3817/3938/3817 3814/3935/3814 3873/3996/3873 
f 3873/3996/3873 3876/3999/3876 3817/3938/3817 
f 3818/3939/3818 3815/3936/3815 3874/3997/3874 
f 3874/3997/3874 3877/4000/3877 3818/3939/3818 
f 3819/3940/3819 3816/3937/3816 3875/3998/3875 
f 3875/3998/3875 3878/4001/3878 3819/3940/3819 
f 3820/3941/3820 3817/3938/3817 3876/3999/3876 
f 3876/3999/3876 3879/4002/3879 3820/3941/3820 
f 3821/3942/3821 3818/3939/3818 3877/4000/3877 
f 3877/4000/3877 3880/4003/3880 3821/3942/3821 
f 3822/3943/3822 3819/3940/3819 3878/4001/3878 
f 3878/4001/3878 3881/4004/3881 3822/3943/3822 
f 3823/3944/3823 3820/3941/3820 3879/4002/3879 
f 3879/4002/3879 3882/4005/3882 3823/3944/3823 
f 3824/3945/3824 3821/3942/3821 3880/4003/3880 
f 3880/4003/3880 3883/4006/3883 3824/3945/3824 
f 3825/3946/3825 3822/3943/3822 3881/4004/3881 
f 3881/4004/3881 3884/4007/3884 3825/3946/3825 
f 3826/3947/3826 3823/3944/3823 3882/4005/3882 
f 3882/4005/3882 3885/4008/3885 3826/3947/3826 
f 3827/3948/3827 3824/3945/3824 3883/4006/3883 
f 3883/4006/3883 3886/4009/3886 3827/3948/3827 
f 3828/3949/3828 3825/3946/3825 3884/4007/3884 
f 3884/4007/3884 3887/4010/3887 3828/3949/3828 
f 3829/3950/3829 3826/3947/3826 3885/4008/3885 
f 3885/4008/3885 3888/4011/3888 3829/3950/3829 
f 3830/3951/3830 3827/3948/3827 3886/4009/3886 
f 3886/4009/3886 3889/4012/3889 3830/3951/3830 
f 3831/3953/3831 3828/3952/3828 3887/4013/3887 
f 3887/4013/3887 3890/4014/3890 3831/3953/3831 
f 3832/3954/3832 3829/3950/3829 3888/4011/3888 
f 3888/4011/3888 3891/4015/3891 3832/3954/3832 
f 76/80/76 3830/3951/3830 3889/4012/3889 
f 3833/3955/3833 3831/3953/3831 3890/4014/3890 
f 3890/4014/3890 3892/4016/3892 3833/3955/3833 
f 3834/3956/3834 3832/3954/3832 3891/4015/3891 
f 3891/4015/3891 3893/4017/3893 3834/3956/3834 
f 3835/3957/3835 3833/3955/3833 3892/4016/3892 
f 3892/4016/3892 3894/4018/3894 3835/3957/3835 
f 3836/3958/3836 3834/3956/3834 3893/4017/3893 
f 3893/4017/3893 3895/4019/3895 3836/3958/3836 
f 3837/3959/3837 3835/3957/3835 3894/4018/3894 
f 3894/4018/3894 3896/4020/3896 3837/3959/3837 
f 3838/3960/3838 3836/3958/3836 3895/4019/3895 
f 3895/4019/3895 3897/4021/3897 3838/3960/3838 
f 3839/3961/3839 3837/3959/3837 3896/4020/3896 
f 3896/4020/3896 3898/4022/3898 3839/3961/3839 
f 3840/3962/3840 3838/3960/3838 3897/4021/3897 
f 3897/4021/3897 3899/4023/3899 3840/3962/3840 
f 3841/3963/3841 3839/3961/3839 3898/4022/3898 
f 3898/4022/3898 3900/4024/3900 3841/3963/3841 
f 3842/3964/3842 3840/3962/3840 3899/4023/3899 
f 3899/4023/3899 3901/4025/3901 3842/3964/3842 
f 3843/3965/3843 3841/3963/3841 3900/4024/3900 
f 3900/4024/3900 3902/4026/3902 3843/3965/3843 
f 3844/3966/3844 3842/3964/3842 3901/4025/3901 
f 3901/4025/3901 3903/4027/3903 3844/3966/3844 
f 3845/3967/3845 3843/3965/3843 3902/4026/3902 
f 3902/4026/3902 3904/4028/3904 3845/3967/3845 
f 3783/3903/3783 3844/3966/3844 3903/4027/3903 
f 3903/4027/3903 3905/4029/3905 3783/3903/3783 
f 3785/3905/3785 3845/3967/3845 3904/4028/3904 
f 3904/4028/3904 3906/4030/3906 3785/3905/3785 
f 3784/3904/3784 3783/3903/3783 3905/4029/3905 
f 3905/4029/3905 3907/4031/3907 3784/3904/3784 
f 3786/3906/3786 3785/3905/3785 3906/4030/3906 
f 3906/4030/3906 3908/4032/3908 3786/3906/3786 
f 3787/3907/3787 3784/3904/3784 3907/4031/3907 
f 3907/4031/3907 3846/3968/3846 3787/3907/3787 
f 3788/3908/3788 3786/3906/3786 3908/4032/3908 
f 3908/4032/3908 3848/3970/3848 3788/3908/3788 
f 3852/3974/3852 3850/3972/3850 3909/4033/3909 
f 3909/4033/3909 3910/4034/3910 3852/3974/3852 
f 3853/3975/3853 3851/3973/3851 3911/4035/3911 
f 3911/4035/3911 3912/4036/3912 3853/3975/3853 
f 3854/3976/3854 3852/3974/3852 3910/4034/3910 
f 3910/4034/3910 3913/4037/3913 3854/3976/3854 
f 3855/3977/3855 3853/3975/3853 3912/4036/3912 
f 3912/4036/3912 3914/4038/3914 3855/3977/3855 
f 3856/3978/3856 3854/3976/3854 3913/4037/3913 
f 3913/4037/3913 3915/4039/3915 3856/3978/3856 
f 3857/3979/3857 3855/3977/3855 3914/4038/3914 
f 3914/4038/3914 3916/4040/3916 3857/3979/3857 
f 3858/3980/3858 3856/3978/3856 3915/4039/3915 
f 3915/4039/3915 3917/4041/3917 3858/3980/3858 
f 3859/3981/3859 3857/3979/3857 3916/4040/3916 
f 3916/4040/3916 3918/4042/3918 3859/3981/3859 
f 3860/3982/3860 3858/3980/3858 3917/4041/3917 
f 3917/4041/3917 3919/4043/3919 3860/3982/3860 
f 3861/3983/3861 14/14/14 3920/4044/3920 
f 3862/3984/3862 3859/3981/3859 3918/4042/3918 
f 3918/4042/3918 3921/4045/3921 3862/3984/3862 
f 3863/3985/3863 3860/3982/3860 3919/4043/3919 
f 3919/4043/3919 3922/4046/3922 3863/3985/3863 
f 3864/3986/3864 3861/3983/3861 3920/4044/3920 
f 3920/4044/3920 3923/4047/3923 3864/3986/3864 
f 3865/3987/3865 3862/3984/3862 3921/4045/3921 
f 3921/4045/3921 3924/4048/3924 3865/3987/3865 
f 3866/3989/3866 3863/3988/3863 3922/4049/3922 
f 3922/4049/3922 3925/4050/3925 3866/3989/3866 
f 3867/3990/3867 3864/3986/3864 3923/4047/3923 
f 3923/4047/3923 3926/4051/3926 3867/3990/3867 
f 3868/3991/3868 3865/3987/3865 3924/4048/3924 
f 3924/4048/3924 3927/4052/3927 3868/3991/3868 
f 3869/3992/3869 3866/3989/3866 3925/4050/3925 
f 3925/4050/3925 3928/4053/3928 3869/3992/3869 
f 3870/3993/3870 3867/3990/3867 3926/4051/3926 
f 3926/4051/3926 3929/4054/3929 3870/3993/3870 
f 3871/3994/3871 3868/3991/3868 3927/4052/3927 
f 3927/4052/3927 3930/4055/3930 3871/3994/3871 
f 3872/3995/3872 3869/3992/3869 3928/4053/3928 
f 3928/4053/3928 3931/4056/3931 3872/3995/3872 
f 3873/3996/3873 3870/3993/3870 3929/4054/3929 
f 3929/4054/3929 3932/4057/3932 3873/3996/3873 
f 3874/3997/3874 3871/3994/3871 3930/4055/3930 
f 3930/4055/3930 3933/4058/3933 3874/3997/3874 
f 3875/3998/3875 3872/3995/3872 3931/4056/3931 
f 3931/4056/3931 3934/4059/3934 3875/3998/3875 
f 3876/3999/3876 3873/3996/3873 3932/4057/3932 
f 3932/4057/3932 3935/4060/3935 3876/3999/3876 
f 3877/4000/3877 3874/3997/3874 3933/4058/3933 
f 3933/4058/3933 3936/4061/3936 3877/4000/3877 
f 3878/4001/3878 3875/3998/3875 3934/4059/3934 
f 3934/4059/3934 3937/4062/3937 3878/4001/3878 
f 3879/4002/3879 3876/3999/3876 3935/4060/3935 
f 3935/4060/3935 3938/4063/3938 3879/4002/3879 
f 3880/4003/3880 3877/4000/3877 3936/4061/3936 
f 3936/4061/3936 3939/4064/3939 3880/4003/3880 
f 3881/4004/3881 3878/4001/3878 3937/4062/3937 
f 3937/4062/3937 3940/4065/3940 3881/4004/3881 
f 3882/4005/3882 3879/4002/3879 3938/4063/3938 
f 3938/4063/3938 3941/4066/3941 3882/4005/3882 
f 3883/4006/3883 3880/4003/3880 3939/4064/3939 
f 3939/4064/3939 3942/4067/3942 3883/4006/3883 
f 3884/4007/3884 3881/4004/3881 3940/4065/3940 
f 3940/4065/3940 3943/4068/3943 3884/4007/3884 
f 3885/4008/3885 3882/4005/3882 3941/4066/3941 
f 3941/4066/3941 3944/4069/3944 3885/4008/3885 
f 3886/4009/3886 3883/4006/3883 3942/4067/3942 
f 3942/4067/3942 3945/4070/3945 3886/4009/3886 
f 3887/4010/3887 3884/4007/3884 3943/4068/3943 
f 3943/4068/3943 3946/4071/3946 3887/4010/3887 
f 3888/4011/3888 3885/4008/3885 3944/4069/3944 
f 3944/4069/3944 3947/4072/3947 3888/4011/3888 
f 3889/4012/3889 3886/4009/3886 3945/4070/3945 
f 3945/4070/3945 3948/4073/3948 3889/4012/3889 
f 3890/4014/3890 3887/4013/3887 3946/4074/3946 
f 3946/4074/3946 3949/4075/3949 3890/4014/3890 
f 3891/4015/3891 3888/4011/3888 3947/4072/3947 
f 3947/4072/3947 3950/4076/3950 3891/4015/3891 
f 76/80/76 3889/4012/3889 3948/4073/3948 
f 3892/4016/3892 3890/4014/3890 3949/4075/3949 
f 3949/4075/3949 3951/4077/3951 3892/4016/3892 
f 3893/4017/3893 3891/4015/3891 3950/4076/3950 
f 3950/4076/3950 3952/4078/3952 3893/4017/3893 
f 3894/4018/3894 3892/4016/3892 3951/4077/3951 
f 3951/4077/3951 3953/4079/3953 3894/4018/3894 
f 3895/4019/3895 3893/4017/3893 3952/4078/3952 
f 3952/4078/3952 3954/4080/3954 3895/4019/3895 
f 3896/4020/3896 3894/4018/3894 3953/4079/3953 
f 3953/4079/3953 3955/4081/3955 3896/4020/3896 
f 3897/4021/3897 3895/4019/3895 3954/4080/3954 
f 3954/4080/3954 3956/4082/3956 3897/4021/3897 
f 3898/4022/3898 3896/4020/3896 3955/4081/3955 
f 3955/4081/3955 3957/4083/3957 3898/4022/3898 
f 3899/4023/3899 3897/4021/3897 3956/4082/3956 
f 3956/4082/3956 3958/4084/3958 3899/4023/3899 
f 3900/4024/3900 3898/4022/3898 3957/4083/3957 
f 3957/4083/3957 3959/4085/3959 3900/4024/3900 
f 3901/4025/3901 3899/4023/3899 3958/4084/3958 
f 3958/4084/3958 3960/4086/3960 3901/4025/3901 
f 3902/4026/3902 3900/4024/3900 3959/4085/3959 
f 3959/4085/3959 3961/4087/3961 3902/4026/3902 
f 3903/4027/3903 3901/4025/3901 3960/4086/3960 
f 3960/4086/3960 3962/4088/3962 3903/4027/3903 
f 3904/4028/3904 3902/4026/3902 3961/4087/3961 
f 3961/4087/3961 3963/4089/3963 3904/4028/3904 
f 3905/4029/3905 3903/4027/3903 3962/4088/3962 
f 3962/4088/3962 3964/4090/3964 3905/4029/3905 
f 3906/4030/3906 3904/4028/3904 3963/4089/3963 
f 3963/4089/3963 3965/4091/3965 3906/4030/3906 
f 3907/4031/3907 3905/4029/3905 3964/4090/3964 
f 3964/4090/3964 3966/4092/3966 3907/4031/3907 
f 3908/4032/3908 3906/4030/3906 3965/4091/3965 
f 3965/4091/3965 3967/4093/3967 3908/4032/3908 
f 3846/3968/3846 3907/4031/3907 3966/4092/3966 
f 3966/4092/3966 3968/4094/3968 3846/3968/3846 
f 3848/3970/3848 3908/4032/3908 3967/4093/3967 
f 3967/4093/3967 3969/4095/3969 3848/3970/3848 
f 3847/3969/3847 3846/3968/3846 3968/4094/3968 
f 3968/4094/3968 3970/4096/3970 3847/3969/3847 
f 3849/3971/3849 3848/3970/3848 3969/4095/3969 
f 3969/4095/3969 3971/4097/3971 3849/3971/3849 
f 3850/3972/3850 3847/3969/3847 3970/4096/3970 
f 3970/4096/3970 3909/4033/3909 3850/3972/3850 
f 3851/3973/3851 3849/3971/3849 3971/4097/3971 
f 3971/4097/3971 3911/4035/3911 3851/3973/3851 
f 3915/4039/3915 3913/4037/3913 3972/4098/3972 
f 3972/4098/3972 3973/4099/3973 3915/4039/3915 
f 3916/4040/3916 3914/4038/3914 3974/4100/3974 
f 3974/4100/3974 3975/4101/3975 3916/4040/3916 
f 3917/4041/3917 3915/4039/3915 3973/4099/3973 
f 3973/4099/3973 3976/4102/3976 3917/4041/3917 
f 3918/4042/3918 3916/4040/3916 3975/4101/3975 
f 3975/4101/3975 3977/4103/3977 3918/4042/3918 
f 3919/4043/3919 3917/4041/3917 3976/4102/3976 
f 3976/4102/3976 3978/4104/3978 3919/4043/3919 
f 3920/4044/3920 14/14/14 3979/4105/3979 
f 3921/4045/3921 3918/4042/3918 3977/4103/3977 
f 3977/4103/3977 3980/4106/3980 3921/4045/3921 
f 3922/4046/3922 3919/4043/3919 3978/4104/3978 
f 3978/4104/3978 3981/4107/3981 3922/4046/3922 
f 3923/4047/3923 3920/4044/3920 3979/4105/3979 
f 3979/4105/3979 3982/4108/3982 3923/4047/3923 
f 3924/4048/3924 3921/4045/3921 3980/4106/3980 
f 3980/4106/3980 3983/4109/3983 3924/4048/3924 
f 3925/4050/3925 3922/4049/3922 3981/4110/3981 
f 3981/4110/3981 3984/4111/3984 3925/4050/3925 
f 3926/4051/3926 3923/4047/3923 3982/4108/3982 
f 3982/4108/3982 3985/4112/3985 3926/4051/3926 
f 3927/4052/3927 3924/4048/3924 3983/4109/3983 
f 3983/4109/3983 3986/4113/3986 3927/4052/3927 
f 3928/4053/3928 3925/4050/3925 3984/4111/3984 
f 3984/4111/3984 3987/4114/3987 3928/4053/3928 
f 3929/4054/3929 3926/4051/3926 3985/4112/3985 
f 3985/4112/3985 3988/4115/3988 3929/4054/3929 
f 3930/4055/3930 3927/4052/3927 3986/4113/3986 
f 3986/4113/3986 3989/4116/3989 3930/4055/3930 
f 3931/4056/3931 3928/4053/3928 3987/4114/3987 
f 3987/4114/3987 3990/4117/3990 3931/4056/3931 
f 3932/4057/3932 3929/4054/3929 3988/4115/3988 
f 3988/4115/3988 3991/4118/3991 3932/4057/3932 
f 3933/4058/3933 3930/4055/3930 3989/4116/3989 
f 3989/4116/3989 3992/4119/3992 3933/4058/3933 
f 3934/4059/3934 3931/4056/3931 3990/4117/3990 
f 3990/4117/3990 3993/4120/3993 3934/4059/3934 
f 3935/4060/3935 3932/4057/3932 3991/4118/3991 
f 3991/4118/3991 3994/4121/3994 3935/4060/3935 
f 3936/4061/3936 3933/4058/3933 3992/4119/3992 
f 3992/4119/3992 3995/4122/3995 3936/4061/3936 
f 3937/4062/3937 3934/4059/3934 3993/4120/3993 
f 3993/4120/3993 3996/4123/3996 3937/4062/3937 
f 3938/4063/3938 3935/4060/3935 3994/4121/3994 
f 3994/4121/3994 3997/4124/3997 3938/4063/3938 
f 3939/4064/3939 3936/4061/3936 3995/4122/3995 
f 3995/4122/3995 3998/4125/3998 3939/4064/3939 
f 3940/4065/3940 3937/4062/3937 3996/4123/3996 
f 3996/4123/3996 3999/4126/3999 3940/4065/3940 
f 3941/4066/3941 3938/4063/3938 3997/4124/3997 
f 3997/4124/3997 4000/4127/4000 3941/4066/3941 
f 3942/4067/3942 3939/4064/3939 3998/4125/3998 
f 3998/4125/3998 4001/4128/4001 3942/4067/3942 
f 3943/4068/3943 3940/4065/3940 3999/4126/3999 
f 3999/4126/3999 4002/4129/4002 3943/4068/3943 
f 3944/4069/3944 3941/4066/3941 4000/4127/4000 
f 4000/4127/4000 4003/4130/4003 3944/4069/3944 
f 3945/4070/3945 3942/4067/3942 4001/4128/4001 
f 4001/4128/4001 4004/4131/4004 3945/4070/3945 
f 3946/4071/3946 3943/4068/3943 4002/4129/4002 
f 4002/4129/4002 4005/4132/4005 3946/4071/3946 
f 3947/4072/3947 3944/4069/3944 4003/4130/4003 
f 4003/4130/4003 4006/4133/4006 3947/4072/3947 
f 3948/4073/3948 3945/4070/3945 4004/4131/4004 
f 4004/4131/4004 4007/4134/4007 3948/4073/3948 
f 3949/4075/3949 3946/4074/3946 4005/4135/4005 
f 4005/4135/4005 4008/4136/4008 3949/4075/3949 
f 3950/4076/3950 3947/4072/3947 4006/4133/4006 
f 4006/4133/4006 4009/4137/4009 3950/4076/3950 
f 76/80/76 3948/4073/3948 4007/4134/4007 
f 3951/4077/3951 3949/4075/3949 4008/4136/4008 
f 4008/4136/4008 4010/4138/4010 3951/4077/3951 
f 3952/4078/3952 3950/4076/3950 4009/4137/4009 
f 4009/4137/4009 4011/4139/4011 3952/4078/3952 
f 3953/4079/3953 3951/4077/3951 4010/4138/4010 
f 4010/4138/4010 4012/4140/4012 3953/4079/3953 
f 3954/4080/3954 3952/4078/3952 4011/4139/4011 
f 4011/4139/4011 4013/4141/4013 3954/4080/3954 
f 3955/4081/3955 3953/4079/3953 4012/4140/4012 
f 4012/4140/4012 4014/4142/4014 3955/4081/3955 
f 3956/4082/3956 3954/4080/3954 4013/4141/4013 
f 4013/4141/4013 4015/4143/4015 3956/4082/3956 
f 3957/4083/3957 3955/4081/3955 4014/4142/4014 
f 4014/4142/4014 4016/4144/4016 3957/4083/3957 
f 3958/4084/3958 3956/4082/3956 4015/4143/4015 
f 4015/4143/4015 4017/4145/4017 3958/4084/3958 
f 3959/4085/3959 3957/4083/3957 4016/4144/4016 
f 4016/4144/4016 4018/4146/4018 3959/4085/3959 
f 3960/4086/3960 3958/4084/3958 4017/4145/4017 
f 4017/4145/4017 4019/4147/4019 3960/4086/3960 
f 3961/4087/3961 3959/4085/3959 4018/4146/4018 
f 4018/4146/4018 4020/4148/4020 3961/4087/3961 
f 3962/4088/3962 3960/4086/3960 4019/4147/4019 
f 4019/4147/4019 4021/4149/4021 3962/4088/3962 
f 3963/4089/3963 3961/4087/3961 4020/4148/4020 
f 4020/4148/4020 4022/4150/4022 3963/4089/3963 
f 3964/4090/3964 3962/4088/3962 4021/4149/4021 
f 4021/4149/4021 4023/4151/4023 3964/4090/3964 
f 3965/4091/3965 3963/4089/3963 4022/4150/4022 
f 4022/4150/4022 4024/4152/4024 3965/4091/3965 
f 3966/4092/3966 3964/4090/3964 4023/4151/4023 
f 4023/4151/4023 4025/4153/4025 3966/4092/3966 
f 3967/4093/3967 3965/4091/3965 4024/4152/4024 
f 4024/4152/4024 4026/4154/4026 3967/4093/3967 
f 3968/4094/3968 3966/4092/3966 4025/4153/4025 
f 4025/4153/4025 4027/4155/4027 3968/4094/3968 
f 3969/4095/3969 3967/4093/3967 4026/4154/4026 
f 4026/4154/4026 4028/4156/4028 3969/4095/3969 
f 3970/4096/3970 3968/4094/3968 4027/4155/4027 
f 4027/4155/4027 4029/4157/4029 3970/4096/3970 
f 3971/4097/3971 3969/4095/3969 4028/4156/4028 
f 4028/4156/4028 4030/4158/4030 3971/4097/3971 
f 3909/4033/3909 3970/4096/3970 4029/4157/4029 
f 4029/4157/4029 4031/4159/4031 3909/4033/3909 
f 3911/4035/3911 3971/4097/3971 4030/4158/4030 
f 4030/4158/4030 4032/4160/4032 3911/4035/3911 
f 3910/4034/3910 3909/4033/3909 4031/4159/4031 
f 4031/4159/4031 4033/4161/4033 3910/4034/3910 
f 3912/4036/3912 3911/4035/3911 4032/4160/4032 
f 4032/4160/4032 4034/4162/4034 3912/4036/3912 
f 3913/4037/3913 3910/4034/3910 4033/4161/4033 
f 4033/4161/4033 3972/4098/3972 3913/4037/3913 
f 3914/4038/3914 3912/4036/3912 4034/4162/4034 
f 4034/4162/4034 3974/4100/3974 3914/4038/3914 
f 3978/4104/3978 3976/4102/3976 5/5/5 
f 5/5/5 11/11/11 3978/4104/3978 
f 3979/4105/3979 14/14/14 13/13/13 
f 3980/4106/3980 3977/4103/3977 9/9/9 
f 9/9/9 16/16/16 3980/4106/3980 
f 3981/4107/3981 3978/4104/3978 11/11/11 
f 11/11/11 18/18/18 3981/4107/3981 
f 3982/4108/3982 3979/4105/3979 13/13/13 
f 13/13/13 20/20/20 3982/4108/3982 
f 3983/4109/3983 3980/4106/3980 16/16/16 
f 16/16/16 22/22/22 3983/4109/3983 
f 3984/4111/3984 3981/4110/3981 18/25/18 
f 18/25/18 24/24/24 3984/4111/3984 
f 3985/4112/3985 3982/4108/3982 20/20/20 
f 20/20/20 26/28/26 3985/4112/3985 
f 3986/4113/3986 3983/4109/3983 22/22/22 
f 22/22/22 28/30/28 3986/4113/3986 
f 3987/4114/3987 3984/4111/3984 24/24/24 
f 24/24/24 30/32/30 3987/4114/3987 
f 3988/4115/3988 3985/4112/3985 26/28/26 
f 26/28/26 32/34/32 3988/4115/3988 
f 3989/4116/3989 3986/4113/3986 28/30/28 
f 28/30/28 34/36/34 3989/4116/3989 
f 3990/4117/3990 3987/4114/3987 30/32/30 
f 30/32/30 36/38/36 3990/4117/3990 
f 3991/4118/3991 3988/4115/3988 32/34/32 
f 32/34/32 38/40/38 3991/4118/3991 
f 3992/4119/3992 3989/4116/3989 34/36/34 
f 34/36/34 40/42/40 3992/4119/3992 
f 3993/4120/3993 3990/4117/3990 36/38/36 
f 36/38/36 42/44/42 3993/4120/3993 
f 3994/4121/3994 3991/4118/3991 38/40/38 
f 38/40/38 44/46/44 3994/4121/3994 
f 3995/4122/3995 3992/4119/3992 40/42/40 
f 40/42/40 46/48/46 3995/4122/3995 
f 3996/4123/3996 3993/4120/3993 42/44/42 
f 42/44/42 48/50/48 3996/4123/3996 
f 3997/4124/3997 3994/4121/3994 44/46/44 
f 44/46/44 50/52/50 3997/4124/3997 
f 3998/4125/3998 3995/4122/3995 46/48/46 
f 46/48/46 52/54/52 3998/4125/3998 
f 3999/4126/3999 3996/4123/3996 48/50/48 
f 48/50/48 54/56/54 3999/4126/3999 
f 4000/4127/4000 3997/4124/3997 50/52/50 
f 50/52/50 56/58/56 4000/4127/4000 
f 4001/4128/4001 3998/4125/3998 52/54/52 
f 52/54/52 58/60/58 4001/4128/4001 
f 4002/4129/4002 3999/4126/3999 54/56/54 
f 54/56/54 60/62/60 4002/4129/4002 
f 4003/4130/4003 4000/4127/4000 56/58/56 
f 56/58/56 62/64/62 4003/4130/4003 
f 4004/4131/4004 4001/4128/4001 58/60/58 
f 58/60/58 64/66/64 4004/4131/4004 
f 4005/4132/4005 4002/4129/4002 60/62/60 
f 60/62/60 66/68/66 4005/4132/4005 
f 4006/4133/4006 4003/4130/4003 62/64/62 
f 62/64/62 68/70/68 4006/4133/4006 
f 4007/4134/4007 4004/4131/4004 64/66/64 
f 64/66/64 70/72/70 4007/4134/4007 
f 4008/4136/4008 4005/4135/4005 66/75/66 
f 66/75/66 72/74/72 4008/4136/4008 
f 4009/4137/4009 4006/4133/4006 68/70/68 
f 68/70/68 74/78/74 4009/4137/4009 
f 76/80/76 4007/4134/4007 70/72/70 
f 4010/4138/4010 4008/4136/4008 72/74/72 
f 72/74/72 77/81/77 4010/4138/4010 
f 4011/4139/4011 4009/4137/4009 74/78/74 
f 74/78/74 79/83/79 4011/4139/4011 
f 4012/4140/4012 4010/4138/4010 77/81/77 
f 77/81/77 81/85/81 4012/4140/4012 
f 4013/4141/4013 4011/4139/4011 79/83/79 
f 79/83/79 83/87/83 4013/4141/4013 
f 4014/4142/4014 4012/4140/4012 81/85/81 
f 81/85/81 85/89/85 4014/4142/4014 
f 4015/4143/4015 4013/4141/4013 83/87/83 
f 83/87/83 87/91/87 4015/4143/4015 
f 4016/4144/4016 4014/4142/4014 85/89/85 
f 85/89/85 89/93/89 4016/4144/4016 
f 4017/4145/4017 4015/4143/4015 87/91/87 
f 87/91/87 91/95/91 4017/4145/4017 
f 4018/4146/4018 4016/4144/4016 89/93/89 
f 89/93/89 93/97/93 4018/4146/4018 
f 4019/4147/4019 4017/4145/4017 91/95/91 
f 91/95/91 95/99/95 4019/4147/4019 
f 4020/4148/4020 4018/4146/4018 93/97/93 
f 93/97/93 97/101/97 4020/4148/4020 
f 4021/4149/4021 4019/4147/4019 95/99/95 
f 95/99/95 99/103/99 4021/4149/4021 
f 4022/4150/4022 4020/4148/4020 97/101/97 
f 97/101/97 101/105/101 4022/4150/4022 
f 4023/4151/4023 4021/4149/4021 99/103/99 
f 99/103/99 103/107/103 4023/4151/4023 
f 4024/4152/4024 4022/4150/4022 101/105/101 
f 101/105/101 105/109/105 4024/4152/4024 
f 4025/4153/4025 4023/4151/4023 103/107/103 
f 103/107/103 107/111/107 4025/4153/4025 
f 4026/4154/4026 4024/4152/4024 105/109/105 
f 105/109/105 109/113/109 4026/4154/4026 
f 4027/4155/4027 4025/4153/4025 107/111/107 
f 107/111/107 111/115/111 4027/4155/4027 
f 4028/4156/4028 4026/4154/4026 109/113/109 
f 109/113/109 113/117/113 4028/4156/4028 
f 4029/4157/4029 4027/4155/4027 111/115/111 
f 111/115/111 115/119/115 4029/4157/4029 
f 4030/4158/4030 4028/4156/4028 113/117/113 
f 113/117/113 117/121/117 4030/4158/4030 
f 4031/4159/4031 4029/4157/4029 115/119/115 
f 115/119/115 119/123/119 4031/4159/4031 
f 4032/4160/4032 4030/4158/4030 117/121/117 
f 117/121/117 121/125/121 4032/4160/4032 
f 4033/4161/4033 4031/4159/4031 119/123/119 
f 119/123/119 123/127/123 4033/4161/4033 
f 4034/4162/4034 4032/4160/4032 121/125/121 
f 121/125/121 125/129/125 4034/4162/4034 
f 3972/4098/3972 4033/4161/4033 123/127/123 
f 123/127/123 127/131/127 3972/4098/3972 
f 3974/4100/3974 4034/4162/4034 125/129/125 
f 125/129/125 2/2/2 3974/4100/3974 
f 3973/4099/3973 3972/4098/3972 127/131/127 
f 127/131/127 6/6/6 3973/4099/3973 
f 3975/4101/3975 3974/4100/3974 2/2/2 
f 2/2/2 1/1/1 3975/4101/3975 
f 3976/4102/3976 3973/4099/3973 6/6/6 
f 6/6/6 5/5/5 3976/4102/3976 
f 3977/4103/3977 3975/4101/3975 1/1/1 
f 1/1/1 9/9/9 3977/4103/3977 
# 8064 faces

