# 3ds Max Wavefront OBJ Exporter v0.99 - (c)2007 guruware
# File Created: 11.11.2025 14:37:15

mtllib Globo.mtl

#
# object Balloon
#

v  2.9679 13.5657 -8.1218
v  2.9645 13.5657 -8.1299
v  3.0064 13.5856 -8.1511
v  3.0126 13.5856 -8.1362
v  2.9599 13.5657 -8.1375
v  2.9980 13.5856 -8.1649
v  3.0519 13.6119 -8.2041
v  3.0658 13.6119 -8.1814
v  3.0760 13.6119 -8.1568
v  2.9541 13.5657 -8.1442
v  2.9875 13.5856 -8.1772
v  2.9474 13.5657 -8.1500
v  2.9752 13.5856 -8.1877
v  3.0143 13.6119 -8.2416
v  3.0346 13.6119 -8.2243
v  2.9398 13.5657 -8.1546
v  2.9614 13.5856 -8.1962
v  2.9317 13.5657 -8.1580
v  2.9465 13.5856 -8.2024
v  2.9670 13.6119 -8.2657
v  2.9916 13.6119 -8.2555
v  2.9231 13.5657 -8.1600
v  2.9307 13.5856 -8.2061
v  2.9142 13.5657 -8.1607
v  2.9146 13.5856 -8.2074
v  2.9146 13.6119 -8.2740
v  2.9411 13.6119 -8.2719
v  2.9054 13.5657 -8.1600
v  2.8985 13.5856 -8.2061
v  2.8968 13.5657 -8.1580
v  2.8828 13.5856 -8.2024
v  2.8622 13.6119 -8.2657
v  2.8881 13.6119 -8.2719
v  2.8886 13.5657 -8.1546
v  2.8678 13.5856 -8.1962
v  2.8811 13.5657 -8.1500
v  2.8540 13.5856 -8.1877
v  2.8149 13.6119 -8.2416
v  2.8376 13.6119 -8.2555
v  2.8744 13.5657 -8.1442
v  2.8417 13.5856 -8.1772
v  2.8686 13.5657 -8.1375
v  2.8312 13.5856 -8.1649
v  2.7774 13.6119 -8.2041
v  2.7947 13.6119 -8.2243
v  2.8640 13.5657 -8.1299
v  2.8228 13.5856 -8.1511
v  2.8606 13.5657 -8.1218
v  2.8166 13.5856 -8.1362
v  2.7533 13.6119 -8.1568
v  2.7635 13.6119 -8.1814
v  2.8586 13.5657 -8.1132
v  2.8128 13.5856 -8.1205
v  2.8579 13.5657 -8.1043
v  2.8116 13.5856 -8.1043
v  2.7450 13.6119 -8.1043
v  2.7471 13.6119 -8.1309
v  2.8586 13.5657 -8.0955
v  2.8128 13.5856 -8.0882
v  2.8606 13.5657 -8.0869
v  2.8166 13.5856 -8.0725
v  2.7533 13.6119 -8.0519
v  2.7471 13.6119 -8.0778
v  2.8640 13.5657 -8.0787
v  2.8228 13.5856 -8.0576
v  2.8686 13.5657 -8.0712
v  2.8312 13.5856 -8.0438
v  2.7774 13.6119 -8.0046
v  2.7635 13.6119 -8.0273
v  2.8744 13.5657 -8.0645
v  2.8417 13.5856 -8.0315
v  2.8811 13.5657 -8.0587
v  2.8540 13.5856 -8.0210
v  2.8149 13.6119 -7.9671
v  2.7947 13.6119 -7.9844
v  2.8886 13.5657 -8.0541
v  2.8678 13.5856 -8.0125
v  2.8968 13.5657 -8.0507
v  2.8828 13.5856 -8.0063
v  2.8622 13.6119 -7.9430
v  2.8376 13.6119 -7.9532
v  2.9054 13.5657 -8.0486
v  2.8985 13.5856 -8.0026
v  2.9142 13.5657 -8.0479
v  2.9146 13.5856 -8.0013
v  2.9146 13.6119 -7.9347
v  2.8881 13.6119 -7.9368
v  2.9231 13.5657 -8.0486
v  2.9307 13.5856 -8.0026
v  2.9317 13.5657 -8.0507
v  2.9465 13.5856 -8.0063
v  2.9670 13.6119 -7.9430
v  2.9411 13.6119 -7.9368
v  2.9398 13.5657 -8.0541
v  2.9614 13.5856 -8.0125
v  2.9474 13.5657 -8.0587
v  2.9752 13.5856 -8.0210
v  3.0143 13.6119 -7.9671
v  2.9916 13.6119 -7.9532
v  2.9541 13.5657 -8.0645
v  2.9875 13.5856 -8.0315
v  2.9599 13.5657 -8.0712
v  2.9980 13.5856 -8.0438
v  3.0519 13.6119 -8.0046
v  3.0346 13.6119 -7.9844
v  2.9645 13.5657 -8.0787
v  3.0064 13.5856 -8.0576
v  2.9679 13.5657 -8.0869
v  3.0126 13.5856 -8.0725
v  3.0760 13.6119 -8.0519
v  3.0658 13.6119 -8.0273
v  2.9699 13.5657 -8.0955
v  3.0164 13.5856 -8.0882
v  2.9706 13.5657 -8.1043
v  3.0177 13.5856 -8.1043
v  3.0843 13.6119 -8.1043
v  3.0822 13.6119 -8.0778
v  2.9699 13.5657 -8.1132
v  3.0164 13.5856 -8.1205
v  3.0822 13.6119 -8.1309
v  3.1247 13.6554 -8.2114
v  3.1388 13.6554 -8.1772
v  3.1053 13.6554 -8.2429
v  3.1534 13.7119 -8.2778
v  3.1776 13.7119 -8.2383
v  3.1953 13.7119 -8.1955
v  3.0813 13.6554 -8.2710
v  3.0532 13.6554 -8.2951
v  3.0881 13.7119 -8.3431
v  3.1233 13.7119 -8.3130
v  3.0216 13.6554 -8.3144
v  2.9875 13.6554 -8.3286
v  3.0058 13.7119 -8.3850
v  3.0486 13.7119 -8.3673
v  2.9515 13.6554 -8.3372
v  2.9146 13.6554 -8.3401
v  2.9146 13.7119 -8.3995
v  2.9608 13.7119 -8.3958
v  2.8777 13.6554 -8.3372
v  2.8418 13.6554 -8.3286
v  2.8234 13.7119 -8.3850
v  2.8684 13.7119 -8.3958
v  2.8076 13.6554 -8.3144
v  2.7760 13.6554 -8.2951
v  2.7411 13.7119 -8.3431
v  2.7806 13.7119 -8.3673
v  2.7479 13.6554 -8.2710
v  2.7239 13.6554 -8.2429
v  2.6758 13.7119 -8.2778
v  2.7059 13.7119 -8.3130
v  2.7046 13.6554 -8.2114
v  2.6904 13.6554 -8.1772
v  2.6339 13.7119 -8.1955
v  2.6517 13.7119 -8.2383
v  2.6818 13.6554 -8.1412
v  2.6789 13.6554 -8.1043
v  2.6195 13.7119 -8.1043
v  2.6231 13.7119 -8.1505
v  2.6818 13.6554 -8.0675
v  2.6904 13.6554 -8.0315
v  2.6339 13.7119 -8.0131
v  2.6231 13.7119 -8.0582
v  2.7046 13.6554 -7.9973
v  2.7239 13.6554 -7.9658
v  2.6758 13.7119 -7.9309
v  2.6517 13.7119 -7.9704
v  2.7479 13.6554 -7.9376
v  2.7760 13.6554 -7.9136
v  2.7411 13.7119 -7.8656
v  2.7059 13.7119 -7.8957
v  2.8076 13.6554 -7.8943
v  2.8418 13.6554 -7.8801
v  2.8234 13.7119 -7.8237
v  2.7806 13.7119 -7.8414
v  2.8777 13.6554 -7.8715
v  2.9146 13.6554 -7.8686
v  2.9146 13.7119 -7.8092
v  2.8684 13.7119 -7.8129
v  2.9515 13.6554 -7.8715
v  2.9875 13.6554 -7.8801
v  3.0058 13.7119 -7.8237
v  2.9608 13.7119 -7.8129
v  3.0216 13.6554 -7.8943
v  3.0532 13.6554 -7.9136
v  3.0881 13.7119 -7.8656
v  3.0486 13.7119 -7.8414
v  3.0813 13.6554 -7.9376
v  3.1053 13.6554 -7.9658
v  3.1534 13.7119 -7.9309
v  3.1233 13.7119 -7.8957
v  3.1247 13.6554 -7.9973
v  3.1388 13.6554 -8.0315
v  3.1953 13.7119 -8.0131
v  3.1776 13.7119 -7.9704
v  3.1475 13.6554 -8.0675
v  3.1504 13.6554 -8.1043
v  3.2097 13.7119 -8.1043
v  3.2061 13.7119 -8.0582
v  3.1475 13.6554 -8.1412
v  3.2061 13.7119 -8.1505
v  3.2189 13.7770 -8.2594
v  3.2394 13.7770 -8.2099
v  3.1909 13.7770 -8.3051
v  3.2251 13.8544 -8.3299
v  3.2565 13.8544 -8.2786
v  3.2796 13.8544 -8.2229
v  3.1561 13.7770 -8.3458
v  3.1153 13.7770 -8.3806
v  3.1402 13.8544 -8.4148
v  3.1860 13.8544 -8.3757
v  3.0696 13.7770 -8.4086
v  3.0201 13.7770 -8.4291
v  3.0332 13.8544 -8.4693
v  3.0888 13.8544 -8.4463
v  2.9680 13.7770 -8.4416
v  2.9146 13.7770 -8.4458
v  2.9146 13.8544 -8.4881
v  2.9746 13.8544 -8.4834
v  2.8612 13.7770 -8.4416
v  2.8091 13.7770 -8.4291
v  2.7960 13.8544 -8.4693
v  2.8546 13.8544 -8.4834
v  2.7596 13.7770 -8.4086
v  2.7139 13.7770 -8.3806
v  2.6890 13.8544 -8.4148
v  2.7404 13.8544 -8.4463
v  2.6732 13.7770 -8.3458
v  2.6383 13.7770 -8.3051
v  2.6041 13.8544 -8.3299
v  2.6433 13.8544 -8.3757
v  2.6104 13.7770 -8.2594
v  2.5898 13.7770 -8.2099
v  2.5496 13.8544 -8.2229
v  2.5727 13.8544 -8.2786
v  2.5774 13.7770 -8.1578
v  2.5731 13.7770 -8.1043
v  2.5308 13.8544 -8.1043
v  2.5356 13.8544 -8.1644
v  2.5774 13.7770 -8.0509
v  2.5898 13.7770 -7.9988
v  2.5496 13.8544 -7.9857
v  2.5356 13.8544 -8.0443
v  2.6104 13.7770 -7.9493
v  2.6383 13.7770 -7.9036
v  2.6041 13.8544 -7.8788
v  2.5727 13.8544 -7.9301
v  2.6732 13.7770 -7.8629
v  2.7139 13.7770 -7.8281
v  2.6890 13.8544 -7.7939
v  2.6433 13.8544 -7.8330
v  2.7596 13.7770 -7.8001
v  2.8091 13.7770 -7.7796
v  2.7960 13.8544 -7.7393
v  2.7404 13.8544 -7.7624
v  2.8612 13.7770 -7.7671
v  2.9146 13.7770 -7.7629
v  2.9146 13.8544 -7.7206
v  2.8546 13.8544 -7.7253
v  2.9680 13.7770 -7.7671
v  3.0201 13.7770 -7.7796
v  3.0332 13.8544 -7.7393
v  2.9746 13.8544 -7.7253
v  3.0696 13.7770 -7.8001
v  3.1153 13.7770 -7.8281
v  3.1402 13.8544 -7.7939
v  3.0888 13.8544 -7.7624
v  3.1561 13.7770 -7.8629
v  3.1909 13.7770 -7.9036
v  3.2251 13.8544 -7.8788
v  3.1860 13.8544 -7.8330
v  3.2189 13.7770 -7.9493
v  3.2394 13.7770 -7.9988
v  3.2796 13.8544 -7.9857
v  3.2565 13.8544 -7.9301
v  3.2519 13.7770 -8.0509
v  3.2561 13.7770 -8.1043
v  3.2984 13.8544 -8.1043
v  3.2936 13.8544 -8.0443
v  3.2519 13.7770 -8.1578
v  3.2936 13.8544 -8.1644
v  3.2986 13.9478 -8.3000
v  3.3245 13.9478 -8.2375
v  3.2633 13.9478 -8.3577
v  3.2973 14.0338 -8.3824
v  3.3361 14.0338 -8.3191
v  3.3645 14.0338 -8.2505
v  3.2193 13.9478 -8.4091
v  3.1679 13.9478 -8.4530
v  3.1927 14.0338 -8.4871
v  3.2491 14.0338 -8.4388
v  3.1103 13.9478 -8.4883
v  3.0478 13.9478 -8.5142
v  3.0608 14.0338 -8.5542
v  3.1294 14.0338 -8.5258
v  2.9820 13.9478 -8.5300
v  2.9146 13.9478 -8.5353
v  2.9146 14.0338 -8.5774
v  2.9886 14.0338 -8.5715
v  2.8472 13.9478 -8.5300
v  2.7814 13.9478 -8.5142
v  2.7684 14.0338 -8.5542
v  2.8406 14.0338 -8.5715
v  2.7190 13.9478 -8.4883
v  2.6613 13.9478 -8.4530
v  2.6366 14.0338 -8.4871
v  2.6999 14.0338 -8.5258
v  2.6099 13.9478 -8.4091
v  2.5659 13.9478 -8.3577
v  2.5319 14.0338 -8.3824
v  2.5801 14.0338 -8.4388
v  2.5306 13.9478 -8.3000
v  2.5047 13.9478 -8.2375
v  2.4647 14.0338 -8.2505
v  2.4931 14.0338 -8.3191
v  2.4890 13.9478 -8.1718
v  2.4836 13.9478 -8.1043
v  2.4416 14.0338 -8.1043
v  2.4474 14.0338 -8.1783
v  2.4890 13.9478 -8.0369
v  2.5047 13.9478 -7.9712
v  2.4647 14.0338 -7.9582
v  2.4474 14.0338 -8.0303
v  2.5306 13.9478 -7.9087
v  2.5659 13.9478 -7.8510
v  2.5319 14.0338 -7.8263
v  2.4931 14.0338 -7.8896
v  2.6099 13.9478 -7.7996
v  2.6613 13.9478 -7.7557
v  2.6366 14.0338 -7.7216
v  2.5801 14.0338 -7.7699
v  2.7190 13.9478 -7.7204
v  2.7814 13.9478 -7.6945
v  2.7684 14.0338 -7.6544
v  2.6999 14.0338 -7.6829
v  2.8472 13.9478 -7.6787
v  2.9146 13.9478 -7.6734
v  2.9146 14.0338 -7.6313
v  2.8406 14.0338 -7.6371
v  2.9820 13.9478 -7.6787
v  3.0478 13.9478 -7.6945
v  3.0608 14.0338 -7.6544
v  2.9886 14.0338 -7.6371
v  3.1103 13.9478 -7.7204
v  3.1679 13.9478 -7.7557
v  3.1927 14.0338 -7.7216
v  3.1294 14.0338 -7.6829
v  3.2193 13.9478 -7.7996
v  3.2633 13.9478 -7.8510
v  3.2973 14.0338 -7.8263
v  3.2491 14.0338 -7.7699
v  3.2986 13.9478 -7.9087
v  3.3245 13.9478 -7.9712
v  3.3645 14.0338 -7.9582
v  3.3361 14.0338 -7.8896
v  3.3402 13.9478 -8.0369
v  3.3456 13.9478 -8.1043
v  3.3877 14.0338 -8.1043
v  3.3818 14.0338 -8.0303
v  3.3402 13.9478 -8.1718
v  3.3818 14.0338 -8.1783
v  3.3601 14.0892 -8.3313
v  3.3902 14.0892 -8.2589
v  3.3192 14.0892 -8.3983
v  3.3390 14.1447 -8.4127
v  3.3820 14.1447 -8.3425
v  3.4136 14.1447 -8.2665
v  3.2682 14.0892 -8.4579
v  3.2085 14.0892 -8.5089
v  3.2230 14.1447 -8.5288
v  3.2855 14.1447 -8.4753
v  3.1416 14.0892 -8.5498
v  3.0691 14.0892 -8.5799
v  3.0767 14.1447 -8.6033
v  3.1528 14.1447 -8.5717
v  2.9928 14.0892 -8.5982
v  2.9146 14.0892 -8.6044
v  2.9146 14.1447 -8.6290
v  2.9967 14.1447 -8.6225
v  2.8364 14.0892 -8.5982
v  2.7601 14.0892 -8.5799
v  2.7525 14.1447 -8.6033
v  2.8325 14.1447 -8.6225
v  2.6876 14.0892 -8.5498
v  2.6207 14.0892 -8.5089
v  2.6062 14.1447 -8.5288
v  2.6765 14.1447 -8.5717
v  2.5611 14.0892 -8.4579
v  2.5101 14.0892 -8.3983
v  2.4902 14.1447 -8.4127
v  2.5437 14.1447 -8.4753
v  2.4691 14.0892 -8.3313
v  2.4390 14.0892 -8.2589
v  2.4157 14.1447 -8.2665
v  2.4472 14.1447 -8.3425
v  2.4208 14.0892 -8.1826
v  2.4146 14.0892 -8.1043
v  2.3900 14.1447 -8.1043
v  2.3965 14.1447 -8.1864
v  2.4208 14.0892 -8.0261
v  2.4390 14.0892 -7.9498
v  2.4157 14.1447 -7.9422
v  2.3965 14.1447 -8.0223
v  2.4691 14.0892 -7.8773
v  2.5101 14.0892 -7.8104
v  2.4902 14.1447 -7.7960
v  2.4472 14.1447 -7.8662
v  2.5611 14.0892 -7.7508
v  2.6207 14.0892 -7.6998
v  2.6062 14.1447 -7.6799
v  2.5437 14.1447 -7.7334
v  2.6876 14.0892 -7.6588
v  2.7601 14.0892 -7.6288
v  2.7525 14.1447 -7.6054
v  2.6765 14.1447 -7.6369
v  2.8364 14.0892 -7.6105
v  2.9146 14.0892 -7.6043
v  2.9146 14.1447 -7.5797
v  2.8325 14.1447 -7.5862
v  2.9928 14.0892 -7.6105
v  3.0691 14.0892 -7.6288
v  3.0767 14.1447 -7.6054
v  2.9967 14.1447 -7.5862
v  3.1416 14.0892 -7.6588
v  3.2085 14.0892 -7.6998
v  3.2230 14.1447 -7.6799
v  3.1528 14.1447 -7.6369
v  3.2682 14.0892 -7.7508
v  3.3192 14.0892 -7.8104
v  3.3390 14.1447 -7.7960
v  3.2855 14.1447 -7.7334
v  3.3601 14.0892 -7.8773
v  3.3902 14.0892 -7.9498
v  3.4136 14.1447 -7.9422
v  3.3820 14.1447 -7.8662
v  3.4085 14.0892 -8.0261
v  3.4147 14.0892 -8.1043
v  3.4392 14.1447 -8.1043
v  3.4327 14.1447 -8.0223
v  3.4085 14.0892 -8.1826
v  3.4327 14.1447 -8.1864
v  3.4131 14.2307 -8.3583
v  3.4467 14.2307 -8.2772
v  3.3673 14.2307 -8.4332
v  3.3937 14.3189 -8.4524
v  3.4422 14.3189 -8.3731
v  3.4778 14.3189 -8.2873
v  3.3102 14.2307 -8.4999
v  3.2435 14.2307 -8.5570
v  3.2627 14.3189 -8.5834
v  3.3333 14.3189 -8.5230
v  3.1686 14.2307 -8.6028
v  3.0875 14.2307 -8.6364
v  3.0976 14.3189 -8.6675
v  3.1834 14.3189 -8.6319
v  3.0021 14.2307 -8.6569
v  2.9146 14.2307 -8.6638
v  2.9146 14.3189 -8.6965
v  3.0072 14.3189 -8.6891
v  2.8271 14.2307 -8.6569
v  2.7417 14.2307 -8.6364
v  2.7316 14.3189 -8.6675
v  2.8220 14.3189 -8.6891
v  2.6606 14.2307 -8.6028
v  2.5857 14.2307 -8.5570
v  2.5666 14.3189 -8.5834
v  2.6458 14.3189 -8.6319
v  2.5190 14.2307 -8.4999
v  2.4620 14.2307 -8.4332
v  2.4356 14.3189 -8.4524
v  2.4959 14.3189 -8.5230
v  2.4161 14.2307 -8.3583
v  2.3825 14.2307 -8.2772
v  2.3515 14.3189 -8.2873
v  2.3871 14.3189 -8.3731
v  2.3620 14.2307 -8.1919
v  2.3551 14.2307 -8.1043
v  2.3225 14.3189 -8.1043
v  2.3298 14.3189 -8.1970
v  2.3620 14.2307 -8.0168
v  2.3825 14.2307 -7.9314
v  2.3515 14.3189 -7.9214
v  2.3298 14.3189 -8.0117
v  2.4161 14.2307 -7.8504
v  2.4620 14.2307 -7.7755
v  2.4356 14.3189 -7.7563
v  2.3871 14.3189 -7.8355
v  2.5190 14.2307 -7.7087
v  2.5857 14.2307 -7.6517
v  2.5666 14.3189 -7.6253
v  2.4959 14.3189 -7.6857
v  2.6606 14.2307 -7.6059
v  2.7417 14.2307 -7.5722
v  2.7316 14.3189 -7.5412
v  2.6458 14.3189 -7.5768
v  2.8271 14.2307 -7.5518
v  2.9146 14.2307 -7.5448
v  2.9146 14.3189 -7.5122
v  2.8220 14.3189 -7.5195
v  3.0021 14.2307 -7.5518
v  3.0875 14.2307 -7.5722
v  3.0976 14.3189 -7.5412
v  3.0072 14.3189 -7.5195
v  3.1686 14.2307 -7.6059
v  3.2435 14.2307 -7.6517
v  3.2627 14.3189 -7.6253
v  3.1834 14.3189 -7.5768
v  3.3102 14.2307 -7.7087
v  3.3673 14.2307 -7.7755
v  3.3937 14.3189 -7.7563
v  3.3333 14.3189 -7.6857
v  3.4131 14.2307 -7.8504
v  3.4467 14.2307 -7.9314
v  3.4778 14.3189 -7.9214
v  3.4422 14.3189 -7.8355
v  3.4672 14.2307 -8.0168
v  3.4741 14.2307 -8.1043
v  3.5067 14.3189 -8.1043
v  3.4994 14.3189 -8.0117
v  3.4672 14.2307 -8.1919
v  3.4994 14.3189 -8.1970
v  3.4581 14.3808 -8.3813
v  3.4948 14.3808 -8.2928
v  3.4081 14.3808 -8.4629
v  3.4181 14.4333 -8.4702
v  3.4691 14.4333 -8.3869
v  3.5065 14.4333 -8.2967
v  3.3459 14.3808 -8.5357
v  3.2732 14.3808 -8.5979
v  3.2804 14.4333 -8.6078
v  3.3547 14.4333 -8.5444
v  3.1915 14.3808 -8.6478
v  3.1031 14.3808 -8.6845
v  3.1069 14.4333 -8.6962
v  3.1971 14.4333 -8.6588
v  3.0100 14.3808 -8.7068
v  2.9146 14.3808 -8.7144
v  2.9146 14.4333 -8.7267
v  3.0120 14.4333 -8.7190
v  2.8192 14.3808 -8.7068
v  2.7261 14.3808 -8.6845
v  2.7223 14.4333 -8.6962
v  2.8173 14.4333 -8.7190
v  2.6377 14.3808 -8.6478
v  2.5561 14.3808 -8.5979
v  2.5488 14.4333 -8.6078
v  2.6321 14.4333 -8.6588
v  2.4833 14.3808 -8.5357
v  2.4211 14.3808 -8.4629
v  2.4111 14.4333 -8.4702
v  2.4746 14.4333 -8.5444
v  2.3711 14.3808 -8.3813
v  2.3345 14.3808 -8.2928
v  2.3227 14.4333 -8.2967
v  2.3601 14.4333 -8.3869
v  2.3122 14.3808 -8.1998
v  2.3046 14.3808 -8.1043
v  2.2923 14.4333 -8.1043
v  2.3000 14.4333 -8.2017
v  2.3122 14.3808 -8.0089
v  2.3345 14.3808 -7.9158
v  2.3227 14.4333 -7.9120
v  2.3000 14.4333 -8.0070
v  2.3711 14.3808 -7.8274
v  2.4211 14.3808 -7.7458
v  2.4111 14.4333 -7.7385
v  2.3601 14.4333 -7.8218
v  2.4833 14.3808 -7.6730
v  2.5561 14.3808 -7.6108
v  2.5488 14.4333 -7.6008
v  2.4746 14.4333 -7.6643
v  2.6377 14.3808 -7.5609
v  2.7261 14.3808 -7.5242
v  2.7223 14.4333 -7.5124
v  2.6321 14.4333 -7.5499
v  2.8192 14.3808 -7.5019
v  2.9146 14.3808 -7.4943
v  2.9146 14.4333 -7.4820
v  2.8173 14.4333 -7.4897
v  3.0100 14.3808 -7.5019
v  3.1031 14.3808 -7.5242
v  3.1069 14.4333 -7.5124
v  3.0120 14.4333 -7.4897
v  3.1915 14.3808 -7.5609
v  3.2732 14.3808 -7.6108
v  3.2804 14.4333 -7.6008
v  3.1971 14.4333 -7.5499
v  3.3459 14.3808 -7.6730
v  3.4081 14.3808 -7.7458
v  3.4181 14.4333 -7.7385
v  3.3547 14.4333 -7.6643
v  3.4581 14.3808 -7.8274
v  3.4948 14.3808 -7.9158
v  3.5065 14.4333 -7.9120
v  3.4691 14.4333 -7.8218
v  3.5171 14.3808 -8.0089
v  3.5246 14.3808 -8.1043
v  3.5370 14.4333 -8.1043
v  3.5293 14.4333 -8.0070
v  3.5171 14.3808 -8.1998
v  3.5293 14.4333 -8.2017
v  3.4834 14.4934 -8.3941
v  3.5217 14.4934 -8.3016
v  3.4311 14.4934 -8.4796
v  3.4427 14.5673 -8.4880
v  3.4962 14.5673 -8.4007
v  3.5354 14.5673 -8.3061
v  3.3660 14.4934 -8.5557
v  3.2898 14.4934 -8.6208
v  3.2983 14.5673 -8.6325
v  3.3762 14.5673 -8.5659
v  3.2044 14.4934 -8.6731
v  3.1119 14.4934 -8.7115
v  3.1163 14.5673 -8.7252
v  3.2109 14.5673 -8.6859
v  3.0145 14.4934 -8.7348
v  2.9146 14.4934 -8.7427
v  2.9146 14.5673 -8.7571
v  3.0167 14.5673 -8.7490
v  2.8148 14.4934 -8.7348
v  2.7173 14.4934 -8.7115
v  2.7129 14.5673 -8.7252
v  2.8125 14.5673 -8.7490
v  2.6248 14.4934 -8.6731
v  2.5394 14.4934 -8.6208
v  2.5309 14.5673 -8.6325
v  2.6183 14.5673 -8.6859
v  2.4632 14.4934 -8.5557
v  2.3982 14.4934 -8.4796
v  2.3865 14.5673 -8.4880
v  2.4531 14.5673 -8.5659
v  2.3459 14.4934 -8.3941
v  2.3075 14.4934 -8.3016
v  2.2938 14.5673 -8.3061
v  2.3330 14.5673 -8.4007
v  2.2841 14.4934 -8.2042
v  2.2762 14.4934 -8.1043
v  2.2618 14.5673 -8.1043
v  2.2699 14.5673 -8.2064
v  2.2841 14.4934 -8.0045
v  2.3075 14.4934 -7.9071
v  2.2938 14.5673 -7.9026
v  2.2699 14.5673 -8.0022
v  2.3459 14.4934 -7.8145
v  2.3982 14.4934 -7.7291
v  2.3865 14.5673 -7.7206
v  2.3330 14.5673 -7.8080
v  2.4632 14.4934 -7.6530
v  2.5394 14.4934 -7.5879
v  2.5309 14.5673 -7.5762
v  2.4531 14.5673 -7.6428
v  2.6248 14.4934 -7.5356
v  2.7173 14.4934 -7.4972
v  2.7129 14.5673 -7.4835
v  2.6183 14.5673 -7.5227
v  2.8148 14.4934 -7.4739
v  2.9146 14.4934 -7.4660
v  2.9146 14.5673 -7.4516
v  2.8125 14.5673 -7.4596
v  3.0145 14.4934 -7.4739
v  3.1119 14.4934 -7.4972
v  3.1163 14.5673 -7.4835
v  3.0167 14.5673 -7.4596
v  3.2044 14.4934 -7.5356
v  3.2898 14.4934 -7.5879
v  3.2983 14.5673 -7.5762
v  3.2109 14.5673 -7.5227
v  3.3660 14.4934 -7.6530
v  3.4311 14.4934 -7.7291
v  3.4427 14.5673 -7.7206
v  3.3762 14.5673 -7.6428
v  3.4834 14.4934 -7.8145
v  3.5217 14.4934 -7.9071
v  3.5354 14.5673 -7.9026
v  3.4962 14.5673 -7.8080
v  3.5451 14.4934 -8.0045
v  3.5530 14.4934 -8.1043
v  3.5674 14.5673 -8.1043
v  3.5593 14.5673 -8.0022
v  3.5451 14.4934 -8.2042
v  3.5593 14.5673 -8.2064
v  3.5029 14.6614 -8.4041
v  3.5426 14.6614 -8.3084
v  3.4488 14.6614 -8.4925
v  3.4505 14.7527 -8.4937
v  3.5047 14.7527 -8.4050
v  3.5446 14.7527 -8.3090
v  3.3815 14.6614 -8.5712
v  3.3027 14.6614 -8.6385
v  3.3039 14.7527 -8.6402
v  3.3829 14.7527 -8.5727
v  3.2144 14.6614 -8.6926
v  3.1187 14.6614 -8.7323
v  3.1193 14.7527 -8.7343
v  3.2153 14.7527 -8.6945
v  3.0179 14.6614 -8.7565
v  2.9146 14.6614 -8.7647
v  2.9146 14.7527 -8.7667
v  3.0182 14.7527 -8.7585
v  2.8113 14.6614 -8.7565
v  2.7106 14.6614 -8.7323
v  2.7099 14.7527 -8.7343
v  2.8110 14.7527 -8.7585
v  2.6149 14.6614 -8.6926
v  2.5265 14.6614 -8.6385
v  2.5253 14.7527 -8.6402
v  2.6139 14.7527 -8.6945
v  2.4477 14.6614 -8.5712
v  2.3804 14.6614 -8.4925
v  2.3788 14.7527 -8.4937
v  2.4463 14.7527 -8.5727
v  2.3263 14.6614 -8.4041
v  2.2866 14.6614 -8.3084
v  2.2847 14.7527 -8.3090
v  2.3245 14.7527 -8.4050
v  2.2625 14.6614 -8.2076
v  2.2543 14.6614 -8.1043
v  2.2523 14.7527 -8.1043
v  2.2605 14.7527 -8.2079
v  2.2625 14.6614 -8.0011
v  2.2866 14.6614 -7.9003
v  2.2847 14.7527 -7.8997
v  2.2605 14.7527 -8.0007
v  2.3263 14.6614 -7.8046
v  2.3804 14.6614 -7.7162
v  2.3788 14.7527 -7.7150
v  2.3245 14.7527 -7.8037
v  2.4477 14.6614 -7.6375
v  2.5265 14.6614 -7.5701
v  2.5253 14.7527 -7.5685
v  2.4463 14.7527 -7.6360
v  2.6149 14.6614 -7.5160
v  2.7106 14.6614 -7.4763
v  2.7099 14.7527 -7.4744
v  2.6139 14.7527 -7.5142
v  2.8113 14.6614 -7.4522
v  2.9146 14.6614 -7.4440
v  2.9146 14.7527 -7.4420
v  2.8110 14.7527 -7.4502
v  3.0179 14.6614 -7.4522
v  3.1187 14.6614 -7.4763
v  3.1193 14.7527 -7.4744
v  3.0182 14.7527 -7.4502
v  3.2144 14.6614 -7.5160
v  3.3027 14.6614 -7.5701
v  3.3039 14.7527 -7.5685
v  3.2153 14.7527 -7.5142
v  3.3815 14.6614 -7.6375
v  3.4488 14.6614 -7.7162
v  3.4505 14.7527 -7.7150
v  3.3829 14.7527 -7.6360
v  3.5029 14.6614 -7.8046
v  3.5426 14.6614 -7.9003
v  3.5446 14.7527 -7.8997
v  3.5047 14.7527 -7.8037
v  3.5667 14.6614 -8.0011
v  3.5749 14.6614 -8.1043
v  3.5770 14.7527 -8.1043
v  3.5688 14.7527 -8.0007
v  3.5667 14.6614 -8.2076
v  3.5688 14.7527 -8.2079
v  3.5029 14.8182 -8.4041
v  3.5426 14.8182 -8.3084
v  3.4488 14.8182 -8.4925
v  3.4439 14.8705 -8.4889
v  3.4975 14.8705 -8.4013
v  3.5368 14.8705 -8.3065
v  3.3815 14.8182 -8.5712
v  3.3027 14.8182 -8.6385
v  3.2991 14.8705 -8.6336
v  3.3772 14.8705 -8.5669
v  3.2144 14.8182 -8.6926
v  3.1187 14.8182 -8.7323
v  3.1168 14.8705 -8.7265
v  3.2116 14.8705 -8.6872
v  3.0179 14.8182 -8.7565
v  2.9146 14.8182 -8.7647
v  2.9146 14.8705 -8.7585
v  3.0169 14.8705 -8.7504
v  2.8113 14.8182 -8.7565
v  2.7106 14.8182 -8.7323
v  2.7125 14.8705 -8.7265
v  2.8123 14.8705 -8.7504
v  2.6149 14.8182 -8.6926
v  2.5265 14.8182 -8.6385
v  2.5301 14.8705 -8.6336
v  2.6176 14.8705 -8.6872
v  2.4477 14.8182 -8.5712
v  2.3804 14.8182 -8.4925
v  2.3853 14.8705 -8.4889
v  2.4521 14.8705 -8.5669
v  2.3263 14.8182 -8.4041
v  2.2866 14.8182 -8.3084
v  2.2924 14.8705 -8.3065
v  2.3318 14.8705 -8.4013
v  2.2625 14.8182 -8.2076
v  2.2543 14.8182 -8.1043
v  2.2604 14.8705 -8.1043
v  2.2685 14.8705 -8.2067
v  2.2625 14.8182 -8.0011
v  2.2866 14.8182 -7.9003
v  2.2924 14.8705 -7.9022
v  2.2685 14.8705 -8.0020
v  2.3263 14.8182 -7.8046
v  2.3804 14.8182 -7.7162
v  2.3853 14.8705 -7.7198
v  2.3318 14.8705 -7.8074
v  2.4477 14.8182 -7.6375
v  2.5265 14.8182 -7.5701
v  2.5301 14.8705 -7.5751
v  2.4521 14.8705 -7.6418
v  2.6149 14.8182 -7.5160
v  2.7106 14.8182 -7.4763
v  2.7125 14.8705 -7.4822
v  2.6176 14.8705 -7.5215
v  2.8113 14.8182 -7.4522
v  2.9146 14.8182 -7.4440
v  2.9146 14.8705 -7.4501
v  2.8123 14.8705 -7.4582
v  3.0179 14.8182 -7.4522
v  3.1187 14.8182 -7.4763
v  3.1168 14.8705 -7.4822
v  3.0169 14.8705 -7.4582
v  3.2144 14.8182 -7.5160
v  3.3027 14.8182 -7.5701
v  3.2991 14.8705 -7.5751
v  3.2116 14.8705 -7.5215
v  3.3815 14.8182 -7.6375
v  3.4488 14.8182 -7.7162
v  3.4439 14.8705 -7.7198
v  3.3772 14.8705 -7.6418
v  3.5029 14.8182 -7.8046
v  3.5426 14.8182 -7.9003
v  3.5368 14.8705 -7.9022
v  3.4975 14.8705 -7.8074
v  3.5667 14.8182 -8.0011
v  3.5749 14.8182 -8.1043
v  3.5688 14.8705 -8.1043
v  3.5607 14.8705 -8.0020
v  3.5667 14.8182 -8.2076
v  3.5607 14.8705 -8.2067
v  3.4884 14.9221 -8.3967
v  3.5271 14.9221 -8.3034
v  3.4357 14.9221 -8.4829
v  3.4242 14.9728 -8.4746
v  3.4759 14.9728 -8.3903
v  3.5137 14.9728 -8.2990
v  3.3700 14.9221 -8.5597
v  3.2932 14.9221 -8.6254
v  3.2849 14.9728 -8.6140
v  3.3600 14.9728 -8.5497
v  3.2070 14.9221 -8.6782
v  3.1136 14.9221 -8.7169
v  3.1093 14.9728 -8.7035
v  3.2006 14.9728 -8.6656
v  3.0154 14.9221 -8.7404
v  2.9146 14.9221 -8.7484
v  2.9146 14.9728 -8.7343
v  3.0131 14.9728 -8.7265
v  2.8139 14.9221 -8.7404
v  2.7156 14.9221 -8.7169
v  2.7199 14.9728 -8.7035
v  2.8161 14.9728 -8.7265
v  2.6222 14.9221 -8.6782
v  2.5360 14.9221 -8.6254
v  2.5443 14.9728 -8.6140
v  2.6286 14.9728 -8.6656
v  2.4592 14.9221 -8.5597
v  2.3936 14.9221 -8.4829
v  2.4050 14.9728 -8.4746
v  2.4692 14.9728 -8.5497
v  2.3408 14.9221 -8.3967
v  2.3021 14.9221 -8.3034
v  2.3155 14.9728 -8.2990
v  2.3534 14.9728 -8.3903
v  2.2785 14.9221 -8.2051
v  2.2706 14.9221 -8.1043
v  2.2847 14.9728 -8.1043
v  2.2925 14.9728 -8.2029
v  2.2785 14.9221 -8.0036
v  2.3021 14.9221 -7.9053
v  2.3155 14.9728 -7.9097
v  2.2925 14.9728 -8.0058
v  2.3408 14.9221 -7.8120
v  2.3936 14.9221 -7.7258
v  2.4050 14.9728 -7.7341
v  2.3534 14.9728 -7.8184
v  2.4592 14.9221 -7.6490
v  2.5360 14.9221 -7.5833
v  2.5443 14.9728 -7.5947
v  2.4692 14.9728 -7.6589
v  2.6222 14.9221 -7.5305
v  2.7156 14.9221 -7.4918
v  2.7199 14.9728 -7.5052
v  2.6286 14.9728 -7.5431
v  2.8139 14.9221 -7.4683
v  2.9146 14.9221 -7.4603
v  2.9146 14.9728 -7.4744
v  2.8161 14.9728 -7.4822
v  3.0154 14.9221 -7.4683
v  3.1136 14.9221 -7.4918
v  3.1093 14.9728 -7.5052
v  3.0131 14.9728 -7.4822
v  3.2070 14.9221 -7.5305
v  3.2932 14.9221 -7.5833
v  3.2849 14.9728 -7.5947
v  3.2006 14.9728 -7.5431
v  3.3700 14.9221 -7.6490
v  3.4357 14.9221 -7.7258
v  3.4242 14.9728 -7.7341
v  3.3600 14.9728 -7.6589
v  3.4884 14.9221 -7.8120
v  3.5271 14.9221 -7.9053
v  3.5137 14.9728 -7.9097
v  3.4759 14.9728 -7.8184
v  3.5507 14.9221 -8.0036
v  3.5587 14.9221 -8.1043
v  3.5446 14.9728 -8.1043
v  3.5368 14.9728 -8.0058
v  3.5507 14.9221 -8.2051
v  3.5368 14.9728 -8.2029
v  3.4598 15.0222 -8.3821
v  3.4966 15.0222 -8.2934
v  3.4097 15.0222 -8.4640
v  3.3921 15.0700 -8.4512
v  3.4404 15.0700 -8.3722
v  3.4759 15.0700 -8.2867
v  3.3473 15.0222 -8.5370
v  3.2743 15.0222 -8.5994
v  3.2615 15.0700 -8.5818
v  3.3319 15.0700 -8.5216
v  3.1924 15.0222 -8.6495
v  3.1037 15.0222 -8.6863
v  3.0970 15.0700 -8.6656
v  3.1825 15.0700 -8.6301
v  3.0103 15.0222 -8.7087
v  2.9146 15.0222 -8.7163
v  2.9146 15.0700 -8.6945
v  3.0069 15.0700 -8.6872
v  2.8189 15.0222 -8.7087
v  2.7255 15.0222 -8.6863
v  2.7322 15.0700 -8.6656
v  2.8223 15.0700 -8.6872
v  2.6368 15.0222 -8.6495
v  2.5549 15.0222 -8.5994
v  2.5677 15.0700 -8.5818
v  2.6467 15.0700 -8.6301
v  2.4819 15.0222 -8.5370
v  2.4195 15.0222 -8.4640
v  2.4372 15.0700 -8.4512
v  2.4973 15.0700 -8.5216
v  2.3694 15.0222 -8.3821
v  2.3326 15.0222 -8.2934
v  2.3533 15.0700 -8.2867
v  2.3888 15.0700 -8.3722
v  2.3103 15.0222 -8.2001
v  2.3027 15.0222 -8.1043
v  2.3244 15.0700 -8.1043
v  2.3318 15.0700 -8.1967
v  2.3103 15.0222 -8.0086
v  2.3326 15.0222 -7.9152
v  2.3533 15.0700 -7.9220
v  2.3318 15.0700 -8.0120
v  2.3694 15.0222 -7.8265
v  2.4195 15.0222 -7.7447
v  2.4372 15.0700 -7.7574
v  2.3888 15.0700 -7.8364
v  2.4819 15.0222 -7.6717
v  2.5549 15.0222 -7.6093
v  2.5677 15.0700 -7.6269
v  2.4973 15.0700 -7.6871
v  2.6368 15.0222 -7.5591
v  2.7255 15.0222 -7.5224
v  2.7322 15.0700 -7.5431
v  2.6467 15.0700 -7.5785
v  2.8189 15.0222 -7.5000
v  2.9146 15.0222 -7.4924
v  2.9146 15.0700 -7.5142
v  2.8223 15.0700 -7.5215
v  3.0103 15.0222 -7.5000
v  3.1037 15.0222 -7.5224
v  3.0970 15.0700 -7.5431
v  3.0069 15.0700 -7.5215
v  3.1924 15.0222 -7.5591
v  3.2743 15.0222 -7.6093
v  3.2615 15.0700 -7.6269
v  3.1825 15.0700 -7.5785
v  3.3473 15.0222 -7.6717
v  3.4097 15.0222 -7.7447
v  3.3921 15.0700 -7.7574
v  3.3319 15.0700 -7.6871
v  3.4598 15.0222 -7.8265
v  3.4966 15.0222 -7.9152
v  3.4759 15.0700 -7.9220
v  3.4404 15.0700 -7.8364
v  3.5190 15.0222 -8.0086
v  3.5266 15.0222 -8.1043
v  3.5048 15.0700 -8.1043
v  3.4975 15.0700 -8.0120
v  3.5190 15.0222 -8.2001
v  3.4975 15.0700 -8.1967
v  3.4178 15.1159 -8.3607
v  3.4517 15.1159 -8.2789
v  3.3715 15.1159 -8.4363
v  3.3481 15.1597 -8.4193
v  3.3920 15.1597 -8.3476
v  3.4242 15.1597 -8.2699
v  3.3139 15.1159 -8.5036
v  3.2466 15.1159 -8.5612
v  3.2296 15.1597 -8.5379
v  3.2935 15.1597 -8.4832
v  3.1710 15.1159 -8.6075
v  3.0891 15.1159 -8.6415
v  3.0802 15.1597 -8.6140
v  3.1579 15.1597 -8.5818
v  3.0030 15.1159 -8.6621
v  2.9146 15.1159 -8.6691
v  2.9146 15.1597 -8.6402
v  2.9984 15.1597 -8.6336
v  2.8263 15.1159 -8.6621
v  2.7401 15.1159 -8.6415
v  2.7490 15.1597 -8.6140
v  2.8308 15.1597 -8.6336
v  2.6582 15.1159 -8.6075
v  2.5827 15.1159 -8.5612
v  2.5996 15.1597 -8.5379
v  2.6714 15.1597 -8.5818
v  2.5153 15.1159 -8.5036
v  2.4577 15.1159 -8.4363
v  2.4811 15.1597 -8.4193
v  2.5357 15.1597 -8.4832
v  2.4115 15.1159 -8.3607
v  2.3775 15.1159 -8.2789
v  2.4050 15.1597 -8.2699
v  2.4372 15.1597 -8.3476
v  2.3569 15.1159 -8.1927
v  2.3499 15.1159 -8.1043
v  2.3788 15.1597 -8.1043
v  2.3854 15.1597 -8.1882
v  2.3569 15.1159 -8.0160
v  2.3775 15.1159 -7.9298
v  2.4050 15.1597 -7.9387
v  2.3854 15.1597 -8.0205
v  2.4115 15.1159 -7.8480
v  2.4577 15.1159 -7.7724
v  2.4811 15.1597 -7.7894
v  2.4372 15.1597 -7.8611
v  2.5153 15.1159 -7.7050
v  2.5827 15.1159 -7.6474
v  2.5996 15.1597 -7.6708
v  2.5357 15.1597 -7.7255
v  2.6582 15.1159 -7.6012
v  2.7401 15.1159 -7.5672
v  2.7490 15.1597 -7.5947
v  2.6714 15.1597 -7.6269
v  2.8263 15.1159 -7.5466
v  2.9146 15.1159 -7.5396
v  2.9146 15.1597 -7.5685
v  2.8308 15.1597 -7.5751
v  3.0030 15.1159 -7.5466
v  3.0891 15.1159 -7.5672
v  3.0802 15.1597 -7.5947
v  2.9984 15.1597 -7.5751
v  3.1710 15.1159 -7.6012
v  3.2466 15.1159 -7.6474
v  3.2296 15.1597 -7.6708
v  3.1579 15.1597 -7.6269
v  3.3139 15.1159 -7.7050
v  3.3715 15.1159 -7.7724
v  3.3481 15.1597 -7.7894
v  3.2935 15.1597 -7.7255
v  3.4178 15.1159 -7.8480
v  3.4517 15.1159 -7.9298
v  3.4242 15.1597 -7.9387
v  3.3920 15.1597 -7.8611
v  3.4724 15.1159 -8.0160
v  3.4794 15.1159 -8.1043
v  3.4505 15.1597 -8.1043
v  3.4438 15.1597 -8.0205
v  3.4724 15.1159 -8.1927
v  3.4438 15.1597 -8.1882
v  3.3633 15.2011 -8.3330
v  3.3936 15.2011 -8.2600
v  3.3221 15.2011 -8.4004
v  3.2935 15.2397 -8.3796
v  3.3319 15.2397 -8.3170
v  3.3600 15.2397 -8.2491
v  3.2707 15.2011 -8.4605
v  3.2107 15.2011 -8.5118
v  3.1899 15.2397 -8.4832
v  3.2458 15.2397 -8.4355
v  3.1433 15.2011 -8.5531
v  3.0703 15.2011 -8.5833
v  3.0593 15.2397 -8.5498
v  3.1272 15.2397 -8.5216
v  2.9934 15.2011 -8.6018
v  2.9146 15.2011 -8.6080
v  2.9146 15.2397 -8.5727
v  2.9879 15.2397 -8.5669
v  2.8358 15.2011 -8.6018
v  2.7590 15.2011 -8.5833
v  2.7699 15.2397 -8.5498
v  2.8413 15.2397 -8.5669
v  2.6860 15.2011 -8.5531
v  2.6186 15.2011 -8.5118
v  2.6393 15.2397 -8.4832
v  2.7020 15.2397 -8.5216
v  2.5585 15.2011 -8.4605
v  2.5071 15.2011 -8.4004
v  2.5357 15.2397 -8.3796
v  2.5835 15.2397 -8.4355
v  2.4659 15.2011 -8.3330
v  2.4356 15.2011 -8.2600
v  2.4692 15.2397 -8.2491
v  2.4973 15.2397 -8.3170
v  2.4172 15.2011 -8.1831
v  2.4110 15.2011 -8.1043
v  2.4463 15.2397 -8.1043
v  2.4521 15.2397 -8.1776
v  2.4172 15.2011 -8.0256
v  2.4356 15.2011 -7.9487
v  2.4692 15.2397 -7.9596
v  2.4521 15.2397 -8.0311
v  2.4659 15.2011 -7.8757
v  2.5071 15.2011 -7.8083
v  2.5357 15.2397 -7.8290
v  2.4973 15.2397 -7.8917
v  2.5585 15.2011 -7.7482
v  2.6186 15.2011 -7.6969
v  2.6393 15.2397 -7.7254
v  2.5835 15.2397 -7.7732
v  2.6860 15.2011 -7.6556
v  2.7590 15.2011 -7.6253
v  2.7699 15.2397 -7.6589
v  2.7020 15.2397 -7.6871
v  2.8358 15.2011 -7.6069
v  2.9146 15.2011 -7.6007
v  2.9146 15.2397 -7.6360
v  2.8413 15.2397 -7.6418
v  2.9934 15.2011 -7.6069
v  3.0703 15.2011 -7.6253
v  3.0593 15.2397 -7.6589
v  2.9879 15.2397 -7.6418
v  3.1433 15.2011 -7.6556
v  3.2107 15.2011 -7.6969
v  3.1899 15.2397 -7.7254
v  3.1272 15.2397 -7.6871
v  3.2707 15.2011 -7.7482
v  3.3221 15.2011 -7.8083
v  3.2935 15.2397 -7.8290
v  3.2458 15.2397 -7.7732
v  3.3633 15.2011 -7.8757
v  3.3936 15.2011 -7.9487
v  3.3600 15.2397 -7.9596
v  3.3319 15.2397 -7.8917
v  3.4120 15.2011 -8.0256
v  3.4183 15.2011 -8.1043
v  3.3830 15.2397 -8.1043
v  3.3772 15.2397 -8.0311
v  3.4120 15.2011 -8.1831
v  3.3772 15.2397 -8.1776
v  3.2979 15.2755 -8.2996
v  3.3237 15.2755 -8.2373
v  3.2626 15.2755 -8.3572
v  3.2296 15.3081 -8.3332
v  3.2615 15.3081 -8.2811
v  3.2849 15.3081 -8.2246
v  3.2188 15.2755 -8.4085
v  3.1675 15.2755 -8.4524
v  3.1435 15.3081 -8.4193
v  3.1899 15.3081 -8.3796
v  3.1099 15.2755 -8.4876
v  3.0475 15.2755 -8.5135
v  3.0349 15.3081 -8.4746
v  3.0913 15.3081 -8.4512
v  2.9819 15.2755 -8.5292
v  2.9146 15.2755 -8.5345
v  2.9146 15.3081 -8.4937
v  2.9755 15.3081 -8.4888
v  2.8473 15.2755 -8.5292
v  2.7817 15.2755 -8.5135
v  2.7943 15.3081 -8.4746
v  2.8537 15.3081 -8.4888
v  2.7193 15.2755 -8.4876
v  2.6618 15.2755 -8.4524
v  2.6858 15.3081 -8.4193
v  2.7379 15.3081 -8.4512
v  2.6105 15.2755 -8.4085
v  2.5666 15.2755 -8.3572
v  2.5996 15.3081 -8.3332
v  2.6393 15.3081 -8.3796
v  2.5314 15.2755 -8.2996
v  2.5055 15.2755 -8.2373
v  2.5443 15.3081 -8.2246
v  2.5677 15.3081 -8.2811
v  2.4898 15.2755 -8.1716
v  2.4844 15.2755 -8.1043
v  2.5253 15.3081 -8.1043
v  2.5301 15.3081 -8.1652
v  2.4898 15.2755 -8.0371
v  2.5055 15.2755 -7.9714
v  2.5443 15.3081 -7.9840
v  2.5301 15.3081 -8.0434
v  2.5314 15.2755 -7.9091
v  2.5666 15.2755 -7.8515
v  2.5996 15.3081 -7.8755
v  2.5677 15.3081 -7.9276
v  2.6105 15.2755 -7.8002
v  2.6618 15.2755 -7.7563
v  2.6858 15.3081 -7.7894
v  2.6393 15.3081 -7.8291
v  2.7193 15.2755 -7.7211
v  2.7817 15.2755 -7.6952
v  2.7943 15.3081 -7.7341
v  2.7379 15.3081 -7.7575
v  2.8473 15.2755 -7.6795
v  2.9146 15.2755 -7.6742
v  2.9146 15.3081 -7.7150
v  2.8537 15.3081 -7.7198
v  2.9819 15.2755 -7.6795
v  3.0475 15.2755 -7.6952
v  3.0349 15.3081 -7.7341
v  2.9755 15.3081 -7.7198
v  3.1099 15.2755 -7.7211
v  3.1675 15.2755 -7.7563
v  3.1435 15.3081 -7.7894
v  3.0913 15.3081 -7.7575
v  3.2188 15.2755 -7.8002
v  3.2626 15.2755 -7.8515
v  3.2296 15.3081 -7.8755
v  3.1899 15.3081 -7.8291
v  3.2979 15.2755 -7.9091
v  3.3237 15.2755 -7.9714
v  3.2849 15.3081 -7.9840
v  3.2615 15.3081 -7.9276
v  3.3394 15.2755 -8.0371
v  3.3448 15.2755 -8.1043
v  3.3039 15.3081 -8.1043
v  3.2991 15.3081 -8.0434
v  3.3394 15.2755 -8.1716
v  3.2991 15.3081 -8.1652
v  3.2229 15.3373 -8.2614
v  3.2438 15.3373 -8.2113
v  3.1946 15.3373 -8.3078
v  3.1579 15.3631 -8.2811
v  3.1825 15.3631 -8.2408
v  3.2006 15.3631 -8.1973
v  3.1593 15.3373 -8.3490
v  3.1180 15.3373 -8.3843
v  3.0914 15.3631 -8.3476
v  3.1272 15.3631 -8.3170
v  3.0717 15.3373 -8.4127
v  3.0216 15.3373 -8.4335
v  3.0075 15.3631 -8.3903
v  3.0511 15.3631 -8.3722
v  2.9687 15.3373 -8.4461
v  2.9146 15.3373 -8.4504
v  2.9146 15.3631 -8.4050
v  2.9616 15.3631 -8.4013
v  2.8605 15.3373 -8.4461
v  2.8077 15.3373 -8.4335
v  2.8217 15.3631 -8.3903
v  2.8676 15.3631 -8.4013
v  2.7575 15.3373 -8.4127
v  2.7112 15.3373 -8.3843
v  2.7379 15.3631 -8.3476
v  2.7781 15.3631 -8.3722
v  2.6699 15.3373 -8.3490
v  2.6346 15.3373 -8.3078
v  2.6713 15.3631 -8.2811
v  2.7020 15.3631 -8.3170
v  2.6063 15.3373 -8.2614
v  2.5855 15.3373 -8.2113
v  2.6286 15.3631 -8.1973
v  2.6467 15.3631 -8.2408
v  2.5728 15.3373 -8.1585
v  2.5685 15.3373 -8.1043
v  2.6139 15.3631 -8.1043
v  2.6176 15.3631 -8.1514
v  2.5728 15.3373 -8.0502
v  2.5855 15.3373 -7.9974
v  2.6286 15.3631 -8.0114
v  2.6176 15.3631 -8.0573
v  2.6063 15.3373 -7.9472
v  2.6346 15.3373 -7.9009
v  2.6713 15.3631 -7.9276
v  2.6467 15.3631 -7.9678
v  2.6699 15.3373 -7.8596
v  2.7112 15.3373 -7.8244
v  2.7379 15.3631 -7.8611
v  2.7020 15.3631 -7.8917
v  2.7575 15.3373 -7.7960
v  2.8077 15.3373 -7.7752
v  2.8217 15.3631 -7.8184
v  2.7781 15.3631 -7.8364
v  2.8605 15.3373 -7.7625
v  2.9146 15.3373 -7.7583
v  2.9146 15.3631 -7.8036
v  2.8676 15.3631 -7.8074
v  2.9687 15.3373 -7.7625
v  3.0216 15.3373 -7.7752
v  3.0075 15.3631 -7.8184
v  2.9616 15.3631 -7.8074
v  3.0717 15.3373 -7.7960
v  3.1180 15.3373 -7.8244
v  3.0914 15.3631 -7.8611
v  3.0511 15.3631 -7.8364
v  3.1593 15.3373 -7.8596
v  3.1946 15.3373 -7.9009
v  3.1579 15.3631 -7.9276
v  3.1272 15.3631 -7.8917
v  3.2229 15.3373 -7.9472
v  3.2438 15.3373 -7.9974
v  3.2006 15.3631 -8.0114
v  3.1825 15.3631 -7.9678
v  3.2564 15.3373 -8.0502
v  3.2607 15.3373 -8.1043
v  3.2153 15.3631 -8.1043
v  3.2116 15.3631 -8.0573
v  3.2564 15.3373 -8.1585
v  3.2116 15.3631 -8.1514
v  3.1404 15.3851 -8.2194
v  3.1557 15.3851 -8.1827
v  3.1197 15.3851 -8.2533
v  3.0802 15.4033 -8.2246
v  3.0970 15.4033 -8.1973
v  3.1093 15.4033 -8.1676
v  3.0938 15.3851 -8.2836
v  3.0636 15.3851 -8.3094
v  3.0349 15.4033 -8.2699
v  3.0593 15.4033 -8.2491
v  3.0297 15.3851 -8.3302
v  2.9929 15.3851 -8.3454
v  2.9779 15.4033 -8.2990
v  3.0075 15.4033 -8.2867
v  2.9543 15.3851 -8.3547
v  2.9146 15.3851 -8.3578
v  2.9146 15.4033 -8.3090
v  2.9466 15.4033 -8.3065
v  2.8750 15.3851 -8.3547
v  2.8363 15.3851 -8.3454
v  2.8514 15.4033 -8.2990
v  2.8826 15.4033 -8.3065
v  2.7995 15.3851 -8.3302
v  2.7656 15.3851 -8.3094
v  2.7943 15.4033 -8.2699
v  2.8217 15.4033 -8.2867
v  2.7354 15.3851 -8.2836
v  2.7095 15.3851 -8.2533
v  2.7490 15.4033 -8.2246
v  2.7699 15.4033 -8.2491
v  2.6888 15.3851 -8.2194
v  2.6735 15.3851 -8.1827
v  2.7199 15.4033 -8.1676
v  2.7323 15.4033 -8.1973
v  2.6643 15.3851 -8.1440
v  2.6611 15.3851 -8.1043
v  2.7099 15.4033 -8.1043
v  2.7125 15.4033 -8.1364
v  2.6643 15.3851 -8.0647
v  2.6735 15.3851 -8.0260
v  2.7199 15.4033 -8.0411
v  2.7125 15.4033 -8.0723
v  2.6888 15.3851 -7.9893
v  2.7095 15.3851 -7.9554
v  2.7490 15.4033 -7.9840
v  2.7323 15.4033 -8.0114
v  2.7354 15.3851 -7.9251
v  2.7656 15.3851 -7.8993
v  2.7943 15.4033 -7.9387
v  2.7699 15.4033 -7.9596
v  2.7995 15.3851 -7.8785
v  2.8363 15.3851 -7.8633
v  2.8514 15.4033 -7.9097
v  2.8217 15.4033 -7.9220
v  2.8750 15.3851 -7.8540
v  2.9146 15.3851 -7.8509
v  2.9146 15.4033 -7.8997
v  2.8826 15.4033 -7.9022
v  2.9543 15.3851 -7.8540
v  2.9929 15.3851 -7.8633
v  2.9779 15.4033 -7.9097
v  2.9466 15.4033 -7.9022
v  3.0297 15.3851 -7.8785
v  3.0636 15.3851 -7.8993
v  3.0349 15.4033 -7.9387
v  3.0075 15.4033 -7.9220
v  3.0938 15.3851 -7.9251
v  3.1197 15.3851 -7.9554
v  3.0802 15.4033 -7.9840
v  3.0593 15.4033 -7.9596
v  3.1404 15.3851 -7.9893
v  3.1557 15.3851 -8.0260
v  3.1093 15.4033 -8.0411
v  3.0970 15.4033 -8.0114
v  3.1649 15.3851 -8.0647
v  3.1681 15.3851 -8.1043
v  3.1193 15.4033 -8.1043
v  3.1168 15.4033 -8.0723
v  3.1649 15.3851 -8.1440
v  3.1168 15.4033 -8.1364
v  3.0524 15.4176 -8.1745
v  3.0617 15.4176 -8.1521
v  3.0397 15.4176 -8.1952
v  3.0002 15.4277 -8.1665
v  3.0108 15.4275 -8.1533
v  3.0152 15.4277 -8.1370
v  3.0239 15.4176 -8.2137
v  3.0055 15.4176 -8.2294
v  2.9768 15.4277 -8.1899
v  2.9909 15.4275 -8.1807
v  2.9848 15.4176 -8.2421
v  2.9624 15.4176 -8.2514
v  2.9473 15.4277 -8.2049
v  2.9636 15.4275 -8.2005
v  2.9388 15.4176 -8.2570
v  2.9146 15.4176 -8.2590
v  2.9146 15.4277 -8.2101
v  2.9315 15.4275 -8.2109
v  2.8904 15.4176 -8.2570
v  2.8668 15.4176 -8.2514
v  2.8819 15.4277 -8.2049
v  2.8977 15.4275 -8.2109
v  2.8444 15.4176 -8.2421
v  2.8237 15.4176 -8.2294
v  2.8525 15.4277 -8.1899
v  2.8656 15.4275 -8.2005
v  2.8053 15.4176 -8.2137
v  2.7895 15.4176 -8.1952
v  2.8291 15.4277 -8.1665
v  2.8383 15.4275 -8.1807
v  2.7769 15.4176 -8.1745
v  2.7676 15.4176 -8.1521
v  2.8140 15.4277 -8.1370
v  2.8184 15.4275 -8.1533
v  2.7619 15.4176 -8.1285
v  2.7600 15.4176 -8.1043
v  2.8089 15.4277 -8.1043
v  2.8080 15.4275 -8.1212
v  2.7619 15.4176 -8.0802
v  2.7676 15.4176 -8.0566
v  2.8140 15.4277 -8.0717
v  2.8080 15.4275 -8.0875
v  2.7769 15.4176 -8.0341
v  2.7895 15.4176 -8.0135
v  2.8291 15.4277 -8.0422
v  2.8184 15.4275 -8.0553
v  2.8053 15.4176 -7.9950
v  2.8237 15.4176 -7.9792
v  2.8525 15.4277 -8.0188
v  2.8383 15.4275 -8.0280
v  2.8444 15.4176 -7.9666
v  2.8668 15.4176 -7.9573
v  2.8819 15.4277 -8.0038
v  2.8656 15.4275 -8.0082
v  2.8904 15.4176 -7.9516
v  2.9146 15.4176 -7.9497
v  2.9146 15.4277 -7.9986
v  2.8977 15.4275 -7.9977
v  2.9388 15.4176 -7.9516
v  2.9624 15.4176 -7.9573
v  2.9473 15.4277 -8.0038
v  2.9315 15.4275 -7.9977
v  2.9848 15.4176 -7.9666
v  3.0055 15.4176 -7.9792
v  2.9768 15.4277 -8.0188
v  2.9636 15.4275 -8.0082
v  3.0239 15.4176 -7.9950
v  3.0397 15.4176 -8.0135
v  3.0002 15.4277 -8.0422
v  2.9909 15.4275 -8.0280
v  3.0524 15.4176 -8.0341
v  3.0617 15.4176 -8.0566
v  3.0152 15.4277 -8.0717
v  3.0108 15.4275 -8.0553
v  3.0673 15.4176 -8.0802
v  3.0692 15.4176 -8.1043
v  3.0204 15.4277 -8.1043
v  3.0212 15.4275 -8.0875
v  3.0673 15.4176 -8.1285
v  3.0212 15.4275 -8.1212
v  2.9664 13.4873 -8.1452
v  2.9736 13.4875 -8.1366
v  2.9574 13.4821 -8.1285
v  2.9476 13.4816 -8.1317
v  2.9763 13.4873 -8.1258
v  2.9542 13.4816 -8.1187
v  2.9100 13.4786 -8.1043
v  2.9511 13.4873 -8.1606
v  2.9605 13.4875 -8.1547
v  2.9476 13.4821 -8.1420
v  2.9373 13.4816 -8.1419
v  2.9317 13.4873 -8.1704
v  2.9425 13.4875 -8.1677
v  2.9342 13.4821 -8.1517
v  2.9244 13.4816 -8.1485
v  2.9102 13.4873 -8.1738
v  2.9213 13.4875 -8.1746
v  2.9183 13.4821 -8.1569
v  2.9100 13.4816 -8.1508
v  2.8887 13.4873 -8.1704
v  2.8991 13.4875 -8.1746
v  2.9017 13.4821 -8.1569
v  2.8956 13.4816 -8.1485
v  2.8694 13.4873 -8.1606
v  2.8779 13.4875 -8.1677
v  2.8858 13.4821 -8.1517
v  2.8827 13.4816 -8.1419
v  2.8540 13.4873 -8.1452
v  2.8599 13.4875 -8.1547
v  2.8724 13.4821 -8.1420
v  2.8724 13.4816 -8.1317
v  2.8441 13.4873 -8.1258
v  2.8468 13.4875 -8.1366
v  2.8626 13.4821 -8.1285
v  2.8658 13.4816 -8.1187
v  2.8407 13.4873 -8.1043
v  2.8399 13.4875 -8.1155
v  2.8575 13.4821 -8.1127
v  2.8635 13.4816 -8.1043
v  2.8441 13.4873 -8.0829
v  2.8399 13.4875 -8.0932
v  2.8575 13.4821 -8.0960
v  2.8658 13.4816 -8.0900
v  2.8540 13.4873 -8.0635
v  2.8468 13.4875 -8.0720
v  2.8626 13.4821 -8.0802
v  2.8724 13.4816 -8.0770
v  2.8694 13.4873 -8.0481
v  2.8599 13.4875 -8.0540
v  2.8724 13.4821 -8.0667
v  2.8827 13.4816 -8.0667
v  2.8887 13.4873 -8.0383
v  2.8779 13.4875 -8.0409
v  2.8858 13.4821 -8.0569
v  2.8956 13.4816 -8.0601
v  2.9102 13.4873 -8.0349
v  2.8991 13.4875 -8.0341
v  2.9017 13.4821 -8.0518
v  2.9100 13.4816 -8.0579
v  2.9317 13.4873 -8.0383
v  2.9213 13.4875 -8.0341
v  2.9183 13.4821 -8.0518
v  2.9244 13.4816 -8.0601
v  2.9511 13.4873 -8.0481
v  2.9425 13.4875 -8.0409
v  2.9342 13.4821 -8.0569
v  2.9373 13.4816 -8.0667
v  2.9664 13.4873 -8.0635
v  2.9605 13.4875 -8.0540
v  2.9476 13.4821 -8.0667
v  2.9476 13.4816 -8.0770
v  2.9763 13.4873 -8.0829
v  2.9736 13.4875 -8.0720
v  2.9574 13.4821 -8.0802
v  2.9542 13.4816 -8.0900
v  2.9797 13.4873 -8.1043
v  2.9805 13.4875 -8.0932
v  2.9625 13.4821 -8.0960
v  2.9565 13.4816 -8.1043
v  2.9805 13.4875 -8.1155
v  2.9625 13.4821 -8.1127
v  2.9763 15.4327 -8.1358
v  2.9722 15.4334 -8.1230
v  2.9636 15.4334 -8.1399
v  2.9146 15.4375 -8.1043
v  2.9636 15.4327 -8.1533
v  2.9502 15.4334 -8.1533
v  2.9461 15.4327 -8.1661
v  2.9333 15.4334 -8.1619
v  2.9255 15.4327 -8.1728
v  2.9146 15.4334 -8.1649
v  2.9038 15.4327 -8.1728
v  2.8959 15.4334 -8.1619
v  2.8832 15.4327 -8.1661
v  2.8790 15.4334 -8.1533
v  2.8656 15.4327 -8.1533
v  2.8656 15.4334 -8.1399
v  2.8529 15.4327 -8.1358
v  2.8571 15.4334 -8.1230
v  2.8462 15.4327 -8.1152
v  2.8541 15.4334 -8.1043
v  2.8462 15.4327 -8.0935
v  2.8571 15.4334 -8.0856
v  2.8529 15.4327 -8.0729
v  2.8656 15.4334 -8.0688
v  2.8656 15.4327 -8.0553
v  2.8790 15.4334 -8.0554
v  2.8832 15.4327 -8.0426
v  2.8959 15.4334 -8.0468
v  2.9038 15.4327 -8.0359
v  2.9146 15.4334 -8.0438
v  2.9255 15.4327 -8.0359
v  2.9333 15.4334 -8.0468
v  2.9461 15.4327 -8.0426
v  2.9502 15.4334 -8.0554
v  2.9636 15.4327 -8.0553
v  2.9636 15.4334 -8.0688
v  2.9763 15.4327 -8.0729
v  2.9722 15.4334 -8.0856
v  2.9830 15.4327 -8.0935
v  2.9751 15.4334 -8.1043
v  2.9830 15.4327 -8.1152
v  2.9623 13.5176 -8.1410
v  2.9675 13.5176 -8.1327
v  2.9749 13.4994 -8.1370
v  2.9690 13.4994 -8.1466
v  2.9712 13.5176 -8.1236
v  2.9792 13.4994 -8.1265
v  2.9485 13.5176 -8.1548
v  2.9560 13.5176 -8.1485
v  2.9616 13.4994 -8.1551
v  2.9531 13.4994 -8.1625
v  2.9311 13.5176 -8.1637
v  2.9402 13.5176 -8.1600
v  2.9435 13.4994 -8.1684
v  2.9330 13.4994 -8.1727
v  2.9118 13.5176 -8.1668
v  2.9216 13.5176 -8.1660
v  2.9221 13.4994 -8.1753
v  2.9108 13.4994 -8.1762
v  2.8925 13.5176 -8.1637
v  2.9021 13.5176 -8.1660
v  2.8996 13.4994 -8.1753
v  2.8886 13.4994 -8.1727
v  2.8751 13.5176 -8.1548
v  2.8835 13.5176 -8.1600
v  2.8782 13.4994 -8.1684
v  2.8686 13.4994 -8.1625
v  2.8613 13.5176 -8.1410
v  2.8677 13.5176 -8.1485
v  2.8600 13.4994 -8.1551
v  2.8527 13.4994 -8.1466
v  2.8525 13.5176 -8.1236
v  2.8562 13.5176 -8.1327
v  2.8468 13.4994 -8.1370
v  2.8425 13.4994 -8.1265
v  2.8494 13.5176 -8.1043
v  2.8502 13.5176 -8.1141
v  2.8399 13.4994 -8.1156
v  2.8390 13.4994 -8.1043
v  2.8525 13.5176 -8.0850
v  2.8502 13.5176 -8.0946
v  2.8399 13.4994 -8.0931
v  2.8425 13.4994 -8.0821
v  2.8613 13.5176 -8.0676
v  2.8562 13.5176 -8.0760
v  2.8468 13.4994 -8.0717
v  2.8527 13.4994 -8.0621
v  2.8751 13.5176 -8.0538
v  2.8677 13.5176 -8.0602
v  2.8600 13.4994 -8.0535
v  2.8686 13.4994 -8.0462
v  2.8925 13.5176 -8.0450
v  2.8835 13.5176 -8.0487
v  2.8782 13.4994 -8.0403
v  2.8886 13.4994 -8.0360
v  2.9118 13.5176 -8.0419
v  2.9021 13.5176 -8.0427
v  2.8996 13.4994 -8.0334
v  2.9108 13.4994 -8.0325
v  2.9311 13.5176 -8.0450
v  2.9216 13.5176 -8.0427
v  2.9221 13.4994 -8.0334
v  2.9330 13.4994 -8.0360
v  2.9485 13.5176 -8.0538
v  2.9402 13.5176 -8.0487
v  2.9435 13.4994 -8.0403
v  2.9531 13.4994 -8.0462
v  2.9623 13.5176 -8.0676
v  2.9560 13.5176 -8.0602
v  2.9616 13.4994 -8.0535
v  2.9690 13.4994 -8.0621
v  2.9712 13.5176 -8.0850
v  2.9675 13.5176 -8.0760
v  2.9749 13.4994 -8.0717
v  2.9792 13.4994 -8.0821
v  2.9743 13.5176 -8.1043
v  2.9735 13.5176 -8.0946
v  2.9818 13.4994 -8.0931
v  2.9827 13.4994 -8.1043
v  2.9735 13.5176 -8.1141
v  2.9818 13.4994 -8.1156
v  2.9626 13.5413 -8.1122
v  2.9608 13.5413 -8.1198
v  2.9632 13.5413 -8.1043
v  2.9626 13.5413 -8.0965
v  2.9608 13.5413 -8.0889
v  2.9578 13.5413 -8.0816
v  2.9536 13.5413 -8.0749
v  2.9485 13.5413 -8.0689
v  2.9426 13.5413 -8.0638
v  2.9359 13.5413 -8.0597
v  2.9286 13.5413 -8.0567
v  2.9210 13.5413 -8.0549
v  2.9131 13.5413 -8.0543
v  2.9053 13.5413 -8.0549
v  2.8977 13.5413 -8.0567
v  2.8904 13.5413 -8.0597
v  2.8837 13.5413 -8.0638
v  2.8778 13.5413 -8.0689
v  2.8726 13.5413 -8.0749
v  2.8685 13.5413 -8.0816
v  2.8655 13.5413 -8.0889
v  2.8637 13.5413 -8.0965
v  2.8631 13.5413 -8.1043
v  2.8637 13.5413 -8.1122
v  2.8655 13.5413 -8.1198
v  2.8685 13.5413 -8.1271
v  2.8726 13.5413 -8.1338
v  2.8778 13.5413 -8.1397
v  2.8837 13.5413 -8.1448
v  2.8904 13.5413 -8.1489
v  2.8977 13.5413 -8.1520
v  2.9053 13.5413 -8.1538
v  2.9131 13.5413 -8.1544
v  2.9210 13.5413 -8.1538
v  2.9286 13.5413 -8.1520
v  2.9359 13.5413 -8.1489
v  2.9426 13.5413 -8.1448
v  2.9485 13.5413 -8.1397
v  2.9536 13.5413 -8.1338
v  2.9578 13.5413 -8.1271
v  2.9303 10.0388 -8.1157
v  2.9206 10.0388 -8.1228
v  2.9206 13.7235 -8.1228
v  2.9303 13.7235 -8.1157
v  2.9086 10.0388 -8.1228
v  2.9086 13.7235 -8.1228
v  2.8989 10.0388 -8.1157
v  2.8989 13.7235 -8.1157
v  2.8952 10.0388 -8.1043
v  2.8952 13.7235 -8.1043
v  2.8989 10.0388 -8.0929
v  2.8989 13.7235 -8.0929
v  2.9086 10.0388 -8.0859
v  2.9086 13.7235 -8.0859
v  2.9206 10.0388 -8.0859
v  2.9206 13.7235 -8.0859
v  2.9303 10.0388 -8.0929
v  2.9303 13.7235 -8.0929
v  2.9340 10.0388 -8.1043
v  2.9340 13.7235 -8.1043
# 1742 vertices

vn 0.5357 -0.8263 -0.1739
vn 0.5025 -0.8259 -0.2558
vn 0.3328 -0.9277 -0.1695
vn 0.3551 -0.9277 -0.1154
vn 0.4567 -0.8255 -0.3315
vn 0.3022 -0.9276 -0.2195
vn 0.3941 -0.8733 -0.2863
vn 0.4340 -0.8733 -0.2212
vn 0.4633 -0.8733 -0.1505
vn 0.4000 -0.8249 -0.3995
vn 0.2642 -0.9276 -0.2641
vn 0.3331 -0.8243 -0.4578
vn 0.2196 -0.9276 -0.3023
vn 0.2863 -0.8733 -0.3941
vn 0.3445 -0.8733 -0.3445
vn 0.2579 -0.8234 -0.5054
vn 0.1697 -0.9275 -0.3330
vn 0.1761 -0.8227 -0.5405
vn 0.1156 -0.9275 -0.3555
vn 0.1505 -0.8733 -0.4633
vn 0.2212 -0.8733 -0.4340
vn 0.0896 -0.8218 -0.5628
vn 0.0585 -0.9274 -0.3693
vn 0.0004 -0.8209 -0.5710
vn 0.0000 -0.9274 -0.3740
vn -0.0000 -0.8733 -0.4872
vn 0.0762 -0.8733 -0.4811
vn -0.0891 -0.8199 -0.5655
vn -0.0585 -0.9274 -0.3696
vn -0.1769 -0.8191 -0.5457
vn -0.1156 -0.9273 -0.3559
vn -0.1505 -0.8733 -0.4633
vn -0.0762 -0.8733 -0.4811
vn -0.2607 -0.8182 -0.5125
vn -0.1699 -0.9273 -0.3336
vn -0.3382 -0.8175 -0.4662
vn -0.2201 -0.9273 -0.3029
vn -0.2863 -0.8733 -0.3941
vn -0.2212 -0.8733 -0.4340
vn -0.4078 -0.8167 -0.4083
vn -0.2648 -0.9272 -0.2649
vn -0.4673 -0.8162 -0.3399
vn -0.3030 -0.9272 -0.2202
vn -0.3941 -0.8733 -0.2863
vn -0.3445 -0.8733 -0.3445
vn -0.5155 -0.8156 -0.2629
vn -0.3338 -0.9272 -0.1701
vn -0.5507 -0.8153 -0.1791
vn -0.3563 -0.9272 -0.1158
vn -0.4633 -0.8733 -0.1505
vn -0.4340 -0.8733 -0.2212
vn -0.5723 -0.8150 -0.0907
vn -0.3701 -0.9271 -0.0586
vn -0.5795 -0.8150 -0.0000
vn -0.3747 -0.9271 -0.0000
vn -0.4872 -0.8733 -0.0000
vn -0.4811 -0.8733 -0.0762
vn -0.5723 -0.8150 0.0907
vn -0.3701 -0.9271 0.0586
vn -0.5507 -0.8153 0.1791
vn -0.3563 -0.9272 0.1158
vn -0.4633 -0.8733 0.1505
vn -0.4811 -0.8733 0.0762
vn -0.5155 -0.8156 0.2629
vn -0.3338 -0.9272 0.1701
vn -0.4673 -0.8162 0.3399
vn -0.3030 -0.9272 0.2202
vn -0.3941 -0.8733 0.2863
vn -0.4340 -0.8733 0.2212
vn -0.4078 -0.8167 0.4083
vn -0.2648 -0.9272 0.2649
vn -0.3382 -0.8175 0.4662
vn -0.2201 -0.9273 0.3029
vn -0.2863 -0.8733 0.3941
vn -0.3445 -0.8733 0.3445
vn -0.2607 -0.8182 0.5125
vn -0.1699 -0.9273 0.3336
vn -0.1769 -0.8191 0.5457
vn -0.1156 -0.9273 0.3559
vn -0.1505 -0.8733 0.4633
vn -0.2212 -0.8733 0.4340
vn -0.0891 -0.8199 0.5655
vn -0.0585 -0.9274 0.3696
vn 0.0004 -0.8209 0.5710
vn 0.0000 -0.9274 0.3740
vn 0.0000 -0.8733 0.4872
vn -0.0762 -0.8733 0.4811
vn 0.0896 -0.8218 0.5628
vn 0.0585 -0.9274 0.3693
vn 0.1761 -0.8227 0.5405
vn 0.1156 -0.9275 0.3555
vn 0.1505 -0.8733 0.4633
vn 0.0762 -0.8733 0.4811
vn 0.2579 -0.8234 0.5054
vn 0.1697 -0.9275 0.3330
vn 0.3331 -0.8243 0.4578
vn 0.2196 -0.9276 0.3022
vn 0.2863 -0.8733 0.3941
vn 0.2212 -0.8733 0.4340
vn 0.4000 -0.8249 0.3995
vn 0.2642 -0.9276 0.2641
vn 0.4567 -0.8255 0.3315
vn 0.3022 -0.9276 0.2195
vn 0.3941 -0.8733 0.2863
vn 0.3445 -0.8733 0.3445
vn 0.5025 -0.8259 0.2558
vn 0.3328 -0.9277 0.1695
vn 0.5357 -0.8263 0.1739
vn 0.3551 -0.9277 0.1154
vn 0.4633 -0.8733 0.1505
vn 0.4340 -0.8733 0.2212
vn 0.5561 -0.8264 0.0880
vn 0.3688 -0.9277 0.0584
vn 0.5628 -0.8266 0.0000
vn 0.3733 -0.9277 -0.0000
vn 0.4872 -0.8733 -0.0000
vn 0.4811 -0.8733 0.0762
vn 0.5561 -0.8264 -0.0880
vn 0.3688 -0.9277 -0.0584
vn 0.4811 -0.8733 -0.0762
vn 0.5661 -0.7722 -0.2885
vn 0.6043 -0.7722 -0.1963
vn 0.5140 -0.7722 -0.3735
vn 0.6168 -0.6471 -0.4481
vn 0.6793 -0.6471 -0.3461
vn 0.7251 -0.6471 -0.2356
vn 0.4493 -0.7722 -0.4493
vn 0.3735 -0.7722 -0.5140
vn 0.4481 -0.6471 -0.6168
vn 0.5391 -0.6471 -0.5391
vn 0.2885 -0.7722 -0.5661
vn 0.1963 -0.7722 -0.6043
vn 0.2356 -0.6471 -0.7251
vn 0.3461 -0.6471 -0.6793
vn 0.0994 -0.7722 -0.6276
vn -0.0000 -0.7722 -0.6354
vn -0.0000 -0.6471 -0.7624
vn 0.1193 -0.6471 -0.7530
vn -0.0994 -0.7722 -0.6276
vn -0.1963 -0.7722 -0.6043
vn -0.2356 -0.6471 -0.7251
vn -0.1193 -0.6471 -0.7530
vn -0.2885 -0.7722 -0.5661
vn -0.3735 -0.7722 -0.5140
vn -0.4481 -0.6471 -0.6168
vn -0.3461 -0.6471 -0.6793
vn -0.4493 -0.7722 -0.4493
vn -0.5140 -0.7722 -0.3735
vn -0.6168 -0.6471 -0.4481
vn -0.5391 -0.6471 -0.5391
vn -0.5661 -0.7722 -0.2885
vn -0.6043 -0.7722 -0.1963
vn -0.7251 -0.6471 -0.2356
vn -0.6793 -0.6471 -0.3461
vn -0.6276 -0.7722 -0.0994
vn -0.6354 -0.7722 -0.0000
vn -0.7624 -0.6471 -0.0000
vn -0.7530 -0.6471 -0.1193
vn -0.6276 -0.7722 0.0994
vn -0.6043 -0.7722 0.1963
vn -0.7251 -0.6471 0.2356
vn -0.7530 -0.6471 0.1193
vn -0.5661 -0.7722 0.2885
vn -0.5140 -0.7722 0.3735
vn -0.6168 -0.6471 0.4481
vn -0.6793 -0.6471 0.3461
vn -0.4493 -0.7722 0.4493
vn -0.3735 -0.7722 0.5140
vn -0.4481 -0.6471 0.6168
vn -0.5391 -0.6471 0.5391
vn -0.2885 -0.7722 0.5661
vn -0.1963 -0.7722 0.6043
vn -0.2356 -0.6471 0.7251
vn -0.3461 -0.6471 0.6793
vn -0.0994 -0.7722 0.6276
vn 0.0000 -0.7722 0.6354
vn 0.0000 -0.6471 0.7624
vn -0.1193 -0.6471 0.7530
vn 0.0994 -0.7722 0.6276
vn 0.1963 -0.7722 0.6043
vn 0.2356 -0.6471 0.7251
vn 0.1193 -0.6471 0.7530
vn 0.2885 -0.7722 0.5661
vn 0.3735 -0.7722 0.5140
vn 0.4481 -0.6471 0.6168
vn 0.3461 -0.6471 0.6793
vn 0.4493 -0.7722 0.4493
vn 0.5140 -0.7722 0.3735
vn 0.6168 -0.6471 0.4481
vn 0.5391 -0.6471 0.5391
vn 0.5661 -0.7722 0.2885
vn 0.6043 -0.7722 0.1963
vn 0.7251 -0.6471 0.2356
vn 0.6793 -0.6471 0.3461
vn 0.6276 -0.7722 0.0994
vn 0.6354 -0.7722 0.0000
vn 0.7624 -0.6471 0.0000
vn 0.7530 -0.6471 0.1193
vn 0.6276 -0.7722 -0.0994
vn 0.7530 -0.6471 -0.1193
vn 0.7591 -0.5236 -0.3868
vn 0.8102 -0.5236 -0.2633
vn 0.6892 -0.5236 -0.5008
vn 0.7170 -0.4631 -0.5210
vn 0.7897 -0.4631 -0.4024
vn 0.8429 -0.4631 -0.2739
vn 0.6024 -0.5236 -0.6024
vn 0.5008 -0.5236 -0.6892
vn 0.5210 -0.4631 -0.7170
vn 0.6267 -0.4631 -0.6267
vn 0.3868 -0.5236 -0.7591
vn 0.2633 -0.5236 -0.8102
vn 0.2739 -0.4631 -0.8429
vn 0.4024 -0.4631 -0.7897
vn 0.1333 -0.5236 -0.8415
vn -0.0000 -0.5236 -0.8519
vn -0.0000 -0.4631 -0.8863
vn 0.1387 -0.4631 -0.8754
vn -0.1333 -0.5236 -0.8415
vn -0.2633 -0.5236 -0.8102
vn -0.2739 -0.4631 -0.8429
vn -0.1387 -0.4631 -0.8754
vn -0.3868 -0.5236 -0.7591
vn -0.5008 -0.5236 -0.6892
vn -0.5210 -0.4631 -0.7170
vn -0.4024 -0.4631 -0.7897
vn -0.6024 -0.5236 -0.6024
vn -0.6892 -0.5236 -0.5008
vn -0.7170 -0.4631 -0.5210
vn -0.6267 -0.4631 -0.6267
vn -0.7591 -0.5236 -0.3868
vn -0.8102 -0.5236 -0.2633
vn -0.8429 -0.4631 -0.2739
vn -0.7897 -0.4631 -0.4024
vn -0.8415 -0.5236 -0.1333
vn -0.8519 -0.5236 -0.0000
vn -0.8863 -0.4631 -0.0000
vn -0.8754 -0.4631 -0.1387
vn -0.8415 -0.5236 0.1333
vn -0.8102 -0.5236 0.2633
vn -0.8429 -0.4631 0.2739
vn -0.8754 -0.4631 0.1387
vn -0.7591 -0.5236 0.3868
vn -0.6892 -0.5236 0.5008
vn -0.7170 -0.4631 0.5210
vn -0.7897 -0.4631 0.4024
vn -0.6024 -0.5236 0.6024
vn -0.5008 -0.5236 0.6892
vn -0.5210 -0.4631 0.7170
vn -0.6267 -0.4631 0.6267
vn -0.3868 -0.5236 0.7591
vn -0.2633 -0.5236 0.8102
vn -0.2739 -0.4631 0.8429
vn -0.4024 -0.4631 0.7897
vn -0.1333 -0.5236 0.8415
vn 0.0000 -0.5236 0.8519
vn 0.0000 -0.4631 0.8863
vn -0.1387 -0.4631 0.8754
vn 0.1333 -0.5236 0.8415
vn 0.2633 -0.5236 0.8102
vn 0.2739 -0.4631 0.8429
vn 0.1387 -0.4631 0.8754
vn 0.3868 -0.5236 0.7591
vn 0.5008 -0.5236 0.6892
vn 0.5210 -0.4631 0.7170
vn 0.4024 -0.4631 0.7897
vn 0.6024 -0.5236 0.6024
vn 0.6892 -0.5236 0.5008
vn 0.7170 -0.4631 0.5210
vn 0.6267 -0.4631 0.6267
vn 0.7591 -0.5236 0.3868
vn 0.8102 -0.5236 0.2633
vn 0.8429 -0.4631 0.2739
vn 0.7897 -0.4631 0.4024
vn 0.8415 -0.5236 0.1333
vn 0.8519 -0.5236 0.0000
vn 0.8863 -0.4631 0.0000
vn 0.8754 -0.4631 0.1387
vn 0.8415 -0.5236 -0.1333
vn 0.8754 -0.4631 -0.1387
vn 0.7979 -0.4451 -0.4065
vn 0.8516 -0.4452 -0.2767
vn 0.7244 -0.4452 -0.5263
vn 0.7270 -0.4387 -0.5282
vn 0.8007 -0.4387 -0.4080
vn 0.8546 -0.4387 -0.2777
vn 0.6332 -0.4451 -0.6332
vn 0.5263 -0.4452 -0.7244
vn 0.5282 -0.4387 -0.7270
vn 0.6354 -0.4387 -0.6354
vn 0.4065 -0.4451 -0.7979
vn 0.2767 -0.4452 -0.8516
vn 0.2777 -0.4387 -0.8546
vn 0.4080 -0.4387 -0.8007
vn 0.1401 -0.4451 -0.8844
vn -0.0000 -0.4452 -0.8955
vn -0.0000 -0.4387 -0.8986
vn 0.1406 -0.4387 -0.8876
vn -0.1401 -0.4451 -0.8844
vn -0.2767 -0.4452 -0.8516
vn -0.2777 -0.4387 -0.8546
vn -0.1406 -0.4387 -0.8876
vn -0.4065 -0.4451 -0.7979
vn -0.5263 -0.4452 -0.7244
vn -0.5282 -0.4387 -0.7270
vn -0.4080 -0.4387 -0.8007
vn -0.6332 -0.4451 -0.6332
vn -0.7244 -0.4452 -0.5263
vn -0.7270 -0.4387 -0.5282
vn -0.6354 -0.4387 -0.6354
vn -0.7979 -0.4451 -0.4065
vn -0.8516 -0.4452 -0.2767
vn -0.8546 -0.4387 -0.2777
vn -0.8007 -0.4387 -0.4080
vn -0.8844 -0.4451 -0.1401
vn -0.8955 -0.4452 -0.0000
vn -0.8986 -0.4387 -0.0000
vn -0.8876 -0.4387 -0.1406
vn -0.8844 -0.4451 0.1401
vn -0.8516 -0.4452 0.2767
vn -0.8546 -0.4387 0.2777
vn -0.8876 -0.4387 0.1406
vn -0.7979 -0.4451 0.4065
vn -0.7244 -0.4452 0.5263
vn -0.7270 -0.4387 0.5282
vn -0.8007 -0.4387 0.4080
vn -0.6332 -0.4451 0.6332
vn -0.5263 -0.4452 0.7244
vn -0.5282 -0.4387 0.7270
vn -0.6354 -0.4387 0.6354
vn -0.4065 -0.4451 0.7979
vn -0.2767 -0.4452 0.8516
vn -0.2777 -0.4387 0.8546
vn -0.4080 -0.4387 0.8007
vn -0.1401 -0.4451 0.8844
vn 0.0000 -0.4452 0.8955
vn 0.0000 -0.4387 0.8986
vn -0.1406 -0.4387 0.8876
vn 0.1401 -0.4451 0.8844
vn 0.2767 -0.4452 0.8516
vn 0.2777 -0.4387 0.8546
vn 0.1406 -0.4387 0.8876
vn 0.4065 -0.4451 0.7979
vn 0.5263 -0.4452 0.7244
vn 0.5282 -0.4387 0.7270
vn 0.4080 -0.4387 0.8007
vn 0.6332 -0.4451 0.6332
vn 0.7244 -0.4452 0.5263
vn 0.7270 -0.4387 0.5282
vn 0.6354 -0.4387 0.6354
vn 0.7979 -0.4451 0.4065
vn 0.8516 -0.4452 0.2767
vn 0.8546 -0.4387 0.2777
vn 0.8007 -0.4387 0.4080
vn 0.8844 -0.4451 0.1401
vn 0.8955 -0.4452 0.0000
vn 0.8986 -0.4387 0.0000
vn 0.8876 -0.4387 0.1406
vn 0.8844 -0.4451 -0.1401
vn 0.8876 -0.4387 -0.1406
vn 0.8082 -0.4209 -0.4118
vn 0.8627 -0.4210 -0.2803
vn 0.7338 -0.4210 -0.5332
vn 0.7461 -0.3867 -0.5421
vn 0.8217 -0.3867 -0.4187
vn 0.8771 -0.3867 -0.2850
vn 0.6414 -0.4209 -0.6414
vn 0.5332 -0.4210 -0.7338
vn 0.5421 -0.3867 -0.7461
vn 0.6521 -0.3867 -0.6521
vn 0.4118 -0.4209 -0.8082
vn 0.2803 -0.4210 -0.8627
vn 0.2850 -0.3867 -0.8771
vn 0.4187 -0.3867 -0.8217
vn 0.1419 -0.4209 -0.8959
vn 0.0000 -0.4210 -0.9071
vn 0.0000 -0.3867 -0.9222
vn 0.1443 -0.3867 -0.9109
vn -0.1419 -0.4209 -0.8959
vn -0.2803 -0.4210 -0.8627
vn -0.2850 -0.3867 -0.8771
vn -0.1443 -0.3867 -0.9109
vn -0.4118 -0.4209 -0.8082
vn -0.5332 -0.4210 -0.7338
vn -0.5421 -0.3867 -0.7461
vn -0.4187 -0.3867 -0.8217
vn -0.6414 -0.4209 -0.6414
vn -0.7338 -0.4210 -0.5332
vn -0.7461 -0.3867 -0.5421
vn -0.6521 -0.3867 -0.6521
vn -0.8082 -0.4209 -0.4118
vn -0.8627 -0.4210 -0.2803
vn -0.8771 -0.3867 -0.2850
vn -0.8217 -0.3867 -0.4187
vn -0.8959 -0.4209 -0.1419
vn -0.9071 -0.4210 -0.0000
vn -0.9222 -0.3867 -0.0000
vn -0.9109 -0.3867 -0.1443
vn -0.8959 -0.4209 0.1419
vn -0.8627 -0.4210 0.2803
vn -0.8771 -0.3867 0.2850
vn -0.9109 -0.3867 0.1443
vn -0.8082 -0.4209 0.4118
vn -0.7338 -0.4210 0.5332
vn -0.7461 -0.3867 0.5421
vn -0.8217 -0.3867 0.4187
vn -0.6414 -0.4209 0.6414
vn -0.5332 -0.4210 0.7338
vn -0.5421 -0.3867 0.7461
vn -0.6521 -0.3867 0.6521
vn -0.4118 -0.4209 0.8082
vn -0.2803 -0.4210 0.8627
vn -0.2850 -0.3867 0.8771
vn -0.4187 -0.3867 0.8217
vn -0.1419 -0.4209 0.8959
vn 0.0000 -0.4210 0.9071
vn 0.0000 -0.3867 0.9222
vn -0.1443 -0.3867 0.9109
vn 0.1419 -0.4209 0.8959
vn 0.2803 -0.4210 0.8627
vn 0.2850 -0.3867 0.8771
vn 0.1443 -0.3867 0.9109
vn 0.4118 -0.4209 0.8082
vn 0.5332 -0.4210 0.7338
vn 0.5421 -0.3867 0.7461
vn 0.4187 -0.3867 0.8217
vn 0.6414 -0.4209 0.6414
vn 0.7338 -0.4210 0.5332
vn 0.7461 -0.3867 0.5421
vn 0.6521 -0.3867 0.6521
vn 0.8082 -0.4209 0.4118
vn 0.8627 -0.4210 0.2803
vn 0.8771 -0.3867 0.2850
vn 0.8217 -0.3867 0.4187
vn 0.8959 -0.4209 0.1419
vn 0.9071 -0.4210 0.0000
vn 0.9222 -0.3867 0.0000
vn 0.9109 -0.3867 0.1443
vn 0.8959 -0.4209 -0.1419
vn 0.9109 -0.3867 -0.1443
vn 0.8311 -0.3606 -0.4235
vn 0.8871 -0.3606 -0.2882
vn 0.7546 -0.3606 -0.5482
vn 0.7671 -0.3177 -0.5573
vn 0.8448 -0.3177 -0.4305
vn 0.9018 -0.3177 -0.2930
vn 0.6595 -0.3606 -0.6595
vn 0.5482 -0.3606 -0.7546
vn 0.5573 -0.3177 -0.7671
vn 0.6705 -0.3177 -0.6705
vn 0.4235 -0.3606 -0.8311
vn 0.2882 -0.3606 -0.8871
vn 0.2930 -0.3177 -0.9018
vn 0.4305 -0.3177 -0.8448
vn 0.1459 -0.3606 -0.9213
vn -0.0000 -0.3606 -0.9327
vn 0.0000 -0.3177 -0.9482
vn 0.1483 -0.3177 -0.9365
vn -0.1459 -0.3606 -0.9213
vn -0.2882 -0.3606 -0.8871
vn -0.2930 -0.3177 -0.9018
vn -0.1483 -0.3177 -0.9365
vn -0.4235 -0.3606 -0.8311
vn -0.5482 -0.3606 -0.7546
vn -0.5573 -0.3177 -0.7671
vn -0.4305 -0.3177 -0.8448
vn -0.6595 -0.3606 -0.6595
vn -0.7546 -0.3606 -0.5482
vn -0.7671 -0.3177 -0.5573
vn -0.6705 -0.3177 -0.6705
vn -0.8311 -0.3606 -0.4235
vn -0.8871 -0.3606 -0.2882
vn -0.9018 -0.3177 -0.2930
vn -0.8448 -0.3177 -0.4305
vn -0.9213 -0.3606 -0.1459
vn -0.9327 -0.3606 -0.0000
vn -0.9482 -0.3177 -0.0000
vn -0.9365 -0.3177 -0.1483
vn -0.9213 -0.3606 0.1459
vn -0.8871 -0.3606 0.2882
vn -0.9018 -0.3177 0.2930
vn -0.9365 -0.3177 0.1483
vn -0.8311 -0.3606 0.4235
vn -0.7546 -0.3606 0.5482
vn -0.7671 -0.3177 0.5573
vn -0.8448 -0.3177 0.4305
vn -0.6595 -0.3606 0.6595
vn -0.5482 -0.3606 0.7546
vn -0.5573 -0.3177 0.7671
vn -0.6705 -0.3177 0.6705
vn -0.4235 -0.3606 0.8311
vn -0.2882 -0.3606 0.8871
vn -0.2930 -0.3177 0.9018
vn -0.4305 -0.3177 0.8448
vn -0.1459 -0.3606 0.9213
vn 0.0000 -0.3606 0.9327
vn 0.0000 -0.3177 0.9482
vn -0.1483 -0.3177 0.9365
vn 0.1459 -0.3606 0.9213
vn 0.2882 -0.3606 0.8871
vn 0.2930 -0.3177 0.9018
vn 0.1483 -0.3177 0.9365
vn 0.4235 -0.3606 0.8311
vn 0.5482 -0.3606 0.7546
vn 0.5573 -0.3177 0.7671
vn 0.4305 -0.3177 0.8448
vn 0.6595 -0.3606 0.6595
vn 0.7546 -0.3606 0.5482
vn 0.7671 -0.3177 0.5573
vn 0.6705 -0.3177 0.6705
vn 0.8311 -0.3606 0.4235
vn 0.8871 -0.3606 0.2882
vn 0.9018 -0.3177 0.2930
vn 0.8448 -0.3177 0.4305
vn 0.9213 -0.3606 0.1459
vn 0.9327 -0.3606 0.0000
vn 0.9482 -0.3177 0.0000
vn 0.9365 -0.3177 0.1483
vn 0.9213 -0.3606 -0.1459
vn 0.9365 -0.3177 -0.1483
vn 0.8616 -0.2548 -0.4390
vn 0.9197 -0.2548 -0.2988
vn 0.7823 -0.2548 -0.5684
vn 0.7844 -0.2447 -0.5699
vn 0.8639 -0.2447 -0.4402
vn 0.9222 -0.2447 -0.2996
vn 0.6838 -0.2548 -0.6838
vn 0.5684 -0.2548 -0.7823
vn 0.5699 -0.2447 -0.7844
vn 0.6856 -0.2447 -0.6856
vn 0.4390 -0.2548 -0.8616
vn 0.2988 -0.2548 -0.9197
vn 0.2996 -0.2447 -0.9221
vn 0.4402 -0.2447 -0.8639
vn 0.1513 -0.2548 -0.9551
vn 0.0000 -0.2548 -0.9670
vn 0.0000 -0.2447 -0.9696
vn 0.1517 -0.2447 -0.9577
vn -0.1513 -0.2548 -0.9551
vn -0.2988 -0.2548 -0.9197
vn -0.2996 -0.2447 -0.9221
vn -0.1517 -0.2447 -0.9577
vn -0.4390 -0.2548 -0.8616
vn -0.5684 -0.2548 -0.7823
vn -0.5699 -0.2447 -0.7844
vn -0.4402 -0.2447 -0.8639
vn -0.6838 -0.2548 -0.6838
vn -0.7823 -0.2548 -0.5684
vn -0.7844 -0.2447 -0.5699
vn -0.6856 -0.2447 -0.6856
vn -0.8616 -0.2548 -0.4390
vn -0.9197 -0.2548 -0.2988
vn -0.9222 -0.2447 -0.2996
vn -0.8639 -0.2447 -0.4402
vn -0.9551 -0.2548 -0.1513
vn -0.9670 -0.2548 -0.0000
vn -0.9696 -0.2447 -0.0000
vn -0.9577 -0.2447 -0.1517
vn -0.9551 -0.2548 0.1513
vn -0.9197 -0.2548 0.2988
vn -0.9221 -0.2447 0.2996
vn -0.9577 -0.2447 0.1517
vn -0.8616 -0.2548 0.4390
vn -0.7823 -0.2548 0.5684
vn -0.7844 -0.2447 0.5699
vn -0.8639 -0.2447 0.4402
vn -0.6838 -0.2548 0.6838
vn -0.5684 -0.2548 0.7823
vn -0.5699 -0.2447 0.7844
vn -0.6856 -0.2447 0.6856
vn -0.4390 -0.2548 0.8616
vn -0.2988 -0.2548 0.9197
vn -0.2996 -0.2447 0.9221
vn -0.4402 -0.2447 0.8639
vn -0.1513 -0.2548 0.9551
vn 0.0000 -0.2548 0.9670
vn 0.0000 -0.2447 0.9696
vn -0.1517 -0.2447 0.9577
vn 0.1513 -0.2548 0.9551
vn 0.2988 -0.2548 0.9197
vn 0.2996 -0.2447 0.9221
vn 0.1517 -0.2447 0.9577
vn 0.4390 -0.2548 0.8616
vn 0.5684 -0.2548 0.7823
vn 0.5699 -0.2447 0.7844
vn 0.4402 -0.2447 0.8639
vn 0.6838 -0.2548 0.6838
vn 0.7823 -0.2548 0.5684
vn 0.7844 -0.2447 0.5699
vn 0.6856 -0.2447 0.6856
vn 0.8616 -0.2548 0.4390
vn 0.9197 -0.2548 0.2988
vn 0.9222 -0.2447 0.2996
vn 0.8639 -0.2447 0.4402
vn 0.9551 -0.2548 0.1513
vn 0.9670 -0.2548 0.0000
vn 0.9696 -0.2447 0.0000
vn 0.9577 -0.2447 0.1517
vn 0.9551 -0.2548 -0.1513
vn 0.9577 -0.2447 -0.1517
vn 0.8690 -0.2208 -0.4428
vn 0.9276 -0.2208 -0.3014
vn 0.7891 -0.2208 -0.5733
vn 0.8023 -0.1287 -0.5829
vn 0.8836 -0.1286 -0.4502
vn 0.9432 -0.1287 -0.3064
vn 0.6897 -0.2208 -0.6897
vn 0.5733 -0.2208 -0.7891
vn 0.5829 -0.1287 -0.8023
vn 0.7012 -0.1287 -0.7012
vn 0.4428 -0.2208 -0.8690
vn 0.3014 -0.2208 -0.9276
vn 0.3064 -0.1287 -0.9432
vn 0.4502 -0.1287 -0.8836
vn 0.1526 -0.2208 -0.9633
vn -0.0000 -0.2208 -0.9753
vn -0.0000 -0.1287 -0.9917
vn 0.1551 -0.1286 -0.9795
vn -0.1526 -0.2208 -0.9633
vn -0.3014 -0.2208 -0.9276
vn -0.3064 -0.1287 -0.9432
vn -0.1551 -0.1286 -0.9795
vn -0.4428 -0.2208 -0.8690
vn -0.5733 -0.2208 -0.7891
vn -0.5829 -0.1287 -0.8023
vn -0.4502 -0.1286 -0.8836
vn -0.6897 -0.2208 -0.6897
vn -0.7891 -0.2208 -0.5733
vn -0.8023 -0.1287 -0.5829
vn -0.7012 -0.1287 -0.7012
vn -0.8690 -0.2208 -0.4428
vn -0.9276 -0.2208 -0.3014
vn -0.9432 -0.1287 -0.3064
vn -0.8836 -0.1287 -0.4502
vn -0.9633 -0.2208 -0.1526
vn -0.9753 -0.2208 -0.0000
vn -0.9917 -0.1287 -0.0000
vn -0.9795 -0.1286 -0.1551
vn -0.9633 -0.2208 0.1526
vn -0.9276 -0.2208 0.3014
vn -0.9432 -0.1287 0.3064
vn -0.9795 -0.1287 0.1551
vn -0.8690 -0.2208 0.4428
vn -0.7891 -0.2208 0.5733
vn -0.8023 -0.1287 0.5829
vn -0.8836 -0.1286 0.4502
vn -0.6897 -0.2208 0.6897
vn -0.5733 -0.2208 0.7891
vn -0.5829 -0.1287 0.8023
vn -0.7012 -0.1287 0.7012
vn -0.4428 -0.2208 0.8690
vn -0.3014 -0.2208 0.9276
vn -0.3064 -0.1287 0.9432
vn -0.4502 -0.1287 0.8836
vn -0.1526 -0.2208 0.9633
vn 0.0000 -0.2208 0.9753
vn 0.0000 -0.1287 0.9917
vn -0.1551 -0.1287 0.9795
vn 0.1526 -0.2208 0.9633
vn 0.3014 -0.2208 0.9276
vn 0.3064 -0.1287 0.9432
vn 0.1551 -0.1287 0.9795
vn 0.4428 -0.2208 0.8690
vn 0.5733 -0.2208 0.7891
vn 0.5829 -0.1287 0.8023
vn 0.4502 -0.1287 0.8836
vn 0.6897 -0.2208 0.6897
vn 0.7891 -0.2208 0.5733
vn 0.8023 -0.1287 0.5829
vn 0.7012 -0.1287 0.7012
vn 0.8690 -0.2208 0.4428
vn 0.9276 -0.2208 0.3014
vn 0.9432 -0.1287 0.3064
vn 0.8836 -0.1286 0.4502
vn 0.9633 -0.2208 0.1526
vn 0.9753 -0.2208 0.0000
vn 0.9917 -0.1287 0.0000
vn 0.9795 -0.1286 0.1551
vn 0.9633 -0.2208 -0.1526
vn 0.9795 -0.1287 -0.1551
vn 0.8898 -0.0514 -0.4534
vn 0.9498 -0.0514 -0.3086
vn 0.8079 -0.0514 -0.5870
vn 0.8090 -0.0000 -0.5878
vn 0.8910 -0.0000 -0.4540
vn 0.9511 -0.0000 -0.3090
vn 0.7062 -0.0514 -0.7062
vn 0.5870 -0.0514 -0.8079
vn 0.5878 -0.0000 -0.8090
vn 0.7071 -0.0000 -0.7071
vn 0.4534 -0.0514 -0.8898
vn 0.3086 -0.0514 -0.9498
vn 0.3090 -0.0000 -0.9511
vn 0.4540 -0.0000 -0.8910
vn 0.1562 -0.0514 -0.9864
vn -0.0000 -0.0514 -0.9987
vn -0.0000 -0.0000 -1.0000
vn 0.1564 -0.0000 -0.9877
vn -0.1562 -0.0514 -0.9864
vn -0.3086 -0.0514 -0.9498
vn -0.3090 -0.0000 -0.9511
vn -0.1564 -0.0000 -0.9877
vn -0.4534 -0.0514 -0.8898
vn -0.5870 -0.0514 -0.8079
vn -0.5878 -0.0000 -0.8090
vn -0.4540 -0.0000 -0.8910
vn -0.7062 -0.0514 -0.7062
vn -0.8079 -0.0514 -0.5870
vn -0.8090 -0.0000 -0.5878
vn -0.7071 -0.0000 -0.7071
vn -0.8898 -0.0514 -0.4534
vn -0.9498 -0.0514 -0.3086
vn -0.9511 -0.0000 -0.3090
vn -0.8910 -0.0000 -0.4540
vn -0.9864 -0.0514 -0.1562
vn -0.9987 -0.0514 -0.0000
vn -1.0000 -0.0000 0.0000
vn -0.9877 -0.0000 -0.1564
vn -0.9864 -0.0514 0.1562
vn -0.9498 -0.0514 0.3086
vn -0.9511 -0.0000 0.3090
vn -0.9877 -0.0000 0.1564
vn -0.8898 -0.0514 0.4534
vn -0.8079 -0.0514 0.5870
vn -0.8090 -0.0000 0.5878
vn -0.8910 -0.0000 0.4540
vn -0.7062 -0.0514 0.7062
vn -0.5870 -0.0514 0.8079
vn -0.5878 -0.0000 0.8090
vn -0.7071 -0.0000 0.7071
vn -0.4534 -0.0514 0.8898
vn -0.3086 -0.0514 0.9498
vn -0.3090 -0.0000 0.9511
vn -0.4540 -0.0000 0.8910
vn -0.1562 -0.0514 0.9864
vn 0.0000 -0.0514 0.9987
vn 0.0000 -0.0000 1.0000
vn -0.1564 -0.0000 0.9877
vn 0.1562 -0.0514 0.9864
vn 0.3086 -0.0514 0.9498
vn 0.3090 -0.0000 0.9511
vn 0.1564 -0.0000 0.9877
vn 0.4534 -0.0514 0.8898
vn 0.5870 -0.0514 0.8079
vn 0.5878 -0.0000 0.8090
vn 0.4540 -0.0000 0.8910
vn 0.7062 -0.0514 0.7062
vn 0.8079 -0.0514 0.5870
vn 0.8090 -0.0000 0.5878
vn 0.7071 -0.0000 0.7071
vn 0.8898 -0.0514 0.4534
vn 0.9498 -0.0514 0.3086
vn 0.9511 -0.0000 0.3090
vn 0.8910 -0.0000 0.4540
vn 0.9864 -0.0514 0.1562
vn 0.9987 -0.0514 0.0000
vn 1.0000 -0.0000 0.0000
vn 0.9877 -0.0000 0.1564
vn 0.9864 -0.0514 -0.1562
vn 0.9877 -0.0000 -0.1564
vn 0.8889 0.0688 -0.4529
vn 0.9488 0.0688 -0.3083
vn 0.8071 0.0688 -0.5864
vn 0.7994 0.1540 -0.5808
vn 0.8804 0.1540 -0.4486
vn 0.9397 0.1540 -0.3053
vn 0.7054 0.0688 -0.7054
vn 0.5864 0.0688 -0.8071
vn 0.5808 0.1540 -0.7994
vn 0.6987 0.1540 -0.6987
vn 0.4529 0.0688 -0.8889
vn 0.3083 0.0688 -0.9488
vn 0.3053 0.1540 -0.9397
vn 0.4486 0.1540 -0.8804
vn 0.1561 0.0688 -0.9853
vn -0.0000 0.0688 -0.9976
vn -0.0000 0.1540 -0.9881
vn 0.1546 0.1540 -0.9759
vn -0.1561 0.0688 -0.9853
vn -0.3083 0.0688 -0.9488
vn -0.3053 0.1540 -0.9397
vn -0.1546 0.1540 -0.9759
vn -0.4529 0.0688 -0.8889
vn -0.5864 0.0688 -0.8071
vn -0.5808 0.1540 -0.7994
vn -0.4486 0.1540 -0.8804
vn -0.7054 0.0688 -0.7054
vn -0.8071 0.0688 -0.5864
vn -0.7994 0.1540 -0.5808
vn -0.6987 0.1540 -0.6987
vn -0.8889 0.0688 -0.4529
vn -0.9488 0.0688 -0.3083
vn -0.9397 0.1540 -0.3053
vn -0.8804 0.1540 -0.4486
vn -0.9854 0.0688 -0.1561
vn -0.9976 0.0688 0.0000
vn -0.9881 0.1540 -0.0000
vn -0.9759 0.1540 -0.1546
vn -0.9854 0.0688 0.1561
vn -0.9488 0.0688 0.3083
vn -0.9397 0.1540 0.3053
vn -0.9759 0.1540 0.1546
vn -0.8889 0.0688 0.4529
vn -0.8071 0.0688 0.5864
vn -0.7994 0.1540 0.5808
vn -0.8804 0.1540 0.4486
vn -0.7054 0.0688 0.7054
vn -0.5864 0.0688 0.8071
vn -0.5808 0.1540 0.7994
vn -0.6987 0.1540 0.6987
vn -0.4529 0.0688 0.8889
vn -0.3083 0.0688 0.9488
vn -0.3053 0.1540 0.9397
vn -0.4486 0.1540 0.8804
vn -0.1561 0.0688 0.9853
vn 0.0000 0.0688 0.9976
vn 0.0000 0.1540 0.9881
vn -0.1546 0.1540 0.9759
vn 0.1561 0.0688 0.9853
vn 0.3083 0.0688 0.9488
vn 0.3053 0.1540 0.9397
vn 0.1546 0.1540 0.9759
vn 0.4529 0.0688 0.8889
vn 0.5864 0.0688 0.8071
vn 0.5808 0.1540 0.7994
vn 0.4486 0.1540 0.8804
vn 0.7054 0.0688 0.7054
vn 0.8071 0.0688 0.5864
vn 0.7994 0.1540 0.5808
vn 0.6987 0.1540 0.6987
vn 0.8889 0.0688 0.4529
vn 0.9488 0.0688 0.3083
vn 0.9397 0.1540 0.3053
vn 0.8804 0.1540 0.4486
vn 0.9853 0.0688 0.1561
vn 0.9976 0.0688 0.0000
vn 0.9881 0.1540 0.0000
vn 0.9759 0.1540 0.1546
vn 0.9854 0.0688 -0.1561
vn 0.9759 0.1540 -0.1546
vn 0.8671 0.2299 -0.4418
vn 0.9256 0.2299 -0.3007
vn 0.7873 0.2299 -0.5720
vn 0.7706 0.3045 -0.5599
vn 0.8487 0.3045 -0.4324
vn 0.9059 0.3045 -0.2943
vn 0.6882 0.2299 -0.6882
vn 0.5720 0.2299 -0.7873
vn 0.5599 0.3045 -0.7706
vn 0.6735 0.3045 -0.6735
vn 0.4418 0.2299 -0.8671
vn 0.3007 0.2299 -0.9256
vn 0.2943 0.3045 -0.9059
vn 0.4324 0.3045 -0.8487
vn 0.1522 0.2299 -0.9612
vn -0.0000 0.2299 -0.9732
vn 0.0000 0.3045 -0.9525
vn 0.1490 0.3045 -0.9408
vn -0.1522 0.2299 -0.9612
vn -0.3007 0.2299 -0.9256
vn -0.2943 0.3045 -0.9059
vn -0.1490 0.3045 -0.9408
vn -0.4418 0.2299 -0.8671
vn -0.5720 0.2299 -0.7873
vn -0.5599 0.3045 -0.7706
vn -0.4324 0.3045 -0.8487
vn -0.6882 0.2299 -0.6882
vn -0.7873 0.2299 -0.5720
vn -0.7706 0.3045 -0.5599
vn -0.6735 0.3045 -0.6735
vn -0.8671 0.2299 -0.4418
vn -0.9256 0.2299 -0.3007
vn -0.9059 0.3045 -0.2943
vn -0.8487 0.3045 -0.4324
vn -0.9612 0.2299 -0.1522
vn -0.9732 0.2299 -0.0000
vn -0.9525 0.3045 0.0000
vn -0.9408 0.3045 -0.1490
vn -0.9612 0.2299 0.1522
vn -0.9256 0.2299 0.3007
vn -0.9059 0.3045 0.2943
vn -0.9408 0.3045 0.1490
vn -0.8671 0.2299 0.4418
vn -0.7873 0.2299 0.5720
vn -0.7706 0.3045 0.5599
vn -0.8487 0.3045 0.4324
vn -0.6882 0.2299 0.6882
vn -0.5720 0.2299 0.7873
vn -0.5599 0.3045 0.7706
vn -0.6735 0.3045 0.6735
vn -0.4418 0.2299 0.8671
vn -0.3007 0.2299 0.9256
vn -0.2943 0.3045 0.9059
vn -0.4324 0.3045 0.8487
vn -0.1522 0.2299 0.9612
vn -0.0000 0.2299 0.9732
vn 0.0000 0.3045 0.9525
vn -0.1490 0.3045 0.9408
vn 0.1522 0.2299 0.9612
vn 0.3007 0.2299 0.9256
vn 0.2943 0.3045 0.9059
vn 0.1490 0.3045 0.9408
vn 0.4418 0.2299 0.8671
vn 0.5720 0.2299 0.7873
vn 0.5599 0.3045 0.7706
vn 0.4324 0.3045 0.8487
vn 0.6882 0.2299 0.6882
vn 0.7873 0.2299 0.5720
vn 0.7706 0.3045 0.5599
vn 0.6735 0.3045 0.6735
vn 0.8671 0.2299 0.4418
vn 0.9256 0.2299 0.3007
vn 0.9059 0.3045 0.2943
vn 0.8487 0.3045 0.4324
vn 0.9612 0.2299 0.1522
vn 0.9732 0.2299 0.0000
vn 0.9525 0.3045 0.0000
vn 0.9408 0.3045 0.1490
vn 0.9612 0.2299 -0.1522
vn 0.9408 0.3045 -0.1490
vn 0.8251 0.3774 -0.4204
vn 0.8807 0.3774 -0.2862
vn 0.7492 0.3774 -0.5443
vn 0.7233 0.4481 -0.5255
vn 0.7966 0.4481 -0.4059
vn 0.8502 0.4481 -0.2763
vn 0.6548 0.3774 -0.6548
vn 0.5443 0.3774 -0.7492
vn 0.5255 0.4481 -0.7233
vn 0.6322 0.4481 -0.6322
vn 0.4204 0.3774 -0.8251
vn 0.2862 0.3774 -0.8807
vn 0.2763 0.4481 -0.8502
vn 0.4059 0.4481 -0.7966
vn 0.1449 0.3774 -0.9147
vn -0.0000 0.3774 -0.9260
vn -0.0000 0.4481 -0.8940
vn 0.1399 0.4481 -0.8830
vn -0.1449 0.3774 -0.9147
vn -0.2862 0.3774 -0.8807
vn -0.2763 0.4481 -0.8502
vn -0.1399 0.4481 -0.8830
vn -0.4204 0.3774 -0.8251
vn -0.5443 0.3774 -0.7492
vn -0.5255 0.4481 -0.7233
vn -0.4059 0.4481 -0.7966
vn -0.6548 0.3774 -0.6548
vn -0.7492 0.3774 -0.5443
vn -0.7233 0.4481 -0.5255
vn -0.6322 0.4481 -0.6322
vn -0.8251 0.3774 -0.4204
vn -0.8807 0.3774 -0.2862
vn -0.8502 0.4481 -0.2763
vn -0.7966 0.4481 -0.4059
vn -0.9147 0.3774 -0.1449
vn -0.9260 0.3774 0.0000
vn -0.8940 0.4481 0.0000
vn -0.8830 0.4481 -0.1399
vn -0.9147 0.3774 0.1449
vn -0.8807 0.3774 0.2862
vn -0.8502 0.4481 0.2763
vn -0.8830 0.4481 0.1399
vn -0.8251 0.3774 0.4204
vn -0.7492 0.3774 0.5443
vn -0.7233 0.4481 0.5255
vn -0.7966 0.4481 0.4059
vn -0.6548 0.3774 0.6548
vn -0.5443 0.3774 0.7492
vn -0.5255 0.4481 0.7233
vn -0.6322 0.4481 0.6322
vn -0.4204 0.3774 0.8251
vn -0.2862 0.3774 0.8807
vn -0.2763 0.4481 0.8502
vn -0.4059 0.4481 0.7966
vn -0.1449 0.3774 0.9147
vn 0.0000 0.3774 0.9260
vn -0.0000 0.4481 0.8940
vn -0.1399 0.4481 0.8830
vn 0.1449 0.3774 0.9147
vn 0.2862 0.3774 0.8807
vn 0.2763 0.4481 0.8502
vn 0.1399 0.4481 0.8830
vn 0.4204 0.3774 0.8251
vn 0.5443 0.3774 0.7492
vn 0.5255 0.4481 0.7233
vn 0.4059 0.4481 0.7966
vn 0.6548 0.3774 0.6548
vn 0.7492 0.3774 0.5443
vn 0.7233 0.4481 0.5255
vn 0.6322 0.4481 0.6322
vn 0.8251 0.3774 0.4204
vn 0.8807 0.3774 0.2862
vn 0.8502 0.4481 0.2763
vn 0.7966 0.4481 0.4059
vn 0.9147 0.3774 0.1449
vn 0.9260 0.3774 0.0000
vn 0.8940 0.4481 0.0000
vn 0.8830 0.4481 0.1399
vn 0.9147 0.3774 -0.1449
vn 0.8830 0.4481 -0.1399
vn 0.7632 0.5161 -0.3888
vn 0.8146 0.5162 -0.2647
vn 0.6929 0.5162 -0.5034
vn 0.6583 0.5812 -0.4783
vn 0.7251 0.5812 -0.3694
vn 0.7739 0.5812 -0.2515
vn 0.6056 0.5161 -0.6056
vn 0.5034 0.5162 -0.6929
vn 0.4783 0.5812 -0.6583
vn 0.5754 0.5812 -0.5754
vn 0.3888 0.5161 -0.7632
vn 0.2647 0.5162 -0.8146
vn 0.2515 0.5812 -0.7739
vn 0.3694 0.5812 -0.7251
vn 0.1340 0.5161 -0.8460
vn -0.0000 0.5162 -0.8565
vn -0.0000 0.5812 -0.8138
vn 0.1273 0.5812 -0.8038
vn -0.1340 0.5161 -0.8460
vn -0.2647 0.5162 -0.8146
vn -0.2515 0.5812 -0.7739
vn -0.1273 0.5812 -0.8038
vn -0.3888 0.5161 -0.7632
vn -0.5034 0.5162 -0.6929
vn -0.4783 0.5812 -0.6583
vn -0.3694 0.5812 -0.7251
vn -0.6056 0.5161 -0.6056
vn -0.6929 0.5162 -0.5034
vn -0.6583 0.5812 -0.4783
vn -0.5754 0.5812 -0.5754
vn -0.7632 0.5161 -0.3888
vn -0.8146 0.5162 -0.2647
vn -0.7739 0.5812 -0.2515
vn -0.7251 0.5812 -0.3694
vn -0.8460 0.5161 -0.1340
vn -0.8565 0.5162 0.0000
vn -0.8138 0.5812 0.0000
vn -0.8038 0.5812 -0.1273
vn -0.8460 0.5161 0.1340
vn -0.8146 0.5162 0.2647
vn -0.7739 0.5812 0.2515
vn -0.8038 0.5812 0.1273
vn -0.7632 0.5161 0.3888
vn -0.6929 0.5162 0.5034
vn -0.6583 0.5812 0.4783
vn -0.7251 0.5812 0.3694
vn -0.6056 0.5161 0.6056
vn -0.5034 0.5162 0.6929
vn -0.4783 0.5812 0.6583
vn -0.5754 0.5812 0.5754
vn -0.3888 0.5161 0.7632
vn -0.2647 0.5162 0.8146
vn -0.2515 0.5812 0.7739
vn -0.3694 0.5812 0.7251
vn -0.1340 0.5161 0.8460
vn -0.0000 0.5162 0.8565
vn -0.0000 0.5812 0.8138
vn -0.1273 0.5812 0.8038
vn 0.1340 0.5161 0.8460
vn 0.2647 0.5162 0.8146
vn 0.2515 0.5812 0.7739
vn 0.1273 0.5812 0.8038
vn 0.3888 0.5161 0.7632
vn 0.5034 0.5162 0.6929
vn 0.4783 0.5812 0.6583
vn 0.3694 0.5812 0.7251
vn 0.6056 0.5161 0.6056
vn 0.6929 0.5162 0.5034
vn 0.6583 0.5812 0.4783
vn 0.5754 0.5812 0.5754
vn 0.7632 0.5161 0.3888
vn 0.8146 0.5162 0.2647
vn 0.7739 0.5812 0.2515
vn 0.7251 0.5812 0.3694
vn 0.8460 0.5161 0.1340
vn 0.8565 0.5162 0.0000
vn 0.8138 0.5812 0.0000
vn 0.8038 0.5812 0.1273
vn 0.8460 0.5161 -0.1340
vn 0.8038 0.5812 -0.1273
vn 0.6825 0.6428 -0.3478
vn 0.7285 0.6428 -0.2367
vn 0.6197 0.6428 -0.4502
vn 0.5772 0.7007 -0.4194
vn 0.6357 0.7006 -0.3239
vn 0.6786 0.7007 -0.2205
vn 0.5417 0.6428 -0.5417
vn 0.4502 0.6428 -0.6197
vn 0.4194 0.7007 -0.5772
vn 0.5045 0.7006 -0.5045
vn 0.3478 0.6428 -0.6825
vn 0.2367 0.6428 -0.7285
vn 0.2205 0.7007 -0.6786
vn 0.3239 0.7006 -0.6357
vn 0.1198 0.6428 -0.7566
vn -0.0000 0.6428 -0.7660
vn -0.0000 0.7007 -0.7135
vn 0.1116 0.7006 -0.7047
vn -0.1198 0.6428 -0.7566
vn -0.2367 0.6428 -0.7285
vn -0.2205 0.7007 -0.6786
vn -0.1116 0.7006 -0.7047
vn -0.3478 0.6428 -0.6825
vn -0.4502 0.6428 -0.6197
vn -0.4194 0.7007 -0.5772
vn -0.3239 0.7006 -0.6357
vn -0.5417 0.6428 -0.5417
vn -0.6197 0.6428 -0.4502
vn -0.5772 0.7007 -0.4194
vn -0.5045 0.7006 -0.5045
vn -0.6825 0.6428 -0.3478
vn -0.7285 0.6428 -0.2367
vn -0.6786 0.7007 -0.2205
vn -0.6357 0.7006 -0.3239
vn -0.7566 0.6428 -0.1198
vn -0.7660 0.6428 0.0000
vn -0.7135 0.7007 0.0000
vn -0.7047 0.7006 -0.1116
vn -0.7566 0.6428 0.1198
vn -0.7285 0.6428 0.2367
vn -0.6786 0.7007 0.2205
vn -0.7047 0.7006 0.1116
vn -0.6825 0.6428 0.3478
vn -0.6197 0.6428 0.4502
vn -0.5772 0.7007 0.4194
vn -0.6357 0.7006 0.3239
vn -0.5417 0.6428 0.5417
vn -0.4502 0.6428 0.6197
vn -0.4194 0.7007 0.5772
vn -0.5045 0.7006 0.5045
vn -0.3478 0.6428 0.6825
vn -0.2367 0.6428 0.7285
vn -0.2205 0.7007 0.6786
vn -0.3239 0.7006 0.6357
vn -0.1198 0.6428 0.7566
vn -0.0000 0.6428 0.7660
vn -0.0000 0.7007 0.7135
vn -0.1116 0.7006 0.7047
vn 0.1198 0.6428 0.7566
vn 0.2367 0.6428 0.7285
vn 0.2205 0.7007 0.6786
vn 0.1116 0.7006 0.7047
vn 0.3478 0.6428 0.6825
vn 0.4502 0.6428 0.6197
vn 0.4194 0.7007 0.5772
vn 0.3239 0.7006 0.6358
vn 0.5417 0.6428 0.5417
vn 0.6197 0.6428 0.4502
vn 0.5772 0.7007 0.4194
vn 0.5045 0.7006 0.5045
vn 0.6825 0.6428 0.3478
vn 0.7285 0.6428 0.2367
vn 0.6786 0.7007 0.2205
vn 0.6357 0.7006 0.3239
vn 0.7566 0.6428 0.1198
vn 0.7660 0.6428 0.0000
vn 0.7135 0.7007 0.0000
vn 0.7047 0.7006 0.1116
vn 0.7566 0.6428 -0.1198
vn 0.7047 0.7006 -0.1116
vn 0.5850 0.7543 -0.2981
vn 0.6244 0.7543 -0.2029
vn 0.5312 0.7543 -0.3859
vn 0.4818 0.8033 -0.3500
vn 0.5306 0.8033 -0.2704
vn 0.5664 0.8033 -0.1840
vn 0.4643 0.7543 -0.4643
vn 0.3859 0.7543 -0.5312
vn 0.3500 0.8033 -0.4818
vn 0.4211 0.8033 -0.4211
vn 0.2981 0.7543 -0.5850
vn 0.2029 0.7543 -0.6244
vn 0.1840 0.8033 -0.5664
vn 0.2704 0.8033 -0.5306
vn 0.1027 0.7543 -0.6485
vn -0.0000 0.7543 -0.6566
vn -0.0000 0.8033 -0.5955
vn 0.0932 0.8033 -0.5882
vn -0.1027 0.7543 -0.6485
vn -0.2029 0.7543 -0.6244
vn -0.1840 0.8033 -0.5664
vn -0.0932 0.8033 -0.5882
vn -0.2981 0.7543 -0.5850
vn -0.3859 0.7543 -0.5312
vn -0.3500 0.8033 -0.4818
vn -0.2704 0.8033 -0.5306
vn -0.4643 0.7543 -0.4643
vn -0.5312 0.7543 -0.3859
vn -0.4818 0.8033 -0.3500
vn -0.4211 0.8033 -0.4211
vn -0.5850 0.7543 -0.2981
vn -0.6244 0.7543 -0.2029
vn -0.5664 0.8033 -0.1840
vn -0.5306 0.8033 -0.2704
vn -0.6485 0.7543 -0.1027
vn -0.6566 0.7543 0.0000
vn -0.5955 0.8033 0.0000
vn -0.5882 0.8033 -0.0932
vn -0.6485 0.7543 0.1027
vn -0.6244 0.7543 0.2029
vn -0.5664 0.8033 0.1840
vn -0.5882 0.8033 0.0932
vn -0.5850 0.7543 0.2981
vn -0.5312 0.7543 0.3859
vn -0.4818 0.8033 0.3500
vn -0.5306 0.8033 0.2704
vn -0.4643 0.7543 0.4643
vn -0.3859 0.7543 0.5312
vn -0.3500 0.8033 0.4818
vn -0.4211 0.8033 0.4211
vn -0.2981 0.7543 0.5850
vn -0.2029 0.7543 0.6244
vn -0.1840 0.8033 0.5664
vn -0.2704 0.8033 0.5306
vn -0.1027 0.7543 0.6485
vn -0.0000 0.7543 0.6566
vn -0.0000 0.8033 0.5955
vn -0.0932 0.8033 0.5882
vn 0.1027 0.7543 0.6485
vn 0.2029 0.7543 0.6244
vn 0.1840 0.8033 0.5664
vn 0.0932 0.8033 0.5882
vn 0.2981 0.7543 0.5850
vn 0.3859 0.7543 0.5312
vn 0.3500 0.8033 0.4818
vn 0.2704 0.8033 0.5306
vn 0.4643 0.7543 0.4643
vn 0.5312 0.7543 0.3859
vn 0.4818 0.8033 0.3500
vn 0.4211 0.8033 0.4211
vn 0.5850 0.7543 0.2981
vn 0.6244 0.7543 0.2029
vn 0.5664 0.8033 0.1840
vn 0.5306 0.8033 0.2704
vn 0.6485 0.7543 0.1027
vn 0.6566 0.7543 0.0000
vn 0.5955 0.8033 0.0000
vn 0.5882 0.8033 0.0932
vn 0.6485 0.7543 -0.1027
vn 0.5882 0.8033 -0.0932
vn 0.4729 0.8475 -0.2410
vn 0.5048 0.8475 -0.1640
vn 0.4294 0.8475 -0.3120
vn 0.3743 0.8865 -0.2720
vn 0.4123 0.8865 -0.2101
vn 0.4401 0.8865 -0.1430
vn 0.3753 0.8475 -0.3753
vn 0.3120 0.8475 -0.4294
vn 0.2720 0.8865 -0.3743
vn 0.3272 0.8865 -0.3272
vn 0.2410 0.8475 -0.4729
vn 0.1640 0.8475 -0.5048
vn 0.1430 0.8865 -0.4401
vn 0.2101 0.8865 -0.4123
vn 0.0830 0.8475 -0.5242
vn -0.0000 0.8475 -0.5307
vn -0.0000 0.8865 -0.4627
vn 0.0724 0.8865 -0.4570
vn -0.0830 0.8475 -0.5242
vn -0.1640 0.8475 -0.5048
vn -0.1430 0.8865 -0.4401
vn -0.0724 0.8865 -0.4570
vn -0.2410 0.8475 -0.4729
vn -0.3120 0.8475 -0.4294
vn -0.2720 0.8865 -0.3743
vn -0.2101 0.8865 -0.4123
vn -0.3753 0.8475 -0.3753
vn -0.4294 0.8475 -0.3120
vn -0.3743 0.8865 -0.2720
vn -0.3272 0.8865 -0.3272
vn -0.4729 0.8475 -0.2410
vn -0.5048 0.8475 -0.1640
vn -0.4401 0.8865 -0.1430
vn -0.4123 0.8865 -0.2101
vn -0.5242 0.8475 -0.0830
vn -0.5307 0.8475 0.0000
vn -0.4627 0.8865 0.0000
vn -0.4570 0.8865 -0.0724
vn -0.5242 0.8475 0.0830
vn -0.5048 0.8475 0.1640
vn -0.4401 0.8865 0.1430
vn -0.4570 0.8865 0.0724
vn -0.4729 0.8475 0.2410
vn -0.4294 0.8475 0.3120
vn -0.3743 0.8865 0.2720
vn -0.4123 0.8865 0.2101
vn -0.3753 0.8475 0.3753
vn -0.3120 0.8475 0.4294
vn -0.2720 0.8865 0.3743
vn -0.3272 0.8865 0.3272
vn -0.2410 0.8475 0.4729
vn -0.1640 0.8475 0.5048
vn -0.1430 0.8865 0.4401
vn -0.2101 0.8865 0.4123
vn -0.0830 0.8475 0.5242
vn 0.0000 0.8475 0.5307
vn 0.0000 0.8865 0.4627
vn -0.0724 0.8865 0.4570
vn 0.0830 0.8475 0.5242
vn 0.1640 0.8475 0.5048
vn 0.1430 0.8865 0.4401
vn 0.0724 0.8865 0.4570
vn 0.2410 0.8475 0.4729
vn 0.3120 0.8475 0.4294
vn 0.2720 0.8865 0.3743
vn 0.2101 0.8865 0.4123
vn 0.3753 0.8475 0.3753
vn 0.4294 0.8475 0.3120
vn 0.3743 0.8865 0.2720
vn 0.3272 0.8865 0.3272
vn 0.4729 0.8475 0.2410
vn 0.5048 0.8475 0.1640
vn 0.4401 0.8865 0.1430
vn 0.4123 0.8865 0.2101
vn 0.5242 0.8475 0.0830
vn 0.5307 0.8475 0.0000
vn 0.4627 0.8865 0.0000
vn 0.4570 0.8865 0.0724
vn 0.5242 0.8475 -0.0830
vn 0.4570 0.8865 -0.0724
vn 0.3491 0.9200 -0.1779
vn 0.3727 0.9200 -0.1211
vn 0.3170 0.9200 -0.2303
vn 0.2579 0.9478 -0.1874
vn 0.2841 0.9478 -0.1447
vn 0.3032 0.9478 -0.0985
vn 0.2771 0.9200 -0.2771
vn 0.2303 0.9200 -0.3170
vn 0.1874 0.9478 -0.2579
vn 0.2254 0.9478 -0.2254
vn 0.1779 0.9200 -0.3491
vn 0.1211 0.9200 -0.3727
vn 0.0985 0.9478 -0.3032
vn 0.1447 0.9478 -0.2841
vn 0.0613 0.9200 -0.3870
vn 0.0000 0.9200 -0.3918
vn 0.0000 0.9478 -0.3188
vn 0.0499 0.9478 -0.3149
vn -0.0613 0.9200 -0.3870
vn -0.1211 0.9200 -0.3727
vn -0.0985 0.9478 -0.3032
vn -0.0499 0.9478 -0.3149
vn -0.1779 0.9200 -0.3491
vn -0.2303 0.9200 -0.3170
vn -0.1874 0.9478 -0.2579
vn -0.1447 0.9478 -0.2841
vn -0.2771 0.9200 -0.2771
vn -0.3170 0.9200 -0.2303
vn -0.2579 0.9478 -0.1874
vn -0.2254 0.9478 -0.2254
vn -0.3491 0.9200 -0.1779
vn -0.3727 0.9200 -0.1211
vn -0.3032 0.9478 -0.0985
vn -0.2841 0.9478 -0.1447
vn -0.3870 0.9200 -0.0613
vn -0.3918 0.9200 0.0000
vn -0.3188 0.9478 0.0000
vn -0.3149 0.9478 -0.0499
vn -0.3870 0.9200 0.0613
vn -0.3727 0.9200 0.1211
vn -0.3032 0.9478 0.0985
vn -0.3149 0.9478 0.0499
vn -0.3491 0.9200 0.1779
vn -0.3170 0.9200 0.2303
vn -0.2579 0.9478 0.1874
vn -0.2841 0.9478 0.1447
vn -0.2771 0.9200 0.2771
vn -0.2303 0.9200 0.3170
vn -0.1874 0.9478 0.2579
vn -0.2254 0.9478 0.2254
vn -0.1779 0.9200 0.3491
vn -0.1211 0.9200 0.3727
vn -0.0985 0.9478 0.3032
vn -0.1447 0.9478 0.2841
vn -0.0613 0.9200 0.3870
vn -0.0000 0.9200 0.3918
vn -0.0000 0.9478 0.3188
vn -0.0499 0.9478 0.3149
vn 0.0613 0.9200 0.3870
vn 0.1211 0.9200 0.3727
vn 0.0985 0.9478 0.3032
vn 0.0499 0.9478 0.3149
vn 0.1779 0.9200 0.3491
vn 0.2303 0.9200 0.3170
vn 0.1874 0.9478 0.2579
vn 0.1447 0.9478 0.2841
vn 0.2771 0.9200 0.2771
vn 0.3170 0.9200 0.2303
vn 0.2579 0.9478 0.1874
vn 0.2254 0.9478 0.2254
vn 0.3491 0.9200 0.1779
vn 0.3727 0.9200 0.1211
vn 0.3032 0.9478 0.0985
vn 0.2841 0.9478 0.1447
vn 0.3870 0.9200 0.0613
vn 0.3918 0.9200 0.0000
vn 0.3188 0.9478 -0.0000
vn 0.3149 0.9478 0.0499
vn 0.3870 0.9200 -0.0613
vn 0.3149 0.9478 -0.0499
vn 0.2209 0.9688 -0.1126
vn 0.2362 0.9687 -0.0767
vn 0.2009 0.9687 -0.1460
vn 0.1431 0.9842 -0.1040
vn 0.1612 0.9835 -0.0821
vn 0.1683 0.9842 -0.0547
vn 0.1753 0.9688 -0.1753
vn 0.1460 0.9687 -0.2009
vn 0.1040 0.9842 -0.1431
vn 0.1279 0.9835 -0.1279
vn 0.1126 0.9688 -0.2209
vn 0.0767 0.9687 -0.2362
vn 0.0547 0.9842 -0.1683
vn 0.0821 0.9835 -0.1612
vn 0.0388 0.9688 -0.2449
vn 0.0000 0.9687 -0.2483
vn -0.0000 0.9842 -0.1769
vn 0.0283 0.9835 -0.1787
vn -0.0388 0.9688 -0.2449
vn -0.0767 0.9687 -0.2362
vn -0.0547 0.9842 -0.1683
vn -0.0283 0.9835 -0.1787
vn -0.1126 0.9688 -0.2209
vn -0.1460 0.9687 -0.2009
vn -0.1040 0.9842 -0.1431
vn -0.0821 0.9835 -0.1612
vn -0.1753 0.9688 -0.1753
vn -0.2009 0.9687 -0.1460
vn -0.1431 0.9842 -0.1040
vn -0.1279 0.9835 -0.1279
vn -0.2209 0.9688 -0.1126
vn -0.2362 0.9687 -0.0767
vn -0.1683 0.9842 -0.0547
vn -0.1612 0.9835 -0.0821
vn -0.2449 0.9688 -0.0388
vn -0.2483 0.9687 0.0000
vn -0.1769 0.9842 0.0000
vn -0.1787 0.9835 -0.0283
vn -0.2449 0.9688 0.0388
vn -0.2362 0.9687 0.0767
vn -0.1683 0.9842 0.0547
vn -0.1787 0.9835 0.0283
vn -0.2209 0.9688 0.1126
vn -0.2009 0.9687 0.1460
vn -0.1431 0.9842 0.1040
vn -0.1612 0.9835 0.0821
vn -0.1753 0.9688 0.1753
vn -0.1460 0.9687 0.2009
vn -0.1040 0.9842 0.1431
vn -0.1279 0.9835 0.1279
vn -0.1126 0.9688 0.2209
vn -0.0767 0.9687 0.2362
vn -0.0547 0.9842 0.1683
vn -0.0821 0.9835 0.1612
vn -0.0388 0.9688 0.2449
vn 0.0000 0.9687 0.2483
vn 0.0000 0.9842 0.1769
vn -0.0283 0.9835 0.1787
vn 0.0388 0.9688 0.2449
vn 0.0767 0.9687 0.2362
vn 0.0547 0.9842 0.1683
vn 0.0283 0.9835 0.1787
vn 0.1126 0.9688 0.2209
vn 0.1460 0.9687 0.2009
vn 0.1040 0.9842 0.1431
vn 0.0821 0.9835 0.1612
vn 0.1753 0.9688 0.1753
vn 0.2009 0.9687 0.1460
vn 0.1431 0.9842 0.1040
vn 0.1279 0.9835 0.1279
vn 0.2209 0.9688 0.1126
vn 0.2362 0.9687 0.0767
vn 0.1683 0.9842 0.0547
vn 0.1612 0.9835 0.0821
vn 0.2449 0.9688 0.0388
vn 0.2483 0.9687 0.0000
vn 0.1769 0.9842 0.0000
vn 0.1787 0.9835 0.0283
vn 0.2449 0.9688 -0.0388
vn 0.1787 0.9835 -0.0283
vn 0.5168 -0.7693 -0.3757
vn 0.6095 -0.7290 -0.3115
vn 0.1599 -0.9837 -0.0816
vn 0.0825 -0.9948 -0.0599
vn 0.6055 -0.7711 -0.1968
vn 0.0970 -0.9948 -0.0315
vn 0.0000 -1.0000 -0.0000
vn 0.3774 -0.7664 -0.5198
vn 0.4850 -0.7264 -0.4869
vn 0.1270 -0.9837 -0.1273
vn 0.0600 -0.9948 -0.0825
vn 0.1996 -0.7627 -0.6152
vn 0.3122 -0.7228 -0.6166
vn 0.0815 -0.9837 -0.1605
vn 0.0316 -0.9948 -0.0971
vn -0.0003 -0.7585 -0.6517
vn 0.1068 -0.7184 -0.6873
vn 0.0279 -0.9836 -0.1781
vn 0.0001 -0.9948 -0.1021
vn -0.2032 -0.7541 -0.6245
vn -0.1115 -0.7138 -0.6914
vn -0.0285 -0.9836 -0.1784
vn -0.0315 -0.9948 -0.0972
vn -0.3889 -0.7502 -0.5348
vn -0.3217 -0.7093 -0.6272
vn -0.0824 -0.9835 -0.1611
vn -0.0600 -0.9948 -0.0828
vn -0.5380 -0.7469 -0.3907
vn -0.5022 -0.7054 -0.5002
vn -0.1283 -0.9834 -0.1280
vn -0.0827 -0.9948 -0.0602
vn -0.6346 -0.7448 -0.2061
vn -0.6345 -0.7026 -0.3222
vn -0.1617 -0.9834 -0.0822
vn -0.0973 -0.9948 -0.0317
vn -0.6680 -0.7441 0.0000
vn -0.7044 -0.7010 -0.1112
vn -0.1793 -0.9834 -0.0284
vn -0.1023 -0.9947 0.0000
vn -0.6346 -0.7448 0.2061
vn -0.7044 -0.7010 0.1112
vn -0.1793 -0.9834 0.0284
vn -0.0973 -0.9948 0.0317
vn -0.5380 -0.7469 0.3907
vn -0.6345 -0.7026 0.3222
vn -0.1617 -0.9834 0.0822
vn -0.0827 -0.9948 0.0602
vn -0.3889 -0.7502 0.5348
vn -0.5022 -0.7054 0.5002
vn -0.1283 -0.9834 0.1280
vn -0.0600 -0.9948 0.0828
vn -0.2032 -0.7541 0.6245
vn -0.3217 -0.7093 0.6273
vn -0.0824 -0.9835 0.1611
vn -0.0315 -0.9948 0.0972
vn -0.0003 -0.7585 0.6517
vn -0.1115 -0.7138 0.6914
vn -0.0285 -0.9835 0.1784
vn 0.0001 -0.9948 0.1021
vn 0.1996 -0.7627 0.6152
vn 0.1068 -0.7184 0.6873
vn 0.0279 -0.9836 0.1781
vn 0.0316 -0.9948 0.0971
vn 0.3774 -0.7664 0.5198
vn 0.3122 -0.7228 0.6166
vn 0.0815 -0.9837 0.1605
vn 0.0600 -0.9948 0.0825
vn 0.5168 -0.7693 0.3757
vn 0.4850 -0.7264 0.4869
vn 0.1270 -0.9837 0.1273
vn 0.0825 -0.9948 0.0599
vn 0.6055 -0.7712 0.1968
vn 0.6095 -0.7290 0.3115
vn 0.1599 -0.9837 0.0816
vn 0.0970 -0.9948 0.0315
vn 0.6359 -0.7718 -0.0000
vn 0.6746 -0.7304 0.1072
vn 0.1773 -0.9838 0.0281
vn 0.1019 -0.9948 -0.0000
vn 0.6746 -0.7304 -0.1072
vn 0.1773 -0.9838 -0.0281
vn 0.0985 0.9939 -0.0502
vn 0.0809 0.9964 -0.0263
vn 0.0688 0.9964 -0.0500
vn 0.0000 1.0000 0.0000
vn 0.0782 0.9939 -0.0782
vn 0.0500 0.9964 -0.0688
vn 0.0502 0.9939 -0.0985
vn 0.0263 0.9964 -0.0809
vn 0.0173 0.9939 -0.1092
vn -0.0000 0.9964 -0.0851
vn -0.0173 0.9939 -0.1092
vn -0.0263 0.9964 -0.0809
vn -0.0502 0.9939 -0.0985
vn -0.0500 0.9964 -0.0688
vn -0.0782 0.9939 -0.0782
vn -0.0688 0.9964 -0.0500
vn -0.0985 0.9939 -0.0502
vn -0.0809 0.9964 -0.0263
vn -0.1092 0.9939 -0.0173
vn -0.0851 0.9964 0.0000
vn -0.1092 0.9939 0.0173
vn -0.0809 0.9964 0.0263
vn -0.0985 0.9939 0.0502
vn -0.0688 0.9964 0.0500
vn -0.0782 0.9939 0.0782
vn -0.0500 0.9964 0.0688
vn -0.0502 0.9939 0.0985
vn -0.0263 0.9964 0.0809
vn -0.0173 0.9939 0.1092
vn 0.0000 0.9964 0.0851
vn 0.0173 0.9939 0.1092
vn 0.0263 0.9964 0.0809
vn 0.0502 0.9939 0.0985
vn 0.0500 0.9964 0.0688
vn 0.0782 0.9939 0.0782
vn 0.0688 0.9964 0.0500
vn 0.0985 0.9939 0.0502
vn 0.0809 0.9964 0.0263
vn 0.1092 0.9939 0.0173
vn 0.0851 0.9964 0.0000
vn 0.1092 0.9939 -0.0173
vn 0.7305 0.4296 -0.5308
vn 0.8060 0.4262 -0.4107
vn 0.8734 0.1988 -0.4447
vn 0.7917 0.2028 -0.5762
vn 0.8614 0.4238 -0.2799
vn 0.9325 0.1956 -0.3035
vn 0.5282 0.4385 -0.7271
vn 0.6371 0.4337 -0.6372
vn 0.6920 0.2080 -0.6913
vn 0.5733 0.2138 -0.7910
vn 0.2759 0.4495 -0.8496
vn 0.4068 0.4438 -0.7985
vn 0.4433 0.2205 -0.8688
vn 0.2997 0.2276 -0.9265
vn -0.0001 0.4615 -0.8871
vn 0.1392 0.4555 -0.8793
vn 0.1527 0.2351 -0.9599
vn -0.0014 0.2427 -0.9701
vn -0.2723 0.4733 -0.8378
vn -0.1384 0.4675 -0.8731
vn -0.1508 0.2503 -0.9563
vn -0.2998 0.2576 -0.9186
vn -0.5145 0.4837 -0.7080
vn -0.3987 0.4787 -0.7823
vn -0.4373 0.2646 -0.8595
vn -0.5667 0.2709 -0.7781
vn -0.7045 0.4918 -0.5118
vn -0.6172 0.4880 -0.6171
vn -0.6792 0.2767 -0.6799
vn -0.7768 0.2814 -0.5634
vn -0.8253 0.4969 -0.2681
vn -0.7744 0.4947 -0.3945
vn -0.8538 0.2853 -0.4354
vn -0.9109 0.2880 -0.2955
vn -0.8668 0.4987 0.0000
vn -0.8564 0.4982 -0.1356
vn -0.9453 0.2899 -0.1498
vn -0.9569 0.2903 -0.0000
vn -0.8253 0.4969 0.2681
vn -0.8564 0.4982 0.1356
vn -0.9453 0.2899 0.1498
vn -0.9109 0.2880 0.2955
vn -0.7045 0.4918 0.5118
vn -0.7744 0.4947 0.3945
vn -0.8538 0.2853 0.4354
vn -0.7768 0.2814 0.5634
vn -0.5145 0.4837 0.7080
vn -0.6172 0.4880 0.6171
vn -0.6792 0.2767 0.6799
vn -0.5667 0.2709 0.7781
vn -0.2723 0.4733 0.8378
vn -0.3987 0.4787 0.7823
vn -0.4373 0.2646 0.8595
vn -0.2998 0.2576 0.9186
vn -0.0001 0.4615 0.8871
vn -0.1384 0.4675 0.8731
vn -0.1508 0.2503 0.9563
vn -0.0014 0.2427 0.9701
vn 0.2759 0.4495 0.8496
vn 0.1392 0.4555 0.8793
vn 0.1527 0.2351 0.9599
vn 0.2997 0.2276 0.9265
vn 0.5282 0.4385 0.7271
vn 0.4068 0.4438 0.7985
vn 0.4433 0.2205 0.8688
vn 0.5733 0.2138 0.7910
vn 0.7305 0.4296 0.5308
vn 0.6371 0.4337 0.6372
vn 0.6920 0.2080 0.6913
vn 0.7917 0.2028 0.5762
vn 0.8614 0.4238 0.2799
vn 0.8060 0.4262 0.4107
vn 0.8734 0.1988 0.4447
vn 0.9325 0.1956 0.3035
vn 0.9067 0.4218 0.0000
vn 0.8953 0.4223 0.1418
vn 0.9690 0.1939 0.1534
vn 0.9812 0.1931 0.0000
vn 0.8953 0.4223 -0.1418
vn 0.9690 0.1939 -0.1534
vn 0.9839 0.0875 -0.1558
vn 0.9473 0.0894 -0.3077
vn 0.9962 0.0869 0.0000
vn 0.9839 0.0875 0.1558
vn 0.9473 0.0894 0.3077
vn 0.8872 0.0924 0.4520
vn 0.8053 0.0965 0.5849
vn 0.7035 0.1016 0.7034
vn 0.5845 0.1076 0.8042
vn 0.4512 0.1142 0.8851
vn 0.3069 0.1215 0.9440
vn 0.1553 0.1291 0.9794
vn 0.0002 0.1368 0.9906
vn -0.1546 0.1445 0.9773
vn -0.3053 0.1521 0.9400
vn -0.4481 0.1592 0.8797
vn -0.5796 0.1658 0.7979
vn -0.6966 0.1715 0.6967
vn -0.7963 0.1765 0.5786
vn -0.8764 0.1805 0.4466
vn -0.9349 0.1834 0.3038
vn -0.9706 0.1852 0.1537
vn -0.9826 0.1858 0.0000
vn -0.9706 0.1852 -0.1537
vn -0.9349 0.1834 -0.3038
vn -0.8764 0.1805 -0.4466
vn -0.7963 0.1765 -0.5786
vn -0.6966 0.1715 -0.6967
vn -0.5796 0.1658 -0.7979
vn -0.4481 0.1592 -0.8797
vn -0.3053 0.1521 -0.9400
vn -0.1546 0.1445 -0.9773
vn 0.0002 0.1368 -0.9906
vn 0.1553 0.1291 -0.9794
vn 0.3069 0.1215 -0.9440
vn 0.4512 0.1142 -0.8851
vn 0.5845 0.1076 -0.8042
vn 0.7035 0.1016 -0.7034
vn 0.8053 0.0965 -0.5849
vn 0.8872 0.0924 -0.4520
vn 0.5878 0.0000 -0.8090
vn -0.0000 0.0000 -1.0000
vn -0.5878 0.0000 -0.8090
vn -0.9511 0.0000 -0.3090
vn 0.9511 0.0000 -0.3090
vn 0.0000 -1.0000 0.0000
# 1728 vertex normals

vt 0.0000 0.0500 0.0000
vt 0.0250 0.0563 0.0000
vt 0.0250 0.0750 0.0000
vt 0.0000 0.0750 0.0000
vt 0.0500 0.0562 0.0000
vt 0.0500 0.0750 0.0000
vt 0.0500 0.1000 0.0000
vt 0.0250 0.1000 0.0000
vt 0.0000 0.1000 0.0000
vt 0.0750 0.0563 0.0000
vt 0.0750 0.0750 0.0000
vt 0.1000 0.0562 0.0000
vt 0.1000 0.0750 0.0000
vt 0.1000 0.1000 0.0000
vt 0.0750 0.1000 0.0000
vt 0.1250 0.0563 0.0000
vt 0.1250 0.0750 0.0000
vt 0.1500 0.0562 0.0000
vt 0.1500 0.0750 0.0000
vt 0.1500 0.1000 0.0000
vt 0.1250 0.1000 0.0000
vt 0.1750 0.0563 0.0000
vt 0.1750 0.0750 0.0000
vt 0.2000 0.0562 0.0000
vt 0.2000 0.0750 0.0000
vt 0.2000 0.1000 0.0000
vt 0.1750 0.1000 0.0000
vt 0.2250 0.0563 0.0000
vt 0.2250 0.0750 0.0000
vt 0.2500 0.0562 0.0000
vt 0.2500 0.0750 0.0000
vt 0.2500 0.1000 0.0000
vt 0.2250 0.1000 0.0000
vt 0.2750 0.0563 0.0000
vt 0.2750 0.0750 0.0000
vt 0.3000 0.0562 0.0000
vt 0.3000 0.0750 0.0000
vt 0.3000 0.1000 0.0000
vt 0.2750 0.1000 0.0000
vt 0.3250 0.0563 0.0000
vt 0.3250 0.0750 0.0000
vt 0.3500 0.0562 0.0000
vt 0.3500 0.0750 0.0000
vt 0.3500 0.1000 0.0000
vt 0.3250 0.1000 0.0000
vt 0.3750 0.0563 0.0000
vt 0.3750 0.0750 0.0000
vt 0.4000 0.0562 0.0000
vt 0.4000 0.0750 0.0000
vt 0.4000 0.1000 0.0000
vt 0.3750 0.1000 0.0000
vt 0.4250 0.0563 0.0000
vt 0.4250 0.0750 0.0000
vt 0.4500 0.0562 0.0000
vt 0.4500 0.0750 0.0000
vt 0.4500 0.1000 0.0000
vt 0.4250 0.1000 0.0000
vt 0.4750 0.0563 0.0000
vt 0.4750 0.0750 0.0000
vt 0.5000 0.0562 0.0000
vt 0.5000 0.0750 0.0000
vt 0.5000 0.1000 0.0000
vt 0.4750 0.1000 0.0000
vt 0.5250 0.0563 0.0000
vt 0.5250 0.0750 0.0000
vt 0.5500 0.0562 0.0000
vt 0.5500 0.0750 0.0000
vt 0.5500 0.1000 0.0000
vt 0.5250 0.1000 0.0000
vt 0.5750 0.0563 0.0000
vt 0.5750 0.0750 0.0000
vt 0.6000 0.0562 0.0000
vt 0.6000 0.0750 0.0000
vt 0.6000 0.1000 0.0000
vt 0.5750 0.1000 0.0000
vt 0.6250 0.0563 0.0000
vt 0.6250 0.0750 0.0000
vt 0.6500 0.0562 0.0000
vt 0.6500 0.0750 0.0000
vt 0.6500 0.1000 0.0000
vt 0.6250 0.1000 0.0000
vt 0.6750 0.0563 0.0000
vt 0.6750 0.0750 0.0000
vt 0.7000 0.0562 0.0000
vt 0.7000 0.0750 0.0000
vt 0.7000 0.1000 0.0000
vt 0.6750 0.1000 0.0000
vt 0.7250 0.0563 0.0000
vt 0.7250 0.0750 0.0000
vt 0.7500 0.0562 0.0000
vt 0.7500 0.0750 0.0000
vt 0.7500 0.1000 0.0000
vt 0.7250 0.1000 0.0000
vt 0.7750 0.0563 0.0000
vt 0.7750 0.0750 0.0000
vt 0.8000 0.0562 0.0000
vt 0.8000 0.0750 0.0000
vt 0.8000 0.1000 0.0000
vt 0.7750 0.1000 0.0000
vt 0.8250 0.0563 0.0000
vt 0.8250 0.0750 0.0000
vt 0.8500 0.0562 0.0000
vt 0.8500 0.0750 0.0000
vt 0.8500 0.1000 0.0000
vt 0.8250 0.1000 0.0000
vt 0.8750 0.0563 0.0000
vt 0.8750 0.0750 0.0000
vt 0.9000 0.0562 0.0000
vt 0.9000 0.0750 0.0000
vt 0.9000 0.1000 0.0000
vt 0.8750 0.1000 0.0000
vt 0.9250 0.0563 0.0000
vt 0.9250 0.0750 0.0000
vt 0.9500 0.0562 0.0000
vt 0.9500 0.0750 0.0000
vt 0.9500 0.1000 0.0000
vt 0.9250 0.1000 0.0000
vt 0.9750 0.0563 0.0000
vt 0.9750 0.0750 0.0000
vt 1.0000 0.0500 0.0000
vt 1.0000 0.0750 0.0000
vt 1.0000 0.1000 0.0000
vt 0.9750 0.1000 0.0000
vt 0.0250 0.1250 0.0000
vt 0.0000 0.1250 0.0000
vt 0.0500 0.1250 0.0000
vt 0.0500 0.1500 0.0000
vt 0.0250 0.1500 0.0000
vt 0.0000 0.1500 0.0000
vt 0.0750 0.1250 0.0000
vt 0.1000 0.1250 0.0000
vt 0.1000 0.1500 0.0000
vt 0.0750 0.1500 0.0000
vt 0.1250 0.1250 0.0000
vt 0.1500 0.1250 0.0000
vt 0.1500 0.1500 0.0000
vt 0.1250 0.1500 0.0000
vt 0.1750 0.1250 0.0000
vt 0.2000 0.1250 0.0000
vt 0.2000 0.1500 0.0000
vt 0.1750 0.1500 0.0000
vt 0.2250 0.1250 0.0000
vt 0.2500 0.1250 0.0000
vt 0.2500 0.1500 0.0000
vt 0.2250 0.1500 0.0000
vt 0.2750 0.1250 0.0000
vt 0.3000 0.1250 0.0000
vt 0.3000 0.1500 0.0000
vt 0.2750 0.1500 0.0000
vt 0.3250 0.1250 0.0000
vt 0.3500 0.1250 0.0000
vt 0.3500 0.1500 0.0000
vt 0.3250 0.1500 0.0000
vt 0.3750 0.1250 0.0000
vt 0.4000 0.1250 0.0000
vt 0.4000 0.1500 0.0000
vt 0.3750 0.1500 0.0000
vt 0.4250 0.1250 0.0000
vt 0.4500 0.1250 0.0000
vt 0.4500 0.1500 0.0000
vt 0.4250 0.1500 0.0000
vt 0.4750 0.1250 0.0000
vt 0.5000 0.1250 0.0000
vt 0.5000 0.1500 0.0000
vt 0.4750 0.1500 0.0000
vt 0.5250 0.1250 0.0000
vt 0.5500 0.1250 0.0000
vt 0.5500 0.1500 0.0000
vt 0.5250 0.1500 0.0000
vt 0.5750 0.1250 0.0000
vt 0.6000 0.1250 0.0000
vt 0.6000 0.1500 0.0000
vt 0.5750 0.1500 0.0000
vt 0.6250 0.1250 0.0000
vt 0.6500 0.1250 0.0000
vt 0.6500 0.1500 0.0000
vt 0.6250 0.1500 0.0000
vt 0.6750 0.1250 0.0000
vt 0.7000 0.1250 0.0000
vt 0.7000 0.1500 0.0000
vt 0.6750 0.1500 0.0000
vt 0.7250 0.1250 0.0000
vt 0.7500 0.1250 0.0000
vt 0.7500 0.1500 0.0000
vt 0.7250 0.1500 0.0000
vt 0.7750 0.1250 0.0000
vt 0.8000 0.1250 0.0000
vt 0.8000 0.1500 0.0000
vt 0.7750 0.1500 0.0000
vt 0.8250 0.1250 0.0000
vt 0.8500 0.1250 0.0000
vt 0.8500 0.1500 0.0000
vt 0.8250 0.1500 0.0000
vt 0.8750 0.1250 0.0000
vt 0.9000 0.1250 0.0000
vt 0.9000 0.1500 0.0000
vt 0.8750 0.1500 0.0000
vt 0.9250 0.1250 0.0000
vt 0.9500 0.1250 0.0000
vt 0.9500 0.1500 0.0000
vt 0.9250 0.1500 0.0000
vt 0.9750 0.1250 0.0000
vt 1.0000 0.1250 0.0000
vt 1.0000 0.1500 0.0000
vt 0.9750 0.1500 0.0000
vt 0.0250 0.1750 0.0000
vt 0.0000 0.1750 0.0000
vt 0.0500 0.1750 0.0000
vt 0.0500 0.2000 0.0000
vt 0.0250 0.2000 0.0000
vt 0.0000 0.2000 0.0000
vt 0.0750 0.1750 0.0000
vt 0.1000 0.1750 0.0000
vt 0.1000 0.2000 0.0000
vt 0.0750 0.2000 0.0000
vt 0.1250 0.1750 0.0000
vt 0.1500 0.1750 0.0000
vt 0.1500 0.2000 0.0000
vt 0.1250 0.2000 0.0000
vt 0.1750 0.1750 0.0000
vt 0.2000 0.1750 0.0000
vt 0.2000 0.2000 0.0000
vt 0.1750 0.2000 0.0000
vt 0.2250 0.1750 0.0000
vt 0.2500 0.1750 0.0000
vt 0.2500 0.2000 0.0000
vt 0.2250 0.2000 0.0000
vt 0.2750 0.1750 0.0000
vt 0.3000 0.1750 0.0000
vt 0.3000 0.2000 0.0000
vt 0.2750 0.2000 0.0000
vt 0.3250 0.1750 0.0000
vt 0.3500 0.1750 0.0000
vt 0.3500 0.2000 0.0000
vt 0.3250 0.2000 0.0000
vt 0.3750 0.1750 0.0000
vt 0.4000 0.1750 0.0000
vt 0.4000 0.2000 0.0000
vt 0.3750 0.2000 0.0000
vt 0.4250 0.1750 0.0000
vt 0.4500 0.1750 0.0000
vt 0.4500 0.2000 0.0000
vt 0.4250 0.2000 0.0000
vt 0.4750 0.1750 0.0000
vt 0.5000 0.1750 0.0000
vt 0.5000 0.2000 0.0000
vt 0.4750 0.2000 0.0000
vt 0.5250 0.1750 0.0000
vt 0.5500 0.1750 0.0000
vt 0.5500 0.2000 0.0000
vt 0.5250 0.2000 0.0000
vt 0.5750 0.1750 0.0000
vt 0.6000 0.1750 0.0000
vt 0.6000 0.2000 0.0000
vt 0.5750 0.2000 0.0000
vt 0.6250 0.1750 0.0000
vt 0.6500 0.1750 0.0000
vt 0.6500 0.2000 0.0000
vt 0.6250 0.2000 0.0000
vt 0.6750 0.1750 0.0000
vt 0.7000 0.1750 0.0000
vt 0.7000 0.2000 0.0000
vt 0.6750 0.2000 0.0000
vt 0.7250 0.1750 0.0000
vt 0.7500 0.1750 0.0000
vt 0.7500 0.2000 0.0000
vt 0.7250 0.2000 0.0000
vt 0.7750 0.1750 0.0000
vt 0.8000 0.1750 0.0000
vt 0.8000 0.2000 0.0000
vt 0.7750 0.2000 0.0000
vt 0.8250 0.1750 0.0000
vt 0.8500 0.1750 0.0000
vt 0.8500 0.2000 0.0000
vt 0.8250 0.2000 0.0000
vt 0.8750 0.1750 0.0000
vt 0.9000 0.1750 0.0000
vt 0.9000 0.2000 0.0000
vt 0.8750 0.2000 0.0000
vt 0.9250 0.1750 0.0000
vt 0.9500 0.1750 0.0000
vt 0.9500 0.2000 0.0000
vt 0.9250 0.2000 0.0000
vt 0.9750 0.1750 0.0000
vt 1.0000 0.1750 0.0000
vt 1.0000 0.2000 0.0000
vt 0.9750 0.2000 0.0000
vt 0.0250 0.2250 0.0000
vt 0.0000 0.2250 0.0000
vt 0.0500 0.2250 0.0000
vt 0.0500 0.2500 0.0000
vt 0.0250 0.2500 0.0000
vt 0.0000 0.2500 0.0000
vt 0.0750 0.2250 0.0000
vt 0.1000 0.2250 0.0000
vt 0.1000 0.2500 0.0000
vt 0.0750 0.2500 0.0000
vt 0.1250 0.2250 0.0000
vt 0.1500 0.2250 0.0000
vt 0.1500 0.2500 0.0000
vt 0.1250 0.2500 0.0000
vt 0.1750 0.2250 0.0000
vt 0.2000 0.2250 0.0000
vt 0.2000 0.2500 0.0000
vt 0.1750 0.2500 0.0000
vt 0.2250 0.2250 0.0000
vt 0.2500 0.2250 0.0000
vt 0.2500 0.2500 0.0000
vt 0.2250 0.2500 0.0000
vt 0.2750 0.2250 0.0000
vt 0.3000 0.2250 0.0000
vt 0.3000 0.2500 0.0000
vt 0.2750 0.2500 0.0000
vt 0.3250 0.2250 0.0000
vt 0.3500 0.2250 0.0000
vt 0.3500 0.2500 0.0000
vt 0.3250 0.2500 0.0000
vt 0.3750 0.2250 0.0000
vt 0.4000 0.2250 0.0000
vt 0.4000 0.2500 0.0000
vt 0.3750 0.2500 0.0000
vt 0.4250 0.2250 0.0000
vt 0.4500 0.2250 0.0000
vt 0.4500 0.2500 0.0000
vt 0.4250 0.2500 0.0000
vt 0.4750 0.2250 0.0000
vt 0.5000 0.2250 0.0000
vt 0.5000 0.2500 0.0000
vt 0.4750 0.2500 0.0000
vt 0.5250 0.2250 0.0000
vt 0.5500 0.2250 0.0000
vt 0.5500 0.2500 0.0000
vt 0.5250 0.2500 0.0000
vt 0.5750 0.2250 0.0000
vt 0.6000 0.2250 0.0000
vt 0.6000 0.2500 0.0000
vt 0.5750 0.2500 0.0000
vt 0.6250 0.2250 0.0000
vt 0.6500 0.2250 0.0000
vt 0.6500 0.2500 0.0000
vt 0.6250 0.2500 0.0000
vt 0.6750 0.2250 0.0000
vt 0.7000 0.2250 0.0000
vt 0.7000 0.2500 0.0000
vt 0.6750 0.2500 0.0000
vt 0.7250 0.2250 0.0000
vt 0.7500 0.2250 0.0000
vt 0.7500 0.2500 0.0000
vt 0.7250 0.2500 0.0000
vt 0.7750 0.2250 0.0000
vt 0.8000 0.2250 0.0000
vt 0.8000 0.2500 0.0000
vt 0.7750 0.2500 0.0000
vt 0.8250 0.2250 0.0000
vt 0.8500 0.2250 0.0000
vt 0.8500 0.2500 0.0000
vt 0.8250 0.2500 0.0000
vt 0.8750 0.2250 0.0000
vt 0.9000 0.2250 0.0000
vt 0.9000 0.2500 0.0000
vt 0.8750 0.2500 0.0000
vt 0.9250 0.2250 0.0000
vt 0.9500 0.2250 0.0000
vt 0.9500 0.2500 0.0000
vt 0.9250 0.2500 0.0000
vt 0.9750 0.2250 0.0000
vt 1.0000 0.2250 0.0000
vt 1.0000 0.2500 0.0000
vt 0.9750 0.2500 0.0000
vt 0.0250 0.2750 0.0000
vt 0.0000 0.2750 0.0000
vt 0.0500 0.2750 0.0000
vt 0.0500 0.3000 0.0000
vt 0.0250 0.3000 0.0000
vt 0.0000 0.3000 0.0000
vt 0.0750 0.2750 0.0000
vt 0.1000 0.2750 0.0000
vt 0.1000 0.3000 0.0000
vt 0.0750 0.3000 0.0000
vt 0.1250 0.2750 0.0000
vt 0.1500 0.2750 0.0000
vt 0.1500 0.3000 0.0000
vt 0.1250 0.3000 0.0000
vt 0.1750 0.2750 0.0000
vt 0.2000 0.2750 0.0000
vt 0.2000 0.3000 0.0000
vt 0.1750 0.3000 0.0000
vt 0.2250 0.2750 0.0000
vt 0.2500 0.2750 0.0000
vt 0.2500 0.3000 0.0000
vt 0.2250 0.3000 0.0000
vt 0.2750 0.2750 0.0000
vt 0.3000 0.2750 0.0000
vt 0.3000 0.3000 0.0000
vt 0.2750 0.3000 0.0000
vt 0.3250 0.2750 0.0000
vt 0.3500 0.2750 0.0000
vt 0.3500 0.3000 0.0000
vt 0.3250 0.3000 0.0000
vt 0.3750 0.2750 0.0000
vt 0.4000 0.2750 0.0000
vt 0.4000 0.3000 0.0000
vt 0.3750 0.3000 0.0000
vt 0.4250 0.2750 0.0000
vt 0.4500 0.2750 0.0000
vt 0.4500 0.3000 0.0000
vt 0.4250 0.3000 0.0000
vt 0.4750 0.2750 0.0000
vt 0.5000 0.2750 0.0000
vt 0.5000 0.3000 0.0000
vt 0.4750 0.3000 0.0000
vt 0.5250 0.2750 0.0000
vt 0.5500 0.2750 0.0000
vt 0.5500 0.3000 0.0000
vt 0.5250 0.3000 0.0000
vt 0.5750 0.2750 0.0000
vt 0.6000 0.2750 0.0000
vt 0.6000 0.3000 0.0000
vt 0.5750 0.3000 0.0000
vt 0.6250 0.2750 0.0000
vt 0.6500 0.2750 0.0000
vt 0.6500 0.3000 0.0000
vt 0.6250 0.3000 0.0000
vt 0.6750 0.2750 0.0000
vt 0.7000 0.2750 0.0000
vt 0.7000 0.3000 0.0000
vt 0.6750 0.3000 0.0000
vt 0.7250 0.2750 0.0000
vt 0.7500 0.2750 0.0000
vt 0.7500 0.3000 0.0000
vt 0.7250 0.3000 0.0000
vt 0.7750 0.2750 0.0000
vt 0.8000 0.2750 0.0000
vt 0.8000 0.3000 0.0000
vt 0.7750 0.3000 0.0000
vt 0.8250 0.2750 0.0000
vt 0.8500 0.2750 0.0000
vt 0.8500 0.3000 0.0000
vt 0.8250 0.3000 0.0000
vt 0.8750 0.2750 0.0000
vt 0.9000 0.2750 0.0000
vt 0.9000 0.3000 0.0000
vt 0.8750 0.3000 0.0000
vt 0.9250 0.2750 0.0000
vt 0.9500 0.2750 0.0000
vt 0.9500 0.3000 0.0000
vt 0.9250 0.3000 0.0000
vt 0.9750 0.2750 0.0000
vt 1.0000 0.2750 0.0000
vt 1.0000 0.3000 0.0000
vt 0.9750 0.3000 0.0000
vt 0.0250 0.3250 0.0000
vt 0.0000 0.3250 0.0000
vt 0.0500 0.3250 0.0000
vt 0.0500 0.3500 0.0000
vt 0.0250 0.3500 0.0000
vt 0.0000 0.3500 0.0000
vt 0.0750 0.3250 0.0000
vt 0.1000 0.3250 0.0000
vt 0.1000 0.3500 0.0000
vt 0.0750 0.3500 0.0000
vt 0.1250 0.3250 0.0000
vt 0.1500 0.3250 0.0000
vt 0.1500 0.3500 0.0000
vt 0.1250 0.3500 0.0000
vt 0.1750 0.3250 0.0000
vt 0.2000 0.3250 0.0000
vt 0.2000 0.3500 0.0000
vt 0.1750 0.3500 0.0000
vt 0.2250 0.3250 0.0000
vt 0.2500 0.3250 0.0000
vt 0.2500 0.3500 0.0000
vt 0.2250 0.3500 0.0000
vt 0.2750 0.3250 0.0000
vt 0.3000 0.3250 0.0000
vt 0.3000 0.3500 0.0000
vt 0.2750 0.3500 0.0000
vt 0.3250 0.3250 0.0000
vt 0.3500 0.3250 0.0000
vt 0.3500 0.3500 0.0000
vt 0.3250 0.3500 0.0000
vt 0.3750 0.3250 0.0000
vt 0.4000 0.3250 0.0000
vt 0.4000 0.3500 0.0000
vt 0.3750 0.3500 0.0000
vt 0.4250 0.3250 0.0000
vt 0.4500 0.3250 0.0000
vt 0.4500 0.3500 0.0000
vt 0.4250 0.3500 0.0000
vt 0.4750 0.3250 0.0000
vt 0.5000 0.3250 0.0000
vt 0.5000 0.3500 0.0000
vt 0.4750 0.3500 0.0000
vt 0.5250 0.3250 0.0000
vt 0.5500 0.3250 0.0000
vt 0.5500 0.3500 0.0000
vt 0.5250 0.3500 0.0000
vt 0.5750 0.3250 0.0000
vt 0.6000 0.3250 0.0000
vt 0.6000 0.3500 0.0000
vt 0.5750 0.3500 0.0000
vt 0.6250 0.3250 0.0000
vt 0.6500 0.3250 0.0000
vt 0.6500 0.3500 0.0000
vt 0.6250 0.3500 0.0000
vt 0.6750 0.3250 0.0000
vt 0.7000 0.3250 0.0000
vt 0.7000 0.3500 0.0000
vt 0.6750 0.3500 0.0000
vt 0.7250 0.3250 0.0000
vt 0.7500 0.3250 0.0000
vt 0.7500 0.3500 0.0000
vt 0.7250 0.3500 0.0000
vt 0.7750 0.3250 0.0000
vt 0.8000 0.3250 0.0000
vt 0.8000 0.3500 0.0000
vt 0.7750 0.3500 0.0000
vt 0.8250 0.3250 0.0000
vt 0.8500 0.3250 0.0000
vt 0.8500 0.3500 0.0000
vt 0.8250 0.3500 0.0000
vt 0.8750 0.3250 0.0000
vt 0.9000 0.3250 0.0000
vt 0.9000 0.3500 0.0000
vt 0.8750 0.3500 0.0000
vt 0.9250 0.3250 0.0000
vt 0.9500 0.3250 0.0000
vt 0.9500 0.3500 0.0000
vt 0.9250 0.3500 0.0000
vt 0.9750 0.3250 0.0000
vt 1.0000 0.3250 0.0000
vt 1.0000 0.3500 0.0000
vt 0.9750 0.3500 0.0000
vt 0.0250 0.3750 0.0000
vt 0.0000 0.3750 0.0000
vt 0.0500 0.3750 0.0000
vt 0.0500 0.4000 0.0000
vt 0.0250 0.4000 0.0000
vt 0.0000 0.4000 0.0000
vt 0.0750 0.3750 0.0000
vt 0.1000 0.3750 0.0000
vt 0.1000 0.4000 0.0000
vt 0.0750 0.4000 0.0000
vt 0.1250 0.3750 0.0000
vt 0.1500 0.3750 0.0000
vt 0.1500 0.4000 0.0000
vt 0.1250 0.4000 0.0000
vt 0.1750 0.3750 0.0000
vt 0.2000 0.3750 0.0000
vt 0.2000 0.4000 0.0000
vt 0.1750 0.4000 0.0000
vt 0.2250 0.3750 0.0000
vt 0.2500 0.3750 0.0000
vt 0.2500 0.4000 0.0000
vt 0.2250 0.4000 0.0000
vt 0.2750 0.3750 0.0000
vt 0.3000 0.3750 0.0000
vt 0.3000 0.4000 0.0000
vt 0.2750 0.4000 0.0000
vt 0.3250 0.3750 0.0000
vt 0.3500 0.3750 0.0000
vt 0.3500 0.4000 0.0000
vt 0.3250 0.4000 0.0000
vt 0.3750 0.3750 0.0000
vt 0.4000 0.3750 0.0000
vt 0.4000 0.4000 0.0000
vt 0.3750 0.4000 0.0000
vt 0.4250 0.3750 0.0000
vt 0.4500 0.3750 0.0000
vt 0.4500 0.4000 0.0000
vt 0.4250 0.4000 0.0000
vt 0.4750 0.3750 0.0000
vt 0.5000 0.3750 0.0000
vt 0.5000 0.4000 0.0000
vt 0.4750 0.4000 0.0000
vt 0.5250 0.3750 0.0000
vt 0.5500 0.3750 0.0000
vt 0.5500 0.4000 0.0000
vt 0.5250 0.4000 0.0000
vt 0.5750 0.3750 0.0000
vt 0.6000 0.3750 0.0000
vt 0.6000 0.4000 0.0000
vt 0.5750 0.4000 0.0000
vt 0.6250 0.3750 0.0000
vt 0.6500 0.3750 0.0000
vt 0.6500 0.4000 0.0000
vt 0.6250 0.4000 0.0000
vt 0.6750 0.3750 0.0000
vt 0.7000 0.3750 0.0000
vt 0.7000 0.4000 0.0000
vt 0.6750 0.4000 0.0000
vt 0.7250 0.3750 0.0000
vt 0.7500 0.3750 0.0000
vt 0.7500 0.4000 0.0000
vt 0.7250 0.4000 0.0000
vt 0.7750 0.3750 0.0000
vt 0.8000 0.3750 0.0000
vt 0.8000 0.4000 0.0000
vt 0.7750 0.4000 0.0000
vt 0.8250 0.3750 0.0000
vt 0.8500 0.3750 0.0000
vt 0.8500 0.4000 0.0000
vt 0.8250 0.4000 0.0000
vt 0.8750 0.3750 0.0000
vt 0.9000 0.3750 0.0000
vt 0.9000 0.4000 0.0000
vt 0.8750 0.4000 0.0000
vt 0.9250 0.3750 0.0000
vt 0.9500 0.3750 0.0000
vt 0.9500 0.4000 0.0000
vt 0.9250 0.4000 0.0000
vt 0.9750 0.3750 0.0000
vt 1.0000 0.3750 0.0000
vt 1.0000 0.4000 0.0000
vt 0.9750 0.4000 0.0000
vt 0.0250 0.4250 0.0000
vt 0.0000 0.4250 0.0000
vt 0.0500 0.4250 0.0000
vt 0.0500 0.4500 0.0000
vt 0.0250 0.4500 0.0000
vt 0.0000 0.4500 0.0000
vt 0.0750 0.4250 0.0000
vt 0.1000 0.4250 0.0000
vt 0.1000 0.4500 0.0000
vt 0.0750 0.4500 0.0000
vt 0.1250 0.4250 0.0000
vt 0.1500 0.4250 0.0000
vt 0.1500 0.4500 0.0000
vt 0.1250 0.4500 0.0000
vt 0.1750 0.4250 0.0000
vt 0.2000 0.4250 0.0000
vt 0.2000 0.4500 0.0000
vt 0.1750 0.4500 0.0000
vt 0.2250 0.4250 0.0000
vt 0.2500 0.4250 0.0000
vt 0.2500 0.4500 0.0000
vt 0.2250 0.4500 0.0000
vt 0.2750 0.4250 0.0000
vt 0.3000 0.4250 0.0000
vt 0.3000 0.4500 0.0000
vt 0.2750 0.4500 0.0000
vt 0.3250 0.4250 0.0000
vt 0.3500 0.4250 0.0000
vt 0.3500 0.4500 0.0000
vt 0.3250 0.4500 0.0000
vt 0.3750 0.4250 0.0000
vt 0.4000 0.4250 0.0000
vt 0.4000 0.4500 0.0000
vt 0.3750 0.4500 0.0000
vt 0.4250 0.4250 0.0000
vt 0.4500 0.4250 0.0000
vt 0.4500 0.4500 0.0000
vt 0.4250 0.4500 0.0000
vt 0.4750 0.4250 0.0000
vt 0.5000 0.4250 0.0000
vt 0.5000 0.4500 0.0000
vt 0.4750 0.4500 0.0000
vt 0.5250 0.4250 0.0000
vt 0.5500 0.4250 0.0000
vt 0.5500 0.4500 0.0000
vt 0.5250 0.4500 0.0000
vt 0.5750 0.4250 0.0000
vt 0.6000 0.4250 0.0000
vt 0.6000 0.4500 0.0000
vt 0.5750 0.4500 0.0000
vt 0.6250 0.4250 0.0000
vt 0.6500 0.4250 0.0000
vt 0.6500 0.4500 0.0000
vt 0.6250 0.4500 0.0000
vt 0.6750 0.4250 0.0000
vt 0.7000 0.4250 0.0000
vt 0.7000 0.4500 0.0000
vt 0.6750 0.4500 0.0000
vt 0.7250 0.4250 0.0000
vt 0.7500 0.4250 0.0000
vt 0.7500 0.4500 0.0000
vt 0.7250 0.4500 0.0000
vt 0.7750 0.4250 0.0000
vt 0.8000 0.4250 0.0000
vt 0.8000 0.4500 0.0000
vt 0.7750 0.4500 0.0000
vt 0.8250 0.4250 0.0000
vt 0.8500 0.4250 0.0000
vt 0.8500 0.4500 0.0000
vt 0.8250 0.4500 0.0000
vt 0.8750 0.4250 0.0000
vt 0.9000 0.4250 0.0000
vt 0.9000 0.4500 0.0000
vt 0.8750 0.4500 0.0000
vt 0.9250 0.4250 0.0000
vt 0.9500 0.4250 0.0000
vt 0.9500 0.4500 0.0000
vt 0.9250 0.4500 0.0000
vt 0.9750 0.4250 0.0000
vt 1.0000 0.4250 0.0000
vt 1.0000 0.4500 0.0000
vt 0.9750 0.4500 0.0000
vt 0.0250 0.4750 0.0000
vt 0.0000 0.4750 0.0000
vt 0.0500 0.4750 0.0000
vt 0.0500 0.5000 0.0000
vt 0.0250 0.5000 0.0000
vt 0.0000 0.5000 0.0000
vt 0.0750 0.4750 0.0000
vt 0.1000 0.4750 0.0000
vt 0.1000 0.5000 0.0000
vt 0.0750 0.5000 0.0000
vt 0.1250 0.4750 0.0000
vt 0.1500 0.4750 0.0000
vt 0.1500 0.5000 0.0000
vt 0.1250 0.5000 0.0000
vt 0.1750 0.4750 0.0000
vt 0.2000 0.4750 0.0000
vt 0.2000 0.5000 0.0000
vt 0.1750 0.5000 0.0000
vt 0.2250 0.4750 0.0000
vt 0.2500 0.4750 0.0000
vt 0.2500 0.5000 0.0000
vt 0.2250 0.5000 0.0000
vt 0.2750 0.4750 0.0000
vt 0.3000 0.4750 0.0000
vt 0.3000 0.5000 0.0000
vt 0.2750 0.5000 0.0000
vt 0.3250 0.4750 0.0000
vt 0.3500 0.4750 0.0000
vt 0.3500 0.5000 0.0000
vt 0.3250 0.5000 0.0000
vt 0.3750 0.4750 0.0000
vt 0.4000 0.4750 0.0000
vt 0.4000 0.5000 0.0000
vt 0.3750 0.5000 0.0000
vt 0.4250 0.4750 0.0000
vt 0.4500 0.4750 0.0000
vt 0.4500 0.5000 0.0000
vt 0.4250 0.5000 0.0000
vt 0.4750 0.4750 0.0000
vt 0.5000 0.4750 0.0000
vt 0.5000 0.5000 0.0000
vt 0.4750 0.5000 0.0000
vt 0.5250 0.4750 0.0000
vt 0.5500 0.4750 0.0000
vt 0.5500 0.5000 0.0000
vt 0.5250 0.5000 0.0000
vt 0.5750 0.4750 0.0000
vt 0.6000 0.4750 0.0000
vt 0.6000 0.5000 0.0000
vt 0.5750 0.5000 0.0000
vt 0.6250 0.4750 0.0000
vt 0.6500 0.4750 0.0000
vt 0.6500 0.5000 0.0000
vt 0.6250 0.5000 0.0000
vt 0.6750 0.4750 0.0000
vt 0.7000 0.4750 0.0000
vt 0.7000 0.5000 0.0000
vt 0.6750 0.5000 0.0000
vt 0.7250 0.4750 0.0000
vt 0.7500 0.4750 0.0000
vt 0.7500 0.5000 0.0000
vt 0.7250 0.5000 0.0000
vt 0.7750 0.4750 0.0000
vt 0.8000 0.4750 0.0000
vt 0.8000 0.5000 0.0000
vt 0.7750 0.5000 0.0000
vt 0.8250 0.4750 0.0000
vt 0.8500 0.4750 0.0000
vt 0.8500 0.5000 0.0000
vt 0.8250 0.5000 0.0000
vt 0.8750 0.4750 0.0000
vt 0.9000 0.4750 0.0000
vt 0.9000 0.5000 0.0000
vt 0.8750 0.5000 0.0000
vt 0.9250 0.4750 0.0000
vt 0.9500 0.4750 0.0000
vt 0.9500 0.5000 0.0000
vt 0.9250 0.5000 0.0000
vt 0.9750 0.4750 0.0000
vt 1.0000 0.4750 0.0000
vt 1.0000 0.5000 0.0000
vt 0.9750 0.5000 0.0000
vt 0.0250 0.5250 0.0000
vt 0.0000 0.5250 0.0000
vt 0.0500 0.5250 0.0000
vt 0.0500 0.5500 0.0000
vt 0.0250 0.5500 0.0000
vt 0.0000 0.5500 0.0000
vt 0.0750 0.5250 0.0000
vt 0.1000 0.5250 0.0000
vt 0.1000 0.5500 0.0000
vt 0.0750 0.5500 0.0000
vt 0.1250 0.5250 0.0000
vt 0.1500 0.5250 0.0000
vt 0.1500 0.5500 0.0000
vt 0.1250 0.5500 0.0000
vt 0.1750 0.5250 0.0000
vt 0.2000 0.5250 0.0000
vt 0.2000 0.5500 0.0000
vt 0.1750 0.5500 0.0000
vt 0.2250 0.5250 0.0000
vt 0.2500 0.5250 0.0000
vt 0.2500 0.5500 0.0000
vt 0.2250 0.5500 0.0000
vt 0.2750 0.5250 0.0000
vt 0.3000 0.5250 0.0000
vt 0.3000 0.5500 0.0000
vt 0.2750 0.5500 0.0000
vt 0.3250 0.5250 0.0000
vt 0.3500 0.5250 0.0000
vt 0.3500 0.5500 0.0000
vt 0.3250 0.5500 0.0000
vt 0.3750 0.5250 0.0000
vt 0.4000 0.5250 0.0000
vt 0.4000 0.5500 0.0000
vt 0.3750 0.5500 0.0000
vt 0.4250 0.5250 0.0000
vt 0.4500 0.5250 0.0000
vt 0.4500 0.5500 0.0000
vt 0.4250 0.5500 0.0000
vt 0.4750 0.5250 0.0000
vt 0.5000 0.5250 0.0000
vt 0.5000 0.5500 0.0000
vt 0.4750 0.5500 0.0000
vt 0.5250 0.5250 0.0000
vt 0.5500 0.5250 0.0000
vt 0.5500 0.5500 0.0000
vt 0.5250 0.5500 0.0000
vt 0.5750 0.5250 0.0000
vt 0.6000 0.5250 0.0000
vt 0.6000 0.5500 0.0000
vt 0.5750 0.5500 0.0000
vt 0.6250 0.5250 0.0000
vt 0.6500 0.5250 0.0000
vt 0.6500 0.5500 0.0000
vt 0.6250 0.5500 0.0000
vt 0.6750 0.5250 0.0000
vt 0.7000 0.5250 0.0000
vt 0.7000 0.5500 0.0000
vt 0.6750 0.5500 0.0000
vt 0.7250 0.5250 0.0000
vt 0.7500 0.5250 0.0000
vt 0.7500 0.5500 0.0000
vt 0.7250 0.5500 0.0000
vt 0.7750 0.5250 0.0000
vt 0.8000 0.5250 0.0000
vt 0.8000 0.5500 0.0000
vt 0.7750 0.5500 0.0000
vt 0.8250 0.5250 0.0000
vt 0.8500 0.5250 0.0000
vt 0.8500 0.5500 0.0000
vt 0.8250 0.5500 0.0000
vt 0.8750 0.5250 0.0000
vt 0.9000 0.5250 0.0000
vt 0.9000 0.5500 0.0000
vt 0.8750 0.5500 0.0000
vt 0.9250 0.5250 0.0000
vt 0.9500 0.5250 0.0000
vt 0.9500 0.5500 0.0000
vt 0.9250 0.5500 0.0000
vt 0.9750 0.5250 0.0000
vt 1.0000 0.5250 0.0000
vt 1.0000 0.5500 0.0000
vt 0.9750 0.5500 0.0000
vt 0.0250 0.5750 0.0000
vt 0.0000 0.5750 0.0000
vt 0.0500 0.5750 0.0000
vt 0.0500 0.6000 0.0000
vt 0.0250 0.6000 0.0000
vt 0.0000 0.6000 0.0000
vt 0.0750 0.5750 0.0000
vt 0.1000 0.5750 0.0000
vt 0.1000 0.6000 0.0000
vt 0.0750 0.6000 0.0000
vt 0.1250 0.5750 0.0000
vt 0.1500 0.5750 0.0000
vt 0.1500 0.6000 0.0000
vt 0.1250 0.6000 0.0000
vt 0.1750 0.5750 0.0000
vt 0.2000 0.5750 0.0000
vt 0.2000 0.6000 0.0000
vt 0.1750 0.6000 0.0000
vt 0.2250 0.5750 0.0000
vt 0.2500 0.5750 0.0000
vt 0.2500 0.6000 0.0000
vt 0.2250 0.6000 0.0000
vt 0.2750 0.5750 0.0000
vt 0.3000 0.5750 0.0000
vt 0.3000 0.6000 0.0000
vt 0.2750 0.6000 0.0000
vt 0.3250 0.5750 0.0000
vt 0.3500 0.5750 0.0000
vt 0.3500 0.6000 0.0000
vt 0.3250 0.6000 0.0000
vt 0.3750 0.5750 0.0000
vt 0.4000 0.5750 0.0000
vt 0.4000 0.6000 0.0000
vt 0.3750 0.6000 0.0000
vt 0.4250 0.5750 0.0000
vt 0.4500 0.5750 0.0000
vt 0.4500 0.6000 0.0000
vt 0.4250 0.6000 0.0000
vt 0.4750 0.5750 0.0000
vt 0.5000 0.5750 0.0000
vt 0.5000 0.6000 0.0000
vt 0.4750 0.6000 0.0000
vt 0.5250 0.5750 0.0000
vt 0.5500 0.5750 0.0000
vt 0.5500 0.6000 0.0000
vt 0.5250 0.6000 0.0000
vt 0.5750 0.5750 0.0000
vt 0.6000 0.5750 0.0000
vt 0.6000 0.6000 0.0000
vt 0.5750 0.6000 0.0000
vt 0.6250 0.5750 0.0000
vt 0.6500 0.5750 0.0000
vt 0.6500 0.6000 0.0000
vt 0.6250 0.6000 0.0000
vt 0.6750 0.5750 0.0000
vt 0.7000 0.5750 0.0000
vt 0.7000 0.6000 0.0000
vt 0.6750 0.6000 0.0000
vt 0.7250 0.5750 0.0000
vt 0.7500 0.5750 0.0000
vt 0.7500 0.6000 0.0000
vt 0.7250 0.6000 0.0000
vt 0.7750 0.5750 0.0000
vt 0.8000 0.5750 0.0000
vt 0.8000 0.6000 0.0000
vt 0.7750 0.6000 0.0000
vt 0.8250 0.5750 0.0000
vt 0.8500 0.5750 0.0000
vt 0.8500 0.6000 0.0000
vt 0.8250 0.6000 0.0000
vt 0.8750 0.5750 0.0000
vt 0.9000 0.5750 0.0000
vt 0.9000 0.6000 0.0000
vt 0.8750 0.6000 0.0000
vt 0.9250 0.5750 0.0000
vt 0.9500 0.5750 0.0000
vt 0.9500 0.6000 0.0000
vt 0.9250 0.6000 0.0000
vt 0.9750 0.5750 0.0000
vt 1.0000 0.5750 0.0000
vt 1.0000 0.6000 0.0000
vt 0.9750 0.6000 0.0000
vt 0.0250 0.6250 0.0000
vt 0.0000 0.6250 0.0000
vt 0.0500 0.6250 0.0000
vt 0.0500 0.6500 0.0000
vt 0.0250 0.6500 0.0000
vt 0.0000 0.6500 0.0000
vt 0.0750 0.6250 0.0000
vt 0.1000 0.6250 0.0000
vt 0.1000 0.6500 0.0000
vt 0.0750 0.6500 0.0000
vt 0.1250 0.6250 0.0000
vt 0.1500 0.6250 0.0000
vt 0.1500 0.6500 0.0000
vt 0.1250 0.6500 0.0000
vt 0.1750 0.6250 0.0000
vt 0.2000 0.6250 0.0000
vt 0.2000 0.6500 0.0000
vt 0.1750 0.6500 0.0000
vt 0.2250 0.6250 0.0000
vt 0.2500 0.6250 0.0000
vt 0.2500 0.6500 0.0000
vt 0.2250 0.6500 0.0000
vt 0.2750 0.6250 0.0000
vt 0.3000 0.6250 0.0000
vt 0.3000 0.6500 0.0000
vt 0.2750 0.6500 0.0000
vt 0.3250 0.6250 0.0000
vt 0.3500 0.6250 0.0000
vt 0.3500 0.6500 0.0000
vt 0.3250 0.6500 0.0000
vt 0.3750 0.6250 0.0000
vt 0.4000 0.6250 0.0000
vt 0.4000 0.6500 0.0000
vt 0.3750 0.6500 0.0000
vt 0.4250 0.6250 0.0000
vt 0.4500 0.6250 0.0000
vt 0.4500 0.6500 0.0000
vt 0.4250 0.6500 0.0000
vt 0.4750 0.6250 0.0000
vt 0.5000 0.6250 0.0000
vt 0.5000 0.6500 0.0000
vt 0.4750 0.6500 0.0000
vt 0.5250 0.6250 0.0000
vt 0.5500 0.6250 0.0000
vt 0.5500 0.6500 0.0000
vt 0.5250 0.6500 0.0000
vt 0.5750 0.6250 0.0000
vt 0.6000 0.6250 0.0000
vt 0.6000 0.6500 0.0000
vt 0.5750 0.6500 0.0000
vt 0.6250 0.6250 0.0000
vt 0.6500 0.6250 0.0000
vt 0.6500 0.6500 0.0000
vt 0.6250 0.6500 0.0000
vt 0.6750 0.6250 0.0000
vt 0.7000 0.6250 0.0000
vt 0.7000 0.6500 0.0000
vt 0.6750 0.6500 0.0000
vt 0.7250 0.6250 0.0000
vt 0.7500 0.6250 0.0000
vt 0.7500 0.6500 0.0000
vt 0.7250 0.6500 0.0000
vt 0.7750 0.6250 0.0000
vt 0.8000 0.6250 0.0000
vt 0.8000 0.6500 0.0000
vt 0.7750 0.6500 0.0000
vt 0.8250 0.6250 0.0000
vt 0.8500 0.6250 0.0000
vt 0.8500 0.6500 0.0000
vt 0.8250 0.6500 0.0000
vt 0.8750 0.6250 0.0000
vt 0.9000 0.6250 0.0000
vt 0.9000 0.6500 0.0000
vt 0.8750 0.6500 0.0000
vt 0.9250 0.6250 0.0000
vt 0.9500 0.6250 0.0000
vt 0.9500 0.6500 0.0000
vt 0.9250 0.6500 0.0000
vt 0.9750 0.6250 0.0000
vt 1.0000 0.6250 0.0000
vt 1.0000 0.6500 0.0000
vt 0.9750 0.6500 0.0000
vt 0.0250 0.6750 0.0000
vt 0.0000 0.6750 0.0000
vt 0.0500 0.6750 0.0000
vt 0.0500 0.7000 0.0000
vt 0.0250 0.7000 0.0000
vt 0.0000 0.7000 0.0000
vt 0.0750 0.6750 0.0000
vt 0.1000 0.6750 0.0000
vt 0.1000 0.7000 0.0000
vt 0.0750 0.7000 0.0000
vt 0.1250 0.6750 0.0000
vt 0.1500 0.6750 0.0000
vt 0.1500 0.7000 0.0000
vt 0.1250 0.7000 0.0000
vt 0.1750 0.6750 0.0000
vt 0.2000 0.6750 0.0000
vt 0.2000 0.7000 0.0000
vt 0.1750 0.7000 0.0000
vt 0.2250 0.6750 0.0000
vt 0.2500 0.6750 0.0000
vt 0.2500 0.7000 0.0000
vt 0.2250 0.7000 0.0000
vt 0.2750 0.6750 0.0000
vt 0.3000 0.6750 0.0000
vt 0.3000 0.7000 0.0000
vt 0.2750 0.7000 0.0000
vt 0.3250 0.6750 0.0000
vt 0.3500 0.6750 0.0000
vt 0.3500 0.7000 0.0000
vt 0.3250 0.7000 0.0000
vt 0.3750 0.6750 0.0000
vt 0.4000 0.6750 0.0000
vt 0.4000 0.7000 0.0000
vt 0.3750 0.7000 0.0000
vt 0.4250 0.6750 0.0000
vt 0.4500 0.6750 0.0000
vt 0.4500 0.7000 0.0000
vt 0.4250 0.7000 0.0000
vt 0.4750 0.6750 0.0000
vt 0.5000 0.6750 0.0000
vt 0.5000 0.7000 0.0000
vt 0.4750 0.7000 0.0000
vt 0.5250 0.6750 0.0000
vt 0.5500 0.6750 0.0000
vt 0.5500 0.7000 0.0000
vt 0.5250 0.7000 0.0000
vt 0.5750 0.6750 0.0000
vt 0.6000 0.6750 0.0000
vt 0.6000 0.7000 0.0000
vt 0.5750 0.7000 0.0000
vt 0.6250 0.6750 0.0000
vt 0.6500 0.6750 0.0000
vt 0.6500 0.7000 0.0000
vt 0.6250 0.7000 0.0000
vt 0.6750 0.6750 0.0000
vt 0.7000 0.6750 0.0000
vt 0.7000 0.7000 0.0000
vt 0.6750 0.7000 0.0000
vt 0.7250 0.6750 0.0000
vt 0.7500 0.6750 0.0000
vt 0.7500 0.7000 0.0000
vt 0.7250 0.7000 0.0000
vt 0.7750 0.6750 0.0000
vt 0.8000 0.6750 0.0000
vt 0.8000 0.7000 0.0000
vt 0.7750 0.7000 0.0000
vt 0.8250 0.6750 0.0000
vt 0.8500 0.6750 0.0000
vt 0.8500 0.7000 0.0000
vt 0.8250 0.7000 0.0000
vt 0.8750 0.6750 0.0000
vt 0.9000 0.6750 0.0000
vt 0.9000 0.7000 0.0000
vt 0.8750 0.7000 0.0000
vt 0.9250 0.6750 0.0000
vt 0.9500 0.6750 0.0000
vt 0.9500 0.7000 0.0000
vt 0.9250 0.7000 0.0000
vt 0.9750 0.6750 0.0000
vt 1.0000 0.6750 0.0000
vt 1.0000 0.7000 0.0000
vt 0.9750 0.7000 0.0000
vt 0.0250 0.7250 0.0000
vt 0.0000 0.7250 0.0000
vt 0.0500 0.7250 0.0000
vt 0.0500 0.7500 0.0000
vt 0.0250 0.7500 0.0000
vt 0.0000 0.7500 0.0000
vt 0.0750 0.7250 0.0000
vt 0.1000 0.7250 0.0000
vt 0.1000 0.7500 0.0000
vt 0.0750 0.7500 0.0000
vt 0.1250 0.7250 0.0000
vt 0.1500 0.7250 0.0000
vt 0.1500 0.7500 0.0000
vt 0.1250 0.7500 0.0000
vt 0.1750 0.7250 0.0000
vt 0.2000 0.7250 0.0000
vt 0.2000 0.7500 0.0000
vt 0.1750 0.7500 0.0000
vt 0.2250 0.7250 0.0000
vt 0.2500 0.7250 0.0000
vt 0.2500 0.7500 0.0000
vt 0.2250 0.7500 0.0000
vt 0.2750 0.7250 0.0000
vt 0.3000 0.7250 0.0000
vt 0.3000 0.7500 0.0000
vt 0.2750 0.7500 0.0000
vt 0.3250 0.7250 0.0000
vt 0.3500 0.7250 0.0000
vt 0.3500 0.7500 0.0000
vt 0.3250 0.7500 0.0000
vt 0.3750 0.7250 0.0000
vt 0.4000 0.7250 0.0000
vt 0.4000 0.7500 0.0000
vt 0.3750 0.7500 0.0000
vt 0.4250 0.7250 0.0000
vt 0.4500 0.7250 0.0000
vt 0.4500 0.7500 0.0000
vt 0.4250 0.7500 0.0000
vt 0.4750 0.7250 0.0000
vt 0.5000 0.7250 0.0000
vt 0.5000 0.7500 0.0000
vt 0.4750 0.7500 0.0000
vt 0.5250 0.7250 0.0000
vt 0.5500 0.7250 0.0000
vt 0.5500 0.7500 0.0000
vt 0.5250 0.7500 0.0000
vt 0.5750 0.7250 0.0000
vt 0.6000 0.7250 0.0000
vt 0.6000 0.7500 0.0000
vt 0.5750 0.7500 0.0000
vt 0.6250 0.7250 0.0000
vt 0.6500 0.7250 0.0000
vt 0.6500 0.7500 0.0000
vt 0.6250 0.7500 0.0000
vt 0.6750 0.7250 0.0000
vt 0.7000 0.7250 0.0000
vt 0.7000 0.7500 0.0000
vt 0.6750 0.7500 0.0000
vt 0.7250 0.7250 0.0000
vt 0.7500 0.7250 0.0000
vt 0.7500 0.7500 0.0000
vt 0.7250 0.7500 0.0000
vt 0.7750 0.7250 0.0000
vt 0.8000 0.7250 0.0000
vt 0.8000 0.7500 0.0000
vt 0.7750 0.7500 0.0000
vt 0.8250 0.7250 0.0000
vt 0.8500 0.7250 0.0000
vt 0.8500 0.7500 0.0000
vt 0.8250 0.7500 0.0000
vt 0.8750 0.7250 0.0000
vt 0.9000 0.7250 0.0000
vt 0.9000 0.7500 0.0000
vt 0.8750 0.7500 0.0000
vt 0.9250 0.7250 0.0000
vt 0.9500 0.7250 0.0000
vt 0.9500 0.7500 0.0000
vt 0.9250 0.7500 0.0000
vt 0.9750 0.7250 0.0000
vt 1.0000 0.7250 0.0000
vt 1.0000 0.7500 0.0000
vt 0.9750 0.7500 0.0000
vt 0.0250 0.7750 0.0000
vt 0.0000 0.7750 0.0000
vt 0.0500 0.7750 0.0000
vt 0.0500 0.8000 0.0000
vt 0.0250 0.8000 0.0000
vt 0.0000 0.8000 0.0000
vt 0.0750 0.7750 0.0000
vt 0.1000 0.7750 0.0000
vt 0.1000 0.8000 0.0000
vt 0.0750 0.8000 0.0000
vt 0.1250 0.7750 0.0000
vt 0.1500 0.7750 0.0000
vt 0.1500 0.8000 0.0000
vt 0.1250 0.8000 0.0000
vt 0.1750 0.7750 0.0000
vt 0.2000 0.7750 0.0000
vt 0.2000 0.8000 0.0000
vt 0.1750 0.8000 0.0000
vt 0.2250 0.7750 0.0000
vt 0.2500 0.7750 0.0000
vt 0.2500 0.8000 0.0000
vt 0.2250 0.8000 0.0000
vt 0.2750 0.7750 0.0000
vt 0.3000 0.7750 0.0000
vt 0.3000 0.8000 0.0000
vt 0.2750 0.8000 0.0000
vt 0.3250 0.7750 0.0000
vt 0.3500 0.7750 0.0000
vt 0.3500 0.8000 0.0000
vt 0.3250 0.8000 0.0000
vt 0.3750 0.7750 0.0000
vt 0.4000 0.7750 0.0000
vt 0.4000 0.8000 0.0000
vt 0.3750 0.8000 0.0000
vt 0.4250 0.7750 0.0000
vt 0.4500 0.7750 0.0000
vt 0.4500 0.8000 0.0000
vt 0.4250 0.8000 0.0000
vt 0.4750 0.7750 0.0000
vt 0.5000 0.7750 0.0000
vt 0.5000 0.8000 0.0000
vt 0.4750 0.8000 0.0000
vt 0.5250 0.7750 0.0000
vt 0.5500 0.7750 0.0000
vt 0.5500 0.8000 0.0000
vt 0.5250 0.8000 0.0000
vt 0.5750 0.7750 0.0000
vt 0.6000 0.7750 0.0000
vt 0.6000 0.8000 0.0000
vt 0.5750 0.8000 0.0000
vt 0.6250 0.7750 0.0000
vt 0.6500 0.7750 0.0000
vt 0.6500 0.8000 0.0000
vt 0.6250 0.8000 0.0000
vt 0.6750 0.7750 0.0000
vt 0.7000 0.7750 0.0000
vt 0.7000 0.8000 0.0000
vt 0.6750 0.8000 0.0000
vt 0.7250 0.7750 0.0000
vt 0.7500 0.7750 0.0000
vt 0.7500 0.8000 0.0000
vt 0.7250 0.8000 0.0000
vt 0.7750 0.7750 0.0000
vt 0.8000 0.7750 0.0000
vt 0.8000 0.8000 0.0000
vt 0.7750 0.8000 0.0000
vt 0.8250 0.7750 0.0000
vt 0.8500 0.7750 0.0000
vt 0.8500 0.8000 0.0000
vt 0.8250 0.8000 0.0000
vt 0.8750 0.7750 0.0000
vt 0.9000 0.7750 0.0000
vt 0.9000 0.8000 0.0000
vt 0.8750 0.8000 0.0000
vt 0.9250 0.7750 0.0000
vt 0.9500 0.7750 0.0000
vt 0.9500 0.8000 0.0000
vt 0.9250 0.8000 0.0000
vt 0.9750 0.7750 0.0000
vt 1.0000 0.7750 0.0000
vt 1.0000 0.8000 0.0000
vt 0.9750 0.8000 0.0000
vt 0.0250 0.8250 0.0000
vt 0.0000 0.8250 0.0000
vt 0.0500 0.8250 0.0000
vt 0.0500 0.8500 0.0000
vt 0.0250 0.8500 0.0000
vt 0.0000 0.8500 0.0000
vt 0.0750 0.8250 0.0000
vt 0.1000 0.8250 0.0000
vt 0.1000 0.8500 0.0000
vt 0.0750 0.8500 0.0000
vt 0.1250 0.8250 0.0000
vt 0.1500 0.8250 0.0000
vt 0.1500 0.8500 0.0000
vt 0.1250 0.8500 0.0000
vt 0.1750 0.8250 0.0000
vt 0.2000 0.8250 0.0000
vt 0.2000 0.8500 0.0000
vt 0.1750 0.8500 0.0000
vt 0.2250 0.8250 0.0000
vt 0.2500 0.8250 0.0000
vt 0.2500 0.8500 0.0000
vt 0.2250 0.8500 0.0000
vt 0.2750 0.8250 0.0000
vt 0.3000 0.8250 0.0000
vt 0.3000 0.8500 0.0000
vt 0.2750 0.8500 0.0000
vt 0.3250 0.8250 0.0000
vt 0.3500 0.8250 0.0000
vt 0.3500 0.8500 0.0000
vt 0.3250 0.8500 0.0000
vt 0.3750 0.8250 0.0000
vt 0.4000 0.8250 0.0000
vt 0.4000 0.8500 0.0000
vt 0.3750 0.8500 0.0000
vt 0.4250 0.8250 0.0000
vt 0.4500 0.8250 0.0000
vt 0.4500 0.8500 0.0000
vt 0.4250 0.8500 0.0000
vt 0.4750 0.8250 0.0000
vt 0.5000 0.8250 0.0000
vt 0.5000 0.8500 0.0000
vt 0.4750 0.8500 0.0000
vt 0.5250 0.8250 0.0000
vt 0.5500 0.8250 0.0000
vt 0.5500 0.8500 0.0000
vt 0.5250 0.8500 0.0000
vt 0.5750 0.8250 0.0000
vt 0.6000 0.8250 0.0000
vt 0.6000 0.8500 0.0000
vt 0.5750 0.8500 0.0000
vt 0.6250 0.8250 0.0000
vt 0.6500 0.8250 0.0000
vt 0.6500 0.8500 0.0000
vt 0.6250 0.8500 0.0000
vt 0.6750 0.8250 0.0000
vt 0.7000 0.8250 0.0000
vt 0.7000 0.8500 0.0000
vt 0.6750 0.8500 0.0000
vt 0.7250 0.8250 0.0000
vt 0.7500 0.8250 0.0000
vt 0.7500 0.8500 0.0000
vt 0.7250 0.8500 0.0000
vt 0.7750 0.8250 0.0000
vt 0.8000 0.8250 0.0000
vt 0.8000 0.8500 0.0000
vt 0.7750 0.8500 0.0000
vt 0.8250 0.8250 0.0000
vt 0.8500 0.8250 0.0000
vt 0.8500 0.8500 0.0000
vt 0.8250 0.8500 0.0000
vt 0.8750 0.8250 0.0000
vt 0.9000 0.8250 0.0000
vt 0.9000 0.8500 0.0000
vt 0.8750 0.8500 0.0000
vt 0.9250 0.8250 0.0000
vt 0.9500 0.8250 0.0000
vt 0.9500 0.8500 0.0000
vt 0.9250 0.8500 0.0000
vt 0.9750 0.8250 0.0000
vt 1.0000 0.8250 0.0000
vt 1.0000 0.8500 0.0000
vt 0.9750 0.8500 0.0000
vt 0.0250 0.8750 0.0000
vt 0.0000 0.8750 0.0000
vt 0.0500 0.8750 0.0000
vt 0.0500 0.9000 0.0000
vt 0.0250 0.9000 0.0000
vt 0.0000 0.9000 0.0000
vt 0.0750 0.8750 0.0000
vt 0.1000 0.8750 0.0000
vt 0.1000 0.9000 0.0000
vt 0.0750 0.9000 0.0000
vt 0.1250 0.8750 0.0000
vt 0.1500 0.8750 0.0000
vt 0.1500 0.9000 0.0000
vt 0.1250 0.9000 0.0000
vt 0.1750 0.8750 0.0000
vt 0.2000 0.8750 0.0000
vt 0.2000 0.9000 0.0000
vt 0.1750 0.9000 0.0000
vt 0.2250 0.8750 0.0000
vt 0.2500 0.8750 0.0000
vt 0.2500 0.9000 0.0000
vt 0.2250 0.9000 0.0000
vt 0.2750 0.8750 0.0000
vt 0.3000 0.8750 0.0000
vt 0.3000 0.9000 0.0000
vt 0.2750 0.9000 0.0000
vt 0.3250 0.8750 0.0000
vt 0.3500 0.8750 0.0000
vt 0.3500 0.9000 0.0000
vt 0.3250 0.9000 0.0000
vt 0.3750 0.8750 0.0000
vt 0.4000 0.8750 0.0000
vt 0.4000 0.9000 0.0000
vt 0.3750 0.9000 0.0000
vt 0.4250 0.8750 0.0000
vt 0.4500 0.8750 0.0000
vt 0.4500 0.9000 0.0000
vt 0.4250 0.9000 0.0000
vt 0.4750 0.8750 0.0000
vt 0.5000 0.8750 0.0000
vt 0.5000 0.9000 0.0000
vt 0.4750 0.9000 0.0000
vt 0.5250 0.8750 0.0000
vt 0.5500 0.8750 0.0000
vt 0.5500 0.9000 0.0000
vt 0.5250 0.9000 0.0000
vt 0.5750 0.8750 0.0000
vt 0.6000 0.8750 0.0000
vt 0.6000 0.9000 0.0000
vt 0.5750 0.9000 0.0000
vt 0.6250 0.8750 0.0000
vt 0.6500 0.8750 0.0000
vt 0.6500 0.9000 0.0000
vt 0.6250 0.9000 0.0000
vt 0.6750 0.8750 0.0000
vt 0.7000 0.8750 0.0000
vt 0.7000 0.9000 0.0000
vt 0.6750 0.9000 0.0000
vt 0.7250 0.8750 0.0000
vt 0.7500 0.8750 0.0000
vt 0.7500 0.9000 0.0000
vt 0.7250 0.9000 0.0000
vt 0.7750 0.8750 0.0000
vt 0.8000 0.8750 0.0000
vt 0.8000 0.9000 0.0000
vt 0.7750 0.9000 0.0000
vt 0.8250 0.8750 0.0000
vt 0.8500 0.8750 0.0000
vt 0.8500 0.9000 0.0000
vt 0.8250 0.9000 0.0000
vt 0.8750 0.8750 0.0000
vt 0.9000 0.8750 0.0000
vt 0.9000 0.9000 0.0000
vt 0.8750 0.9000 0.0000
vt 0.9250 0.8750 0.0000
vt 0.9500 0.8750 0.0000
vt 0.9500 0.9000 0.0000
vt 0.9250 0.9000 0.0000
vt 0.9750 0.8750 0.0000
vt 1.0000 0.8750 0.0000
vt 1.0000 0.9000 0.0000
vt 0.9750 0.9000 0.0000
vt 0.0250 0.9250 0.0000
vt 0.0000 0.9250 0.0000
vt 0.0500 0.9250 0.0000
vt 0.0500 0.9500 0.0000
vt 0.0250 0.9479 0.0000
vt 0.0000 0.9500 0.0000
vt 0.0750 0.9250 0.0000
vt 0.1000 0.9250 0.0000
vt 0.1000 0.9500 0.0000
vt 0.0750 0.9479 0.0000
vt 0.1250 0.9250 0.0000
vt 0.1500 0.9250 0.0000
vt 0.1500 0.9500 0.0000
vt 0.1250 0.9479 0.0000
vt 0.1750 0.9250 0.0000
vt 0.2000 0.9250 0.0000
vt 0.2000 0.9500 0.0000
vt 0.1750 0.9479 0.0000
vt 0.2250 0.9250 0.0000
vt 0.2500 0.9250 0.0000
vt 0.2500 0.9500 0.0000
vt 0.2250 0.9479 0.0000
vt 0.2750 0.9250 0.0000
vt 0.3000 0.9250 0.0000
vt 0.3000 0.9500 0.0000
vt 0.2750 0.9479 0.0000
vt 0.3250 0.9250 0.0000
vt 0.3500 0.9250 0.0000
vt 0.3500 0.9500 0.0000
vt 0.3250 0.9479 0.0000
vt 0.3750 0.9250 0.0000
vt 0.4000 0.9250 0.0000
vt 0.4000 0.9500 0.0000
vt 0.3750 0.9479 0.0000
vt 0.4250 0.9250 0.0000
vt 0.4500 0.9250 0.0000
vt 0.4500 0.9500 0.0000
vt 0.4250 0.9479 0.0000
vt 0.4750 0.9250 0.0000
vt 0.5000 0.9250 0.0000
vt 0.5000 0.9500 0.0000
vt 0.4750 0.9479 0.0000
vt 0.5250 0.9250 0.0000
vt 0.5500 0.9250 0.0000
vt 0.5500 0.9500 0.0000
vt 0.5250 0.9479 0.0000
vt 0.5750 0.9250 0.0000
vt 0.6000 0.9250 0.0000
vt 0.6000 0.9500 0.0000
vt 0.5750 0.9479 0.0000
vt 0.6250 0.9250 0.0000
vt 0.6500 0.9250 0.0000
vt 0.6500 0.9500 0.0000
vt 0.6250 0.9479 0.0000
vt 0.6750 0.9250 0.0000
vt 0.7000 0.9250 0.0000
vt 0.7000 0.9500 0.0000
vt 0.6750 0.9479 0.0000
vt 0.7250 0.9250 0.0000
vt 0.7500 0.9250 0.0000
vt 0.7500 0.9500 0.0000
vt 0.7250 0.9479 0.0000
vt 0.7750 0.9250 0.0000
vt 0.8000 0.9250 0.0000
vt 0.8000 0.9500 0.0000
vt 0.7750 0.9479 0.0000
vt 0.8250 0.9250 0.0000
vt 0.8500 0.9250 0.0000
vt 0.8500 0.9500 0.0000
vt 0.8250 0.9479 0.0000
vt 0.8750 0.9250 0.0000
vt 0.9000 0.9250 0.0000
vt 0.9000 0.9500 0.0000
vt 0.8750 0.9479 0.0000
vt 0.9250 0.9250 0.0000
vt 0.9500 0.9250 0.0000
vt 0.9500 0.9500 0.0000
vt 0.9250 0.9479 0.0000
vt 0.9750 0.9250 0.0000
vt 1.0000 0.9250 0.0000
vt 1.0000 0.9500 0.0000
vt 0.9750 0.9479 0.0000
vt 0.0500 0.0500 0.0000
vt 0.0250 0.0458 0.0000
vt 0.0250 0.0333 0.0000
vt 0.0375 0.0250 0.0000
vt 0.0125 0.0250 0.0000
vt 0.0250 0.0000 0.0000
vt 0.1000 0.0500 0.0000
vt 0.0750 0.0458 0.0000
vt 0.0750 0.0333 0.0000
vt 0.0875 0.0250 0.0000
vt 0.0625 0.0250 0.0000
vt 0.0750 0.0000 0.0000
vt 0.1500 0.0500 0.0000
vt 0.1250 0.0458 0.0000
vt 0.1250 0.0333 0.0000
vt 0.1375 0.0250 0.0000
vt 0.1125 0.0250 0.0000
vt 0.1250 0.0000 0.0000
vt 0.2000 0.0500 0.0000
vt 0.1750 0.0458 0.0000
vt 0.1750 0.0333 0.0000
vt 0.1875 0.0250 0.0000
vt 0.1625 0.0250 0.0000
vt 0.1750 0.0000 0.0000
vt 0.2500 0.0500 0.0000
vt 0.2250 0.0458 0.0000
vt 0.2250 0.0333 0.0000
vt 0.2375 0.0250 0.0000
vt 0.2125 0.0250 0.0000
vt 0.2250 0.0000 0.0000
vt 0.3000 0.0500 0.0000
vt 0.2750 0.0458 0.0000
vt 0.2750 0.0333 0.0000
vt 0.2875 0.0250 0.0000
vt 0.2625 0.0250 0.0000
vt 0.2750 0.0000 0.0000
vt 0.3500 0.0500 0.0000
vt 0.3250 0.0458 0.0000
vt 0.3250 0.0333 0.0000
vt 0.3375 0.0250 0.0000
vt 0.3125 0.0250 0.0000
vt 0.3250 0.0000 0.0000
vt 0.4000 0.0500 0.0000
vt 0.3750 0.0458 0.0000
vt 0.3750 0.0333 0.0000
vt 0.3875 0.0250 0.0000
vt 0.3625 0.0250 0.0000
vt 0.3750 0.0000 0.0000
vt 0.4500 0.0500 0.0000
vt 0.4250 0.0458 0.0000
vt 0.4250 0.0333 0.0000
vt 0.4375 0.0250 0.0000
vt 0.4125 0.0250 0.0000
vt 0.4250 0.0000 0.0000
vt 0.5000 0.0500 0.0000
vt 0.4750 0.0458 0.0000
vt 0.4750 0.0333 0.0000
vt 0.4875 0.0250 0.0000
vt 0.4625 0.0250 0.0000
vt 0.4750 0.0000 0.0000
vt 0.5500 0.0500 0.0000
vt 0.5250 0.0458 0.0000
vt 0.5250 0.0333 0.0000
vt 0.5375 0.0250 0.0000
vt 0.5125 0.0250 0.0000
vt 0.5250 0.0000 0.0000
vt 0.6000 0.0500 0.0000
vt 0.5750 0.0458 0.0000
vt 0.5750 0.0333 0.0000
vt 0.5875 0.0250 0.0000
vt 0.5625 0.0250 0.0000
vt 0.5750 0.0000 0.0000
vt 0.6500 0.0500 0.0000
vt 0.6250 0.0458 0.0000
vt 0.6250 0.0333 0.0000
vt 0.6375 0.0250 0.0000
vt 0.6125 0.0250 0.0000
vt 0.6250 0.0000 0.0000
vt 0.7000 0.0500 0.0000
vt 0.6750 0.0458 0.0000
vt 0.6750 0.0333 0.0000
vt 0.6875 0.0250 0.0000
vt 0.6625 0.0250 0.0000
vt 0.6750 0.0000 0.0000
vt 0.7500 0.0500 0.0000
vt 0.7250 0.0458 0.0000
vt 0.7250 0.0333 0.0000
vt 0.7375 0.0250 0.0000
vt 0.7125 0.0250 0.0000
vt 0.7250 0.0000 0.0000
vt 0.8000 0.0500 0.0000
vt 0.7750 0.0458 0.0000
vt 0.7750 0.0333 0.0000
vt 0.7875 0.0250 0.0000
vt 0.7625 0.0250 0.0000
vt 0.7750 0.0000 0.0000
vt 0.8500 0.0500 0.0000
vt 0.8250 0.0458 0.0000
vt 0.8250 0.0333 0.0000
vt 0.8375 0.0250 0.0000
vt 0.8125 0.0250 0.0000
vt 0.8250 0.0000 0.0000
vt 0.9000 0.0500 0.0000
vt 0.8750 0.0458 0.0000
vt 0.8750 0.0333 0.0000
vt 0.8875 0.0250 0.0000
vt 0.8625 0.0250 0.0000
vt 0.8750 0.0000 0.0000
vt 0.9500 0.0500 0.0000
vt 0.9250 0.0458 0.0000
vt 0.9250 0.0333 0.0000
vt 0.9375 0.0250 0.0000
vt 0.9125 0.0250 0.0000
vt 0.9250 0.0000 0.0000
vt 0.9750 0.0458 0.0000
vt 0.9750 0.0333 0.0000
vt 0.9875 0.0250 0.0000
vt 0.9625 0.0250 0.0000
vt 0.9750 0.0000 0.0000
vt 0.0250 0.9667 0.0000
vt 0.0125 0.9750 0.0000
vt 0.0375 0.9750 0.0000
vt 0.0250 1.0000 0.0000
vt 0.0750 0.9667 0.0000
vt 0.0625 0.9750 0.0000
vt 0.0875 0.9750 0.0000
vt 0.0750 1.0000 0.0000
vt 0.1250 0.9667 0.0000
vt 0.1125 0.9750 0.0000
vt 0.1375 0.9750 0.0000
vt 0.1250 1.0000 0.0000
vt 0.1750 0.9667 0.0000
vt 0.1625 0.9750 0.0000
vt 0.1875 0.9750 0.0000
vt 0.1750 1.0000 0.0000
vt 0.2250 0.9667 0.0000
vt 0.2125 0.9750 0.0000
vt 0.2375 0.9750 0.0000
vt 0.2250 1.0000 0.0000
vt 0.2750 0.9667 0.0000
vt 0.2625 0.9750 0.0000
vt 0.2875 0.9750 0.0000
vt 0.2750 1.0000 0.0000
vt 0.3250 0.9667 0.0000
vt 0.3125 0.9750 0.0000
vt 0.3375 0.9750 0.0000
vt 0.3250 1.0000 0.0000
vt 0.3750 0.9667 0.0000
vt 0.3625 0.9750 0.0000
vt 0.3875 0.9750 0.0000
vt 0.3750 1.0000 0.0000
vt 0.4250 0.9667 0.0000
vt 0.4125 0.9750 0.0000
vt 0.4375 0.9750 0.0000
vt 0.4250 1.0000 0.0000
vt 0.4750 0.9667 0.0000
vt 0.4625 0.9750 0.0000
vt 0.4875 0.9750 0.0000
vt 0.4750 1.0000 0.0000
vt 0.5250 0.9667 0.0000
vt 0.5125 0.9750 0.0000
vt 0.5375 0.9750 0.0000
vt 0.5250 1.0000 0.0000
vt 0.5750 0.9667 0.0000
vt 0.5625 0.9750 0.0000
vt 0.5875 0.9750 0.0000
vt 0.5750 1.0000 0.0000
vt 0.6250 0.9667 0.0000
vt 0.6125 0.9750 0.0000
vt 0.6375 0.9750 0.0000
vt 0.6250 1.0000 0.0000
vt 0.6750 0.9667 0.0000
vt 0.6625 0.9750 0.0000
vt 0.6875 0.9750 0.0000
vt 0.6750 1.0000 0.0000
vt 0.7250 0.9667 0.0000
vt 0.7125 0.9750 0.0000
vt 0.7375 0.9750 0.0000
vt 0.7250 1.0000 0.0000
vt 0.7750 0.9667 0.0000
vt 0.7625 0.9750 0.0000
vt 0.7875 0.9750 0.0000
vt 0.7750 1.0000 0.0000
vt 0.8250 0.9667 0.0000
vt 0.8125 0.9750 0.0000
vt 0.8375 0.9750 0.0000
vt 0.8250 1.0000 0.0000
vt 0.8750 0.9667 0.0000
vt 0.8625 0.9750 0.0000
vt 0.8875 0.9750 0.0000
vt 0.8750 1.0000 0.0000
vt 0.9250 0.9667 0.0000
vt 0.9125 0.9750 0.0000
vt 0.9375 0.9750 0.0000
vt 0.9250 1.0000 0.0000
vt 0.9750 0.9667 0.0000
vt 0.9625 0.9750 0.0000
vt 0.9875 0.9750 0.0000
vt 0.9750 1.0000 0.0000
vt 0.0250 0.0500 0.0000
vt 0.0750 0.0500 0.0000
vt 0.1250 0.0500 0.0000
vt 0.1750 0.0500 0.0000
vt 0.2250 0.0500 0.0000
vt 0.2750 0.0500 0.0000
vt 0.3250 0.0500 0.0000
vt 0.3750 0.0500 0.0000
vt 0.4250 0.0500 0.0000
vt 0.4750 0.0500 0.0000
vt 0.5250 0.0500 0.0000
vt 0.5750 0.0500 0.0000
vt 0.6250 0.0500 0.0000
vt 0.6750 0.0500 0.0000
vt 0.7250 0.0500 0.0000
vt 0.7750 0.0500 0.0000
vt 0.8250 0.0500 0.0000
vt 0.8750 0.0500 0.0000
vt 0.9250 0.0500 0.0000
vt 0.9750 0.0500 0.0000
vt 0.3750 0.3125 0.0000
vt 0.4000 0.3125 0.0000
vt 0.4000 0.6884 0.0000
vt 0.3750 0.6884 0.0000
vt 0.4250 0.3125 0.0000
vt 0.4250 0.6884 0.0000
vt 0.4500 0.3125 0.0000
vt 0.4500 0.6884 0.0000
vt 0.4750 0.3125 0.0000
vt 0.4750 0.6884 0.0000
vt 0.5000 0.3125 0.0000
vt 0.5000 0.6884 0.0000
vt 0.5250 0.3125 0.0000
vt 0.5250 0.6884 0.0000
vt 0.5500 0.3125 0.0000
vt 0.5500 0.6884 0.0000
vt 0.5750 0.3125 0.0000
vt 0.5750 0.6884 0.0000
vt 0.6000 0.3125 0.0000
vt 0.6000 0.6884 0.0000
vt 0.6250 0.3125 0.0000
vt 0.6250 0.6884 0.0000
vt 0.6264 0.0644 0.0000
vt 0.6562 0.1562 0.0000
vt 0.6264 0.2481 0.0000
vt 0.5483 0.3049 0.0000
vt 0.4517 0.3049 0.0000
vt 0.3736 0.2481 0.0000
vt 0.3438 0.1562 0.0000
vt 0.3736 0.0644 0.0000
vt 0.4517 0.0076 0.0000
vt 0.5483 0.0076 0.0000
vt 0.6264 0.9356 0.0000
vt 0.5483 0.9924 0.0000
vt 0.4517 0.9924 0.0000
vt 0.3736 0.9356 0.0000
vt 0.3438 0.8438 0.0000
vt 0.3736 0.7519 0.0000
vt 0.4517 0.6951 0.0000
vt 0.5483 0.6951 0.0000
vt 0.6264 0.7519 0.0000
vt 0.6562 0.8438 0.0000
# 1778 texture coords

o Balloon
g Balloon
usemtl Material__149
s off
f 1/1/1 2/2/2 3/3/3 
f 3/3/3 4/4/4 1/1/1 
f 2/2/2 5/5/5 6/6/6 
f 6/6/6 3/3/3 2/2/2 
f 3/3/3 6/6/6 7/7/7 
f 7/7/7 8/8/8 3/3/3 
f 4/4/4 3/3/3 8/8/8 
f 8/8/8 9/9/9 4/4/4 
f 5/5/5 10/10/10 11/11/11 
f 11/11/11 6/6/6 5/5/5 
f 10/10/10 12/12/12 13/13/13 
f 13/13/13 11/11/11 10/10/10 
f 11/11/11 13/13/13 14/14/14 
f 14/14/14 15/15/15 11/11/11 
f 6/6/6 11/11/11 15/15/15 
f 15/15/15 7/7/7 6/6/6 
f 12/12/12 16/16/16 17/17/17 
f 17/17/17 13/13/13 12/12/12 
f 16/16/16 18/18/18 19/19/19 
f 19/19/19 17/17/17 16/16/16 
f 17/17/17 19/19/19 20/20/20 
f 20/20/20 21/21/21 17/17/17 
f 13/13/13 17/17/17 21/21/21 
f 21/21/21 14/14/14 13/13/13 
f 18/18/18 22/22/22 23/23/23 
f 23/23/23 19/19/19 18/18/18 
f 22/22/22 24/24/24 25/25/25 
f 25/25/25 23/23/23 22/22/22 
f 23/23/23 25/25/25 26/26/26 
f 26/26/26 27/27/27 23/23/23 
f 19/19/19 23/23/23 27/27/27 
f 27/27/27 20/20/20 19/19/19 
f 24/24/24 28/28/28 29/29/29 
f 29/29/29 25/25/25 24/24/24 
f 28/28/28 30/30/30 31/31/31 
f 31/31/31 29/29/29 28/28/28 
f 29/29/29 31/31/31 32/32/32 
f 32/32/32 33/33/33 29/29/29 
f 25/25/25 29/29/29 33/33/33 
f 33/33/33 26/26/26 25/25/25 
f 30/30/30 34/34/34 35/35/35 
f 35/35/35 31/31/31 30/30/30 
f 34/34/34 36/36/36 37/37/37 
f 37/37/37 35/35/35 34/34/34 
f 35/35/35 37/37/37 38/38/38 
f 38/38/38 39/39/39 35/35/35 
f 31/31/31 35/35/35 39/39/39 
f 39/39/39 32/32/32 31/31/31 
f 36/36/36 40/40/40 41/41/41 
f 41/41/41 37/37/37 36/36/36 
f 40/40/40 42/42/42 43/43/43 
f 43/43/43 41/41/41 40/40/40 
f 41/41/41 43/43/43 44/44/44 
f 44/44/44 45/45/45 41/41/41 
f 37/37/37 41/41/41 45/45/45 
f 45/45/45 38/38/38 37/37/37 
f 42/42/42 46/46/46 47/47/47 
f 47/47/47 43/43/43 42/42/42 
f 46/46/46 48/48/48 49/49/49 
f 49/49/49 47/47/47 46/46/46 
f 47/47/47 49/49/49 50/50/50 
f 50/50/50 51/51/51 47/47/47 
f 43/43/43 47/47/47 51/51/51 
f 51/51/51 44/44/44 43/43/43 
f 48/48/48 52/52/52 53/53/53 
f 53/53/53 49/49/49 48/48/48 
f 52/52/52 54/54/54 55/55/55 
f 55/55/55 53/53/53 52/52/52 
f 53/53/53 55/55/55 56/56/56 
f 56/56/56 57/57/57 53/53/53 
f 49/49/49 53/53/53 57/57/57 
f 57/57/57 50/50/50 49/49/49 
f 54/54/54 58/58/58 59/59/59 
f 59/59/59 55/55/55 54/54/54 
f 58/58/58 60/60/60 61/61/61 
f 61/61/61 59/59/59 58/58/58 
f 59/59/59 61/61/61 62/62/62 
f 62/62/62 63/63/63 59/59/59 
f 55/55/55 59/59/59 63/63/63 
f 63/63/63 56/56/56 55/55/55 
f 60/60/60 64/64/64 65/65/65 
f 65/65/65 61/61/61 60/60/60 
f 64/64/64 66/66/66 67/67/67 
f 67/67/67 65/65/65 64/64/64 
f 65/65/65 67/67/67 68/68/68 
f 68/68/68 69/69/69 65/65/65 
f 61/61/61 65/65/65 69/69/69 
f 69/69/69 62/62/62 61/61/61 
f 66/66/66 70/70/70 71/71/71 
f 71/71/71 67/67/67 66/66/66 
f 70/70/70 72/72/72 73/73/73 
f 73/73/73 71/71/71 70/70/70 
f 71/71/71 73/73/73 74/74/74 
f 74/74/74 75/75/75 71/71/71 
f 67/67/67 71/71/71 75/75/75 
f 75/75/75 68/68/68 67/67/67 
f 72/72/72 76/76/76 77/77/77 
f 77/77/77 73/73/73 72/72/72 
f 76/76/76 78/78/78 79/79/79 
f 79/79/79 77/77/77 76/76/76 
f 77/77/77 79/79/79 80/80/80 
f 80/80/80 81/81/81 77/77/77 
f 73/73/73 77/77/77 81/81/81 
f 81/81/81 74/74/74 73/73/73 
f 78/78/78 82/82/82 83/83/83 
f 83/83/83 79/79/79 78/78/78 
f 82/82/82 84/84/84 85/85/85 
f 85/85/85 83/83/83 82/82/82 
f 83/83/83 85/85/85 86/86/86 
f 86/86/86 87/87/87 83/83/83 
f 79/79/79 83/83/83 87/87/87 
f 87/87/87 80/80/80 79/79/79 
f 84/84/84 88/88/88 89/89/89 
f 89/89/89 85/85/85 84/84/84 
f 88/88/88 90/90/90 91/91/91 
f 91/91/91 89/89/89 88/88/88 
f 89/89/89 91/91/91 92/92/92 
f 92/92/92 93/93/93 89/89/89 
f 85/85/85 89/89/89 93/93/93 
f 93/93/93 86/86/86 85/85/85 
f 90/90/90 94/94/94 95/95/95 
f 95/95/95 91/91/91 90/90/90 
f 94/94/94 96/96/96 97/97/97 
f 97/97/97 95/95/95 94/94/94 
f 95/95/95 97/97/97 98/98/98 
f 98/98/98 99/99/99 95/95/95 
f 91/91/91 95/95/95 99/99/99 
f 99/99/99 92/92/92 91/91/91 
f 96/96/96 100/100/100 101/101/101 
f 101/101/101 97/97/97 96/96/96 
f 100/100/100 102/102/102 103/103/103 
f 103/103/103 101/101/101 100/100/100 
f 101/101/101 103/103/103 104/104/104 
f 104/104/104 105/105/105 101/101/101 
f 97/97/97 101/101/101 105/105/105 
f 105/105/105 98/98/98 97/97/97 
f 102/102/102 106/106/106 107/107/107 
f 107/107/107 103/103/103 102/102/102 
f 106/106/106 108/108/108 109/109/109 
f 109/109/109 107/107/107 106/106/106 
f 107/107/107 109/109/109 110/110/110 
f 110/110/110 111/111/111 107/107/107 
f 103/103/103 107/107/107 111/111/111 
f 111/111/111 104/104/104 103/103/103 
f 108/108/108 112/112/112 113/113/113 
f 113/113/113 109/109/109 108/108/108 
f 112/112/112 114/114/114 115/115/115 
f 115/115/115 113/113/113 112/112/112 
f 113/113/113 115/115/115 116/116/116 
f 116/116/116 117/117/117 113/113/113 
f 109/109/109 113/113/113 117/117/117 
f 117/117/117 110/110/110 109/109/109 
f 114/114/114 118/118/118 119/119/119 
f 119/119/119 115/115/115 114/114/114 
f 118/118/118 1/120/1 4/121/4 
f 4/121/4 119/119/119 118/118/118 
f 119/119/119 4/121/4 9/122/9 
f 9/122/9 120/123/120 119/119/119 
f 115/115/115 119/119/119 120/123/120 
f 120/123/120 116/116/116 115/115/115 
f 9/9/9 8/8/8 121/124/121 
f 121/124/121 122/125/122 9/9/9 
f 8/8/8 7/7/7 123/126/123 
f 123/126/123 121/124/121 8/8/8 
f 121/124/121 123/126/123 124/127/124 
f 124/127/124 125/128/125 121/124/121 
f 122/125/122 121/124/121 125/128/125 
f 125/128/125 126/129/126 122/125/122 
f 7/7/7 15/15/15 127/130/127 
f 127/130/127 123/126/123 7/7/7 
f 15/15/15 14/14/14 128/131/128 
f 128/131/128 127/130/127 15/15/15 
f 127/130/127 128/131/128 129/132/129 
f 129/132/129 130/133/130 127/130/127 
f 123/126/123 127/130/127 130/133/130 
f 130/133/130 124/127/124 123/126/123 
f 14/14/14 21/21/21 131/134/131 
f 131/134/131 128/131/128 14/14/14 
f 21/21/21 20/20/20 132/135/132 
f 132/135/132 131/134/131 21/21/21 
f 131/134/131 132/135/132 133/136/133 
f 133/136/133 134/137/134 131/134/131 
f 128/131/128 131/134/131 134/137/134 
f 134/137/134 129/132/129 128/131/128 
f 20/20/20 27/27/27 135/138/135 
f 135/138/135 132/135/132 20/20/20 
f 27/27/27 26/26/26 136/139/136 
f 136/139/136 135/138/135 27/27/27 
f 135/138/135 136/139/136 137/140/137 
f 137/140/137 138/141/138 135/138/135 
f 132/135/132 135/138/135 138/141/138 
f 138/141/138 133/136/133 132/135/132 
f 26/26/26 33/33/33 139/142/139 
f 139/142/139 136/139/136 26/26/26 
f 33/33/33 32/32/32 140/143/140 
f 140/143/140 139/142/139 33/33/33 
f 139/142/139 140/143/140 141/144/141 
f 141/144/141 142/145/142 139/142/139 
f 136/139/136 139/142/139 142/145/142 
f 142/145/142 137/140/137 136/139/136 
f 32/32/32 39/39/39 143/146/143 
f 143/146/143 140/143/140 32/32/32 
f 39/39/39 38/38/38 144/147/144 
f 144/147/144 143/146/143 39/39/39 
f 143/146/143 144/147/144 145/148/145 
f 145/148/145 146/149/146 143/146/143 
f 140/143/140 143/146/143 146/149/146 
f 146/149/146 141/144/141 140/143/140 
f 38/38/38 45/45/45 147/150/147 
f 147/150/147 144/147/144 38/38/38 
f 45/45/45 44/44/44 148/151/148 
f 148/151/148 147/150/147 45/45/45 
f 147/150/147 148/151/148 149/152/149 
f 149/152/149 150/153/150 147/150/147 
f 144/147/144 147/150/147 150/153/150 
f 150/153/150 145/148/145 144/147/144 
f 44/44/44 51/51/51 151/154/151 
f 151/154/151 148/151/148 44/44/44 
f 51/51/51 50/50/50 152/155/152 
f 152/155/152 151/154/151 51/51/51 
f 151/154/151 152/155/152 153/156/153 
f 153/156/153 154/157/154 151/154/151 
f 148/151/148 151/154/151 154/157/154 
f 154/157/154 149/152/149 148/151/148 
f 50/50/50 57/57/57 155/158/155 
f 155/158/155 152/155/152 50/50/50 
f 57/57/57 56/56/56 156/159/156 
f 156/159/156 155/158/155 57/57/57 
f 155/158/155 156/159/156 157/160/157 
f 157/160/157 158/161/158 155/158/155 
f 152/155/152 155/158/155 158/161/158 
f 158/161/158 153/156/153 152/155/152 
f 56/56/56 63/63/63 159/162/159 
f 159/162/159 156/159/156 56/56/56 
f 63/63/63 62/62/62 160/163/160 
f 160/163/160 159/162/159 63/63/63 
f 159/162/159 160/163/160 161/164/161 
f 161/164/161 162/165/162 159/162/159 
f 156/159/156 159/162/159 162/165/162 
f 162/165/162 157/160/157 156/159/156 
f 62/62/62 69/69/69 163/166/163 
f 163/166/163 160/163/160 62/62/62 
f 69/69/69 68/68/68 164/167/164 
f 164/167/164 163/166/163 69/69/69 
f 163/166/163 164/167/164 165/168/165 
f 165/168/165 166/169/166 163/166/163 
f 160/163/160 163/166/163 166/169/166 
f 166/169/166 161/164/161 160/163/160 
f 68/68/68 75/75/75 167/170/167 
f 167/170/167 164/167/164 68/68/68 
f 75/75/75 74/74/74 168/171/168 
f 168/171/168 167/170/167 75/75/75 
f 167/170/167 168/171/168 169/172/169 
f 169/172/169 170/173/170 167/170/167 
f 164/167/164 167/170/167 170/173/170 
f 170/173/170 165/168/165 164/167/164 
f 74/74/74 81/81/81 171/174/171 
f 171/174/171 168/171/168 74/74/74 
f 81/81/81 80/80/80 172/175/172 
f 172/175/172 171/174/171 81/81/81 
f 171/174/171 172/175/172 173/176/173 
f 173/176/173 174/177/174 171/174/171 
f 168/171/168 171/174/171 174/177/174 
f 174/177/174 169/172/169 168/171/168 
f 80/80/80 87/87/87 175/178/175 
f 175/178/175 172/175/172 80/80/80 
f 87/87/87 86/86/86 176/179/176 
f 176/179/176 175/178/175 87/87/87 
f 175/178/175 176/179/176 177/180/177 
f 177/180/177 178/181/178 175/178/175 
f 172/175/172 175/178/175 178/181/178 
f 178/181/178 173/176/173 172/175/172 
f 86/86/86 93/93/93 179/182/179 
f 179/182/179 176/179/176 86/86/86 
f 93/93/93 92/92/92 180/183/180 
f 180/183/180 179/182/179 93/93/93 
f 179/182/179 180/183/180 181/184/181 
f 181/184/181 182/185/182 179/182/179 
f 176/179/176 179/182/179 182/185/182 
f 182/185/182 177/180/177 176/179/176 
f 92/92/92 99/99/99 183/186/183 
f 183/186/183 180/183/180 92/92/92 
f 99/99/99 98/98/98 184/187/184 
f 184/187/184 183/186/183 99/99/99 
f 183/186/183 184/187/184 185/188/185 
f 185/188/185 186/189/186 183/186/183 
f 180/183/180 183/186/183 186/189/186 
f 186/189/186 181/184/181 180/183/180 
f 98/98/98 105/105/105 187/190/187 
f 187/190/187 184/187/184 98/98/98 
f 105/105/105 104/104/104 188/191/188 
f 188/191/188 187/190/187 105/105/105 
f 187/190/187 188/191/188 189/192/189 
f 189/192/189 190/193/190 187/190/187 
f 184/187/184 187/190/187 190/193/190 
f 190/193/190 185/188/185 184/187/184 
f 104/104/104 111/111/111 191/194/191 
f 191/194/191 188/191/188 104/104/104 
f 111/111/111 110/110/110 192/195/192 
f 192/195/192 191/194/191 111/111/111 
f 191/194/191 192/195/192 193/196/193 
f 193/196/193 194/197/194 191/194/191 
f 188/191/188 191/194/191 194/197/194 
f 194/197/194 189/192/189 188/191/188 
f 110/110/110 117/117/117 195/198/195 
f 195/198/195 192/195/192 110/110/110 
f 117/117/117 116/116/116 196/199/196 
f 196/199/196 195/198/195 117/117/117 
f 195/198/195 196/199/196 197/200/197 
f 197/200/197 198/201/198 195/198/195 
f 192/195/192 195/198/195 198/201/198 
f 198/201/198 193/196/193 192/195/192 
f 116/116/116 120/123/120 199/202/199 
f 199/202/199 196/199/196 116/116/116 
f 120/123/120 9/122/9 122/203/122 
f 122/203/122 199/202/199 120/123/120 
f 199/202/199 122/203/122 126/204/126 
f 126/204/126 200/205/200 199/202/199 
f 196/199/196 199/202/199 200/205/200 
f 200/205/200 197/200/197 196/199/196 
f 126/129/126 125/128/125 201/206/201 
f 201/206/201 202/207/202 126/129/126 
f 125/128/125 124/127/124 203/208/203 
f 203/208/203 201/206/201 125/128/125 
f 201/206/201 203/208/203 204/209/204 
f 204/209/204 205/210/205 201/206/201 
f 202/207/202 201/206/201 205/210/205 
f 205/210/205 206/211/206 202/207/202 
f 124/127/124 130/133/130 207/212/207 
f 207/212/207 203/208/203 124/127/124 
f 130/133/130 129/132/129 208/213/208 
f 208/213/208 207/212/207 130/133/130 
f 207/212/207 208/213/208 209/214/209 
f 209/214/209 210/215/210 207/212/207 
f 203/208/203 207/212/207 210/215/210 
f 210/215/210 204/209/204 203/208/203 
f 129/132/129 134/137/134 211/216/211 
f 211/216/211 208/213/208 129/132/129 
f 134/137/134 133/136/133 212/217/212 
f 212/217/212 211/216/211 134/137/134 
f 211/216/211 212/217/212 213/218/213 
f 213/218/213 214/219/214 211/216/211 
f 208/213/208 211/216/211 214/219/214 
f 214/219/214 209/214/209 208/213/208 
f 133/136/133 138/141/138 215/220/215 
f 215/220/215 212/217/212 133/136/133 
f 138/141/138 137/140/137 216/221/216 
f 216/221/216 215/220/215 138/141/138 
f 215/220/215 216/221/216 217/222/217 
f 217/222/217 218/223/218 215/220/215 
f 212/217/212 215/220/215 218/223/218 
f 218/223/218 213/218/213 212/217/212 
f 137/140/137 142/145/142 219/224/219 
f 219/224/219 216/221/216 137/140/137 
f 142/145/142 141/144/141 220/225/220 
f 220/225/220 219/224/219 142/145/142 
f 219/224/219 220/225/220 221/226/221 
f 221/226/221 222/227/222 219/224/219 
f 216/221/216 219/224/219 222/227/222 
f 222/227/222 217/222/217 216/221/216 
f 141/144/141 146/149/146 223/228/223 
f 223/228/223 220/225/220 141/144/141 
f 146/149/146 145/148/145 224/229/224 
f 224/229/224 223/228/223 146/149/146 
f 223/228/223 224/229/224 225/230/225 
f 225/230/225 226/231/226 223/228/223 
f 220/225/220 223/228/223 226/231/226 
f 226/231/226 221/226/221 220/225/220 
f 145/148/145 150/153/150 227/232/227 
f 227/232/227 224/229/224 145/148/145 
f 150/153/150 149/152/149 228/233/228 
f 228/233/228 227/232/227 150/153/150 
f 227/232/227 228/233/228 229/234/229 
f 229/234/229 230/235/230 227/232/227 
f 224/229/224 227/232/227 230/235/230 
f 230/235/230 225/230/225 224/229/224 
f 149/152/149 154/157/154 231/236/231 
f 231/236/231 228/233/228 149/152/149 
f 154/157/154 153/156/153 232/237/232 
f 232/237/232 231/236/231 154/157/154 
f 231/236/231 232/237/232 233/238/233 
f 233/238/233 234/239/234 231/236/231 
f 228/233/228 231/236/231 234/239/234 
f 234/239/234 229/234/229 228/233/228 
f 153/156/153 158/161/158 235/240/235 
f 235/240/235 232/237/232 153/156/153 
f 158/161/158 157/160/157 236/241/236 
f 236/241/236 235/240/235 158/161/158 
f 235/240/235 236/241/236 237/242/237 
f 237/242/237 238/243/238 235/240/235 
f 232/237/232 235/240/235 238/243/238 
f 238/243/238 233/238/233 232/237/232 
f 157/160/157 162/165/162 239/244/239 
f 239/244/239 236/241/236 157/160/157 
f 162/165/162 161/164/161 240/245/240 
f 240/245/240 239/244/239 162/165/162 
f 239/244/239 240/245/240 241/246/241 
f 241/246/241 242/247/242 239/244/239 
f 236/241/236 239/244/239 242/247/242 
f 242/247/242 237/242/237 236/241/236 
f 161/164/161 166/169/166 243/248/243 
f 243/248/243 240/245/240 161/164/161 
f 166/169/166 165/168/165 244/249/244 
f 244/249/244 243/248/243 166/169/166 
f 243/248/243 244/249/244 245/250/245 
f 245/250/245 246/251/246 243/248/243 
f 240/245/240 243/248/243 246/251/246 
f 246/251/246 241/246/241 240/245/240 
f 165/168/165 170/173/170 247/252/247 
f 247/252/247 244/249/244 165/168/165 
f 170/173/170 169/172/169 248/253/248 
f 248/253/248 247/252/247 170/173/170 
f 247/252/247 248/253/248 249/254/249 
f 249/254/249 250/255/250 247/252/247 
f 244/249/244 247/252/247 250/255/250 
f 250/255/250 245/250/245 244/249/244 
f 169/172/169 174/177/174 251/256/251 
f 251/256/251 248/253/248 169/172/169 
f 174/177/174 173/176/173 252/257/252 
f 252/257/252 251/256/251 174/177/174 
f 251/256/251 252/257/252 253/258/253 
f 253/258/253 254/259/254 251/256/251 
f 248/253/248 251/256/251 254/259/254 
f 254/259/254 249/254/249 248/253/248 
f 173/176/173 178/181/178 255/260/255 
f 255/260/255 252/257/252 173/176/173 
f 178/181/178 177/180/177 256/261/256 
f 256/261/256 255/260/255 178/181/178 
f 255/260/255 256/261/256 257/262/257 
f 257/262/257 258/263/258 255/260/255 
f 252/257/252 255/260/255 258/263/258 
f 258/263/258 253/258/253 252/257/252 
f 177/180/177 182/185/182 259/264/259 
f 259/264/259 256/261/256 177/180/177 
f 182/185/182 181/184/181 260/265/260 
f 260/265/260 259/264/259 182/185/182 
f 259/264/259 260/265/260 261/266/261 
f 261/266/261 262/267/262 259/264/259 
f 256/261/256 259/264/259 262/267/262 
f 262/267/262 257/262/257 256/261/256 
f 181/184/181 186/189/186 263/268/263 
f 263/268/263 260/265/260 181/184/181 
f 186/189/186 185/188/185 264/269/264 
f 264/269/264 263/268/263 186/189/186 
f 263/268/263 264/269/264 265/270/265 
f 265/270/265 266/271/266 263/268/263 
f 260/265/260 263/268/263 266/271/266 
f 266/271/266 261/266/261 260/265/260 
f 185/188/185 190/193/190 267/272/267 
f 267/272/267 264/269/264 185/188/185 
f 190/193/190 189/192/189 268/273/268 
f 268/273/268 267/272/267 190/193/190 
f 267/272/267 268/273/268 269/274/269 
f 269/274/269 270/275/270 267/272/267 
f 264/269/264 267/272/267 270/275/270 
f 270/275/270 265/270/265 264/269/264 
f 189/192/189 194/197/194 271/276/271 
f 271/276/271 268/273/268 189/192/189 
f 194/197/194 193/196/193 272/277/272 
f 272/277/272 271/276/271 194/197/194 
f 271/276/271 272/277/272 273/278/273 
f 273/278/273 274/279/274 271/276/271 
f 268/273/268 271/276/271 274/279/274 
f 274/279/274 269/274/269 268/273/268 
f 193/196/193 198/201/198 275/280/275 
f 275/280/275 272/277/272 193/196/193 
f 198/201/198 197/200/197 276/281/276 
f 276/281/276 275/280/275 198/201/198 
f 275/280/275 276/281/276 277/282/277 
f 277/282/277 278/283/278 275/280/275 
f 272/277/272 275/280/275 278/283/278 
f 278/283/278 273/278/273 272/277/272 
f 197/200/197 200/205/200 279/284/279 
f 279/284/279 276/281/276 197/200/197 
f 200/205/200 126/204/126 202/285/202 
f 202/285/202 279/284/279 200/205/200 
f 279/284/279 202/285/202 206/286/206 
f 206/286/206 280/287/280 279/284/279 
f 276/281/276 279/284/279 280/287/280 
f 280/287/280 277/282/277 276/281/276 
f 206/211/206 205/210/205 281/288/281 
f 281/288/281 282/289/282 206/211/206 
f 205/210/205 204/209/204 283/290/283 
f 283/290/283 281/288/281 205/210/205 
f 281/288/281 283/290/283 284/291/284 
f 284/291/284 285/292/285 281/288/281 
f 282/289/282 281/288/281 285/292/285 
f 285/292/285 286/293/286 282/289/282 
f 204/209/204 210/215/210 287/294/287 
f 287/294/287 283/290/283 204/209/204 
f 210/215/210 209/214/209 288/295/288 
f 288/295/288 287/294/287 210/215/210 
f 287/294/287 288/295/288 289/296/289 
f 289/296/289 290/297/290 287/294/287 
f 283/290/283 287/294/287 290/297/290 
f 290/297/290 284/291/284 283/290/283 
f 209/214/209 214/219/214 291/298/291 
f 291/298/291 288/295/288 209/214/209 
f 214/219/214 213/218/213 292/299/292 
f 292/299/292 291/298/291 214/219/214 
f 291/298/291 292/299/292 293/300/293 
f 293/300/293 294/301/294 291/298/291 
f 288/295/288 291/298/291 294/301/294 
f 294/301/294 289/296/289 288/295/288 
f 213/218/213 218/223/218 295/302/295 
f 295/302/295 292/299/292 213/218/213 
f 218/223/218 217/222/217 296/303/296 
f 296/303/296 295/302/295 218/223/218 
f 295/302/295 296/303/296 297/304/297 
f 297/304/297 298/305/298 295/302/295 
f 292/299/292 295/302/295 298/305/298 
f 298/305/298 293/300/293 292/299/292 
f 217/222/217 222/227/222 299/306/299 
f 299/306/299 296/303/296 217/222/217 
f 222/227/222 221/226/221 300/307/300 
f 300/307/300 299/306/299 222/227/222 
f 299/306/299 300/307/300 301/308/301 
f 301/308/301 302/309/302 299/306/299 
f 296/303/296 299/306/299 302/309/302 
f 302/309/302 297/304/297 296/303/296 
f 221/226/221 226/231/226 303/310/303 
f 303/310/303 300/307/300 221/226/221 
f 226/231/226 225/230/225 304/311/304 
f 304/311/304 303/310/303 226/231/226 
f 303/310/303 304/311/304 305/312/305 
f 305/312/305 306/313/306 303/310/303 
f 300/307/300 303/310/303 306/313/306 
f 306/313/306 301/308/301 300/307/300 
f 225/230/225 230/235/230 307/314/307 
f 307/314/307 304/311/304 225/230/225 
f 230/235/230 229/234/229 308/315/308 
f 308/315/308 307/314/307 230/235/230 
f 307/314/307 308/315/308 309/316/309 
f 309/316/309 310/317/310 307/314/307 
f 304/311/304 307/314/307 310/317/310 
f 310/317/310 305/312/305 304/311/304 
f 229/234/229 234/239/234 311/318/311 
f 311/318/311 308/315/308 229/234/229 
f 234/239/234 233/238/233 312/319/312 
f 312/319/312 311/318/311 234/239/234 
f 311/318/311 312/319/312 313/320/313 
f 313/320/313 314/321/314 311/318/311 
f 308/315/308 311/318/311 314/321/314 
f 314/321/314 309/316/309 308/315/308 
f 233/238/233 238/243/238 315/322/315 
f 315/322/315 312/319/312 233/238/233 
f 238/243/238 237/242/237 316/323/316 
f 316/323/316 315/322/315 238/243/238 
f 315/322/315 316/323/316 317/324/317 
f 317/324/317 318/325/318 315/322/315 
f 312/319/312 315/322/315 318/325/318 
f 318/325/318 313/320/313 312/319/312 
f 237/242/237 242/247/242 319/326/319 
f 319/326/319 316/323/316 237/242/237 
f 242/247/242 241/246/241 320/327/320 
f 320/327/320 319/326/319 242/247/242 
f 319/326/319 320/327/320 321/328/321 
f 321/328/321 322/329/322 319/326/319 
f 316/323/316 319/326/319 322/329/322 
f 322/329/322 317/324/317 316/323/316 
f 241/246/241 246/251/246 323/330/323 
f 323/330/323 320/327/320 241/246/241 
f 246/251/246 245/250/245 324/331/324 
f 324/331/324 323/330/323 246/251/246 
f 323/330/323 324/331/324 325/332/325 
f 325/332/325 326/333/326 323/330/323 
f 320/327/320 323/330/323 326/333/326 
f 326/333/326 321/328/321 320/327/320 
f 245/250/245 250/255/250 327/334/327 
f 327/334/327 324/331/324 245/250/245 
f 250/255/250 249/254/249 328/335/328 
f 328/335/328 327/334/327 250/255/250 
f 327/334/327 328/335/328 329/336/329 
f 329/336/329 330/337/330 327/334/327 
f 324/331/324 327/334/327 330/337/330 
f 330/337/330 325/332/325 324/331/324 
f 249/254/249 254/259/254 331/338/331 
f 331/338/331 328/335/328 249/254/249 
f 254/259/254 253/258/253 332/339/332 
f 332/339/332 331/338/331 254/259/254 
f 331/338/331 332/339/332 333/340/333 
f 333/340/333 334/341/334 331/338/331 
f 328/335/328 331/338/331 334/341/334 
f 334/341/334 329/336/329 328/335/328 
f 253/258/253 258/263/258 335/342/335 
f 335/342/335 332/339/332 253/258/253 
f 258/263/258 257/262/257 336/343/336 
f 336/343/336 335/342/335 258/263/258 
f 335/342/335 336/343/336 337/344/337 
f 337/344/337 338/345/338 335/342/335 
f 332/339/332 335/342/335 338/345/338 
f 338/345/338 333/340/333 332/339/332 
f 257/262/257 262/267/262 339/346/339 
f 339/346/339 336/343/336 257/262/257 
f 262/267/262 261/266/261 340/347/340 
f 340/347/340 339/346/339 262/267/262 
f 339/346/339 340/347/340 341/348/341 
f 341/348/341 342/349/342 339/346/339 
f 336/343/336 339/346/339 342/349/342 
f 342/349/342 337/344/337 336/343/336 
f 261/266/261 266/271/266 343/350/343 
f 343/350/343 340/347/340 261/266/261 
f 266/271/266 265/270/265 344/351/344 
f 344/351/344 343/350/343 266/271/266 
f 343/350/343 344/351/344 345/352/345 
f 345/352/345 346/353/346 343/350/343 
f 340/347/340 343/350/343 346/353/346 
f 346/353/346 341/348/341 340/347/340 
f 265/270/265 270/275/270 347/354/347 
f 347/354/347 344/351/344 265/270/265 
f 270/275/270 269/274/269 348/355/348 
f 348/355/348 347/354/347 270/275/270 
f 347/354/347 348/355/348 349/356/349 
f 349/356/349 350/357/350 347/354/347 
f 344/351/344 347/354/347 350/357/350 
f 350/357/350 345/352/345 344/351/344 
f 269/274/269 274/279/274 351/358/351 
f 351/358/351 348/355/348 269/274/269 
f 274/279/274 273/278/273 352/359/352 
f 352/359/352 351/358/351 274/279/274 
f 351/358/351 352/359/352 353/360/353 
f 353/360/353 354/361/354 351/358/351 
f 348/355/348 351/358/351 354/361/354 
f 354/361/354 349/356/349 348/355/348 
f 273/278/273 278/283/278 355/362/355 
f 355/362/355 352/359/352 273/278/273 
f 278/283/278 277/282/277 356/363/356 
f 356/363/356 355/362/355 278/283/278 
f 355/362/355 356/363/356 357/364/357 
f 357/364/357 358/365/358 355/362/355 
f 352/359/352 355/362/355 358/365/358 
f 358/365/358 353/360/353 352/359/352 
f 277/282/277 280/287/280 359/366/359 
f 359/366/359 356/363/356 277/282/277 
f 280/287/280 206/286/206 282/367/282 
f 282/367/282 359/366/359 280/287/280 
f 359/366/359 282/367/282 286/368/286 
f 286/368/286 360/369/360 359/366/359 
f 356/363/356 359/366/359 360/369/360 
f 360/369/360 357/364/357 356/363/356 
f 286/293/286 285/292/285 361/370/361 
f 361/370/361 362/371/362 286/293/286 
f 285/292/285 284/291/284 363/372/363 
f 363/372/363 361/370/361 285/292/285 
f 361/370/361 363/372/363 364/373/364 
f 364/373/364 365/374/365 361/370/361 
f 362/371/362 361/370/361 365/374/365 
f 365/374/365 366/375/366 362/371/362 
f 284/291/284 290/297/290 367/376/367 
f 367/376/367 363/372/363 284/291/284 
f 290/297/290 289/296/289 368/377/368 
f 368/377/368 367/376/367 290/297/290 
f 367/376/367 368/377/368 369/378/369 
f 369/378/369 370/379/370 367/376/367 
f 363/372/363 367/376/367 370/379/370 
f 370/379/370 364/373/364 363/372/363 
f 289/296/289 294/301/294 371/380/371 
f 371/380/371 368/377/368 289/296/289 
f 294/301/294 293/300/293 372/381/372 
f 372/381/372 371/380/371 294/301/294 
f 371/380/371 372/381/372 373/382/373 
f 373/382/373 374/383/374 371/380/371 
f 368/377/368 371/380/371 374/383/374 
f 374/383/374 369/378/369 368/377/368 
f 293/300/293 298/305/298 375/384/375 
f 375/384/375 372/381/372 293/300/293 
f 298/305/298 297/304/297 376/385/376 
f 376/385/376 375/384/375 298/305/298 
f 375/384/375 376/385/376 377/386/377 
f 377/386/377 378/387/378 375/384/375 
f 372/381/372 375/384/375 378/387/378 
f 378/387/378 373/382/373 372/381/372 
f 297/304/297 302/309/302 379/388/379 
f 379/388/379 376/385/376 297/304/297 
f 302/309/302 301/308/301 380/389/380 
f 380/389/380 379/388/379 302/309/302 
f 379/388/379 380/389/380 381/390/381 
f 381/390/381 382/391/382 379/388/379 
f 376/385/376 379/388/379 382/391/382 
f 382/391/382 377/386/377 376/385/376 
f 301/308/301 306/313/306 383/392/383 
f 383/392/383 380/389/380 301/308/301 
f 306/313/306 305/312/305 384/393/384 
f 384/393/384 383/392/383 306/313/306 
f 383/392/383 384/393/384 385/394/385 
f 385/394/385 386/395/386 383/392/383 
f 380/389/380 383/392/383 386/395/386 
f 386/395/386 381/390/381 380/389/380 
f 305/312/305 310/317/310 387/396/387 
f 387/396/387 384/393/384 305/312/305 
f 310/317/310 309/316/309 388/397/388 
f 388/397/388 387/396/387 310/317/310 
f 387/396/387 388/397/388 389/398/389 
f 389/398/389 390/399/390 387/396/387 
f 384/393/384 387/396/387 390/399/390 
f 390/399/390 385/394/385 384/393/384 
f 309/316/309 314/321/314 391/400/391 
f 391/400/391 388/397/388 309/316/309 
f 314/321/314 313/320/313 392/401/392 
f 392/401/392 391/400/391 314/321/314 
f 391/400/391 392/401/392 393/402/393 
f 393/402/393 394/403/394 391/400/391 
f 388/397/388 391/400/391 394/403/394 
f 394/403/394 389/398/389 388/397/388 
f 313/320/313 318/325/318 395/404/395 
f 395/404/395 392/401/392 313/320/313 
f 318/325/318 317/324/317 396/405/396 
f 396/405/396 395/404/395 318/325/318 
f 395/404/395 396/405/396 397/406/397 
f 397/406/397 398/407/398 395/404/395 
f 392/401/392 395/404/395 398/407/398 
f 398/407/398 393/402/393 392/401/392 
f 317/324/317 322/329/322 399/408/399 
f 399/408/399 396/405/396 317/324/317 
f 322/329/322 321/328/321 400/409/400 
f 400/409/400 399/408/399 322/329/322 
f 399/408/399 400/409/400 401/410/401 
f 401/410/401 402/411/402 399/408/399 
f 396/405/396 399/408/399 402/411/402 
f 402/411/402 397/406/397 396/405/396 
f 321/328/321 326/333/326 403/412/403 
f 403/412/403 400/409/400 321/328/321 
f 326/333/326 325/332/325 404/413/404 
f 404/413/404 403/412/403 326/333/326 
f 403/412/403 404/413/404 405/414/405 
f 405/414/405 406/415/406 403/412/403 
f 400/409/400 403/412/403 406/415/406 
f 406/415/406 401/410/401 400/409/400 
f 325/332/325 330/337/330 407/416/407 
f 407/416/407 404/413/404 325/332/325 
f 330/337/330 329/336/329 408/417/408 
f 408/417/408 407/416/407 330/337/330 
f 407/416/407 408/417/408 409/418/409 
f 409/418/409 410/419/410 407/416/407 
f 404/413/404 407/416/407 410/419/410 
f 410/419/410 405/414/405 404/413/404 
f 329/336/329 334/341/334 411/420/411 
f 411/420/411 408/417/408 329/336/329 
f 334/341/334 333/340/333 412/421/412 
f 412/421/412 411/420/411 334/341/334 
f 411/420/411 412/421/412 413/422/413 
f 413/422/413 414/423/414 411/420/411 
f 408/417/408 411/420/411 414/423/414 
f 414/423/414 409/418/409 408/417/408 
f 333/340/333 338/345/338 415/424/415 
f 415/424/415 412/421/412 333/340/333 
f 338/345/338 337/344/337 416/425/416 
f 416/425/416 415/424/415 338/345/338 
f 415/424/415 416/425/416 417/426/417 
f 417/426/417 418/427/418 415/424/415 
f 412/421/412 415/424/415 418/427/418 
f 418/427/418 413/422/413 412/421/412 
f 337/344/337 342/349/342 419/428/419 
f 419/428/419 416/425/416 337/344/337 
f 342/349/342 341/348/341 420/429/420 
f 420/429/420 419/428/419 342/349/342 
f 419/428/419 420/429/420 421/430/421 
f 421/430/421 422/431/422 419/428/419 
f 416/425/416 419/428/419 422/431/422 
f 422/431/422 417/426/417 416/425/416 
f 341/348/341 346/353/346 423/432/423 
f 423/432/423 420/429/420 341/348/341 
f 346/353/346 345/352/345 424/433/424 
f 424/433/424 423/432/423 346/353/346 
f 423/432/423 424/433/424 425/434/425 
f 425/434/425 426/435/426 423/432/423 
f 420/429/420 423/432/423 426/435/426 
f 426/435/426 421/430/421 420/429/420 
f 345/352/345 350/357/350 427/436/427 
f 427/436/427 424/433/424 345/352/345 
f 350/357/350 349/356/349 428/437/428 
f 428/437/428 427/436/427 350/357/350 
f 427/436/427 428/437/428 429/438/429 
f 429/438/429 430/439/430 427/436/427 
f 424/433/424 427/436/427 430/439/430 
f 430/439/430 425/434/425 424/433/424 
f 349/356/349 354/361/354 431/440/431 
f 431/440/431 428/437/428 349/356/349 
f 354/361/354 353/360/353 432/441/432 
f 432/441/432 431/440/431 354/361/354 
f 431/440/431 432/441/432 433/442/433 
f 433/442/433 434/443/434 431/440/431 
f 428/437/428 431/440/431 434/443/434 
f 434/443/434 429/438/429 428/437/428 
f 353/360/353 358/365/358 435/444/435 
f 435/444/435 432/441/432 353/360/353 
f 358/365/358 357/364/357 436/445/436 
f 436/445/436 435/444/435 358/365/358 
f 435/444/435 436/445/436 437/446/437 
f 437/446/437 438/447/438 435/444/435 
f 432/441/432 435/444/435 438/447/438 
f 438/447/438 433/442/433 432/441/432 
f 357/364/357 360/369/360 439/448/439 
f 439/448/439 436/445/436 357/364/357 
f 360/369/360 286/368/286 362/449/362 
f 362/449/362 439/448/439 360/369/360 
f 439/448/439 362/449/362 366/450/366 
f 366/450/366 440/451/440 439/448/439 
f 436/445/436 439/448/439 440/451/440 
f 440/451/440 437/446/437 436/445/436 
f 366/375/366 365/374/365 441/452/441 
f 441/452/441 442/453/442 366/375/366 
f 365/374/365 364/373/364 443/454/443 
f 443/454/443 441/452/441 365/374/365 
f 441/452/441 443/454/443 444/455/444 
f 444/455/444 445/456/445 441/452/441 
f 442/453/442 441/452/441 445/456/445 
f 445/456/445 446/457/446 442/453/442 
f 364/373/364 370/379/370 447/458/447 
f 447/458/447 443/454/443 364/373/364 
f 370/379/370 369/378/369 448/459/448 
f 448/459/448 447/458/447 370/379/370 
f 447/458/447 448/459/448 449/460/449 
f 449/460/449 450/461/450 447/458/447 
f 443/454/443 447/458/447 450/461/450 
f 450/461/450 444/455/444 443/454/443 
f 369/378/369 374/383/374 451/462/451 
f 451/462/451 448/459/448 369/378/369 
f 374/383/374 373/382/373 452/463/452 
f 452/463/452 451/462/451 374/383/374 
f 451/462/451 452/463/452 453/464/453 
f 453/464/453 454/465/454 451/462/451 
f 448/459/448 451/462/451 454/465/454 
f 454/465/454 449/460/449 448/459/448 
f 373/382/373 378/387/378 455/466/455 
f 455/466/455 452/463/452 373/382/373 
f 378/387/378 377/386/377 456/467/456 
f 456/467/456 455/466/455 378/387/378 
f 455/466/455 456/467/456 457/468/457 
f 457/468/457 458/469/458 455/466/455 
f 452/463/452 455/466/455 458/469/458 
f 458/469/458 453/464/453 452/463/452 
f 377/386/377 382/391/382 459/470/459 
f 459/470/459 456/467/456 377/386/377 
f 382/391/382 381/390/381 460/471/460 
f 460/471/460 459/470/459 382/391/382 
f 459/470/459 460/471/460 461/472/461 
f 461/472/461 462/473/462 459/470/459 
f 456/467/456 459/470/459 462/473/462 
f 462/473/462 457/468/457 456/467/456 
f 381/390/381 386/395/386 463/474/463 
f 463/474/463 460/471/460 381/390/381 
f 386/395/386 385/394/385 464/475/464 
f 464/475/464 463/474/463 386/395/386 
f 463/474/463 464/475/464 465/476/465 
f 465/476/465 466/477/466 463/474/463 
f 460/471/460 463/474/463 466/477/466 
f 466/477/466 461/472/461 460/471/460 
f 385/394/385 390/399/390 467/478/467 
f 467/478/467 464/475/464 385/394/385 
f 390/399/390 389/398/389 468/479/468 
f 468/479/468 467/478/467 390/399/390 
f 467/478/467 468/479/468 469/480/469 
f 469/480/469 470/481/470 467/478/467 
f 464/475/464 467/478/467 470/481/470 
f 470/481/470 465/476/465 464/475/464 
f 389/398/389 394/403/394 471/482/471 
f 471/482/471 468/479/468 389/398/389 
f 394/403/394 393/402/393 472/483/472 
f 472/483/472 471/482/471 394/403/394 
f 471/482/471 472/483/472 473/484/473 
f 473/484/473 474/485/474 471/482/471 
f 468/479/468 471/482/471 474/485/474 
f 474/485/474 469/480/469 468/479/468 
f 393/402/393 398/407/398 475/486/475 
f 475/486/475 472/483/472 393/402/393 
f 398/407/398 397/406/397 476/487/476 
f 476/487/476 475/486/475 398/407/398 
f 475/486/475 476/487/476 477/488/477 
f 477/488/477 478/489/478 475/486/475 
f 472/483/472 475/486/475 478/489/478 
f 478/489/478 473/484/473 472/483/472 
f 397/406/397 402/411/402 479/490/479 
f 479/490/479 476/487/476 397/406/397 
f 402/411/402 401/410/401 480/491/480 
f 480/491/480 479/490/479 402/411/402 
f 479/490/479 480/491/480 481/492/481 
f 481/492/481 482/493/482 479/490/479 
f 476/487/476 479/490/479 482/493/482 
f 482/493/482 477/488/477 476/487/476 
f 401/410/401 406/415/406 483/494/483 
f 483/494/483 480/491/480 401/410/401 
f 406/415/406 405/414/405 484/495/484 
f 484/495/484 483/494/483 406/415/406 
f 483/494/483 484/495/484 485/496/485 
f 485/496/485 486/497/486 483/494/483 
f 480/491/480 483/494/483 486/497/486 
f 486/497/486 481/492/481 480/491/480 
f 405/414/405 410/419/410 487/498/487 
f 487/498/487 484/495/484 405/414/405 
f 410/419/410 409/418/409 488/499/488 
f 488/499/488 487/498/487 410/419/410 
f 487/498/487 488/499/488 489/500/489 
f 489/500/489 490/501/490 487/498/487 
f 484/495/484 487/498/487 490/501/490 
f 490/501/490 485/496/485 484/495/484 
f 409/418/409 414/423/414 491/502/491 
f 491/502/491 488/499/488 409/418/409 
f 414/423/414 413/422/413 492/503/492 
f 492/503/492 491/502/491 414/423/414 
f 491/502/491 492/503/492 493/504/493 
f 493/504/493 494/505/494 491/502/491 
f 488/499/488 491/502/491 494/505/494 
f 494/505/494 489/500/489 488/499/488 
f 413/422/413 418/427/418 495/506/495 
f 495/506/495 492/503/492 413/422/413 
f 418/427/418 417/426/417 496/507/496 
f 496/507/496 495/506/495 418/427/418 
f 495/506/495 496/507/496 497/508/497 
f 497/508/497 498/509/498 495/506/495 
f 492/503/492 495/506/495 498/509/498 
f 498/509/498 493/504/493 492/503/492 
f 417/426/417 422/431/422 499/510/499 
f 499/510/499 496/507/496 417/426/417 
f 422/431/422 421/430/421 500/511/500 
f 500/511/500 499/510/499 422/431/422 
f 499/510/499 500/511/500 501/512/501 
f 501/512/501 502/513/502 499/510/499 
f 496/507/496 499/510/499 502/513/502 
f 502/513/502 497/508/497 496/507/496 
f 421/430/421 426/435/426 503/514/503 
f 503/514/503 500/511/500 421/430/421 
f 426/435/426 425/434/425 504/515/504 
f 504/515/504 503/514/503 426/435/426 
f 503/514/503 504/515/504 505/516/505 
f 505/516/505 506/517/506 503/514/503 
f 500/511/500 503/514/503 506/517/506 
f 506/517/506 501/512/501 500/511/500 
f 425/434/425 430/439/430 507/518/507 
f 507/518/507 504/515/504 425/434/425 
f 430/439/430 429/438/429 508/519/508 
f 508/519/508 507/518/507 430/439/430 
f 507/518/507 508/519/508 509/520/509 
f 509/520/509 510/521/510 507/518/507 
f 504/515/504 507/518/507 510/521/510 
f 510/521/510 505/516/505 504/515/504 
f 429/438/429 434/443/434 511/522/511 
f 511/522/511 508/519/508 429/438/429 
f 434/443/434 433/442/433 512/523/512 
f 512/523/512 511/522/511 434/443/434 
f 511/522/511 512/523/512 513/524/513 
f 513/524/513 514/525/514 511/522/511 
f 508/519/508 511/522/511 514/525/514 
f 514/525/514 509/520/509 508/519/508 
f 433/442/433 438/447/438 515/526/515 
f 515/526/515 512/523/512 433/442/433 
f 438/447/438 437/446/437 516/527/516 
f 516/527/516 515/526/515 438/447/438 
f 515/526/515 516/527/516 517/528/517 
f 517/528/517 518/529/518 515/526/515 
f 512/523/512 515/526/515 518/529/518 
f 518/529/518 513/524/513 512/523/512 
f 437/446/437 440/451/440 519/530/519 
f 519/530/519 516/527/516 437/446/437 
f 440/451/440 366/450/366 442/531/442 
f 442/531/442 519/530/519 440/451/440 
f 519/530/519 442/531/442 446/532/446 
f 446/532/446 520/533/520 519/530/519 
f 516/527/516 519/530/519 520/533/520 
f 520/533/520 517/528/517 516/527/516 
f 446/457/446 445/456/445 521/534/521 
f 521/534/521 522/535/522 446/457/446 
f 445/456/445 444/455/444 523/536/523 
f 523/536/523 521/534/521 445/456/445 
f 521/534/521 523/536/523 524/537/524 
f 524/537/524 525/538/525 521/534/521 
f 522/535/522 521/534/521 525/538/525 
f 525/538/525 526/539/526 522/535/522 
f 444/455/444 450/461/450 527/540/527 
f 527/540/527 523/536/523 444/455/444 
f 450/461/450 449/460/449 528/541/528 
f 528/541/528 527/540/527 450/461/450 
f 527/540/527 528/541/528 529/542/529 
f 529/542/529 530/543/530 527/540/527 
f 523/536/523 527/540/527 530/543/530 
f 530/543/530 524/537/524 523/536/523 
f 449/460/449 454/465/454 531/544/531 
f 531/544/531 528/541/528 449/460/449 
f 454/465/454 453/464/453 532/545/532 
f 532/545/532 531/544/531 454/465/454 
f 531/544/531 532/545/532 533/546/533 
f 533/546/533 534/547/534 531/544/531 
f 528/541/528 531/544/531 534/547/534 
f 534/547/534 529/542/529 528/541/528 
f 453/464/453 458/469/458 535/548/535 
f 535/548/535 532/545/532 453/464/453 
f 458/469/458 457/468/457 536/549/536 
f 536/549/536 535/548/535 458/469/458 
f 535/548/535 536/549/536 537/550/537 
f 537/550/537 538/551/538 535/548/535 
f 532/545/532 535/548/535 538/551/538 
f 538/551/538 533/546/533 532/545/532 
f 457/468/457 462/473/462 539/552/539 
f 539/552/539 536/549/536 457/468/457 
f 462/473/462 461/472/461 540/553/540 
f 540/553/540 539/552/539 462/473/462 
f 539/552/539 540/553/540 541/554/541 
f 541/554/541 542/555/542 539/552/539 
f 536/549/536 539/552/539 542/555/542 
f 542/555/542 537/550/537 536/549/536 
f 461/472/461 466/477/466 543/556/543 
f 543/556/543 540/553/540 461/472/461 
f 466/477/466 465/476/465 544/557/544 
f 544/557/544 543/556/543 466/477/466 
f 543/556/543 544/557/544 545/558/545 
f 545/558/545 546/559/546 543/556/543 
f 540/553/540 543/556/543 546/559/546 
f 546/559/546 541/554/541 540/553/540 
f 465/476/465 470/481/470 547/560/547 
f 547/560/547 544/557/544 465/476/465 
f 470/481/470 469/480/469 548/561/548 
f 548/561/548 547/560/547 470/481/470 
f 547/560/547 548/561/548 549/562/549 
f 549/562/549 550/563/550 547/560/547 
f 544/557/544 547/560/547 550/563/550 
f 550/563/550 545/558/545 544/557/544 
f 469/480/469 474/485/474 551/564/551 
f 551/564/551 548/561/548 469/480/469 
f 474/485/474 473/484/473 552/565/552 
f 552/565/552 551/564/551 474/485/474 
f 551/564/551 552/565/552 553/566/553 
f 553/566/553 554/567/554 551/564/551 
f 548/561/548 551/564/551 554/567/554 
f 554/567/554 549/562/549 548/561/548 
f 473/484/473 478/489/478 555/568/555 
f 555/568/555 552/565/552 473/484/473 
f 478/489/478 477/488/477 556/569/556 
f 556/569/556 555/568/555 478/489/478 
f 555/568/555 556/569/556 557/570/557 
f 557/570/557 558/571/558 555/568/555 
f 552/565/552 555/568/555 558/571/558 
f 558/571/558 553/566/553 552/565/552 
f 477/488/477 482/493/482 559/572/559 
f 559/572/559 556/569/556 477/488/477 
f 482/493/482 481/492/481 560/573/560 
f 560/573/560 559/572/559 482/493/482 
f 559/572/559 560/573/560 561/574/561 
f 561/574/561 562/575/562 559/572/559 
f 556/569/556 559/572/559 562/575/562 
f 562/575/562 557/570/557 556/569/556 
f 481/492/481 486/497/486 563/576/563 
f 563/576/563 560/573/560 481/492/481 
f 486/497/486 485/496/485 564/577/564 
f 564/577/564 563/576/563 486/497/486 
f 563/576/563 564/577/564 565/578/565 
f 565/578/565 566/579/566 563/576/563 
f 560/573/560 563/576/563 566/579/566 
f 566/579/566 561/574/561 560/573/560 
f 485/496/485 490/501/490 567/580/567 
f 567/580/567 564/577/564 485/496/485 
f 490/501/490 489/500/489 568/581/568 
f 568/581/568 567/580/567 490/501/490 
f 567/580/567 568/581/568 569/582/569 
f 569/582/569 570/583/570 567/580/567 
f 564/577/564 567/580/567 570/583/570 
f 570/583/570 565/578/565 564/577/564 
f 489/500/489 494/505/494 571/584/571 
f 571/584/571 568/581/568 489/500/489 
f 494/505/494 493/504/493 572/585/572 
f 572/585/572 571/584/571 494/505/494 
f 571/584/571 572/585/572 573/586/573 
f 573/586/573 574/587/574 571/584/571 
f 568/581/568 571/584/571 574/587/574 
f 574/587/574 569/582/569 568/581/568 
f 493/504/493 498/509/498 575/588/575 
f 575/588/575 572/585/572 493/504/493 
f 498/509/498 497/508/497 576/589/576 
f 576/589/576 575/588/575 498/509/498 
f 575/588/575 576/589/576 577/590/577 
f 577/590/577 578/591/578 575/588/575 
f 572/585/572 575/588/575 578/591/578 
f 578/591/578 573/586/573 572/585/572 
f 497/508/497 502/513/502 579/592/579 
f 579/592/579 576/589/576 497/508/497 
f 502/513/502 501/512/501 580/593/580 
f 580/593/580 579/592/579 502/513/502 
f 579/592/579 580/593/580 581/594/581 
f 581/594/581 582/595/582 579/592/579 
f 576/589/576 579/592/579 582/595/582 
f 582/595/582 577/590/577 576/589/576 
f 501/512/501 506/517/506 583/596/583 
f 583/596/583 580/593/580 501/512/501 
f 506/517/506 505/516/505 584/597/584 
f 584/597/584 583/596/583 506/517/506 
f 583/596/583 584/597/584 585/598/585 
f 585/598/585 586/599/586 583/596/583 
f 580/593/580 583/596/583 586/599/586 
f 586/599/586 581/594/581 580/593/580 
f 505/516/505 510/521/510 587/600/587 
f 587/600/587 584/597/584 505/516/505 
f 510/521/510 509/520/509 588/601/588 
f 588/601/588 587/600/587 510/521/510 
f 587/600/587 588/601/588 589/602/589 
f 589/602/589 590/603/590 587/600/587 
f 584/597/584 587/600/587 590/603/590 
f 590/603/590 585/598/585 584/597/584 
f 509/520/509 514/525/514 591/604/591 
f 591/604/591 588/601/588 509/520/509 
f 514/525/514 513/524/513 592/605/592 
f 592/605/592 591/604/591 514/525/514 
f 591/604/591 592/605/592 593/606/593 
f 593/606/593 594/607/594 591/604/591 
f 588/601/588 591/604/591 594/607/594 
f 594/607/594 589/602/589 588/601/588 
f 513/524/513 518/529/518 595/608/595 
f 595/608/595 592/605/592 513/524/513 
f 518/529/518 517/528/517 596/609/596 
f 596/609/596 595/608/595 518/529/518 
f 595/608/595 596/609/596 597/610/597 
f 597/610/597 598/611/598 595/608/595 
f 592/605/592 595/608/595 598/611/598 
f 598/611/598 593/606/593 592/605/592 
f 517/528/517 520/533/520 599/612/599 
f 599/612/599 596/609/596 517/528/517 
f 520/533/520 446/532/446 522/613/522 
f 522/613/522 599/612/599 520/533/520 
f 599/612/599 522/613/522 526/614/526 
f 526/614/526 600/615/600 599/612/599 
f 596/609/596 599/612/599 600/615/600 
f 600/615/600 597/610/597 596/609/596 
f 526/539/526 525/538/525 601/616/601 
f 601/616/601 602/617/602 526/539/526 
f 525/538/525 524/537/524 603/618/603 
f 603/618/603 601/616/601 525/538/525 
f 601/616/601 603/618/603 604/619/604 
f 604/619/604 605/620/605 601/616/601 
f 602/617/602 601/616/601 605/620/605 
f 605/620/605 606/621/606 602/617/602 
f 524/537/524 530/543/530 607/622/607 
f 607/622/607 603/618/603 524/537/524 
f 530/543/530 529/542/529 608/623/608 
f 608/623/608 607/622/607 530/543/530 
f 607/622/607 608/623/608 609/624/609 
f 609/624/609 610/625/610 607/622/607 
f 603/618/603 607/622/607 610/625/610 
f 610/625/610 604/619/604 603/618/603 
f 529/542/529 534/547/534 611/626/611 
f 611/626/611 608/623/608 529/542/529 
f 534/547/534 533/546/533 612/627/612 
f 612/627/612 611/626/611 534/547/534 
f 611/626/611 612/627/612 613/628/613 
f 613/628/613 614/629/614 611/626/611 
f 608/623/608 611/626/611 614/629/614 
f 614/629/614 609/624/609 608/623/608 
f 533/546/533 538/551/538 615/630/615 
f 615/630/615 612/627/612 533/546/533 
f 538/551/538 537/550/537 616/631/616 
f 616/631/616 615/630/615 538/551/538 
f 615/630/615 616/631/616 617/632/617 
f 617/632/617 618/633/618 615/630/615 
f 612/627/612 615/630/615 618/633/618 
f 618/633/618 613/628/613 612/627/612 
f 537/550/537 542/555/542 619/634/619 
f 619/634/619 616/631/616 537/550/537 
f 542/555/542 541/554/541 620/635/620 
f 620/635/620 619/634/619 542/555/542 
f 619/634/619 620/635/620 621/636/621 
f 621/636/621 622/637/622 619/634/619 
f 616/631/616 619/634/619 622/637/622 
f 622/637/622 617/632/617 616/631/616 
f 541/554/541 546/559/546 623/638/623 
f 623/638/623 620/635/620 541/554/541 
f 546/559/546 545/558/545 624/639/624 
f 624/639/624 623/638/623 546/559/546 
f 623/638/623 624/639/624 625/640/625 
f 625/640/625 626/641/626 623/638/623 
f 620/635/620 623/638/623 626/641/626 
f 626/641/626 621/636/621 620/635/620 
f 545/558/545 550/563/550 627/642/627 
f 627/642/627 624/639/624 545/558/545 
f 550/563/550 549/562/549 628/643/628 
f 628/643/628 627/642/627 550/563/550 
f 627/642/627 628/643/628 629/644/629 
f 629/644/629 630/645/630 627/642/627 
f 624/639/624 627/642/627 630/645/630 
f 630/645/630 625/640/625 624/639/624 
f 549/562/549 554/567/554 631/646/631 
f 631/646/631 628/643/628 549/562/549 
f 554/567/554 553/566/553 632/647/632 
f 632/647/632 631/646/631 554/567/554 
f 631/646/631 632/647/632 633/648/633 
f 633/648/633 634/649/634 631/646/631 
f 628/643/628 631/646/631 634/649/634 
f 634/649/634 629/644/629 628/643/628 
f 553/566/553 558/571/558 635/650/635 
f 635/650/635 632/647/632 553/566/553 
f 558/571/558 557/570/557 636/651/636 
f 636/651/636 635/650/635 558/571/558 
f 635/650/635 636/651/636 637/652/637 
f 637/652/637 638/653/638 635/650/635 
f 632/647/632 635/650/635 638/653/638 
f 638/653/638 633/648/633 632/647/632 
f 557/570/557 562/575/562 639/654/639 
f 639/654/639 636/651/636 557/570/557 
f 562/575/562 561/574/561 640/655/640 
f 640/655/640 639/654/639 562/575/562 
f 639/654/639 640/655/640 641/656/641 
f 641/656/641 642/657/642 639/654/639 
f 636/651/636 639/654/639 642/657/642 
f 642/657/642 637/652/637 636/651/636 
f 561/574/561 566/579/566 643/658/643 
f 643/658/643 640/655/640 561/574/561 
f 566/579/566 565/578/565 644/659/644 
f 644/659/644 643/658/643 566/579/566 
f 643/658/643 644/659/644 645/660/645 
f 645/660/645 646/661/646 643/658/643 
f 640/655/640 643/658/643 646/661/646 
f 646/661/646 641/656/641 640/655/640 
f 565/578/565 570/583/570 647/662/647 
f 647/662/647 644/659/644 565/578/565 
f 570/583/570 569/582/569 648/663/648 
f 648/663/648 647/662/647 570/583/570 
f 647/662/647 648/663/648 649/664/649 
f 649/664/649 650/665/650 647/662/647 
f 644/659/644 647/662/647 650/665/650 
f 650/665/650 645/660/645 644/659/644 
f 569/582/569 574/587/574 651/666/651 
f 651/666/651 648/663/648 569/582/569 
f 574/587/574 573/586/573 652/667/652 
f 652/667/652 651/666/651 574/587/574 
f 651/666/651 652/667/652 653/668/653 
f 653/668/653 654/669/654 651/666/651 
f 648/663/648 651/666/651 654/669/654 
f 654/669/654 649/664/649 648/663/648 
f 573/586/573 578/591/578 655/670/655 
f 655/670/655 652/667/652 573/586/573 
f 578/591/578 577/590/577 656/671/656 
f 656/671/656 655/670/655 578/591/578 
f 655/670/655 656/671/656 657/672/657 
f 657/672/657 658/673/658 655/670/655 
f 652/667/652 655/670/655 658/673/658 
f 658/673/658 653/668/653 652/667/652 
f 577/590/577 582/595/582 659/674/659 
f 659/674/659 656/671/656 577/590/577 
f 582/595/582 581/594/581 660/675/660 
f 660/675/660 659/674/659 582/595/582 
f 659/674/659 660/675/660 661/676/661 
f 661/676/661 662/677/662 659/674/659 
f 656/671/656 659/674/659 662/677/662 
f 662/677/662 657/672/657 656/671/656 
f 581/594/581 586/599/586 663/678/663 
f 663/678/663 660/675/660 581/594/581 
f 586/599/586 585/598/585 664/679/664 
f 664/679/664 663/678/663 586/599/586 
f 663/678/663 664/679/664 665/680/665 
f 665/680/665 666/681/666 663/678/663 
f 660/675/660 663/678/663 666/681/666 
f 666/681/666 661/676/661 660/675/660 
f 585/598/585 590/603/590 667/682/667 
f 667/682/667 664/679/664 585/598/585 
f 590/603/590 589/602/589 668/683/668 
f 668/683/668 667/682/667 590/603/590 
f 667/682/667 668/683/668 669/684/669 
f 669/684/669 670/685/670 667/682/667 
f 664/679/664 667/682/667 670/685/670 
f 670/685/670 665/680/665 664/679/664 
f 589/602/589 594/607/594 671/686/671 
f 671/686/671 668/683/668 589/602/589 
f 594/607/594 593/606/593 672/687/672 
f 672/687/672 671/686/671 594/607/594 
f 671/686/671 672/687/672 673/688/673 
f 673/688/673 674/689/674 671/686/671 
f 668/683/668 671/686/671 674/689/674 
f 674/689/674 669/684/669 668/683/668 
f 593/606/593 598/611/598 675/690/675 
f 675/690/675 672/687/672 593/606/593 
f 598/611/598 597/610/597 676/691/676 
f 676/691/676 675/690/675 598/611/598 
f 675/690/675 676/691/676 677/692/677 
f 677/692/677 678/693/678 675/690/675 
f 672/687/672 675/690/675 678/693/678 
f 678/693/678 673/688/673 672/687/672 
f 597/610/597 600/615/600 679/694/679 
f 679/694/679 676/691/676 597/610/597 
f 600/615/600 526/614/526 602/695/602 
f 602/695/602 679/694/679 600/615/600 
f 679/694/679 602/695/602 606/696/606 
f 606/696/606 680/697/680 679/694/679 
f 676/691/676 679/694/679 680/697/680 
f 680/697/680 677/692/677 676/691/676 
f 606/621/606 605/620/605 681/698/681 
f 681/698/681 682/699/682 606/621/606 
f 605/620/605 604/619/604 683/700/683 
f 683/700/683 681/698/681 605/620/605 
f 681/698/681 683/700/683 684/701/684 
f 684/701/684 685/702/685 681/698/681 
f 682/699/682 681/698/681 685/702/685 
f 685/702/685 686/703/686 682/699/682 
f 604/619/604 610/625/610 687/704/687 
f 687/704/687 683/700/683 604/619/604 
f 610/625/610 609/624/609 688/705/688 
f 688/705/688 687/704/687 610/625/610 
f 687/704/687 688/705/688 689/706/689 
f 689/706/689 690/707/690 687/704/687 
f 683/700/683 687/704/687 690/707/690 
f 690/707/690 684/701/684 683/700/683 
f 609/624/609 614/629/614 691/708/691 
f 691/708/691 688/705/688 609/624/609 
f 614/629/614 613/628/613 692/709/692 
f 692/709/692 691/708/691 614/629/614 
f 691/708/691 692/709/692 693/710/693 
f 693/710/693 694/711/694 691/708/691 
f 688/705/688 691/708/691 694/711/694 
f 694/711/694 689/706/689 688/705/688 
f 613/628/613 618/633/618 695/712/695 
f 695/712/695 692/709/692 613/628/613 
f 618/633/618 617/632/617 696/713/696 
f 696/713/696 695/712/695 618/633/618 
f 695/712/695 696/713/696 697/714/697 
f 697/714/697 698/715/698 695/712/695 
f 692/709/692 695/712/695 698/715/698 
f 698/715/698 693/710/693 692/709/692 
f 617/632/617 622/637/622 699/716/699 
f 699/716/699 696/713/696 617/632/617 
f 622/637/622 621/636/621 700/717/700 
f 700/717/700 699/716/699 622/637/622 
f 699/716/699 700/717/700 701/718/701 
f 701/718/701 702/719/702 699/716/699 
f 696/713/696 699/716/699 702/719/702 
f 702/719/702 697/714/697 696/713/696 
f 621/636/621 626/641/626 703/720/703 
f 703/720/703 700/717/700 621/636/621 
f 626/641/626 625/640/625 704/721/704 
f 704/721/704 703/720/703 626/641/626 
f 703/720/703 704/721/704 705/722/705 
f 705/722/705 706/723/706 703/720/703 
f 700/717/700 703/720/703 706/723/706 
f 706/723/706 701/718/701 700/717/700 
f 625/640/625 630/645/630 707/724/707 
f 707/724/707 704/721/704 625/640/625 
f 630/645/630 629/644/629 708/725/708 
f 708/725/708 707/724/707 630/645/630 
f 707/724/707 708/725/708 709/726/709 
f 709/726/709 710/727/710 707/724/707 
f 704/721/704 707/724/707 710/727/710 
f 710/727/710 705/722/705 704/721/704 
f 629/644/629 634/649/634 711/728/711 
f 711/728/711 708/725/708 629/644/629 
f 634/649/634 633/648/633 712/729/712 
f 712/729/712 711/728/711 634/649/634 
f 711/728/711 712/729/712 713/730/713 
f 713/730/713 714/731/714 711/728/711 
f 708/725/708 711/728/711 714/731/714 
f 714/731/714 709/726/709 708/725/708 
f 633/648/633 638/653/638 715/732/715 
f 715/732/715 712/729/712 633/648/633 
f 638/653/638 637/652/637 716/733/716 
f 716/733/716 715/732/715 638/653/638 
f 715/732/715 716/733/716 717/734/717 
f 717/734/717 718/735/718 715/732/715 
f 712/729/712 715/732/715 718/735/718 
f 718/735/718 713/730/713 712/729/712 
f 637/652/637 642/657/642 719/736/719 
f 719/736/719 716/733/716 637/652/637 
f 642/657/642 641/656/641 720/737/720 
f 720/737/720 719/736/719 642/657/642 
f 719/736/719 720/737/720 721/738/721 
f 721/738/721 722/739/722 719/736/719 
f 716/733/716 719/736/719 722/739/722 
f 722/739/722 717/734/717 716/733/716 
f 641/656/641 646/661/646 723/740/723 
f 723/740/723 720/737/720 641/656/641 
f 646/661/646 645/660/645 724/741/724 
f 724/741/724 723/740/723 646/661/646 
f 723/740/723 724/741/724 725/742/725 
f 725/742/725 726/743/726 723/740/723 
f 720/737/720 723/740/723 726/743/726 
f 726/743/726 721/738/721 720/737/720 
f 645/660/645 650/665/650 727/744/727 
f 727/744/727 724/741/724 645/660/645 
f 650/665/650 649/664/649 728/745/728 
f 728/745/728 727/744/727 650/665/650 
f 727/744/727 728/745/728 729/746/729 
f 729/746/729 730/747/730 727/744/727 
f 724/741/724 727/744/727 730/747/730 
f 730/747/730 725/742/725 724/741/724 
f 649/664/649 654/669/654 731/748/731 
f 731/748/731 728/745/728 649/664/649 
f 654/669/654 653/668/653 732/749/732 
f 732/749/732 731/748/731 654/669/654 
f 731/748/731 732/749/732 733/750/733 
f 733/750/733 734/751/734 731/748/731 
f 728/745/728 731/748/731 734/751/734 
f 734/751/734 729/746/729 728/745/728 
f 653/668/653 658/673/658 735/752/735 
f 735/752/735 732/749/732 653/668/653 
f 658/673/658 657/672/657 736/753/736 
f 736/753/736 735/752/735 658/673/658 
f 735/752/735 736/753/736 737/754/737 
f 737/754/737 738/755/738 735/752/735 
f 732/749/732 735/752/735 738/755/738 
f 738/755/738 733/750/733 732/749/732 
f 657/672/657 662/677/662 739/756/739 
f 739/756/739 736/753/736 657/672/657 
f 662/677/662 661/676/661 740/757/740 
f 740/757/740 739/756/739 662/677/662 
f 739/756/739 740/757/740 741/758/741 
f 741/758/741 742/759/742 739/756/739 
f 736/753/736 739/756/739 742/759/742 
f 742/759/742 737/754/737 736/753/736 
f 661/676/661 666/681/666 743/760/743 
f 743/760/743 740/757/740 661/676/661 
f 666/681/666 665/680/665 744/761/744 
f 744/761/744 743/760/743 666/681/666 
f 743/760/743 744/761/744 745/762/745 
f 745/762/745 746/763/746 743/760/743 
f 740/757/740 743/760/743 746/763/746 
f 746/763/746 741/758/741 740/757/740 
f 665/680/665 670/685/670 747/764/747 
f 747/764/747 744/761/744 665/680/665 
f 670/685/670 669/684/669 748/765/748 
f 748/765/748 747/764/747 670/685/670 
f 747/764/747 748/765/748 749/766/749 
f 749/766/749 750/767/750 747/764/747 
f 744/761/744 747/764/747 750/767/750 
f 750/767/750 745/762/745 744/761/744 
f 669/684/669 674/689/674 751/768/751 
f 751/768/751 748/765/748 669/684/669 
f 674/689/674 673/688/673 752/769/752 
f 752/769/752 751/768/751 674/689/674 
f 751/768/751 752/769/752 753/770/753 
f 753/770/753 754/771/754 751/768/751 
f 748/765/748 751/768/751 754/771/754 
f 754/771/754 749/766/749 748/765/748 
f 673/688/673 678/693/678 755/772/755 
f 755/772/755 752/769/752 673/688/673 
f 678/693/678 677/692/677 756/773/756 
f 756/773/756 755/772/755 678/693/678 
f 755/772/755 756/773/756 757/774/757 
f 757/774/757 758/775/758 755/772/755 
f 752/769/752 755/772/755 758/775/758 
f 758/775/758 753/770/753 752/769/752 
f 677/692/677 680/697/680 759/776/759 
f 759/776/759 756/773/756 677/692/677 
f 680/697/680 606/696/606 682/777/682 
f 682/777/682 759/776/759 680/697/680 
f 759/776/759 682/777/682 686/778/686 
f 686/778/686 760/779/760 759/776/759 
f 756/773/756 759/776/759 760/779/760 
f 760/779/760 757/774/757 756/773/756 
f 686/703/686 685/702/685 761/780/761 
f 761/780/761 762/781/762 686/703/686 
f 685/702/685 684/701/684 763/782/763 
f 763/782/763 761/780/761 685/702/685 
f 761/780/761 763/782/763 764/783/764 
f 764/783/764 765/784/765 761/780/761 
f 762/781/762 761/780/761 765/784/765 
f 765/784/765 766/785/766 762/781/762 
f 684/701/684 690/707/690 767/786/767 
f 767/786/767 763/782/763 684/701/684 
f 690/707/690 689/706/689 768/787/768 
f 768/787/768 767/786/767 690/707/690 
f 767/786/767 768/787/768 769/788/769 
f 769/788/769 770/789/770 767/786/767 
f 763/782/763 767/786/767 770/789/770 
f 770/789/770 764/783/764 763/782/763 
f 689/706/689 694/711/694 771/790/771 
f 771/790/771 768/787/768 689/706/689 
f 694/711/694 693/710/693 772/791/772 
f 772/791/772 771/790/771 694/711/694 
f 771/790/771 772/791/772 773/792/773 
f 773/792/773 774/793/774 771/790/771 
f 768/787/768 771/790/771 774/793/774 
f 774/793/774 769/788/769 768/787/768 
f 693/710/693 698/715/698 775/794/775 
f 775/794/775 772/791/772 693/710/693 
f 698/715/698 697/714/697 776/795/776 
f 776/795/776 775/794/775 698/715/698 
f 775/794/775 776/795/776 777/796/777 
f 777/796/777 778/797/778 775/794/775 
f 772/791/772 775/794/775 778/797/778 
f 778/797/778 773/792/773 772/791/772 
f 697/714/697 702/719/702 779/798/779 
f 779/798/779 776/795/776 697/714/697 
f 702/719/702 701/718/701 780/799/780 
f 780/799/780 779/798/779 702/719/702 
f 779/798/779 780/799/780 781/800/781 
f 781/800/781 782/801/782 779/798/779 
f 776/795/776 779/798/779 782/801/782 
f 782/801/782 777/796/777 776/795/776 
f 701/718/701 706/723/706 783/802/783 
f 783/802/783 780/799/780 701/718/701 
f 706/723/706 705/722/705 784/803/784 
f 784/803/784 783/802/783 706/723/706 
f 783/802/783 784/803/784 785/804/785 
f 785/804/785 786/805/786 783/802/783 
f 780/799/780 783/802/783 786/805/786 
f 786/805/786 781/800/781 780/799/780 
f 705/722/705 710/727/710 787/806/787 
f 787/806/787 784/803/784 705/722/705 
f 710/727/710 709/726/709 788/807/788 
f 788/807/788 787/806/787 710/727/710 
f 787/806/787 788/807/788 789/808/789 
f 789/808/789 790/809/790 787/806/787 
f 784/803/784 787/806/787 790/809/790 
f 790/809/790 785/804/785 784/803/784 
f 709/726/709 714/731/714 791/810/791 
f 791/810/791 788/807/788 709/726/709 
f 714/731/714 713/730/713 792/811/792 
f 792/811/792 791/810/791 714/731/714 
f 791/810/791 792/811/792 793/812/793 
f 793/812/793 794/813/794 791/810/791 
f 788/807/788 791/810/791 794/813/794 
f 794/813/794 789/808/789 788/807/788 
f 713/730/713 718/735/718 795/814/795 
f 795/814/795 792/811/792 713/730/713 
f 718/735/718 717/734/717 796/815/796 
f 796/815/796 795/814/795 718/735/718 
f 795/814/795 796/815/796 797/816/797 
f 797/816/797 798/817/798 795/814/795 
f 792/811/792 795/814/795 798/817/798 
f 798/817/798 793/812/793 792/811/792 
f 717/734/717 722/739/722 799/818/799 
f 799/818/799 796/815/796 717/734/717 
f 722/739/722 721/738/721 800/819/800 
f 800/819/800 799/818/799 722/739/722 
f 799/818/799 800/819/800 801/820/801 
f 801/820/801 802/821/802 799/818/799 
f 796/815/796 799/818/799 802/821/802 
f 802/821/802 797/816/797 796/815/796 
f 721/738/721 726/743/726 803/822/803 
f 803/822/803 800/819/800 721/738/721 
f 726/743/726 725/742/725 804/823/804 
f 804/823/804 803/822/803 726/743/726 
f 803/822/803 804/823/804 805/824/805 
f 805/824/805 806/825/806 803/822/803 
f 800/819/800 803/822/803 806/825/806 
f 806/825/806 801/820/801 800/819/800 
f 725/742/725 730/747/730 807/826/807 
f 807/826/807 804/823/804 725/742/725 
f 730/747/730 729/746/729 808/827/808 
f 808/827/808 807/826/807 730/747/730 
f 807/826/807 808/827/808 809/828/809 
f 809/828/809 810/829/810 807/826/807 
f 804/823/804 807/826/807 810/829/810 
f 810/829/810 805/824/805 804/823/804 
f 729/746/729 734/751/734 811/830/811 
f 811/830/811 808/827/808 729/746/729 
f 734/751/734 733/750/733 812/831/812 
f 812/831/812 811/830/811 734/751/734 
f 811/830/811 812/831/812 813/832/813 
f 813/832/813 814/833/814 811/830/811 
f 808/827/808 811/830/811 814/833/814 
f 814/833/814 809/828/809 808/827/808 
f 733/750/733 738/755/738 815/834/815 
f 815/834/815 812/831/812 733/750/733 
f 738/755/738 737/754/737 816/835/816 
f 816/835/816 815/834/815 738/755/738 
f 815/834/815 816/835/816 817/836/817 
f 817/836/817 818/837/818 815/834/815 
f 812/831/812 815/834/815 818/837/818 
f 818/837/818 813/832/813 812/831/812 
f 737/754/737 742/759/742 819/838/819 
f 819/838/819 816/835/816 737/754/737 
f 742/759/742 741/758/741 820/839/820 
f 820/839/820 819/838/819 742/759/742 
f 819/838/819 820/839/820 821/840/821 
f 821/840/821 822/841/822 819/838/819 
f 816/835/816 819/838/819 822/841/822 
f 822/841/822 817/836/817 816/835/816 
f 741/758/741 746/763/746 823/842/823 
f 823/842/823 820/839/820 741/758/741 
f 746/763/746 745/762/745 824/843/824 
f 824/843/824 823/842/823 746/763/746 
f 823/842/823 824/843/824 825/844/825 
f 825/844/825 826/845/826 823/842/823 
f 820/839/820 823/842/823 826/845/826 
f 826/845/826 821/840/821 820/839/820 
f 745/762/745 750/767/750 827/846/827 
f 827/846/827 824/843/824 745/762/745 
f 750/767/750 749/766/749 828/847/828 
f 828/847/828 827/846/827 750/767/750 
f 827/846/827 828/847/828 829/848/829 
f 829/848/829 830/849/830 827/846/827 
f 824/843/824 827/846/827 830/849/830 
f 830/849/830 825/844/825 824/843/824 
f 749/766/749 754/771/754 831/850/831 
f 831/850/831 828/847/828 749/766/749 
f 754/771/754 753/770/753 832/851/832 
f 832/851/832 831/850/831 754/771/754 
f 831/850/831 832/851/832 833/852/833 
f 833/852/833 834/853/834 831/850/831 
f 828/847/828 831/850/831 834/853/834 
f 834/853/834 829/848/829 828/847/828 
f 753/770/753 758/775/758 835/854/835 
f 835/854/835 832/851/832 753/770/753 
f 758/775/758 757/774/757 836/855/836 
f 836/855/836 835/854/835 758/775/758 
f 835/854/835 836/855/836 837/856/837 
f 837/856/837 838/857/838 835/854/835 
f 832/851/832 835/854/835 838/857/838 
f 838/857/838 833/852/833 832/851/832 
f 757/774/757 760/779/760 839/858/839 
f 839/858/839 836/855/836 757/774/757 
f 760/779/760 686/778/686 762/859/762 
f 762/859/762 839/858/839 760/779/760 
f 839/858/839 762/859/762 766/860/766 
f 766/860/766 840/861/840 839/858/839 
f 836/855/836 839/858/839 840/861/840 
f 840/861/840 837/856/837 836/855/836 
f 766/785/766 765/784/765 841/862/841 
f 841/862/841 842/863/842 766/785/766 
f 765/784/765 764/783/764 843/864/843 
f 843/864/843 841/862/841 765/784/765 
f 841/862/841 843/864/843 844/865/844 
f 844/865/844 845/866/845 841/862/841 
f 842/863/842 841/862/841 845/866/845 
f 845/866/845 846/867/846 842/863/842 
f 764/783/764 770/789/770 847/868/847 
f 847/868/847 843/864/843 764/783/764 
f 770/789/770 769/788/769 848/869/848 
f 848/869/848 847/868/847 770/789/770 
f 847/868/847 848/869/848 849/870/849 
f 849/870/849 850/871/850 847/868/847 
f 843/864/843 847/868/847 850/871/850 
f 850/871/850 844/865/844 843/864/843 
f 769/788/769 774/793/774 851/872/851 
f 851/872/851 848/869/848 769/788/769 
f 774/793/774 773/792/773 852/873/852 
f 852/873/852 851/872/851 774/793/774 
f 851/872/851 852/873/852 853/874/853 
f 853/874/853 854/875/854 851/872/851 
f 848/869/848 851/872/851 854/875/854 
f 854/875/854 849/870/849 848/869/848 
f 773/792/773 778/797/778 855/876/855 
f 855/876/855 852/873/852 773/792/773 
f 778/797/778 777/796/777 856/877/856 
f 856/877/856 855/876/855 778/797/778 
f 855/876/855 856/877/856 857/878/857 
f 857/878/857 858/879/858 855/876/855 
f 852/873/852 855/876/855 858/879/858 
f 858/879/858 853/874/853 852/873/852 
f 777/796/777 782/801/782 859/880/859 
f 859/880/859 856/877/856 777/796/777 
f 782/801/782 781/800/781 860/881/860 
f 860/881/860 859/880/859 782/801/782 
f 859/880/859 860/881/860 861/882/861 
f 861/882/861 862/883/862 859/880/859 
f 856/877/856 859/880/859 862/883/862 
f 862/883/862 857/878/857 856/877/856 
f 781/800/781 786/805/786 863/884/863 
f 863/884/863 860/881/860 781/800/781 
f 786/805/786 785/804/785 864/885/864 
f 864/885/864 863/884/863 786/805/786 
f 863/884/863 864/885/864 865/886/865 
f 865/886/865 866/887/866 863/884/863 
f 860/881/860 863/884/863 866/887/866 
f 866/887/866 861/882/861 860/881/860 
f 785/804/785 790/809/790 867/888/867 
f 867/888/867 864/885/864 785/804/785 
f 790/809/790 789/808/789 868/889/868 
f 868/889/868 867/888/867 790/809/790 
f 867/888/867 868/889/868 869/890/869 
f 869/890/869 870/891/870 867/888/867 
f 864/885/864 867/888/867 870/891/870 
f 870/891/870 865/886/865 864/885/864 
f 789/808/789 794/813/794 871/892/871 
f 871/892/871 868/889/868 789/808/789 
f 794/813/794 793/812/793 872/893/872 
f 872/893/872 871/892/871 794/813/794 
f 871/892/871 872/893/872 873/894/873 
f 873/894/873 874/895/874 871/892/871 
f 868/889/868 871/892/871 874/895/874 
f 874/895/874 869/890/869 868/889/868 
f 793/812/793 798/817/798 875/896/875 
f 875/896/875 872/893/872 793/812/793 
f 798/817/798 797/816/797 876/897/876 
f 876/897/876 875/896/875 798/817/798 
f 875/896/875 876/897/876 877/898/877 
f 877/898/877 878/899/878 875/896/875 
f 872/893/872 875/896/875 878/899/878 
f 878/899/878 873/894/873 872/893/872 
f 797/816/797 802/821/802 879/900/879 
f 879/900/879 876/897/876 797/816/797 
f 802/821/802 801/820/801 880/901/880 
f 880/901/880 879/900/879 802/821/802 
f 879/900/879 880/901/880 881/902/881 
f 881/902/881 882/903/882 879/900/879 
f 876/897/876 879/900/879 882/903/882 
f 882/903/882 877/898/877 876/897/876 
f 801/820/801 806/825/806 883/904/883 
f 883/904/883 880/901/880 801/820/801 
f 806/825/806 805/824/805 884/905/884 
f 884/905/884 883/904/883 806/825/806 
f 883/904/883 884/905/884 885/906/885 
f 885/906/885 886/907/886 883/904/883 
f 880/901/880 883/904/883 886/907/886 
f 886/907/886 881/902/881 880/901/880 
f 805/824/805 810/829/810 887/908/887 
f 887/908/887 884/905/884 805/824/805 
f 810/829/810 809/828/809 888/909/888 
f 888/909/888 887/908/887 810/829/810 
f 887/908/887 888/909/888 889/910/889 
f 889/910/889 890/911/890 887/908/887 
f 884/905/884 887/908/887 890/911/890 
f 890/911/890 885/906/885 884/905/884 
f 809/828/809 814/833/814 891/912/891 
f 891/912/891 888/909/888 809/828/809 
f 814/833/814 813/832/813 892/913/892 
f 892/913/892 891/912/891 814/833/814 
f 891/912/891 892/913/892 893/914/893 
f 893/914/893 894/915/894 891/912/891 
f 888/909/888 891/912/891 894/915/894 
f 894/915/894 889/910/889 888/909/888 
f 813/832/813 818/837/818 895/916/895 
f 895/916/895 892/913/892 813/832/813 
f 818/837/818 817/836/817 896/917/896 
f 896/917/896 895/916/895 818/837/818 
f 895/916/895 896/917/896 897/918/897 
f 897/918/897 898/919/898 895/916/895 
f 892/913/892 895/916/895 898/919/898 
f 898/919/898 893/914/893 892/913/892 
f 817/836/817 822/841/822 899/920/899 
f 899/920/899 896/917/896 817/836/817 
f 822/841/822 821/840/821 900/921/900 
f 900/921/900 899/920/899 822/841/822 
f 899/920/899 900/921/900 901/922/901 
f 901/922/901 902/923/902 899/920/899 
f 896/917/896 899/920/899 902/923/902 
f 902/923/902 897/918/897 896/917/896 
f 821/840/821 826/845/826 903/924/903 
f 903/924/903 900/921/900 821/840/821 
f 826/845/826 825/844/825 904/925/904 
f 904/925/904 903/924/903 826/845/826 
f 903/924/903 904/925/904 905/926/905 
f 905/926/905 906/927/906 903/924/903 
f 900/921/900 903/924/903 906/927/906 
f 906/927/906 901/922/901 900/921/900 
f 825/844/825 830/849/830 907/928/907 
f 907/928/907 904/925/904 825/844/825 
f 830/849/830 829/848/829 908/929/908 
f 908/929/908 907/928/907 830/849/830 
f 907/928/907 908/929/908 909/930/909 
f 909/930/909 910/931/910 907/928/907 
f 904/925/904 907/928/907 910/931/910 
f 910/931/910 905/926/905 904/925/904 
f 829/848/829 834/853/834 911/932/911 
f 911/932/911 908/929/908 829/848/829 
f 834/853/834 833/852/833 912/933/912 
f 912/933/912 911/932/911 834/853/834 
f 911/932/911 912/933/912 913/934/913 
f 913/934/913 914/935/914 911/932/911 
f 908/929/908 911/932/911 914/935/914 
f 914/935/914 909/930/909 908/929/908 
f 833/852/833 838/857/838 915/936/915 
f 915/936/915 912/933/912 833/852/833 
f 838/857/838 837/856/837 916/937/916 
f 916/937/916 915/936/915 838/857/838 
f 915/936/915 916/937/916 917/938/917 
f 917/938/917 918/939/918 915/936/915 
f 912/933/912 915/936/915 918/939/918 
f 918/939/918 913/934/913 912/933/912 
f 837/856/837 840/861/840 919/940/919 
f 919/940/919 916/937/916 837/856/837 
f 840/861/840 766/860/766 842/941/842 
f 842/941/842 919/940/919 840/861/840 
f 919/940/919 842/941/842 846/942/846 
f 846/942/846 920/943/920 919/940/919 
f 916/937/916 919/940/919 920/943/920 
f 920/943/920 917/938/917 916/937/916 
f 846/867/846 845/866/845 921/944/921 
f 921/944/921 922/945/922 846/867/846 
f 845/866/845 844/865/844 923/946/923 
f 923/946/923 921/944/921 845/866/845 
f 921/944/921 923/946/923 924/947/924 
f 924/947/924 925/948/925 921/944/921 
f 922/945/922 921/944/921 925/948/925 
f 925/948/925 926/949/926 922/945/922 
f 844/865/844 850/871/850 927/950/927 
f 927/950/927 923/946/923 844/865/844 
f 850/871/850 849/870/849 928/951/928 
f 928/951/928 927/950/927 850/871/850 
f 927/950/927 928/951/928 929/952/929 
f 929/952/929 930/953/930 927/950/927 
f 923/946/923 927/950/927 930/953/930 
f 930/953/930 924/947/924 923/946/923 
f 849/870/849 854/875/854 931/954/931 
f 931/954/931 928/951/928 849/870/849 
f 854/875/854 853/874/853 932/955/932 
f 932/955/932 931/954/931 854/875/854 
f 931/954/931 932/955/932 933/956/933 
f 933/956/933 934/957/934 931/954/931 
f 928/951/928 931/954/931 934/957/934 
f 934/957/934 929/952/929 928/951/928 
f 853/874/853 858/879/858 935/958/935 
f 935/958/935 932/955/932 853/874/853 
f 858/879/858 857/878/857 936/959/936 
f 936/959/936 935/958/935 858/879/858 
f 935/958/935 936/959/936 937/960/937 
f 937/960/937 938/961/938 935/958/935 
f 932/955/932 935/958/935 938/961/938 
f 938/961/938 933/956/933 932/955/932 
f 857/878/857 862/883/862 939/962/939 
f 939/962/939 936/959/936 857/878/857 
f 862/883/862 861/882/861 940/963/940 
f 940/963/940 939/962/939 862/883/862 
f 939/962/939 940/963/940 941/964/941 
f 941/964/941 942/965/942 939/962/939 
f 936/959/936 939/962/939 942/965/942 
f 942/965/942 937/960/937 936/959/936 
f 861/882/861 866/887/866 943/966/943 
f 943/966/943 940/963/940 861/882/861 
f 866/887/866 865/886/865 944/967/944 
f 944/967/944 943/966/943 866/887/866 
f 943/966/943 944/967/944 945/968/945 
f 945/968/945 946/969/946 943/966/943 
f 940/963/940 943/966/943 946/969/946 
f 946/969/946 941/964/941 940/963/940 
f 865/886/865 870/891/870 947/970/947 
f 947/970/947 944/967/944 865/886/865 
f 870/891/870 869/890/869 948/971/948 
f 948/971/948 947/970/947 870/891/870 
f 947/970/947 948/971/948 949/972/949 
f 949/972/949 950/973/950 947/970/947 
f 944/967/944 947/970/947 950/973/950 
f 950/973/950 945/968/945 944/967/944 
f 869/890/869 874/895/874 951/974/951 
f 951/974/951 948/971/948 869/890/869 
f 874/895/874 873/894/873 952/975/952 
f 952/975/952 951/974/951 874/895/874 
f 951/974/951 952/975/952 953/976/953 
f 953/976/953 954/977/954 951/974/951 
f 948/971/948 951/974/951 954/977/954 
f 954/977/954 949/972/949 948/971/948 
f 873/894/873 878/899/878 955/978/955 
f 955/978/955 952/975/952 873/894/873 
f 878/899/878 877/898/877 956/979/956 
f 956/979/956 955/978/955 878/899/878 
f 955/978/955 956/979/956 957/980/957 
f 957/980/957 958/981/958 955/978/955 
f 952/975/952 955/978/955 958/981/958 
f 958/981/958 953/976/953 952/975/952 
f 877/898/877 882/903/882 959/982/959 
f 959/982/959 956/979/956 877/898/877 
f 882/903/882 881/902/881 960/983/960 
f 960/983/960 959/982/959 882/903/882 
f 959/982/959 960/983/960 961/984/961 
f 961/984/961 962/985/962 959/982/959 
f 956/979/956 959/982/959 962/985/962 
f 962/985/962 957/980/957 956/979/956 
f 881/902/881 886/907/886 963/986/963 
f 963/986/963 960/983/960 881/902/881 
f 886/907/886 885/906/885 964/987/964 
f 964/987/964 963/986/963 886/907/886 
f 963/986/963 964/987/964 965/988/965 
f 965/988/965 966/989/966 963/986/963 
f 960/983/960 963/986/963 966/989/966 
f 966/989/966 961/984/961 960/983/960 
f 885/906/885 890/911/890 967/990/967 
f 967/990/967 964/987/964 885/906/885 
f 890/911/890 889/910/889 968/991/968 
f 968/991/968 967/990/967 890/911/890 
f 967/990/967 968/991/968 969/992/969 
f 969/992/969 970/993/970 967/990/967 
f 964/987/964 967/990/967 970/993/970 
f 970/993/970 965/988/965 964/987/964 
f 889/910/889 894/915/894 971/994/971 
f 971/994/971 968/991/968 889/910/889 
f 894/915/894 893/914/893 972/995/972 
f 972/995/972 971/994/971 894/915/894 
f 971/994/971 972/995/972 973/996/973 
f 973/996/973 974/997/974 971/994/971 
f 968/991/968 971/994/971 974/997/974 
f 974/997/974 969/992/969 968/991/968 
f 893/914/893 898/919/898 975/998/975 
f 975/998/975 972/995/972 893/914/893 
f 898/919/898 897/918/897 976/999/976 
f 976/999/976 975/998/975 898/919/898 
f 975/998/975 976/999/976 977/1000/977 
f 977/1000/977 978/1001/978 975/998/975 
f 972/995/972 975/998/975 978/1001/978 
f 978/1001/978 973/996/973 972/995/972 
f 897/918/897 902/923/902 979/1002/979 
f 979/1002/979 976/999/976 897/918/897 
f 902/923/902 901/922/901 980/1003/980 
f 980/1003/980 979/1002/979 902/923/902 
f 979/1002/979 980/1003/980 981/1004/981 
f 981/1004/981 982/1005/982 979/1002/979 
f 976/999/976 979/1002/979 982/1005/982 
f 982/1005/982 977/1000/977 976/999/976 
f 901/922/901 906/927/906 983/1006/983 
f 983/1006/983 980/1003/980 901/922/901 
f 906/927/906 905/926/905 984/1007/984 
f 984/1007/984 983/1006/983 906/927/906 
f 983/1006/983 984/1007/984 985/1008/985 
f 985/1008/985 986/1009/986 983/1006/983 
f 980/1003/980 983/1006/983 986/1009/986 
f 986/1009/986 981/1004/981 980/1003/980 
f 905/926/905 910/931/910 987/1010/987 
f 987/1010/987 984/1007/984 905/926/905 
f 910/931/910 909/930/909 988/1011/988 
f 988/1011/988 987/1010/987 910/931/910 
f 987/1010/987 988/1011/988 989/1012/989 
f 989/1012/989 990/1013/990 987/1010/987 
f 984/1007/984 987/1010/987 990/1013/990 
f 990/1013/990 985/1008/985 984/1007/984 
f 909/930/909 914/935/914 991/1014/991 
f 991/1014/991 988/1011/988 909/930/909 
f 914/935/914 913/934/913 992/1015/992 
f 992/1015/992 991/1014/991 914/935/914 
f 991/1014/991 992/1015/992 993/1016/993 
f 993/1016/993 994/1017/994 991/1014/991 
f 988/1011/988 991/1014/991 994/1017/994 
f 994/1017/994 989/1012/989 988/1011/988 
f 913/934/913 918/939/918 995/1018/995 
f 995/1018/995 992/1015/992 913/934/913 
f 918/939/918 917/938/917 996/1019/996 
f 996/1019/996 995/1018/995 918/939/918 
f 995/1018/995 996/1019/996 997/1020/997 
f 997/1020/997 998/1021/998 995/1018/995 
f 992/1015/992 995/1018/995 998/1021/998 
f 998/1021/998 993/1016/993 992/1015/992 
f 917/938/917 920/943/920 999/1022/999 
f 999/1022/999 996/1019/996 917/938/917 
f 920/943/920 846/942/846 922/1023/922 
f 922/1023/922 999/1022/999 920/943/920 
f 999/1022/999 922/1023/922 926/1024/926 
f 926/1024/926 1000/1025/1000 999/1022/999 
f 996/1019/996 999/1022/999 1000/1025/1000 
f 1000/1025/1000 997/1020/997 996/1019/996 
f 926/949/926 925/948/925 1001/1026/1001 
f 1001/1026/1001 1002/1027/1002 926/949/926 
f 925/948/925 924/947/924 1003/1028/1003 
f 1003/1028/1003 1001/1026/1001 925/948/925 
f 1001/1026/1001 1003/1028/1003 1004/1029/1004 
f 1004/1029/1004 1005/1030/1005 1001/1026/1001 
f 1002/1027/1002 1001/1026/1001 1005/1030/1005 
f 1005/1030/1005 1006/1031/1006 1002/1027/1002 
f 924/947/924 930/953/930 1007/1032/1007 
f 1007/1032/1007 1003/1028/1003 924/947/924 
f 930/953/930 929/952/929 1008/1033/1008 
f 1008/1033/1008 1007/1032/1007 930/953/930 
f 1007/1032/1007 1008/1033/1008 1009/1034/1009 
f 1009/1034/1009 1010/1035/1010 1007/1032/1007 
f 1003/1028/1003 1007/1032/1007 1010/1035/1010 
f 1010/1035/1010 1004/1029/1004 1003/1028/1003 
f 929/952/929 934/957/934 1011/1036/1011 
f 1011/1036/1011 1008/1033/1008 929/952/929 
f 934/957/934 933/956/933 1012/1037/1012 
f 1012/1037/1012 1011/1036/1011 934/957/934 
f 1011/1036/1011 1012/1037/1012 1013/1038/1013 
f 1013/1038/1013 1014/1039/1014 1011/1036/1011 
f 1008/1033/1008 1011/1036/1011 1014/1039/1014 
f 1014/1039/1014 1009/1034/1009 1008/1033/1008 
f 933/956/933 938/961/938 1015/1040/1015 
f 1015/1040/1015 1012/1037/1012 933/956/933 
f 938/961/938 937/960/937 1016/1041/1016 
f 1016/1041/1016 1015/1040/1015 938/961/938 
f 1015/1040/1015 1016/1041/1016 1017/1042/1017 
f 1017/1042/1017 1018/1043/1018 1015/1040/1015 
f 1012/1037/1012 1015/1040/1015 1018/1043/1018 
f 1018/1043/1018 1013/1038/1013 1012/1037/1012 
f 937/960/937 942/965/942 1019/1044/1019 
f 1019/1044/1019 1016/1041/1016 937/960/937 
f 942/965/942 941/964/941 1020/1045/1020 
f 1020/1045/1020 1019/1044/1019 942/965/942 
f 1019/1044/1019 1020/1045/1020 1021/1046/1021 
f 1021/1046/1021 1022/1047/1022 1019/1044/1019 
f 1016/1041/1016 1019/1044/1019 1022/1047/1022 
f 1022/1047/1022 1017/1042/1017 1016/1041/1016 
f 941/964/941 946/969/946 1023/1048/1023 
f 1023/1048/1023 1020/1045/1020 941/964/941 
f 946/969/946 945/968/945 1024/1049/1024 
f 1024/1049/1024 1023/1048/1023 946/969/946 
f 1023/1048/1023 1024/1049/1024 1025/1050/1025 
f 1025/1050/1025 1026/1051/1026 1023/1048/1023 
f 1020/1045/1020 1023/1048/1023 1026/1051/1026 
f 1026/1051/1026 1021/1046/1021 1020/1045/1020 
f 945/968/945 950/973/950 1027/1052/1027 
f 1027/1052/1027 1024/1049/1024 945/968/945 
f 950/973/950 949/972/949 1028/1053/1028 
f 1028/1053/1028 1027/1052/1027 950/973/950 
f 1027/1052/1027 1028/1053/1028 1029/1054/1029 
f 1029/1054/1029 1030/1055/1030 1027/1052/1027 
f 1024/1049/1024 1027/1052/1027 1030/1055/1030 
f 1030/1055/1030 1025/1050/1025 1024/1049/1024 
f 949/972/949 954/977/954 1031/1056/1031 
f 1031/1056/1031 1028/1053/1028 949/972/949 
f 954/977/954 953/976/953 1032/1057/1032 
f 1032/1057/1032 1031/1056/1031 954/977/954 
f 1031/1056/1031 1032/1057/1032 1033/1058/1033 
f 1033/1058/1033 1034/1059/1034 1031/1056/1031 
f 1028/1053/1028 1031/1056/1031 1034/1059/1034 
f 1034/1059/1034 1029/1054/1029 1028/1053/1028 
f 953/976/953 958/981/958 1035/1060/1035 
f 1035/1060/1035 1032/1057/1032 953/976/953 
f 958/981/958 957/980/957 1036/1061/1036 
f 1036/1061/1036 1035/1060/1035 958/981/958 
f 1035/1060/1035 1036/1061/1036 1037/1062/1037 
f 1037/1062/1037 1038/1063/1038 1035/1060/1035 
f 1032/1057/1032 1035/1060/1035 1038/1063/1038 
f 1038/1063/1038 1033/1058/1033 1032/1057/1032 
f 957/980/957 962/985/962 1039/1064/1039 
f 1039/1064/1039 1036/1061/1036 957/980/957 
f 962/985/962 961/984/961 1040/1065/1040 
f 1040/1065/1040 1039/1064/1039 962/985/962 
f 1039/1064/1039 1040/1065/1040 1041/1066/1041 
f 1041/1066/1041 1042/1067/1042 1039/1064/1039 
f 1036/1061/1036 1039/1064/1039 1042/1067/1042 
f 1042/1067/1042 1037/1062/1037 1036/1061/1036 
f 961/984/961 966/989/966 1043/1068/1043 
f 1043/1068/1043 1040/1065/1040 961/984/961 
f 966/989/966 965/988/965 1044/1069/1044 
f 1044/1069/1044 1043/1068/1043 966/989/966 
f 1043/1068/1043 1044/1069/1044 1045/1070/1045 
f 1045/1070/1045 1046/1071/1046 1043/1068/1043 
f 1040/1065/1040 1043/1068/1043 1046/1071/1046 
f 1046/1071/1046 1041/1066/1041 1040/1065/1040 
f 965/988/965 970/993/970 1047/1072/1047 
f 1047/1072/1047 1044/1069/1044 965/988/965 
f 970/993/970 969/992/969 1048/1073/1048 
f 1048/1073/1048 1047/1072/1047 970/993/970 
f 1047/1072/1047 1048/1073/1048 1049/1074/1049 
f 1049/1074/1049 1050/1075/1050 1047/1072/1047 
f 1044/1069/1044 1047/1072/1047 1050/1075/1050 
f 1050/1075/1050 1045/1070/1045 1044/1069/1044 
f 969/992/969 974/997/974 1051/1076/1051 
f 1051/1076/1051 1048/1073/1048 969/992/969 
f 974/997/974 973/996/973 1052/1077/1052 
f 1052/1077/1052 1051/1076/1051 974/997/974 
f 1051/1076/1051 1052/1077/1052 1053/1078/1053 
f 1053/1078/1053 1054/1079/1054 1051/1076/1051 
f 1048/1073/1048 1051/1076/1051 1054/1079/1054 
f 1054/1079/1054 1049/1074/1049 1048/1073/1048 
f 973/996/973 978/1001/978 1055/1080/1055 
f 1055/1080/1055 1052/1077/1052 973/996/973 
f 978/1001/978 977/1000/977 1056/1081/1056 
f 1056/1081/1056 1055/1080/1055 978/1001/978 
f 1055/1080/1055 1056/1081/1056 1057/1082/1057 
f 1057/1082/1057 1058/1083/1058 1055/1080/1055 
f 1052/1077/1052 1055/1080/1055 1058/1083/1058 
f 1058/1083/1058 1053/1078/1053 1052/1077/1052 
f 977/1000/977 982/1005/982 1059/1084/1059 
f 1059/1084/1059 1056/1081/1056 977/1000/977 
f 982/1005/982 981/1004/981 1060/1085/1060 
f 1060/1085/1060 1059/1084/1059 982/1005/982 
f 1059/1084/1059 1060/1085/1060 1061/1086/1061 
f 1061/1086/1061 1062/1087/1062 1059/1084/1059 
f 1056/1081/1056 1059/1084/1059 1062/1087/1062 
f 1062/1087/1062 1057/1082/1057 1056/1081/1056 
f 981/1004/981 986/1009/986 1063/1088/1063 
f 1063/1088/1063 1060/1085/1060 981/1004/981 
f 986/1009/986 985/1008/985 1064/1089/1064 
f 1064/1089/1064 1063/1088/1063 986/1009/986 
f 1063/1088/1063 1064/1089/1064 1065/1090/1065 
f 1065/1090/1065 1066/1091/1066 1063/1088/1063 
f 1060/1085/1060 1063/1088/1063 1066/1091/1066 
f 1066/1091/1066 1061/1086/1061 1060/1085/1060 
f 985/1008/985 990/1013/990 1067/1092/1067 
f 1067/1092/1067 1064/1089/1064 985/1008/985 
f 990/1013/990 989/1012/989 1068/1093/1068 
f 1068/1093/1068 1067/1092/1067 990/1013/990 
f 1067/1092/1067 1068/1093/1068 1069/1094/1069 
f 1069/1094/1069 1070/1095/1070 1067/1092/1067 
f 1064/1089/1064 1067/1092/1067 1070/1095/1070 
f 1070/1095/1070 1065/1090/1065 1064/1089/1064 
f 989/1012/989 994/1017/994 1071/1096/1071 
f 1071/1096/1071 1068/1093/1068 989/1012/989 
f 994/1017/994 993/1016/993 1072/1097/1072 
f 1072/1097/1072 1071/1096/1071 994/1017/994 
f 1071/1096/1071 1072/1097/1072 1073/1098/1073 
f 1073/1098/1073 1074/1099/1074 1071/1096/1071 
f 1068/1093/1068 1071/1096/1071 1074/1099/1074 
f 1074/1099/1074 1069/1094/1069 1068/1093/1068 
f 993/1016/993 998/1021/998 1075/1100/1075 
f 1075/1100/1075 1072/1097/1072 993/1016/993 
f 998/1021/998 997/1020/997 1076/1101/1076 
f 1076/1101/1076 1075/1100/1075 998/1021/998 
f 1075/1100/1075 1076/1101/1076 1077/1102/1077 
f 1077/1102/1077 1078/1103/1078 1075/1100/1075 
f 1072/1097/1072 1075/1100/1075 1078/1103/1078 
f 1078/1103/1078 1073/1098/1073 1072/1097/1072 
f 997/1020/997 1000/1025/1000 1079/1104/1079 
f 1079/1104/1079 1076/1101/1076 997/1020/997 
f 1000/1025/1000 926/1024/926 1002/1105/1002 
f 1002/1105/1002 1079/1104/1079 1000/1025/1000 
f 1079/1104/1079 1002/1105/1002 1006/1106/1006 
f 1006/1106/1006 1080/1107/1080 1079/1104/1079 
f 1076/1101/1076 1079/1104/1079 1080/1107/1080 
f 1080/1107/1080 1077/1102/1077 1076/1101/1076 
f 1006/1031/1006 1005/1030/1005 1081/1108/1081 
f 1081/1108/1081 1082/1109/1082 1006/1031/1006 
f 1005/1030/1005 1004/1029/1004 1083/1110/1083 
f 1083/1110/1083 1081/1108/1081 1005/1030/1005 
f 1081/1108/1081 1083/1110/1083 1084/1111/1084 
f 1084/1111/1084 1085/1112/1085 1081/1108/1081 
f 1082/1109/1082 1081/1108/1081 1085/1112/1085 
f 1085/1112/1085 1086/1113/1086 1082/1109/1082 
f 1004/1029/1004 1010/1035/1010 1087/1114/1087 
f 1087/1114/1087 1083/1110/1083 1004/1029/1004 
f 1010/1035/1010 1009/1034/1009 1088/1115/1088 
f 1088/1115/1088 1087/1114/1087 1010/1035/1010 
f 1087/1114/1087 1088/1115/1088 1089/1116/1089 
f 1089/1116/1089 1090/1117/1090 1087/1114/1087 
f 1083/1110/1083 1087/1114/1087 1090/1117/1090 
f 1090/1117/1090 1084/1111/1084 1083/1110/1083 
f 1009/1034/1009 1014/1039/1014 1091/1118/1091 
f 1091/1118/1091 1088/1115/1088 1009/1034/1009 
f 1014/1039/1014 1013/1038/1013 1092/1119/1092 
f 1092/1119/1092 1091/1118/1091 1014/1039/1014 
f 1091/1118/1091 1092/1119/1092 1093/1120/1093 
f 1093/1120/1093 1094/1121/1094 1091/1118/1091 
f 1088/1115/1088 1091/1118/1091 1094/1121/1094 
f 1094/1121/1094 1089/1116/1089 1088/1115/1088 
f 1013/1038/1013 1018/1043/1018 1095/1122/1095 
f 1095/1122/1095 1092/1119/1092 1013/1038/1013 
f 1018/1043/1018 1017/1042/1017 1096/1123/1096 
f 1096/1123/1096 1095/1122/1095 1018/1043/1018 
f 1095/1122/1095 1096/1123/1096 1097/1124/1097 
f 1097/1124/1097 1098/1125/1098 1095/1122/1095 
f 1092/1119/1092 1095/1122/1095 1098/1125/1098 
f 1098/1125/1098 1093/1120/1093 1092/1119/1092 
f 1017/1042/1017 1022/1047/1022 1099/1126/1099 
f 1099/1126/1099 1096/1123/1096 1017/1042/1017 
f 1022/1047/1022 1021/1046/1021 1100/1127/1100 
f 1100/1127/1100 1099/1126/1099 1022/1047/1022 
f 1099/1126/1099 1100/1127/1100 1101/1128/1101 
f 1101/1128/1101 1102/1129/1102 1099/1126/1099 
f 1096/1123/1096 1099/1126/1099 1102/1129/1102 
f 1102/1129/1102 1097/1124/1097 1096/1123/1096 
f 1021/1046/1021 1026/1051/1026 1103/1130/1103 
f 1103/1130/1103 1100/1127/1100 1021/1046/1021 
f 1026/1051/1026 1025/1050/1025 1104/1131/1104 
f 1104/1131/1104 1103/1130/1103 1026/1051/1026 
f 1103/1130/1103 1104/1131/1104 1105/1132/1105 
f 1105/1132/1105 1106/1133/1106 1103/1130/1103 
f 1100/1127/1100 1103/1130/1103 1106/1133/1106 
f 1106/1133/1106 1101/1128/1101 1100/1127/1100 
f 1025/1050/1025 1030/1055/1030 1107/1134/1107 
f 1107/1134/1107 1104/1131/1104 1025/1050/1025 
f 1030/1055/1030 1029/1054/1029 1108/1135/1108 
f 1108/1135/1108 1107/1134/1107 1030/1055/1030 
f 1107/1134/1107 1108/1135/1108 1109/1136/1109 
f 1109/1136/1109 1110/1137/1110 1107/1134/1107 
f 1104/1131/1104 1107/1134/1107 1110/1137/1110 
f 1110/1137/1110 1105/1132/1105 1104/1131/1104 
f 1029/1054/1029 1034/1059/1034 1111/1138/1111 
f 1111/1138/1111 1108/1135/1108 1029/1054/1029 
f 1034/1059/1034 1033/1058/1033 1112/1139/1112 
f 1112/1139/1112 1111/1138/1111 1034/1059/1034 
f 1111/1138/1111 1112/1139/1112 1113/1140/1113 
f 1113/1140/1113 1114/1141/1114 1111/1138/1111 
f 1108/1135/1108 1111/1138/1111 1114/1141/1114 
f 1114/1141/1114 1109/1136/1109 1108/1135/1108 
f 1033/1058/1033 1038/1063/1038 1115/1142/1115 
f 1115/1142/1115 1112/1139/1112 1033/1058/1033 
f 1038/1063/1038 1037/1062/1037 1116/1143/1116 
f 1116/1143/1116 1115/1142/1115 1038/1063/1038 
f 1115/1142/1115 1116/1143/1116 1117/1144/1117 
f 1117/1144/1117 1118/1145/1118 1115/1142/1115 
f 1112/1139/1112 1115/1142/1115 1118/1145/1118 
f 1118/1145/1118 1113/1140/1113 1112/1139/1112 
f 1037/1062/1037 1042/1067/1042 1119/1146/1119 
f 1119/1146/1119 1116/1143/1116 1037/1062/1037 
f 1042/1067/1042 1041/1066/1041 1120/1147/1120 
f 1120/1147/1120 1119/1146/1119 1042/1067/1042 
f 1119/1146/1119 1120/1147/1120 1121/1148/1121 
f 1121/1148/1121 1122/1149/1122 1119/1146/1119 
f 1116/1143/1116 1119/1146/1119 1122/1149/1122 
f 1122/1149/1122 1117/1144/1117 1116/1143/1116 
f 1041/1066/1041 1046/1071/1046 1123/1150/1123 
f 1123/1150/1123 1120/1147/1120 1041/1066/1041 
f 1046/1071/1046 1045/1070/1045 1124/1151/1124 
f 1124/1151/1124 1123/1150/1123 1046/1071/1046 
f 1123/1150/1123 1124/1151/1124 1125/1152/1125 
f 1125/1152/1125 1126/1153/1126 1123/1150/1123 
f 1120/1147/1120 1123/1150/1123 1126/1153/1126 
f 1126/1153/1126 1121/1148/1121 1120/1147/1120 
f 1045/1070/1045 1050/1075/1050 1127/1154/1127 
f 1127/1154/1127 1124/1151/1124 1045/1070/1045 
f 1050/1075/1050 1049/1074/1049 1128/1155/1128 
f 1128/1155/1128 1127/1154/1127 1050/1075/1050 
f 1127/1154/1127 1128/1155/1128 1129/1156/1129 
f 1129/1156/1129 1130/1157/1130 1127/1154/1127 
f 1124/1151/1124 1127/1154/1127 1130/1157/1130 
f 1130/1157/1130 1125/1152/1125 1124/1151/1124 
f 1049/1074/1049 1054/1079/1054 1131/1158/1131 
f 1131/1158/1131 1128/1155/1128 1049/1074/1049 
f 1054/1079/1054 1053/1078/1053 1132/1159/1132 
f 1132/1159/1132 1131/1158/1131 1054/1079/1054 
f 1131/1158/1131 1132/1159/1132 1133/1160/1133 
f 1133/1160/1133 1134/1161/1134 1131/1158/1131 
f 1128/1155/1128 1131/1158/1131 1134/1161/1134 
f 1134/1161/1134 1129/1156/1129 1128/1155/1128 
f 1053/1078/1053 1058/1083/1058 1135/1162/1135 
f 1135/1162/1135 1132/1159/1132 1053/1078/1053 
f 1058/1083/1058 1057/1082/1057 1136/1163/1136 
f 1136/1163/1136 1135/1162/1135 1058/1083/1058 
f 1135/1162/1135 1136/1163/1136 1137/1164/1137 
f 1137/1164/1137 1138/1165/1138 1135/1162/1135 
f 1132/1159/1132 1135/1162/1135 1138/1165/1138 
f 1138/1165/1138 1133/1160/1133 1132/1159/1132 
f 1057/1082/1057 1062/1087/1062 1139/1166/1139 
f 1139/1166/1139 1136/1163/1136 1057/1082/1057 
f 1062/1087/1062 1061/1086/1061 1140/1167/1140 
f 1140/1167/1140 1139/1166/1139 1062/1087/1062 
f 1139/1166/1139 1140/1167/1140 1141/1168/1141 
f 1141/1168/1141 1142/1169/1142 1139/1166/1139 
f 1136/1163/1136 1139/1166/1139 1142/1169/1142 
f 1142/1169/1142 1137/1164/1137 1136/1163/1136 
f 1061/1086/1061 1066/1091/1066 1143/1170/1143 
f 1143/1170/1143 1140/1167/1140 1061/1086/1061 
f 1066/1091/1066 1065/1090/1065 1144/1171/1144 
f 1144/1171/1144 1143/1170/1143 1066/1091/1066 
f 1143/1170/1143 1144/1171/1144 1145/1172/1145 
f 1145/1172/1145 1146/1173/1146 1143/1170/1143 
f 1140/1167/1140 1143/1170/1143 1146/1173/1146 
f 1146/1173/1146 1141/1168/1141 1140/1167/1140 
f 1065/1090/1065 1070/1095/1070 1147/1174/1147 
f 1147/1174/1147 1144/1171/1144 1065/1090/1065 
f 1070/1095/1070 1069/1094/1069 1148/1175/1148 
f 1148/1175/1148 1147/1174/1147 1070/1095/1070 
f 1147/1174/1147 1148/1175/1148 1149/1176/1149 
f 1149/1176/1149 1150/1177/1150 1147/1174/1147 
f 1144/1171/1144 1147/1174/1147 1150/1177/1150 
f 1150/1177/1150 1145/1172/1145 1144/1171/1144 
f 1069/1094/1069 1074/1099/1074 1151/1178/1151 
f 1151/1178/1151 1148/1175/1148 1069/1094/1069 
f 1074/1099/1074 1073/1098/1073 1152/1179/1152 
f 1152/1179/1152 1151/1178/1151 1074/1099/1074 
f 1151/1178/1151 1152/1179/1152 1153/1180/1153 
f 1153/1180/1153 1154/1181/1154 1151/1178/1151 
f 1148/1175/1148 1151/1178/1151 1154/1181/1154 
f 1154/1181/1154 1149/1176/1149 1148/1175/1148 
f 1073/1098/1073 1078/1103/1078 1155/1182/1155 
f 1155/1182/1155 1152/1179/1152 1073/1098/1073 
f 1078/1103/1078 1077/1102/1077 1156/1183/1156 
f 1156/1183/1156 1155/1182/1155 1078/1103/1078 
f 1155/1182/1155 1156/1183/1156 1157/1184/1157 
f 1157/1184/1157 1158/1185/1158 1155/1182/1155 
f 1152/1179/1152 1155/1182/1155 1158/1185/1158 
f 1158/1185/1158 1153/1180/1153 1152/1179/1152 
f 1077/1102/1077 1080/1107/1080 1159/1186/1159 
f 1159/1186/1159 1156/1183/1156 1077/1102/1077 
f 1080/1107/1080 1006/1106/1006 1082/1187/1082 
f 1082/1187/1082 1159/1186/1159 1080/1107/1080 
f 1159/1186/1159 1082/1187/1082 1086/1188/1086 
f 1086/1188/1086 1160/1189/1160 1159/1186/1159 
f 1156/1183/1156 1159/1186/1159 1160/1189/1160 
f 1160/1189/1160 1157/1184/1157 1156/1183/1156 
f 1086/1113/1086 1085/1112/1085 1161/1190/1161 
f 1161/1190/1161 1162/1191/1162 1086/1113/1086 
f 1085/1112/1085 1084/1111/1084 1163/1192/1163 
f 1163/1192/1163 1161/1190/1161 1085/1112/1085 
f 1161/1190/1161 1163/1192/1163 1164/1193/1164 
f 1164/1193/1164 1165/1194/1165 1161/1190/1161 
f 1162/1191/1162 1161/1190/1161 1165/1194/1165 
f 1165/1194/1165 1166/1195/1166 1162/1191/1162 
f 1084/1111/1084 1090/1117/1090 1167/1196/1167 
f 1167/1196/1167 1163/1192/1163 1084/1111/1084 
f 1090/1117/1090 1089/1116/1089 1168/1197/1168 
f 1168/1197/1168 1167/1196/1167 1090/1117/1090 
f 1167/1196/1167 1168/1197/1168 1169/1198/1169 
f 1169/1198/1169 1170/1199/1170 1167/1196/1167 
f 1163/1192/1163 1167/1196/1167 1170/1199/1170 
f 1170/1199/1170 1164/1193/1164 1163/1192/1163 
f 1089/1116/1089 1094/1121/1094 1171/1200/1171 
f 1171/1200/1171 1168/1197/1168 1089/1116/1089 
f 1094/1121/1094 1093/1120/1093 1172/1201/1172 
f 1172/1201/1172 1171/1200/1171 1094/1121/1094 
f 1171/1200/1171 1172/1201/1172 1173/1202/1173 
f 1173/1202/1173 1174/1203/1174 1171/1200/1171 
f 1168/1197/1168 1171/1200/1171 1174/1203/1174 
f 1174/1203/1174 1169/1198/1169 1168/1197/1168 
f 1093/1120/1093 1098/1125/1098 1175/1204/1175 
f 1175/1204/1175 1172/1201/1172 1093/1120/1093 
f 1098/1125/1098 1097/1124/1097 1176/1205/1176 
f 1176/1205/1176 1175/1204/1175 1098/1125/1098 
f 1175/1204/1175 1176/1205/1176 1177/1206/1177 
f 1177/1206/1177 1178/1207/1178 1175/1204/1175 
f 1172/1201/1172 1175/1204/1175 1178/1207/1178 
f 1178/1207/1178 1173/1202/1173 1172/1201/1172 
f 1097/1124/1097 1102/1129/1102 1179/1208/1179 
f 1179/1208/1179 1176/1205/1176 1097/1124/1097 
f 1102/1129/1102 1101/1128/1101 1180/1209/1180 
f 1180/1209/1180 1179/1208/1179 1102/1129/1102 
f 1179/1208/1179 1180/1209/1180 1181/1210/1181 
f 1181/1210/1181 1182/1211/1182 1179/1208/1179 
f 1176/1205/1176 1179/1208/1179 1182/1211/1182 
f 1182/1211/1182 1177/1206/1177 1176/1205/1176 
f 1101/1128/1101 1106/1133/1106 1183/1212/1183 
f 1183/1212/1183 1180/1209/1180 1101/1128/1101 
f 1106/1133/1106 1105/1132/1105 1184/1213/1184 
f 1184/1213/1184 1183/1212/1183 1106/1133/1106 
f 1183/1212/1183 1184/1213/1184 1185/1214/1185 
f 1185/1214/1185 1186/1215/1186 1183/1212/1183 
f 1180/1209/1180 1183/1212/1183 1186/1215/1186 
f 1186/1215/1186 1181/1210/1181 1180/1209/1180 
f 1105/1132/1105 1110/1137/1110 1187/1216/1187 
f 1187/1216/1187 1184/1213/1184 1105/1132/1105 
f 1110/1137/1110 1109/1136/1109 1188/1217/1188 
f 1188/1217/1188 1187/1216/1187 1110/1137/1110 
f 1187/1216/1187 1188/1217/1188 1189/1218/1189 
f 1189/1218/1189 1190/1219/1190 1187/1216/1187 
f 1184/1213/1184 1187/1216/1187 1190/1219/1190 
f 1190/1219/1190 1185/1214/1185 1184/1213/1184 
f 1109/1136/1109 1114/1141/1114 1191/1220/1191 
f 1191/1220/1191 1188/1217/1188 1109/1136/1109 
f 1114/1141/1114 1113/1140/1113 1192/1221/1192 
f 1192/1221/1192 1191/1220/1191 1114/1141/1114 
f 1191/1220/1191 1192/1221/1192 1193/1222/1193 
f 1193/1222/1193 1194/1223/1194 1191/1220/1191 
f 1188/1217/1188 1191/1220/1191 1194/1223/1194 
f 1194/1223/1194 1189/1218/1189 1188/1217/1188 
f 1113/1140/1113 1118/1145/1118 1195/1224/1195 
f 1195/1224/1195 1192/1221/1192 1113/1140/1113 
f 1118/1145/1118 1117/1144/1117 1196/1225/1196 
f 1196/1225/1196 1195/1224/1195 1118/1145/1118 
f 1195/1224/1195 1196/1225/1196 1197/1226/1197 
f 1197/1226/1197 1198/1227/1198 1195/1224/1195 
f 1192/1221/1192 1195/1224/1195 1198/1227/1198 
f 1198/1227/1198 1193/1222/1193 1192/1221/1192 
f 1117/1144/1117 1122/1149/1122 1199/1228/1199 
f 1199/1228/1199 1196/1225/1196 1117/1144/1117 
f 1122/1149/1122 1121/1148/1121 1200/1229/1200 
f 1200/1229/1200 1199/1228/1199 1122/1149/1122 
f 1199/1228/1199 1200/1229/1200 1201/1230/1201 
f 1201/1230/1201 1202/1231/1202 1199/1228/1199 
f 1196/1225/1196 1199/1228/1199 1202/1231/1202 
f 1202/1231/1202 1197/1226/1197 1196/1225/1196 
f 1121/1148/1121 1126/1153/1126 1203/1232/1203 
f 1203/1232/1203 1200/1229/1200 1121/1148/1121 
f 1126/1153/1126 1125/1152/1125 1204/1233/1204 
f 1204/1233/1204 1203/1232/1203 1126/1153/1126 
f 1203/1232/1203 1204/1233/1204 1205/1234/1205 
f 1205/1234/1205 1206/1235/1206 1203/1232/1203 
f 1200/1229/1200 1203/1232/1203 1206/1235/1206 
f 1206/1235/1206 1201/1230/1201 1200/1229/1200 
f 1125/1152/1125 1130/1157/1130 1207/1236/1207 
f 1207/1236/1207 1204/1233/1204 1125/1152/1125 
f 1130/1157/1130 1129/1156/1129 1208/1237/1208 
f 1208/1237/1208 1207/1236/1207 1130/1157/1130 
f 1207/1236/1207 1208/1237/1208 1209/1238/1209 
f 1209/1238/1209 1210/1239/1210 1207/1236/1207 
f 1204/1233/1204 1207/1236/1207 1210/1239/1210 
f 1210/1239/1210 1205/1234/1205 1204/1233/1204 
f 1129/1156/1129 1134/1161/1134 1211/1240/1211 
f 1211/1240/1211 1208/1237/1208 1129/1156/1129 
f 1134/1161/1134 1133/1160/1133 1212/1241/1212 
f 1212/1241/1212 1211/1240/1211 1134/1161/1134 
f 1211/1240/1211 1212/1241/1212 1213/1242/1213 
f 1213/1242/1213 1214/1243/1214 1211/1240/1211 
f 1208/1237/1208 1211/1240/1211 1214/1243/1214 
f 1214/1243/1214 1209/1238/1209 1208/1237/1208 
f 1133/1160/1133 1138/1165/1138 1215/1244/1215 
f 1215/1244/1215 1212/1241/1212 1133/1160/1133 
f 1138/1165/1138 1137/1164/1137 1216/1245/1216 
f 1216/1245/1216 1215/1244/1215 1138/1165/1138 
f 1215/1244/1215 1216/1245/1216 1217/1246/1217 
f 1217/1246/1217 1218/1247/1218 1215/1244/1215 
f 1212/1241/1212 1215/1244/1215 1218/1247/1218 
f 1218/1247/1218 1213/1242/1213 1212/1241/1212 
f 1137/1164/1137 1142/1169/1142 1219/1248/1219 
f 1219/1248/1219 1216/1245/1216 1137/1164/1137 
f 1142/1169/1142 1141/1168/1141 1220/1249/1220 
f 1220/1249/1220 1219/1248/1219 1142/1169/1142 
f 1219/1248/1219 1220/1249/1220 1221/1250/1221 
f 1221/1250/1221 1222/1251/1222 1219/1248/1219 
f 1216/1245/1216 1219/1248/1219 1222/1251/1222 
f 1222/1251/1222 1217/1246/1217 1216/1245/1216 
f 1141/1168/1141 1146/1173/1146 1223/1252/1223 
f 1223/1252/1223 1220/1249/1220 1141/1168/1141 
f 1146/1173/1146 1145/1172/1145 1224/1253/1224 
f 1224/1253/1224 1223/1252/1223 1146/1173/1146 
f 1223/1252/1223 1224/1253/1224 1225/1254/1225 
f 1225/1254/1225 1226/1255/1226 1223/1252/1223 
f 1220/1249/1220 1223/1252/1223 1226/1255/1226 
f 1226/1255/1226 1221/1250/1221 1220/1249/1220 
f 1145/1172/1145 1150/1177/1150 1227/1256/1227 
f 1227/1256/1227 1224/1253/1224 1145/1172/1145 
f 1150/1177/1150 1149/1176/1149 1228/1257/1228 
f 1228/1257/1228 1227/1256/1227 1150/1177/1150 
f 1227/1256/1227 1228/1257/1228 1229/1258/1229 
f 1229/1258/1229 1230/1259/1230 1227/1256/1227 
f 1224/1253/1224 1227/1256/1227 1230/1259/1230 
f 1230/1259/1230 1225/1254/1225 1224/1253/1224 
f 1149/1176/1149 1154/1181/1154 1231/1260/1231 
f 1231/1260/1231 1228/1257/1228 1149/1176/1149 
f 1154/1181/1154 1153/1180/1153 1232/1261/1232 
f 1232/1261/1232 1231/1260/1231 1154/1181/1154 
f 1231/1260/1231 1232/1261/1232 1233/1262/1233 
f 1233/1262/1233 1234/1263/1234 1231/1260/1231 
f 1228/1257/1228 1231/1260/1231 1234/1263/1234 
f 1234/1263/1234 1229/1258/1229 1228/1257/1228 
f 1153/1180/1153 1158/1185/1158 1235/1264/1235 
f 1235/1264/1235 1232/1261/1232 1153/1180/1153 
f 1158/1185/1158 1157/1184/1157 1236/1265/1236 
f 1236/1265/1236 1235/1264/1235 1158/1185/1158 
f 1235/1264/1235 1236/1265/1236 1237/1266/1237 
f 1237/1266/1237 1238/1267/1238 1235/1264/1235 
f 1232/1261/1232 1235/1264/1235 1238/1267/1238 
f 1238/1267/1238 1233/1262/1233 1232/1261/1232 
f 1157/1184/1157 1160/1189/1160 1239/1268/1239 
f 1239/1268/1239 1236/1265/1236 1157/1184/1157 
f 1160/1189/1160 1086/1188/1086 1162/1269/1162 
f 1162/1269/1162 1239/1268/1239 1160/1189/1160 
f 1239/1268/1239 1162/1269/1162 1166/1270/1166 
f 1166/1270/1166 1240/1271/1240 1239/1268/1239 
f 1236/1265/1236 1239/1268/1239 1240/1271/1240 
f 1240/1271/1240 1237/1266/1237 1236/1265/1236 
f 1166/1195/1166 1165/1194/1165 1241/1272/1241 
f 1241/1272/1241 1242/1273/1242 1166/1195/1166 
f 1165/1194/1165 1164/1193/1164 1243/1274/1243 
f 1243/1274/1243 1241/1272/1241 1165/1194/1165 
f 1241/1272/1241 1243/1274/1243 1244/1275/1244 
f 1244/1275/1244 1245/1276/1245 1241/1272/1241 
f 1242/1273/1242 1241/1272/1241 1245/1276/1245 
f 1245/1276/1245 1246/1277/1246 1242/1273/1242 
f 1164/1193/1164 1170/1199/1170 1247/1278/1247 
f 1247/1278/1247 1243/1274/1243 1164/1193/1164 
f 1170/1199/1170 1169/1198/1169 1248/1279/1248 
f 1248/1279/1248 1247/1278/1247 1170/1199/1170 
f 1247/1278/1247 1248/1279/1248 1249/1280/1249 
f 1249/1280/1249 1250/1281/1250 1247/1278/1247 
f 1243/1274/1243 1247/1278/1247 1250/1281/1250 
f 1250/1281/1250 1244/1275/1244 1243/1274/1243 
f 1169/1198/1169 1174/1203/1174 1251/1282/1251 
f 1251/1282/1251 1248/1279/1248 1169/1198/1169 
f 1174/1203/1174 1173/1202/1173 1252/1283/1252 
f 1252/1283/1252 1251/1282/1251 1174/1203/1174 
f 1251/1282/1251 1252/1283/1252 1253/1284/1253 
f 1253/1284/1253 1254/1285/1254 1251/1282/1251 
f 1248/1279/1248 1251/1282/1251 1254/1285/1254 
f 1254/1285/1254 1249/1280/1249 1248/1279/1248 
f 1173/1202/1173 1178/1207/1178 1255/1286/1255 
f 1255/1286/1255 1252/1283/1252 1173/1202/1173 
f 1178/1207/1178 1177/1206/1177 1256/1287/1256 
f 1256/1287/1256 1255/1286/1255 1178/1207/1178 
f 1255/1286/1255 1256/1287/1256 1257/1288/1257 
f 1257/1288/1257 1258/1289/1258 1255/1286/1255 
f 1252/1283/1252 1255/1286/1255 1258/1289/1258 
f 1258/1289/1258 1253/1284/1253 1252/1283/1252 
f 1177/1206/1177 1182/1211/1182 1259/1290/1259 
f 1259/1290/1259 1256/1287/1256 1177/1206/1177 
f 1182/1211/1182 1181/1210/1181 1260/1291/1260 
f 1260/1291/1260 1259/1290/1259 1182/1211/1182 
f 1259/1290/1259 1260/1291/1260 1261/1292/1261 
f 1261/1292/1261 1262/1293/1262 1259/1290/1259 
f 1256/1287/1256 1259/1290/1259 1262/1293/1262 
f 1262/1293/1262 1257/1288/1257 1256/1287/1256 
f 1181/1210/1181 1186/1215/1186 1263/1294/1263 
f 1263/1294/1263 1260/1291/1260 1181/1210/1181 
f 1186/1215/1186 1185/1214/1185 1264/1295/1264 
f 1264/1295/1264 1263/1294/1263 1186/1215/1186 
f 1263/1294/1263 1264/1295/1264 1265/1296/1265 
f 1265/1296/1265 1266/1297/1266 1263/1294/1263 
f 1260/1291/1260 1263/1294/1263 1266/1297/1266 
f 1266/1297/1266 1261/1292/1261 1260/1291/1260 
f 1185/1214/1185 1190/1219/1190 1267/1298/1267 
f 1267/1298/1267 1264/1295/1264 1185/1214/1185 
f 1190/1219/1190 1189/1218/1189 1268/1299/1268 
f 1268/1299/1268 1267/1298/1267 1190/1219/1190 
f 1267/1298/1267 1268/1299/1268 1269/1300/1269 
f 1269/1300/1269 1270/1301/1270 1267/1298/1267 
f 1264/1295/1264 1267/1298/1267 1270/1301/1270 
f 1270/1301/1270 1265/1296/1265 1264/1295/1264 
f 1189/1218/1189 1194/1223/1194 1271/1302/1271 
f 1271/1302/1271 1268/1299/1268 1189/1218/1189 
f 1194/1223/1194 1193/1222/1193 1272/1303/1272 
f 1272/1303/1272 1271/1302/1271 1194/1223/1194 
f 1271/1302/1271 1272/1303/1272 1273/1304/1273 
f 1273/1304/1273 1274/1305/1274 1271/1302/1271 
f 1268/1299/1268 1271/1302/1271 1274/1305/1274 
f 1274/1305/1274 1269/1300/1269 1268/1299/1268 
f 1193/1222/1193 1198/1227/1198 1275/1306/1275 
f 1275/1306/1275 1272/1303/1272 1193/1222/1193 
f 1198/1227/1198 1197/1226/1197 1276/1307/1276 
f 1276/1307/1276 1275/1306/1275 1198/1227/1198 
f 1275/1306/1275 1276/1307/1276 1277/1308/1277 
f 1277/1308/1277 1278/1309/1278 1275/1306/1275 
f 1272/1303/1272 1275/1306/1275 1278/1309/1278 
f 1278/1309/1278 1273/1304/1273 1272/1303/1272 
f 1197/1226/1197 1202/1231/1202 1279/1310/1279 
f 1279/1310/1279 1276/1307/1276 1197/1226/1197 
f 1202/1231/1202 1201/1230/1201 1280/1311/1280 
f 1280/1311/1280 1279/1310/1279 1202/1231/1202 
f 1279/1310/1279 1280/1311/1280 1281/1312/1281 
f 1281/1312/1281 1282/1313/1282 1279/1310/1279 
f 1276/1307/1276 1279/1310/1279 1282/1313/1282 
f 1282/1313/1282 1277/1308/1277 1276/1307/1276 
f 1201/1230/1201 1206/1235/1206 1283/1314/1283 
f 1283/1314/1283 1280/1311/1280 1201/1230/1201 
f 1206/1235/1206 1205/1234/1205 1284/1315/1284 
f 1284/1315/1284 1283/1314/1283 1206/1235/1206 
f 1283/1314/1283 1284/1315/1284 1285/1316/1285 
f 1285/1316/1285 1286/1317/1286 1283/1314/1283 
f 1280/1311/1280 1283/1314/1283 1286/1317/1286 
f 1286/1317/1286 1281/1312/1281 1280/1311/1280 
f 1205/1234/1205 1210/1239/1210 1287/1318/1287 
f 1287/1318/1287 1284/1315/1284 1205/1234/1205 
f 1210/1239/1210 1209/1238/1209 1288/1319/1288 
f 1288/1319/1288 1287/1318/1287 1210/1239/1210 
f 1287/1318/1287 1288/1319/1288 1289/1320/1289 
f 1289/1320/1289 1290/1321/1290 1287/1318/1287 
f 1284/1315/1284 1287/1318/1287 1290/1321/1290 
f 1290/1321/1290 1285/1316/1285 1284/1315/1284 
f 1209/1238/1209 1214/1243/1214 1291/1322/1291 
f 1291/1322/1291 1288/1319/1288 1209/1238/1209 
f 1214/1243/1214 1213/1242/1213 1292/1323/1292 
f 1292/1323/1292 1291/1322/1291 1214/1243/1214 
f 1291/1322/1291 1292/1323/1292 1293/1324/1293 
f 1293/1324/1293 1294/1325/1294 1291/1322/1291 
f 1288/1319/1288 1291/1322/1291 1294/1325/1294 
f 1294/1325/1294 1289/1320/1289 1288/1319/1288 
f 1213/1242/1213 1218/1247/1218 1295/1326/1295 
f 1295/1326/1295 1292/1323/1292 1213/1242/1213 
f 1218/1247/1218 1217/1246/1217 1296/1327/1296 
f 1296/1327/1296 1295/1326/1295 1218/1247/1218 
f 1295/1326/1295 1296/1327/1296 1297/1328/1297 
f 1297/1328/1297 1298/1329/1298 1295/1326/1295 
f 1292/1323/1292 1295/1326/1295 1298/1329/1298 
f 1298/1329/1298 1293/1324/1293 1292/1323/1292 
f 1217/1246/1217 1222/1251/1222 1299/1330/1299 
f 1299/1330/1299 1296/1327/1296 1217/1246/1217 
f 1222/1251/1222 1221/1250/1221 1300/1331/1300 
f 1300/1331/1300 1299/1330/1299 1222/1251/1222 
f 1299/1330/1299 1300/1331/1300 1301/1332/1301 
f 1301/1332/1301 1302/1333/1302 1299/1330/1299 
f 1296/1327/1296 1299/1330/1299 1302/1333/1302 
f 1302/1333/1302 1297/1328/1297 1296/1327/1296 
f 1221/1250/1221 1226/1255/1226 1303/1334/1303 
f 1303/1334/1303 1300/1331/1300 1221/1250/1221 
f 1226/1255/1226 1225/1254/1225 1304/1335/1304 
f 1304/1335/1304 1303/1334/1303 1226/1255/1226 
f 1303/1334/1303 1304/1335/1304 1305/1336/1305 
f 1305/1336/1305 1306/1337/1306 1303/1334/1303 
f 1300/1331/1300 1303/1334/1303 1306/1337/1306 
f 1306/1337/1306 1301/1332/1301 1300/1331/1300 
f 1225/1254/1225 1230/1259/1230 1307/1338/1307 
f 1307/1338/1307 1304/1335/1304 1225/1254/1225 
f 1230/1259/1230 1229/1258/1229 1308/1339/1308 
f 1308/1339/1308 1307/1338/1307 1230/1259/1230 
f 1307/1338/1307 1308/1339/1308 1309/1340/1309 
f 1309/1340/1309 1310/1341/1310 1307/1338/1307 
f 1304/1335/1304 1307/1338/1307 1310/1341/1310 
f 1310/1341/1310 1305/1336/1305 1304/1335/1304 
f 1229/1258/1229 1234/1263/1234 1311/1342/1311 
f 1311/1342/1311 1308/1339/1308 1229/1258/1229 
f 1234/1263/1234 1233/1262/1233 1312/1343/1312 
f 1312/1343/1312 1311/1342/1311 1234/1263/1234 
f 1311/1342/1311 1312/1343/1312 1313/1344/1313 
f 1313/1344/1313 1314/1345/1314 1311/1342/1311 
f 1308/1339/1308 1311/1342/1311 1314/1345/1314 
f 1314/1345/1314 1309/1340/1309 1308/1339/1308 
f 1233/1262/1233 1238/1267/1238 1315/1346/1315 
f 1315/1346/1315 1312/1343/1312 1233/1262/1233 
f 1238/1267/1238 1237/1266/1237 1316/1347/1316 
f 1316/1347/1316 1315/1346/1315 1238/1267/1238 
f 1315/1346/1315 1316/1347/1316 1317/1348/1317 
f 1317/1348/1317 1318/1349/1318 1315/1346/1315 
f 1312/1343/1312 1315/1346/1315 1318/1349/1318 
f 1318/1349/1318 1313/1344/1313 1312/1343/1312 
f 1237/1266/1237 1240/1271/1240 1319/1350/1319 
f 1319/1350/1319 1316/1347/1316 1237/1266/1237 
f 1240/1271/1240 1166/1270/1166 1242/1351/1242 
f 1242/1351/1242 1319/1350/1319 1240/1271/1240 
f 1319/1350/1319 1242/1351/1242 1246/1352/1246 
f 1246/1352/1246 1320/1353/1320 1319/1350/1319 
f 1316/1347/1316 1319/1350/1319 1320/1353/1320 
f 1320/1353/1320 1317/1348/1317 1316/1347/1316 
f 1246/1277/1246 1245/1276/1245 1321/1354/1321 
f 1321/1354/1321 1322/1355/1322 1246/1277/1246 
f 1245/1276/1245 1244/1275/1244 1323/1356/1323 
f 1323/1356/1323 1321/1354/1321 1245/1276/1245 
f 1321/1354/1321 1323/1356/1323 1324/1357/1324 
f 1324/1357/1324 1325/1358/1325 1321/1354/1321 
f 1322/1355/1322 1321/1354/1321 1325/1358/1325 
f 1325/1358/1325 1326/1359/1326 1322/1355/1322 
f 1244/1275/1244 1250/1281/1250 1327/1360/1327 
f 1327/1360/1327 1323/1356/1323 1244/1275/1244 
f 1250/1281/1250 1249/1280/1249 1328/1361/1328 
f 1328/1361/1328 1327/1360/1327 1250/1281/1250 
f 1327/1360/1327 1328/1361/1328 1329/1362/1329 
f 1329/1362/1329 1330/1363/1330 1327/1360/1327 
f 1323/1356/1323 1327/1360/1327 1330/1363/1330 
f 1330/1363/1330 1324/1357/1324 1323/1356/1323 
f 1249/1280/1249 1254/1285/1254 1331/1364/1331 
f 1331/1364/1331 1328/1361/1328 1249/1280/1249 
f 1254/1285/1254 1253/1284/1253 1332/1365/1332 
f 1332/1365/1332 1331/1364/1331 1254/1285/1254 
f 1331/1364/1331 1332/1365/1332 1333/1366/1333 
f 1333/1366/1333 1334/1367/1334 1331/1364/1331 
f 1328/1361/1328 1331/1364/1331 1334/1367/1334 
f 1334/1367/1334 1329/1362/1329 1328/1361/1328 
f 1253/1284/1253 1258/1289/1258 1335/1368/1335 
f 1335/1368/1335 1332/1365/1332 1253/1284/1253 
f 1258/1289/1258 1257/1288/1257 1336/1369/1336 
f 1336/1369/1336 1335/1368/1335 1258/1289/1258 
f 1335/1368/1335 1336/1369/1336 1337/1370/1337 
f 1337/1370/1337 1338/1371/1338 1335/1368/1335 
f 1332/1365/1332 1335/1368/1335 1338/1371/1338 
f 1338/1371/1338 1333/1366/1333 1332/1365/1332 
f 1257/1288/1257 1262/1293/1262 1339/1372/1339 
f 1339/1372/1339 1336/1369/1336 1257/1288/1257 
f 1262/1293/1262 1261/1292/1261 1340/1373/1340 
f 1340/1373/1340 1339/1372/1339 1262/1293/1262 
f 1339/1372/1339 1340/1373/1340 1341/1374/1341 
f 1341/1374/1341 1342/1375/1342 1339/1372/1339 
f 1336/1369/1336 1339/1372/1339 1342/1375/1342 
f 1342/1375/1342 1337/1370/1337 1336/1369/1336 
f 1261/1292/1261 1266/1297/1266 1343/1376/1343 
f 1343/1376/1343 1340/1373/1340 1261/1292/1261 
f 1266/1297/1266 1265/1296/1265 1344/1377/1344 
f 1344/1377/1344 1343/1376/1343 1266/1297/1266 
f 1343/1376/1343 1344/1377/1344 1345/1378/1345 
f 1345/1378/1345 1346/1379/1346 1343/1376/1343 
f 1340/1373/1340 1343/1376/1343 1346/1379/1346 
f 1346/1379/1346 1341/1374/1341 1340/1373/1340 
f 1265/1296/1265 1270/1301/1270 1347/1380/1347 
f 1347/1380/1347 1344/1377/1344 1265/1296/1265 
f 1270/1301/1270 1269/1300/1269 1348/1381/1348 
f 1348/1381/1348 1347/1380/1347 1270/1301/1270 
f 1347/1380/1347 1348/1381/1348 1349/1382/1349 
f 1349/1382/1349 1350/1383/1350 1347/1380/1347 
f 1344/1377/1344 1347/1380/1347 1350/1383/1350 
f 1350/1383/1350 1345/1378/1345 1344/1377/1344 
f 1269/1300/1269 1274/1305/1274 1351/1384/1351 
f 1351/1384/1351 1348/1381/1348 1269/1300/1269 
f 1274/1305/1274 1273/1304/1273 1352/1385/1352 
f 1352/1385/1352 1351/1384/1351 1274/1305/1274 
f 1351/1384/1351 1352/1385/1352 1353/1386/1353 
f 1353/1386/1353 1354/1387/1354 1351/1384/1351 
f 1348/1381/1348 1351/1384/1351 1354/1387/1354 
f 1354/1387/1354 1349/1382/1349 1348/1381/1348 
f 1273/1304/1273 1278/1309/1278 1355/1388/1355 
f 1355/1388/1355 1352/1385/1352 1273/1304/1273 
f 1278/1309/1278 1277/1308/1277 1356/1389/1356 
f 1356/1389/1356 1355/1388/1355 1278/1309/1278 
f 1355/1388/1355 1356/1389/1356 1357/1390/1357 
f 1357/1390/1357 1358/1391/1358 1355/1388/1355 
f 1352/1385/1352 1355/1388/1355 1358/1391/1358 
f 1358/1391/1358 1353/1386/1353 1352/1385/1352 
f 1277/1308/1277 1282/1313/1282 1359/1392/1359 
f 1359/1392/1359 1356/1389/1356 1277/1308/1277 
f 1282/1313/1282 1281/1312/1281 1360/1393/1360 
f 1360/1393/1360 1359/1392/1359 1282/1313/1282 
f 1359/1392/1359 1360/1393/1360 1361/1394/1361 
f 1361/1394/1361 1362/1395/1362 1359/1392/1359 
f 1356/1389/1356 1359/1392/1359 1362/1395/1362 
f 1362/1395/1362 1357/1390/1357 1356/1389/1356 
f 1281/1312/1281 1286/1317/1286 1363/1396/1363 
f 1363/1396/1363 1360/1393/1360 1281/1312/1281 
f 1286/1317/1286 1285/1316/1285 1364/1397/1364 
f 1364/1397/1364 1363/1396/1363 1286/1317/1286 
f 1363/1396/1363 1364/1397/1364 1365/1398/1365 
f 1365/1398/1365 1366/1399/1366 1363/1396/1363 
f 1360/1393/1360 1363/1396/1363 1366/1399/1366 
f 1366/1399/1366 1361/1394/1361 1360/1393/1360 
f 1285/1316/1285 1290/1321/1290 1367/1400/1367 
f 1367/1400/1367 1364/1397/1364 1285/1316/1285 
f 1290/1321/1290 1289/1320/1289 1368/1401/1368 
f 1368/1401/1368 1367/1400/1367 1290/1321/1290 
f 1367/1400/1367 1368/1401/1368 1369/1402/1369 
f 1369/1402/1369 1370/1403/1370 1367/1400/1367 
f 1364/1397/1364 1367/1400/1367 1370/1403/1370 
f 1370/1403/1370 1365/1398/1365 1364/1397/1364 
f 1289/1320/1289 1294/1325/1294 1371/1404/1371 
f 1371/1404/1371 1368/1401/1368 1289/1320/1289 
f 1294/1325/1294 1293/1324/1293 1372/1405/1372 
f 1372/1405/1372 1371/1404/1371 1294/1325/1294 
f 1371/1404/1371 1372/1405/1372 1373/1406/1373 
f 1373/1406/1373 1374/1407/1374 1371/1404/1371 
f 1368/1401/1368 1371/1404/1371 1374/1407/1374 
f 1374/1407/1374 1369/1402/1369 1368/1401/1368 
f 1293/1324/1293 1298/1329/1298 1375/1408/1375 
f 1375/1408/1375 1372/1405/1372 1293/1324/1293 
f 1298/1329/1298 1297/1328/1297 1376/1409/1376 
f 1376/1409/1376 1375/1408/1375 1298/1329/1298 
f 1375/1408/1375 1376/1409/1376 1377/1410/1377 
f 1377/1410/1377 1378/1411/1378 1375/1408/1375 
f 1372/1405/1372 1375/1408/1375 1378/1411/1378 
f 1378/1411/1378 1373/1406/1373 1372/1405/1372 
f 1297/1328/1297 1302/1333/1302 1379/1412/1379 
f 1379/1412/1379 1376/1409/1376 1297/1328/1297 
f 1302/1333/1302 1301/1332/1301 1380/1413/1380 
f 1380/1413/1380 1379/1412/1379 1302/1333/1302 
f 1379/1412/1379 1380/1413/1380 1381/1414/1381 
f 1381/1414/1381 1382/1415/1382 1379/1412/1379 
f 1376/1409/1376 1379/1412/1379 1382/1415/1382 
f 1382/1415/1382 1377/1410/1377 1376/1409/1376 
f 1301/1332/1301 1306/1337/1306 1383/1416/1383 
f 1383/1416/1383 1380/1413/1380 1301/1332/1301 
f 1306/1337/1306 1305/1336/1305 1384/1417/1384 
f 1384/1417/1384 1383/1416/1383 1306/1337/1306 
f 1383/1416/1383 1384/1417/1384 1385/1418/1385 
f 1385/1418/1385 1386/1419/1386 1383/1416/1383 
f 1380/1413/1380 1383/1416/1383 1386/1419/1386 
f 1386/1419/1386 1381/1414/1381 1380/1413/1380 
f 1305/1336/1305 1310/1341/1310 1387/1420/1387 
f 1387/1420/1387 1384/1417/1384 1305/1336/1305 
f 1310/1341/1310 1309/1340/1309 1388/1421/1388 
f 1388/1421/1388 1387/1420/1387 1310/1341/1310 
f 1387/1420/1387 1388/1421/1388 1389/1422/1389 
f 1389/1422/1389 1390/1423/1390 1387/1420/1387 
f 1384/1417/1384 1387/1420/1387 1390/1423/1390 
f 1390/1423/1390 1385/1418/1385 1384/1417/1384 
f 1309/1340/1309 1314/1345/1314 1391/1424/1391 
f 1391/1424/1391 1388/1421/1388 1309/1340/1309 
f 1314/1345/1314 1313/1344/1313 1392/1425/1392 
f 1392/1425/1392 1391/1424/1391 1314/1345/1314 
f 1391/1424/1391 1392/1425/1392 1393/1426/1393 
f 1393/1426/1393 1394/1427/1394 1391/1424/1391 
f 1388/1421/1388 1391/1424/1391 1394/1427/1394 
f 1394/1427/1394 1389/1422/1389 1388/1421/1388 
f 1313/1344/1313 1318/1349/1318 1395/1428/1395 
f 1395/1428/1395 1392/1425/1392 1313/1344/1313 
f 1318/1349/1318 1317/1348/1317 1396/1429/1396 
f 1396/1429/1396 1395/1428/1395 1318/1349/1318 
f 1395/1428/1395 1396/1429/1396 1397/1430/1397 
f 1397/1430/1397 1398/1431/1398 1395/1428/1395 
f 1392/1425/1392 1395/1428/1395 1398/1431/1398 
f 1398/1431/1398 1393/1426/1393 1392/1425/1392 
f 1317/1348/1317 1320/1353/1320 1399/1432/1399 
f 1399/1432/1399 1396/1429/1396 1317/1348/1317 
f 1320/1353/1320 1246/1352/1246 1322/1433/1322 
f 1322/1433/1322 1399/1432/1399 1320/1353/1320 
f 1399/1432/1399 1322/1433/1322 1326/1434/1326 
f 1326/1434/1326 1400/1435/1400 1399/1432/1399 
f 1396/1429/1396 1399/1432/1399 1400/1435/1400 
f 1400/1435/1400 1397/1430/1397 1396/1429/1396 
f 1326/1359/1326 1325/1358/1325 1401/1436/1401 
f 1401/1436/1401 1402/1437/1402 1326/1359/1326 
f 1325/1358/1325 1324/1357/1324 1403/1438/1403 
f 1403/1438/1403 1401/1436/1401 1325/1358/1325 
f 1401/1436/1401 1403/1438/1403 1404/1439/1404 
f 1404/1439/1404 1405/1440/1405 1401/1436/1401 
f 1402/1437/1402 1401/1436/1401 1405/1440/1405 
f 1405/1440/1405 1406/1441/1406 1402/1437/1402 
f 1324/1357/1324 1330/1363/1330 1407/1442/1407 
f 1407/1442/1407 1403/1438/1403 1324/1357/1324 
f 1330/1363/1330 1329/1362/1329 1408/1443/1408 
f 1408/1443/1408 1407/1442/1407 1330/1363/1330 
f 1407/1442/1407 1408/1443/1408 1409/1444/1409 
f 1409/1444/1409 1410/1445/1410 1407/1442/1407 
f 1403/1438/1403 1407/1442/1407 1410/1445/1410 
f 1410/1445/1410 1404/1439/1404 1403/1438/1403 
f 1329/1362/1329 1334/1367/1334 1411/1446/1411 
f 1411/1446/1411 1408/1443/1408 1329/1362/1329 
f 1334/1367/1334 1333/1366/1333 1412/1447/1412 
f 1412/1447/1412 1411/1446/1411 1334/1367/1334 
f 1411/1446/1411 1412/1447/1412 1413/1448/1413 
f 1413/1448/1413 1414/1449/1414 1411/1446/1411 
f 1408/1443/1408 1411/1446/1411 1414/1449/1414 
f 1414/1449/1414 1409/1444/1409 1408/1443/1408 
f 1333/1366/1333 1338/1371/1338 1415/1450/1415 
f 1415/1450/1415 1412/1447/1412 1333/1366/1333 
f 1338/1371/1338 1337/1370/1337 1416/1451/1416 
f 1416/1451/1416 1415/1450/1415 1338/1371/1338 
f 1415/1450/1415 1416/1451/1416 1417/1452/1417 
f 1417/1452/1417 1418/1453/1418 1415/1450/1415 
f 1412/1447/1412 1415/1450/1415 1418/1453/1418 
f 1418/1453/1418 1413/1448/1413 1412/1447/1412 
f 1337/1370/1337 1342/1375/1342 1419/1454/1419 
f 1419/1454/1419 1416/1451/1416 1337/1370/1337 
f 1342/1375/1342 1341/1374/1341 1420/1455/1420 
f 1420/1455/1420 1419/1454/1419 1342/1375/1342 
f 1419/1454/1419 1420/1455/1420 1421/1456/1421 
f 1421/1456/1421 1422/1457/1422 1419/1454/1419 
f 1416/1451/1416 1419/1454/1419 1422/1457/1422 
f 1422/1457/1422 1417/1452/1417 1416/1451/1416 
f 1341/1374/1341 1346/1379/1346 1423/1458/1423 
f 1423/1458/1423 1420/1455/1420 1341/1374/1341 
f 1346/1379/1346 1345/1378/1345 1424/1459/1424 
f 1424/1459/1424 1423/1458/1423 1346/1379/1346 
f 1423/1458/1423 1424/1459/1424 1425/1460/1425 
f 1425/1460/1425 1426/1461/1426 1423/1458/1423 
f 1420/1455/1420 1423/1458/1423 1426/1461/1426 
f 1426/1461/1426 1421/1456/1421 1420/1455/1420 
f 1345/1378/1345 1350/1383/1350 1427/1462/1427 
f 1427/1462/1427 1424/1459/1424 1345/1378/1345 
f 1350/1383/1350 1349/1382/1349 1428/1463/1428 
f 1428/1463/1428 1427/1462/1427 1350/1383/1350 
f 1427/1462/1427 1428/1463/1428 1429/1464/1429 
f 1429/1464/1429 1430/1465/1430 1427/1462/1427 
f 1424/1459/1424 1427/1462/1427 1430/1465/1430 
f 1430/1465/1430 1425/1460/1425 1424/1459/1424 
f 1349/1382/1349 1354/1387/1354 1431/1466/1431 
f 1431/1466/1431 1428/1463/1428 1349/1382/1349 
f 1354/1387/1354 1353/1386/1353 1432/1467/1432 
f 1432/1467/1432 1431/1466/1431 1354/1387/1354 
f 1431/1466/1431 1432/1467/1432 1433/1468/1433 
f 1433/1468/1433 1434/1469/1434 1431/1466/1431 
f 1428/1463/1428 1431/1466/1431 1434/1469/1434 
f 1434/1469/1434 1429/1464/1429 1428/1463/1428 
f 1353/1386/1353 1358/1391/1358 1435/1470/1435 
f 1435/1470/1435 1432/1467/1432 1353/1386/1353 
f 1358/1391/1358 1357/1390/1357 1436/1471/1436 
f 1436/1471/1436 1435/1470/1435 1358/1391/1358 
f 1435/1470/1435 1436/1471/1436 1437/1472/1437 
f 1437/1472/1437 1438/1473/1438 1435/1470/1435 
f 1432/1467/1432 1435/1470/1435 1438/1473/1438 
f 1438/1473/1438 1433/1468/1433 1432/1467/1432 
f 1357/1390/1357 1362/1395/1362 1439/1474/1439 
f 1439/1474/1439 1436/1471/1436 1357/1390/1357 
f 1362/1395/1362 1361/1394/1361 1440/1475/1440 
f 1440/1475/1440 1439/1474/1439 1362/1395/1362 
f 1439/1474/1439 1440/1475/1440 1441/1476/1441 
f 1441/1476/1441 1442/1477/1442 1439/1474/1439 
f 1436/1471/1436 1439/1474/1439 1442/1477/1442 
f 1442/1477/1442 1437/1472/1437 1436/1471/1436 
f 1361/1394/1361 1366/1399/1366 1443/1478/1443 
f 1443/1478/1443 1440/1475/1440 1361/1394/1361 
f 1366/1399/1366 1365/1398/1365 1444/1479/1444 
f 1444/1479/1444 1443/1478/1443 1366/1399/1366 
f 1443/1478/1443 1444/1479/1444 1445/1480/1445 
f 1445/1480/1445 1446/1481/1446 1443/1478/1443 
f 1440/1475/1440 1443/1478/1443 1446/1481/1446 
f 1446/1481/1446 1441/1476/1441 1440/1475/1440 
f 1365/1398/1365 1370/1403/1370 1447/1482/1447 
f 1447/1482/1447 1444/1479/1444 1365/1398/1365 
f 1370/1403/1370 1369/1402/1369 1448/1483/1448 
f 1448/1483/1448 1447/1482/1447 1370/1403/1370 
f 1447/1482/1447 1448/1483/1448 1449/1484/1449 
f 1449/1484/1449 1450/1485/1450 1447/1482/1447 
f 1444/1479/1444 1447/1482/1447 1450/1485/1450 
f 1450/1485/1450 1445/1480/1445 1444/1479/1444 
f 1369/1402/1369 1374/1407/1374 1451/1486/1451 
f 1451/1486/1451 1448/1483/1448 1369/1402/1369 
f 1374/1407/1374 1373/1406/1373 1452/1487/1452 
f 1452/1487/1452 1451/1486/1451 1374/1407/1374 
f 1451/1486/1451 1452/1487/1452 1453/1488/1453 
f 1453/1488/1453 1454/1489/1454 1451/1486/1451 
f 1448/1483/1448 1451/1486/1451 1454/1489/1454 
f 1454/1489/1454 1449/1484/1449 1448/1483/1448 
f 1373/1406/1373 1378/1411/1378 1455/1490/1455 
f 1455/1490/1455 1452/1487/1452 1373/1406/1373 
f 1378/1411/1378 1377/1410/1377 1456/1491/1456 
f 1456/1491/1456 1455/1490/1455 1378/1411/1378 
f 1455/1490/1455 1456/1491/1456 1457/1492/1457 
f 1457/1492/1457 1458/1493/1458 1455/1490/1455 
f 1452/1487/1452 1455/1490/1455 1458/1493/1458 
f 1458/1493/1458 1453/1488/1453 1452/1487/1452 
f 1377/1410/1377 1382/1415/1382 1459/1494/1459 
f 1459/1494/1459 1456/1491/1456 1377/1410/1377 
f 1382/1415/1382 1381/1414/1381 1460/1495/1460 
f 1460/1495/1460 1459/1494/1459 1382/1415/1382 
f 1459/1494/1459 1460/1495/1460 1461/1496/1461 
f 1461/1496/1461 1462/1497/1462 1459/1494/1459 
f 1456/1491/1456 1459/1494/1459 1462/1497/1462 
f 1462/1497/1462 1457/1492/1457 1456/1491/1456 
f 1381/1414/1381 1386/1419/1386 1463/1498/1463 
f 1463/1498/1463 1460/1495/1460 1381/1414/1381 
f 1386/1419/1386 1385/1418/1385 1464/1499/1464 
f 1464/1499/1464 1463/1498/1463 1386/1419/1386 
f 1463/1498/1463 1464/1499/1464 1465/1500/1465 
f 1465/1500/1465 1466/1501/1466 1463/1498/1463 
f 1460/1495/1460 1463/1498/1463 1466/1501/1466 
f 1466/1501/1466 1461/1496/1461 1460/1495/1460 
f 1385/1418/1385 1390/1423/1390 1467/1502/1467 
f 1467/1502/1467 1464/1499/1464 1385/1418/1385 
f 1390/1423/1390 1389/1422/1389 1468/1503/1468 
f 1468/1503/1468 1467/1502/1467 1390/1423/1390 
f 1467/1502/1467 1468/1503/1468 1469/1504/1469 
f 1469/1504/1469 1470/1505/1470 1467/1502/1467 
f 1464/1499/1464 1467/1502/1467 1470/1505/1470 
f 1470/1505/1470 1465/1500/1465 1464/1499/1464 
f 1389/1422/1389 1394/1427/1394 1471/1506/1471 
f 1471/1506/1471 1468/1503/1468 1389/1422/1389 
f 1394/1427/1394 1393/1426/1393 1472/1507/1472 
f 1472/1507/1472 1471/1506/1471 1394/1427/1394 
f 1471/1506/1471 1472/1507/1472 1473/1508/1473 
f 1473/1508/1473 1474/1509/1474 1471/1506/1471 
f 1468/1503/1468 1471/1506/1471 1474/1509/1474 
f 1474/1509/1474 1469/1504/1469 1468/1503/1468 
f 1393/1426/1393 1398/1431/1398 1475/1510/1475 
f 1475/1510/1475 1472/1507/1472 1393/1426/1393 
f 1398/1431/1398 1397/1430/1397 1476/1511/1476 
f 1476/1511/1476 1475/1510/1475 1398/1431/1398 
f 1475/1510/1475 1476/1511/1476 1477/1512/1477 
f 1477/1512/1477 1478/1513/1478 1475/1510/1475 
f 1472/1507/1472 1475/1510/1475 1478/1513/1478 
f 1478/1513/1478 1473/1508/1473 1472/1507/1472 
f 1397/1430/1397 1400/1435/1400 1479/1514/1479 
f 1479/1514/1479 1476/1511/1476 1397/1430/1397 
f 1400/1435/1400 1326/1434/1326 1402/1515/1402 
f 1402/1515/1402 1479/1514/1479 1400/1435/1400 
f 1479/1514/1479 1402/1515/1402 1406/1516/1406 
f 1406/1516/1406 1480/1517/1480 1479/1514/1479 
f 1476/1511/1476 1479/1514/1479 1480/1517/1480 
f 1480/1517/1480 1477/1512/1477 1476/1511/1476 
f 1481/1518/1481 1482/1519/1482 1483/1520/1483 
f 1483/1520/1483 1484/1521/1484 1481/1518/1481 
f 1485/1/1485 1486/1522/1486 1483/1520/1483 
f 1483/1520/1483 1482/1519/1482 1485/1/1485 
f 1487/1523/1487 1484/1521/1484 1483/1520/1483 
f 1483/1520/1483 1486/1522/1486 1487/1523/1487 
f 1488/1524/1488 1489/1525/1489 1490/1526/1490 
f 1490/1526/1490 1491/1527/1491 1488/1524/1488 
f 1481/1518/1481 1484/1528/1484 1490/1526/1490 
f 1490/1526/1490 1489/1525/1489 1481/1518/1481 
f 1487/1529/1487 1491/1527/1491 1490/1526/1490 
f 1490/1526/1490 1484/1528/1484 1487/1529/1487 
f 1492/1530/1492 1493/1531/1493 1494/1532/1494 
f 1494/1532/1494 1495/1533/1495 1492/1530/1492 
f 1488/1524/1488 1491/1534/1491 1494/1532/1494 
f 1494/1532/1494 1493/1531/1493 1488/1524/1488 
f 1487/1535/1487 1495/1533/1495 1494/1532/1494 
f 1494/1532/1494 1491/1534/1491 1487/1535/1487 
f 1496/1536/1496 1497/1537/1497 1498/1538/1498 
f 1498/1538/1498 1499/1539/1499 1496/1536/1496 
f 1492/1530/1492 1495/1540/1495 1498/1538/1498 
f 1498/1538/1498 1497/1537/1497 1492/1530/1492 
f 1487/1541/1487 1499/1539/1499 1498/1538/1498 
f 1498/1538/1498 1495/1540/1495 1487/1541/1487 
f 1500/1542/1500 1501/1543/1501 1502/1544/1502 
f 1502/1544/1502 1503/1545/1503 1500/1542/1500 
f 1496/1536/1496 1499/1546/1499 1502/1544/1502 
f 1502/1544/1502 1501/1543/1501 1496/1536/1496 
f 1487/1547/1487 1503/1545/1503 1502/1544/1502 
f 1502/1544/1502 1499/1546/1499 1487/1547/1487 
f 1504/1548/1504 1505/1549/1505 1506/1550/1506 
f 1506/1550/1506 1507/1551/1507 1504/1548/1504 
f 1500/1542/1500 1503/1552/1503 1506/1550/1506 
f 1506/1550/1506 1505/1549/1505 1500/1542/1500 
f 1487/1553/1487 1507/1551/1507 1506/1550/1506 
f 1506/1550/1506 1503/1552/1503 1487/1553/1487 
f 1508/1554/1508 1509/1555/1509 1510/1556/1510 
f 1510/1556/1510 1511/1557/1511 1508/1554/1508 
f 1504/1548/1504 1507/1558/1507 1510/1556/1510 
f 1510/1556/1510 1509/1555/1509 1504/1548/1504 
f 1487/1559/1487 1511/1557/1511 1510/1556/1510 
f 1510/1556/1510 1507/1558/1507 1487/1559/1487 
f 1512/1560/1512 1513/1561/1513 1514/1562/1514 
f 1514/1562/1514 1515/1563/1515 1512/1560/1512 
f 1508/1554/1508 1511/1564/1511 1514/1562/1514 
f 1514/1562/1514 1513/1561/1513 1508/1554/1508 
f 1487/1565/1487 1515/1563/1515 1514/1562/1514 
f 1514/1562/1514 1511/1564/1511 1487/1565/1487 
f 1516/1566/1516 1517/1567/1517 1518/1568/1518 
f 1518/1568/1518 1519/1569/1519 1516/1566/1516 
f 1512/1560/1512 1515/1570/1515 1518/1568/1518 
f 1518/1568/1518 1517/1567/1517 1512/1560/1512 
f 1487/1571/1487 1519/1569/1519 1518/1568/1518 
f 1518/1568/1518 1515/1570/1515 1487/1571/1487 
f 1520/1572/1520 1521/1573/1521 1522/1574/1522 
f 1522/1574/1522 1523/1575/1523 1520/1572/1520 
f 1516/1566/1516 1519/1576/1519 1522/1574/1522 
f 1522/1574/1522 1521/1573/1521 1516/1566/1516 
f 1487/1577/1487 1523/1575/1523 1522/1574/1522 
f 1522/1574/1522 1519/1576/1519 1487/1577/1487 
f 1524/1578/1524 1525/1579/1525 1526/1580/1526 
f 1526/1580/1526 1527/1581/1527 1524/1578/1524 
f 1520/1572/1520 1523/1582/1523 1526/1580/1526 
f 1526/1580/1526 1525/1579/1525 1520/1572/1520 
f 1487/1583/1487 1527/1581/1527 1526/1580/1526 
f 1526/1580/1526 1523/1582/1523 1487/1583/1487 
f 1528/1584/1528 1529/1585/1529 1530/1586/1530 
f 1530/1586/1530 1531/1587/1531 1528/1584/1528 
f 1524/1578/1524 1527/1588/1527 1530/1586/1530 
f 1530/1586/1530 1529/1585/1529 1524/1578/1524 
f 1487/1589/1487 1531/1587/1531 1530/1586/1530 
f 1530/1586/1530 1527/1588/1527 1487/1589/1487 
f 1532/1590/1532 1533/1591/1533 1534/1592/1534 
f 1534/1592/1534 1535/1593/1535 1532/1590/1532 
f 1528/1584/1528 1531/1594/1531 1534/1592/1534 
f 1534/1592/1534 1533/1591/1533 1528/1584/1528 
f 1487/1595/1487 1535/1593/1535 1534/1592/1534 
f 1534/1592/1534 1531/1594/1531 1487/1595/1487 
f 1536/1596/1536 1537/1597/1537 1538/1598/1538 
f 1538/1598/1538 1539/1599/1539 1536/1596/1536 
f 1532/1590/1532 1535/1600/1535 1538/1598/1538 
f 1538/1598/1538 1537/1597/1537 1532/1590/1532 
f 1487/1601/1487 1539/1599/1539 1538/1598/1538 
f 1538/1598/1538 1535/1600/1535 1487/1601/1487 
f 1540/1602/1540 1541/1603/1541 1542/1604/1542 
f 1542/1604/1542 1543/1605/1543 1540/1602/1540 
f 1536/1596/1536 1539/1606/1539 1542/1604/1542 
f 1542/1604/1542 1541/1603/1541 1536/1596/1536 
f 1487/1607/1487 1543/1605/1543 1542/1604/1542 
f 1542/1604/1542 1539/1606/1539 1487/1607/1487 
f 1544/1608/1544 1545/1609/1545 1546/1610/1546 
f 1546/1610/1546 1547/1611/1547 1544/1608/1544 
f 1540/1602/1540 1543/1612/1543 1546/1610/1546 
f 1546/1610/1546 1545/1609/1545 1540/1602/1540 
f 1487/1613/1487 1547/1611/1547 1546/1610/1546 
f 1546/1610/1546 1543/1612/1543 1487/1613/1487 
f 1548/1614/1548 1549/1615/1549 1550/1616/1550 
f 1550/1616/1550 1551/1617/1551 1548/1614/1548 
f 1544/1608/1544 1547/1618/1547 1550/1616/1550 
f 1550/1616/1550 1549/1615/1549 1544/1608/1544 
f 1487/1619/1487 1551/1617/1551 1550/1616/1550 
f 1550/1616/1550 1547/1618/1547 1487/1619/1487 
f 1552/1620/1552 1553/1621/1553 1554/1622/1554 
f 1554/1622/1554 1555/1623/1555 1552/1620/1552 
f 1548/1614/1548 1551/1624/1551 1554/1622/1554 
f 1554/1622/1554 1553/1621/1553 1548/1614/1548 
f 1487/1625/1487 1555/1623/1555 1554/1622/1554 
f 1554/1622/1554 1551/1624/1551 1487/1625/1487 
f 1556/1626/1556 1557/1627/1557 1558/1628/1558 
f 1558/1628/1558 1559/1629/1559 1556/1626/1556 
f 1552/1620/1552 1555/1630/1555 1558/1628/1558 
f 1558/1628/1558 1557/1627/1557 1552/1620/1552 
f 1487/1631/1487 1559/1629/1559 1558/1628/1558 
f 1558/1628/1558 1555/1630/1555 1487/1631/1487 
f 1485/120/1485 1560/1632/1560 1561/1633/1561 
f 1561/1633/1561 1486/1634/1486 1485/120/1485 
f 1556/1626/1556 1559/1635/1559 1561/1633/1561 
f 1561/1633/1561 1560/1632/1560 1556/1626/1556 
f 1487/1636/1487 1486/1634/1486 1561/1633/1561 
f 1561/1633/1561 1559/1635/1559 1487/1636/1487 
f 1406/1441/1406 1405/1440/1405 1562/1637/1562 
f 1562/1637/1562 1563/1638/1563 1406/1441/1406 
f 1404/1439/1404 1564/1639/1564 1562/1637/1562 
f 1562/1637/1562 1405/1440/1405 1404/1439/1404 
f 1565/1640/1565 1563/1638/1563 1562/1637/1562 
f 1562/1637/1562 1564/1639/1564 1565/1640/1565 
f 1404/1439/1404 1410/1445/1410 1566/1641/1566 
f 1566/1641/1566 1564/1642/1564 1404/1439/1404 
f 1409/1444/1409 1567/1643/1567 1566/1641/1566 
f 1566/1641/1566 1410/1445/1410 1409/1444/1409 
f 1565/1644/1565 1564/1642/1564 1566/1641/1566 
f 1566/1641/1566 1567/1643/1567 1565/1644/1565 
f 1409/1444/1409 1414/1449/1414 1568/1645/1568 
f 1568/1645/1568 1567/1646/1567 1409/1444/1409 
f 1413/1448/1413 1569/1647/1569 1568/1645/1568 
f 1568/1645/1568 1414/1449/1414 1413/1448/1413 
f 1565/1648/1565 1567/1646/1567 1568/1645/1568 
f 1568/1645/1568 1569/1647/1569 1565/1648/1565 
f 1413/1448/1413 1418/1453/1418 1570/1649/1570 
f 1570/1649/1570 1569/1650/1569 1413/1448/1413 
f 1417/1452/1417 1571/1651/1571 1570/1649/1570 
f 1570/1649/1570 1418/1453/1418 1417/1452/1417 
f 1565/1652/1565 1569/1650/1569 1570/1649/1570 
f 1570/1649/1570 1571/1651/1571 1565/1652/1565 
f 1417/1452/1417 1422/1457/1422 1572/1653/1572 
f 1572/1653/1572 1571/1654/1571 1417/1452/1417 
f 1421/1456/1421 1573/1655/1573 1572/1653/1572 
f 1572/1653/1572 1422/1457/1422 1421/1456/1421 
f 1565/1656/1565 1571/1654/1571 1572/1653/1572 
f 1572/1653/1572 1573/1655/1573 1565/1656/1565 
f 1421/1456/1421 1426/1461/1426 1574/1657/1574 
f 1574/1657/1574 1573/1658/1573 1421/1456/1421 
f 1425/1460/1425 1575/1659/1575 1574/1657/1574 
f 1574/1657/1574 1426/1461/1426 1425/1460/1425 
f 1565/1660/1565 1573/1658/1573 1574/1657/1574 
f 1574/1657/1574 1575/1659/1575 1565/1660/1565 
f 1425/1460/1425 1430/1465/1430 1576/1661/1576 
f 1576/1661/1576 1575/1662/1575 1425/1460/1425 
f 1429/1464/1429 1577/1663/1577 1576/1661/1576 
f 1576/1661/1576 1430/1465/1430 1429/1464/1429 
f 1565/1664/1565 1575/1662/1575 1576/1661/1576 
f 1576/1661/1576 1577/1663/1577 1565/1664/1565 
f 1429/1464/1429 1434/1469/1434 1578/1665/1578 
f 1578/1665/1578 1577/1666/1577 1429/1464/1429 
f 1433/1468/1433 1579/1667/1579 1578/1665/1578 
f 1578/1665/1578 1434/1469/1434 1433/1468/1433 
f 1565/1668/1565 1577/1666/1577 1578/1665/1578 
f 1578/1665/1578 1579/1667/1579 1565/1668/1565 
f 1433/1468/1433 1438/1473/1438 1580/1669/1580 
f 1580/1669/1580 1579/1670/1579 1433/1468/1433 
f 1437/1472/1437 1581/1671/1581 1580/1669/1580 
f 1580/1669/1580 1438/1473/1438 1437/1472/1437 
f 1565/1672/1565 1579/1670/1579 1580/1669/1580 
f 1580/1669/1580 1581/1671/1581 1565/1672/1565 
f 1437/1472/1437 1442/1477/1442 1582/1673/1582 
f 1582/1673/1582 1581/1674/1581 1437/1472/1437 
f 1441/1476/1441 1583/1675/1583 1582/1673/1582 
f 1582/1673/1582 1442/1477/1442 1441/1476/1441 
f 1565/1676/1565 1581/1674/1581 1582/1673/1582 
f 1582/1673/1582 1583/1675/1583 1565/1676/1565 
f 1441/1476/1441 1446/1481/1446 1584/1677/1584 
f 1584/1677/1584 1583/1678/1583 1441/1476/1441 
f 1445/1480/1445 1585/1679/1585 1584/1677/1584 
f 1584/1677/1584 1446/1481/1446 1445/1480/1445 
f 1565/1680/1565 1583/1678/1583 1584/1677/1584 
f 1584/1677/1584 1585/1679/1585 1565/1680/1565 
f 1445/1480/1445 1450/1485/1450 1586/1681/1586 
f 1586/1681/1586 1585/1682/1585 1445/1480/1445 
f 1449/1484/1449 1587/1683/1587 1586/1681/1586 
f 1586/1681/1586 1450/1485/1450 1449/1484/1449 
f 1565/1684/1565 1585/1682/1585 1586/1681/1586 
f 1586/1681/1586 1587/1683/1587 1565/1684/1565 
f 1449/1484/1449 1454/1489/1454 1588/1685/1588 
f 1588/1685/1588 1587/1686/1587 1449/1484/1449 
f 1453/1488/1453 1589/1687/1589 1588/1685/1588 
f 1588/1685/1588 1454/1489/1454 1453/1488/1453 
f 1565/1688/1565 1587/1686/1587 1588/1685/1588 
f 1588/1685/1588 1589/1687/1589 1565/1688/1565 
f 1453/1488/1453 1458/1493/1458 1590/1689/1590 
f 1590/1689/1590 1589/1690/1589 1453/1488/1453 
f 1457/1492/1457 1591/1691/1591 1590/1689/1590 
f 1590/1689/1590 1458/1493/1458 1457/1492/1457 
f 1565/1692/1565 1589/1690/1589 1590/1689/1590 
f 1590/1689/1590 1591/1691/1591 1565/1692/1565 
f 1457/1492/1457 1462/1497/1462 1592/1693/1592 
f 1592/1693/1592 1591/1694/1591 1457/1492/1457 
f 1461/1496/1461 1593/1695/1593 1592/1693/1592 
f 1592/1693/1592 1462/1497/1462 1461/1496/1461 
f 1565/1696/1565 1591/1694/1591 1592/1693/1592 
f 1592/1693/1592 1593/1695/1593 1565/1696/1565 
f 1461/1496/1461 1466/1501/1466 1594/1697/1594 
f 1594/1697/1594 1593/1698/1593 1461/1496/1461 
f 1465/1500/1465 1595/1699/1595 1594/1697/1594 
f 1594/1697/1594 1466/1501/1466 1465/1500/1465 
f 1565/1700/1565 1593/1698/1593 1594/1697/1594 
f 1594/1697/1594 1595/1699/1595 1565/1700/1565 
f 1465/1500/1465 1470/1505/1470 1596/1701/1596 
f 1596/1701/1596 1595/1702/1595 1465/1500/1465 
f 1469/1504/1469 1597/1703/1597 1596/1701/1596 
f 1596/1701/1596 1470/1505/1470 1469/1504/1469 
f 1565/1704/1565 1595/1702/1595 1596/1701/1596 
f 1596/1701/1596 1597/1703/1597 1565/1704/1565 
f 1469/1504/1469 1474/1509/1474 1598/1705/1598 
f 1598/1705/1598 1597/1706/1597 1469/1504/1469 
f 1473/1508/1473 1599/1707/1599 1598/1705/1598 
f 1598/1705/1598 1474/1509/1474 1473/1508/1473 
f 1565/1708/1565 1597/1706/1597 1598/1705/1598 
f 1598/1705/1598 1599/1707/1599 1565/1708/1565 
f 1473/1508/1473 1478/1513/1478 1600/1709/1600 
f 1600/1709/1600 1599/1710/1599 1473/1508/1473 
f 1477/1512/1477 1601/1711/1601 1600/1709/1600 
f 1600/1709/1600 1478/1513/1478 1477/1512/1477 
f 1565/1712/1565 1599/1710/1599 1600/1709/1600 
f 1600/1709/1600 1601/1711/1601 1565/1712/1565 
f 1477/1512/1477 1480/1517/1480 1602/1713/1602 
f 1602/1713/1602 1601/1714/1601 1477/1512/1477 
f 1406/1516/1406 1563/1715/1563 1602/1713/1602 
f 1602/1713/1602 1480/1517/1480 1406/1516/1406 
f 1565/1716/1565 1601/1714/1601 1602/1713/1602 
f 1602/1713/1602 1563/1715/1563 1565/1716/1565 
f 1603/1518/1603 1604/1717/1604 1605/1717/1605 
f 1605/1717/1605 1606/1518/1606 1603/1518/1603 
f 1604/1717/1604 1607/1/1607 1608/1/1608 
f 1608/1/1608 1605/1717/1605 1604/1717/1604 
f 1605/1717/1605 1608/1/1608 1485/1/1485 
f 1485/1/1485 1482/1519/1482 1605/1717/1605 
f 1606/1518/1606 1605/1717/1605 1482/1519/1482 
f 1482/1519/1482 1481/1518/1481 1606/1518/1606 
f 1609/1524/1609 1610/1718/1610 1611/1718/1611 
f 1611/1718/1611 1612/1524/1612 1609/1524/1609 
f 1610/1718/1610 1603/1518/1603 1606/1518/1606 
f 1606/1518/1606 1611/1718/1611 1610/1718/1610 
f 1611/1718/1611 1606/1518/1606 1481/1518/1481 
f 1481/1518/1481 1489/1525/1489 1611/1718/1611 
f 1612/1524/1612 1611/1718/1611 1489/1525/1489 
f 1489/1525/1489 1488/1524/1488 1612/1524/1612 
f 1613/1530/1613 1614/1719/1614 1615/1719/1615 
f 1615/1719/1615 1616/1530/1616 1613/1530/1613 
f 1614/1719/1614 1609/1524/1609 1612/1524/1612 
f 1612/1524/1612 1615/1719/1615 1614/1719/1614 
f 1615/1719/1615 1612/1524/1612 1488/1524/1488 
f 1488/1524/1488 1493/1531/1493 1615/1719/1615 
f 1616/1530/1616 1615/1719/1615 1493/1531/1493 
f 1493/1531/1493 1492/1530/1492 1616/1530/1616 
f 1617/1536/1617 1618/1720/1618 1619/1720/1619 
f 1619/1720/1619 1620/1536/1620 1617/1536/1617 
f 1618/1720/1618 1613/1530/1613 1616/1530/1616 
f 1616/1530/1616 1619/1720/1619 1618/1720/1618 
f 1619/1720/1619 1616/1530/1616 1492/1530/1492 
f 1492/1530/1492 1497/1537/1497 1619/1720/1619 
f 1620/1536/1620 1619/1720/1619 1497/1537/1497 
f 1497/1537/1497 1496/1536/1496 1620/1536/1620 
f 1621/1542/1621 1622/1721/1622 1623/1721/1623 
f 1623/1721/1623 1624/1542/1624 1621/1542/1621 
f 1622/1721/1622 1617/1536/1617 1620/1536/1620 
f 1620/1536/1620 1623/1721/1623 1622/1721/1622 
f 1623/1721/1623 1620/1536/1620 1496/1536/1496 
f 1496/1536/1496 1501/1543/1501 1623/1721/1623 
f 1624/1542/1624 1623/1721/1623 1501/1543/1501 
f 1501/1543/1501 1500/1542/1500 1624/1542/1624 
f 1625/1548/1625 1626/1722/1626 1627/1722/1627 
f 1627/1722/1627 1628/1548/1628 1625/1548/1625 
f 1626/1722/1626 1621/1542/1621 1624/1542/1624 
f 1624/1542/1624 1627/1722/1627 1626/1722/1626 
f 1627/1722/1627 1624/1542/1624 1500/1542/1500 
f 1500/1542/1500 1505/1549/1505 1627/1722/1627 
f 1628/1548/1628 1627/1722/1627 1505/1549/1505 
f 1505/1549/1505 1504/1548/1504 1628/1548/1628 
f 1629/1554/1629 1630/1723/1630 1631/1723/1631 
f 1631/1723/1631 1632/1554/1632 1629/1554/1629 
f 1630/1723/1630 1625/1548/1625 1628/1548/1628 
f 1628/1548/1628 1631/1723/1631 1630/1723/1630 
f 1631/1723/1631 1628/1548/1628 1504/1548/1504 
f 1504/1548/1504 1509/1555/1509 1631/1723/1631 
f 1632/1554/1632 1631/1723/1631 1509/1555/1509 
f 1509/1555/1509 1508/1554/1508 1632/1554/1632 
f 1633/1560/1633 1634/1724/1634 1635/1724/1635 
f 1635/1724/1635 1636/1560/1636 1633/1560/1633 
f 1634/1724/1634 1629/1554/1629 1632/1554/1632 
f 1632/1554/1632 1635/1724/1635 1634/1724/1634 
f 1635/1724/1635 1632/1554/1632 1508/1554/1508 
f 1508/1554/1508 1513/1561/1513 1635/1724/1635 
f 1636/1560/1636 1635/1724/1635 1513/1561/1513 
f 1513/1561/1513 1512/1560/1512 1636/1560/1636 
f 1637/1566/1637 1638/1725/1638 1639/1725/1639 
f 1639/1725/1639 1640/1566/1640 1637/1566/1637 
f 1638/1725/1638 1633/1560/1633 1636/1560/1636 
f 1636/1560/1636 1639/1725/1639 1638/1725/1638 
f 1639/1725/1639 1636/1560/1636 1512/1560/1512 
f 1512/1560/1512 1517/1567/1517 1639/1725/1639 
f 1640/1566/1640 1639/1725/1639 1517/1567/1517 
f 1517/1567/1517 1516/1566/1516 1640/1566/1640 
f 1641/1572/1641 1642/1726/1642 1643/1726/1643 
f 1643/1726/1643 1644/1572/1644 1641/1572/1641 
f 1642/1726/1642 1637/1566/1637 1640/1566/1640 
f 1640/1566/1640 1643/1726/1643 1642/1726/1642 
f 1643/1726/1643 1640/1566/1640 1516/1566/1516 
f 1516/1566/1516 1521/1573/1521 1643/1726/1643 
f 1644/1572/1644 1643/1726/1643 1521/1573/1521 
f 1521/1573/1521 1520/1572/1520 1644/1572/1644 
f 1645/1578/1645 1646/1727/1646 1647/1727/1647 
f 1647/1727/1647 1648/1578/1648 1645/1578/1645 
f 1646/1727/1646 1641/1572/1641 1644/1572/1644 
f 1644/1572/1644 1647/1727/1647 1646/1727/1646 
f 1647/1727/1647 1644/1572/1644 1520/1572/1520 
f 1520/1572/1520 1525/1579/1525 1647/1727/1647 
f 1648/1578/1648 1647/1727/1647 1525/1579/1525 
f 1525/1579/1525 1524/1578/1524 1648/1578/1648 
f 1649/1584/1649 1650/1728/1650 1651/1728/1651 
f 1651/1728/1651 1652/1584/1652 1649/1584/1649 
f 1650/1728/1650 1645/1578/1645 1648/1578/1648 
f 1648/1578/1648 1651/1728/1651 1650/1728/1650 
f 1651/1728/1651 1648/1578/1648 1524/1578/1524 
f 1524/1578/1524 1529/1585/1529 1651/1728/1651 
f 1652/1584/1652 1651/1728/1651 1529/1585/1529 
f 1529/1585/1529 1528/1584/1528 1652/1584/1652 
f 1653/1590/1653 1654/1729/1654 1655/1729/1655 
f 1655/1729/1655 1656/1590/1656 1653/1590/1653 
f 1654/1729/1654 1649/1584/1649 1652/1584/1652 
f 1652/1584/1652 1655/1729/1655 1654/1729/1654 
f 1655/1729/1655 1652/1584/1652 1528/1584/1528 
f 1528/1584/1528 1533/1591/1533 1655/1729/1655 
f 1656/1590/1656 1655/1729/1655 1533/1591/1533 
f 1533/1591/1533 1532/1590/1532 1656/1590/1656 
f 1657/1596/1657 1658/1730/1658 1659/1730/1659 
f 1659/1730/1659 1660/1596/1660 1657/1596/1657 
f 1658/1730/1658 1653/1590/1653 1656/1590/1656 
f 1656/1590/1656 1659/1730/1659 1658/1730/1658 
f 1659/1730/1659 1656/1590/1656 1532/1590/1532 
f 1532/1590/1532 1537/1597/1537 1659/1730/1659 
f 1660/1596/1660 1659/1730/1659 1537/1597/1537 
f 1537/1597/1537 1536/1596/1536 1660/1596/1660 
f 1661/1602/1661 1662/1731/1662 1663/1731/1663 
f 1663/1731/1663 1664/1602/1664 1661/1602/1661 
f 1662/1731/1662 1657/1596/1657 1660/1596/1660 
f 1660/1596/1660 1663/1731/1663 1662/1731/1662 
f 1663/1731/1663 1660/1596/1660 1536/1596/1536 
f 1536/1596/1536 1541/1603/1541 1663/1731/1663 
f 1664/1602/1664 1663/1731/1663 1541/1603/1541 
f 1541/1603/1541 1540/1602/1540 1664/1602/1664 
f 1665/1608/1665 1666/1732/1666 1667/1732/1667 
f 1667/1732/1667 1668/1608/1668 1665/1608/1665 
f 1666/1732/1666 1661/1602/1661 1664/1602/1664 
f 1664/1602/1664 1667/1732/1667 1666/1732/1666 
f 1667/1732/1667 1664/1602/1664 1540/1602/1540 
f 1540/1602/1540 1545/1609/1545 1667/1732/1667 
f 1668/1608/1668 1667/1732/1667 1545/1609/1545 
f 1545/1609/1545 1544/1608/1544 1668/1608/1668 
f 1669/1614/1669 1670/1733/1670 1671/1733/1671 
f 1671/1733/1671 1672/1614/1672 1669/1614/1669 
f 1670/1733/1670 1665/1608/1665 1668/1608/1668 
f 1668/1608/1668 1671/1733/1671 1670/1733/1670 
f 1671/1733/1671 1668/1608/1668 1544/1608/1544 
f 1544/1608/1544 1549/1615/1549 1671/1733/1671 
f 1672/1614/1672 1671/1733/1671 1549/1615/1549 
f 1549/1615/1549 1548/1614/1548 1672/1614/1672 
f 1673/1620/1673 1674/1734/1674 1675/1734/1675 
f 1675/1734/1675 1676/1620/1676 1673/1620/1673 
f 1674/1734/1674 1669/1614/1669 1672/1614/1672 
f 1672/1614/1672 1675/1734/1675 1674/1734/1674 
f 1675/1734/1675 1672/1614/1672 1548/1614/1548 
f 1548/1614/1548 1553/1621/1553 1675/1734/1675 
f 1676/1620/1676 1675/1734/1675 1553/1621/1553 
f 1553/1621/1553 1552/1620/1552 1676/1620/1676 
f 1677/1626/1677 1678/1735/1678 1679/1735/1679 
f 1679/1735/1679 1680/1626/1680 1677/1626/1677 
f 1678/1735/1678 1673/1620/1673 1676/1620/1676 
f 1676/1620/1676 1679/1735/1679 1678/1735/1678 
f 1679/1735/1679 1676/1620/1676 1552/1620/1552 
f 1552/1620/1552 1557/1627/1557 1679/1735/1679 
f 1680/1626/1680 1679/1735/1679 1557/1627/1557 
f 1557/1627/1557 1556/1626/1556 1680/1626/1680 
f 1607/120/1607 1681/1736/1681 1682/1736/1682 
f 1682/1736/1682 1608/120/1608 1607/120/1607 
f 1681/1736/1681 1677/1626/1677 1680/1626/1680 
f 1680/1626/1680 1682/1736/1682 1681/1736/1681 
f 1682/1736/1682 1680/1626/1680 1556/1626/1556 
f 1556/1626/1556 1560/1632/1560 1682/1736/1682 
f 1608/120/1608 1682/1736/1682 1560/1632/1560 
f 1560/1632/1560 1485/120/1485 1608/120/1608 
f 1/120/1 118/118/118 1683/1736/1683 
f 1683/1736/1683 1684/120/1684 1/120/1 
f 118/118/118 114/114/114 1685/1626/1685 
f 1685/1626/1685 1683/1736/1683 118/118/118 
f 1683/1736/1683 1685/1626/1685 1677/1626/1677 
f 1677/1626/1677 1681/1736/1681 1683/1736/1683 
f 1684/120/1684 1683/1736/1683 1681/1736/1681 
f 1681/1736/1681 1607/120/1607 1684/120/1684 
f 114/114/114 112/112/112 1686/1735/1686 
f 1686/1735/1686 1685/1626/1685 114/114/114 
f 112/112/112 108/108/108 1687/1620/1687 
f 1687/1620/1687 1686/1735/1686 112/112/112 
f 1686/1735/1686 1687/1620/1687 1673/1620/1673 
f 1673/1620/1673 1678/1735/1678 1686/1735/1686 
f 1685/1626/1685 1686/1735/1686 1678/1735/1678 
f 1678/1735/1678 1677/1626/1677 1685/1626/1685 
f 108/108/108 106/106/106 1688/1734/1688 
f 1688/1734/1688 1687/1620/1687 108/108/108 
f 106/106/106 102/102/102 1689/1614/1689 
f 1689/1614/1689 1688/1734/1688 106/106/106 
f 1688/1734/1688 1689/1614/1689 1669/1614/1669 
f 1669/1614/1669 1674/1734/1674 1688/1734/1688 
f 1687/1620/1687 1688/1734/1688 1674/1734/1674 
f 1674/1734/1674 1673/1620/1673 1687/1620/1687 
f 102/102/102 100/100/100 1690/1733/1690 
f 1690/1733/1690 1689/1614/1689 102/102/102 
f 100/100/100 96/96/96 1691/1608/1691 
f 1691/1608/1691 1690/1733/1690 100/100/100 
f 1690/1733/1690 1691/1608/1691 1665/1608/1665 
f 1665/1608/1665 1670/1733/1670 1690/1733/1690 
f 1689/1614/1689 1690/1733/1690 1670/1733/1670 
f 1670/1733/1670 1669/1614/1669 1689/1614/1689 
f 96/96/96 94/94/94 1692/1732/1692 
f 1692/1732/1692 1691/1608/1691 96/96/96 
f 94/94/94 90/90/90 1693/1602/1693 
f 1693/1602/1693 1692/1732/1692 94/94/94 
f 1692/1732/1692 1693/1602/1693 1661/1602/1661 
f 1661/1602/1661 1666/1732/1666 1692/1732/1692 
f 1691/1608/1691 1692/1732/1692 1666/1732/1666 
f 1666/1732/1666 1665/1608/1665 1691/1608/1691 
f 90/90/90 88/88/88 1694/1731/1694 
f 1694/1731/1694 1693/1602/1693 90/90/90 
f 88/88/88 84/84/84 1695/1596/1695 
f 1695/1596/1695 1694/1731/1694 88/88/88 
f 1694/1731/1694 1695/1596/1695 1657/1596/1657 
f 1657/1596/1657 1662/1731/1662 1694/1731/1694 
f 1693/1602/1693 1694/1731/1694 1662/1731/1662 
f 1662/1731/1662 1661/1602/1661 1693/1602/1693 
f 84/84/84 82/82/82 1696/1730/1696 
f 1696/1730/1696 1695/1596/1695 84/84/84 
f 82/82/82 78/78/78 1697/1590/1697 
f 1697/1590/1697 1696/1730/1696 82/82/82 
f 1696/1730/1696 1697/1590/1697 1653/1590/1653 
f 1653/1590/1653 1658/1730/1658 1696/1730/1696 
f 1695/1596/1695 1696/1730/1696 1658/1730/1658 
f 1658/1730/1658 1657/1596/1657 1695/1596/1695 
f 78/78/78 76/76/76 1698/1729/1698 
f 1698/1729/1698 1697/1590/1697 78/78/78 
f 76/76/76 72/72/72 1699/1584/1699 
f 1699/1584/1699 1698/1729/1698 76/76/76 
f 1698/1729/1698 1699/1584/1699 1649/1584/1649 
f 1649/1584/1649 1654/1729/1654 1698/1729/1698 
f 1697/1590/1697 1698/1729/1698 1654/1729/1654 
f 1654/1729/1654 1653/1590/1653 1697/1590/1697 
f 72/72/72 70/70/70 1700/1728/1700 
f 1700/1728/1700 1699/1584/1699 72/72/72 
f 70/70/70 66/66/66 1701/1578/1701 
f 1701/1578/1701 1700/1728/1700 70/70/70 
f 1700/1728/1700 1701/1578/1701 1645/1578/1645 
f 1645/1578/1645 1650/1728/1650 1700/1728/1700 
f 1699/1584/1699 1700/1728/1700 1650/1728/1650 
f 1650/1728/1650 1649/1584/1649 1699/1584/1699 
f 66/66/66 64/64/64 1702/1727/1702 
f 1702/1727/1702 1701/1578/1701 66/66/66 
f 64/64/64 60/60/60 1703/1572/1703 
f 1703/1572/1703 1702/1727/1702 64/64/64 
f 1702/1727/1702 1703/1572/1703 1641/1572/1641 
f 1641/1572/1641 1646/1727/1646 1702/1727/1702 
f 1701/1578/1701 1702/1727/1702 1646/1727/1646 
f 1646/1727/1646 1645/1578/1645 1701/1578/1701 
f 60/60/60 58/58/58 1704/1726/1704 
f 1704/1726/1704 1703/1572/1703 60/60/60 
f 58/58/58 54/54/54 1705/1566/1705 
f 1705/1566/1705 1704/1726/1704 58/58/58 
f 1704/1726/1704 1705/1566/1705 1637/1566/1637 
f 1637/1566/1637 1642/1726/1642 1704/1726/1704 
f 1703/1572/1703 1704/1726/1704 1642/1726/1642 
f 1642/1726/1642 1641/1572/1641 1703/1572/1703 
f 54/54/54 52/52/52 1706/1725/1706 
f 1706/1725/1706 1705/1566/1705 54/54/54 
f 52/52/52 48/48/48 1707/1560/1707 
f 1707/1560/1707 1706/1725/1706 52/52/52 
f 1706/1725/1706 1707/1560/1707 1633/1560/1633 
f 1633/1560/1633 1638/1725/1638 1706/1725/1706 
f 1705/1566/1705 1706/1725/1706 1638/1725/1638 
f 1638/1725/1638 1637/1566/1637 1705/1566/1705 
f 48/48/48 46/46/46 1708/1724/1708 
f 1708/1724/1708 1707/1560/1707 48/48/48 
f 46/46/46 42/42/42 1709/1554/1709 
f 1709/1554/1709 1708/1724/1708 46/46/46 
f 1708/1724/1708 1709/1554/1709 1629/1554/1629 
f 1629/1554/1629 1634/1724/1634 1708/1724/1708 
f 1707/1560/1707 1708/1724/1708 1634/1724/1634 
f 1634/1724/1634 1633/1560/1633 1707/1560/1707 
f 42/42/42 40/40/40 1710/1723/1710 
f 1710/1723/1710 1709/1554/1709 42/42/42 
f 40/40/40 36/36/36 1711/1548/1711 
f 1711/1548/1711 1710/1723/1710 40/40/40 
f 1710/1723/1710 1711/1548/1711 1625/1548/1625 
f 1625/1548/1625 1630/1723/1630 1710/1723/1710 
f 1709/1554/1709 1710/1723/1710 1630/1723/1630 
f 1630/1723/1630 1629/1554/1629 1709/1554/1709 
f 36/36/36 34/34/34 1712/1722/1712 
f 1712/1722/1712 1711/1548/1711 36/36/36 
f 34/34/34 30/30/30 1713/1542/1713 
f 1713/1542/1713 1712/1722/1712 34/34/34 
f 1712/1722/1712 1713/1542/1713 1621/1542/1621 
f 1621/1542/1621 1626/1722/1626 1712/1722/1712 
f 1711/1548/1711 1712/1722/1712 1626/1722/1626 
f 1626/1722/1626 1625/1548/1625 1711/1548/1711 
f 30/30/30 28/28/28 1714/1721/1714 
f 1714/1721/1714 1713/1542/1713 30/30/30 
f 28/28/28 24/24/24 1715/1536/1715 
f 1715/1536/1715 1714/1721/1714 28/28/28 
f 1714/1721/1714 1715/1536/1715 1617/1536/1617 
f 1617/1536/1617 1622/1721/1622 1714/1721/1714 
f 1713/1542/1713 1714/1721/1714 1622/1721/1622 
f 1622/1721/1622 1621/1542/1621 1713/1542/1713 
f 24/24/24 22/22/22 1716/1720/1716 
f 1716/1720/1716 1715/1536/1715 24/24/24 
f 22/22/22 18/18/18 1717/1530/1717 
f 1717/1530/1717 1716/1720/1716 22/22/22 
f 1716/1720/1716 1717/1530/1717 1613/1530/1613 
f 1613/1530/1613 1618/1720/1618 1716/1720/1716 
f 1715/1536/1715 1716/1720/1716 1618/1720/1618 
f 1618/1720/1618 1617/1536/1617 1715/1536/1715 
f 18/18/18 16/16/16 1718/1719/1718 
f 1718/1719/1718 1717/1530/1717 18/18/18 
f 16/16/16 12/12/12 1719/1524/1719 
f 1719/1524/1719 1718/1719/1718 16/16/16 
f 1718/1719/1718 1719/1524/1719 1609/1524/1609 
f 1609/1524/1609 1614/1719/1614 1718/1719/1718 
f 1717/1530/1717 1718/1719/1718 1614/1719/1614 
f 1614/1719/1614 1613/1530/1613 1717/1530/1717 
f 12/12/12 10/10/10 1720/1718/1720 
f 1720/1718/1720 1719/1524/1719 12/12/12 
f 10/10/10 5/5/5 1721/1518/1721 
f 1721/1518/1721 1720/1718/1720 10/10/10 
f 1720/1718/1720 1721/1518/1721 1603/1518/1603 
f 1603/1518/1603 1610/1718/1610 1720/1718/1720 
f 1719/1524/1719 1720/1718/1720 1610/1718/1610 
f 1610/1718/1610 1609/1524/1609 1719/1524/1719 
f 5/5/5 2/2/2 1722/1717/1722 
f 1722/1717/1722 1721/1518/1721 5/5/5 
f 2/2/2 1/1/1 1684/1/1684 
f 1684/1/1684 1722/1717/1722 2/2/2 
f 1722/1717/1722 1684/1/1684 1607/1/1607 
f 1607/1/1607 1604/1717/1604 1722/1717/1722 
f 1721/1518/1721 1722/1717/1722 1604/1717/1604 
f 1604/1717/1604 1603/1518/1603 1721/1518/1721 
f 1723/1737/1723 1724/1738/1723 1725/1739/1723 
f 1725/1739/1723 1726/1740/1723 1723/1737/1723 
f 1724/1738/1724 1727/1741/1724 1728/1742/1724 
f 1728/1742/1724 1725/1739/1724 1724/1738/1724 
f 1727/1741/1725 1729/1743/1725 1730/1744/1725 
f 1730/1744/1725 1728/1742/1725 1727/1741/1725 
f 1729/1743/1726 1731/1745/1726 1732/1746/1726 
f 1732/1746/1726 1730/1744/1726 1729/1743/1726 
f 1731/1745/721 1733/1747/721 1734/1748/721 
f 1734/1748/721 1732/1746/721 1731/1745/721 
f 1733/1747/729 1735/1749/729 1736/1750/729 
f 1736/1750/729 1734/1748/729 1733/1747/729 
f 1735/1749/737 1737/1751/737 1738/1752/737 
f 1738/1752/737 1736/1750/737 1735/1749/737 
f 1737/1751/745 1739/1753/745 1740/1754/745 
f 1740/1754/745 1738/1752/745 1737/1751/745 
f 1739/1753/753 1741/1755/753 1742/1756/753 
f 1742/1756/753 1740/1754/753 1739/1753/753 
f 1741/1755/1727 1723/1757/1727 1726/1758/1727 
f 1726/1758/1727 1742/1756/1727 1741/1755/1727 
f 1723/1759/1728 1741/1760/1728 1739/1761/1728 
f 1723/1759/1728 1739/1761/1728 1737/1762/1728 
f 1723/1759/1728 1737/1762/1728 1735/1763/1728 
f 1723/1759/1728 1735/1763/1728 1733/1764/1728 
f 1723/1759/1728 1733/1764/1728 1731/1765/1728 
f 1723/1759/1728 1731/1765/1728 1729/1766/1728 
f 1723/1759/1728 1729/1766/1728 1727/1767/1728 
f 1723/1759/1728 1727/1767/1728 1724/1768/1728 
f 1726/1769/1565 1725/1770/1565 1728/1771/1565 
f 1726/1769/1565 1728/1771/1565 1730/1772/1565 
f 1726/1769/1565 1730/1772/1565 1732/1773/1565 
f 1726/1769/1565 1732/1773/1565 1734/1774/1565 
f 1726/1769/1565 1734/1774/1565 1736/1775/1565 
f 1726/1769/1565 1736/1775/1565 1738/1776/1565 
f 1726/1769/1565 1738/1776/1565 1740/1777/1565 
f 1726/1769/1565 1740/1777/1565 1742/1778/1565 
# 3476 faces

