# 3ds Max Wavefront OBJ Exporter v0.99 - (c)2007 guruware
# File Created: 27.10.2025 11:06:21

mtllib Tragaluz.mtl

#
# object Ball_002
#

v  20.5904 26.5872 -54.6907
v  20.5488 26.5872 -54.7049
v  20.5488 26.6308 -54.7459
v  20.6258 26.6308 -54.7197
v  20.5070 26.5872 -54.6907
v  20.4717 26.6308 -54.7197
v  20.4898 26.5872 -54.6565
v  20.4397 26.6308 -54.6565
v  20.5070 26.5872 -54.6223
v  20.4717 26.6308 -54.5934
v  20.5488 26.5872 -54.6082
v  20.5488 26.6308 -54.5672
v  20.5904 26.5872 -54.6223
v  20.6258 26.6308 -54.5934
v  20.6077 26.5872 -54.6565
v  20.6577 26.6308 -54.6565
v  20.5488 26.6960 -54.7732
v  20.6495 26.6960 -54.7391
v  20.4480 26.6960 -54.7391
v  20.4063 26.6960 -54.6565
v  20.4480 26.6960 -54.5740
v  20.5488 26.6960 -54.5399
v  20.6495 26.6960 -54.5740
v  20.6912 26.6960 -54.6565
v  20.5488 26.7729 -54.7828
v  20.6577 26.7729 -54.7459
v  20.4397 26.7729 -54.7459
v  20.3946 26.7729 -54.6565
v  20.4397 26.7729 -54.5672
v  20.5488 26.7729 -54.5302
v  20.6577 26.7729 -54.5672
v  20.7029 26.7729 -54.6565
v  20.5488 26.8498 -54.7732
v  20.6495 26.8498 -54.7391
v  20.4480 26.8498 -54.7391
v  20.4063 26.8498 -54.6565
v  20.4480 26.8498 -54.5740
v  20.5488 26.8498 -54.5399
v  20.6495 26.8498 -54.5740
v  20.6912 26.8498 -54.6565
v  20.5488 26.9149 -54.7459
v  20.6258 26.9149 -54.7197
v  20.4717 26.9149 -54.7197
v  20.4397 26.9149 -54.6565
v  20.4717 26.9149 -54.5934
v  20.5488 26.9149 -54.5672
v  20.6258 26.9149 -54.5934
v  20.6577 26.9149 -54.6565
v  20.5488 26.9585 -54.7049
v  20.5904 26.9585 -54.6907
v  20.5070 26.9585 -54.6907
v  20.4898 26.9585 -54.6565
v  20.5070 26.9585 -54.6223
v  20.5488 26.9585 -54.6082
v  20.5904 26.9585 -54.6223
v  20.6077 26.9585 -54.6565
v  20.5488 26.5719 -54.6565
v  20.5488 26.9738 -54.6565
v  -3.2914 26.6308 -54.7459
v  -3.2914 26.5872 -54.7049
v  -3.3331 26.5872 -54.6907
v  -3.3685 26.6308 -54.7197
v  -3.2144 26.6308 -54.7197
v  -3.2497 26.5872 -54.6907
v  -3.1824 26.6308 -54.6565
v  -3.2325 26.5872 -54.6565
v  -3.2144 26.6308 -54.5934
v  -3.2497 26.5872 -54.6223
v  -3.2914 26.6308 -54.5672
v  -3.2914 26.5872 -54.6082
v  -3.3685 26.6308 -54.5934
v  -3.3331 26.5872 -54.6223
v  -3.3504 26.5872 -54.6565
v  -3.4004 26.6308 -54.6565
v  -3.2914 26.6960 -54.7732
v  -3.3922 26.6960 -54.7391
v  -3.1907 26.6960 -54.7391
v  -3.1490 26.6960 -54.6565
v  -3.1907 26.6960 -54.5740
v  -3.2914 26.6960 -54.5399
v  -3.3922 26.6960 -54.5740
v  -3.4339 26.6960 -54.6565
v  -3.4004 26.7729 -54.7459
v  -3.2914 26.7729 -54.7828
v  -3.1824 26.7729 -54.7459
v  -3.1373 26.7729 -54.6565
v  -3.1824 26.7729 -54.5672
v  -3.2914 26.7729 -54.5302
v  -3.4004 26.7729 -54.5672
v  -3.4456 26.7729 -54.6565
v  -3.2914 26.8498 -54.7732
v  -3.3922 26.8498 -54.7391
v  -3.1907 26.8498 -54.7391
v  -3.1490 26.8498 -54.6565
v  -3.1907 26.8498 -54.5740
v  -3.2914 26.8498 -54.5399
v  -3.3922 26.8498 -54.5740
v  -3.4339 26.8498 -54.6565
v  -3.3685 26.9149 -54.7197
v  -3.2914 26.9149 -54.7459
v  -3.2144 26.9149 -54.7197
v  -3.1824 26.9149 -54.6565
v  -3.2144 26.9149 -54.5934
v  -3.2914 26.9149 -54.5672
v  -3.3685 26.9149 -54.5934
v  -3.4004 26.9149 -54.6565
v  -3.3331 26.9585 -54.6907
v  -3.2914 26.9585 -54.7049
v  -3.2497 26.9585 -54.6907
v  -3.2325 26.9585 -54.6565
v  -3.2497 26.9585 -54.6223
v  -3.2914 26.9585 -54.6082
v  -3.3331 26.9585 -54.6223
v  -3.3504 26.9585 -54.6565
v  -3.2914 26.5719 -54.6565
v  -3.2914 26.9738 -54.6565
# 116 vertices

vn 0.3509 -0.3509 0.8682
vn 0.0000 -0.4962 0.8682
vn 0.0000 -0.7563 0.6543
vn 0.5348 -0.5348 0.6543
vn -0.3509 -0.3509 0.8682
vn -0.5348 -0.5348 0.6543
vn -0.4962 0.0000 0.8682
vn -0.7563 0.0000 0.6543
vn -0.3509 0.3509 0.8682
vn -0.5348 0.5348 0.6543
vn 0.0000 0.4962 0.8682
vn 0.0000 0.7563 0.6543
vn 0.3509 0.3509 0.8682
vn 0.5348 0.5348 0.6543
vn 0.4962 0.0000 0.8682
vn 0.7563 0.0000 0.6543
vn 0.0000 -0.9368 0.3499
vn 0.6624 -0.6624 0.3499
vn -0.6624 -0.6624 0.3499
vn -0.9368 0.0000 0.3499
vn -0.6624 0.6624 0.3499
vn 0.0000 0.9368 0.3499
vn 0.6624 0.6624 0.3499
vn 0.9368 0.0000 0.3499
vn 0.0000 -1.0000 -0.0000
vn 0.7071 -0.7071 -0.0000
vn -0.7071 -0.7071 -0.0000
vn -1.0000 0.0000 -0.0000
vn -0.7071 0.7071 -0.0000
vn 0.0000 1.0000 -0.0000
vn 0.7071 0.7071 -0.0000
vn 1.0000 0.0000 -0.0000
vn 0.0000 -0.9368 -0.3499
vn 0.6624 -0.6624 -0.3499
vn -0.6624 -0.6624 -0.3499
vn -0.9368 0.0000 -0.3499
vn -0.6624 0.6624 -0.3499
vn 0.0000 0.9368 -0.3499
vn 0.6624 0.6624 -0.3499
vn 0.9368 0.0000 -0.3499
vn 0.0000 -0.7563 -0.6543
vn 0.5348 -0.5348 -0.6543
vn -0.5348 -0.5348 -0.6543
vn -0.7563 0.0000 -0.6543
vn -0.5348 0.5348 -0.6543
vn 0.0000 0.7563 -0.6543
vn 0.5348 0.5348 -0.6543
vn 0.7563 0.0000 -0.6543
vn 0.0000 -0.4962 -0.8682
vn 0.3509 -0.3509 -0.8682
vn -0.3509 -0.3509 -0.8682
vn -0.4962 0.0000 -0.8682
vn -0.3509 0.3509 -0.8682
vn 0.0000 0.4962 -0.8682
vn 0.3509 0.3509 -0.8682
vn 0.4962 0.0000 -0.8682
vn 0.0000 0.0000 1.0000
vn 0.0000 0.0000 -1.0000
# 58 vertex normals

vt 0.3453 0.0079 0.0000
vt 0.3451 0.0090 0.0000
vt 0.3437 0.0090 0.0000
vt 0.3441 0.0072 0.0000
vt 0.3455 0.0099 0.0000
vt 0.3444 0.0108 0.0000
vt 0.3464 0.0105 0.0000
vt 0.3459 0.0118 0.0000
vt 0.3475 0.0105 0.0000
vt 0.3479 0.0120 0.0000
vt 0.3486 0.0097 0.0000
vt 0.3499 0.0110 0.0000
vt 0.3473 0.0071 0.0000
vt 0.3476 0.0055 0.0000
vt 0.3499 0.0064 0.0000
vt 0.3485 0.0078 0.0000
vt 0.3462 0.0072 0.0000
vt 0.3455 0.0059 0.0000
vt 0.3423 0.0092 0.0000
vt 0.3429 0.0066 0.0000
vt 0.3433 0.0116 0.0000
vt 0.3454 0.0132 0.0000
vt 0.3481 0.0135 0.0000
vt 0.3509 0.0125 0.0000
vt 0.3476 0.0039 0.0000
vt 0.3509 0.0047 0.0000
vt 0.3448 0.0046 0.0000
vt 0.3406 0.0094 0.0000
vt 0.3413 0.0058 0.0000
vt 0.3420 0.0127 0.0000
vt 0.3449 0.0147 0.0000
vt 0.3483 0.0151 0.0000
vt 0.3515 0.0141 0.0000
vt 0.3475 0.0020 0.0000
vt 0.3515 0.0027 0.0000
vt 0.3438 0.0030 0.0000
vt 0.3595 0.0094 0.0000
vt 0.3612 0.0092 0.0000
vt 0.3621 0.0116 0.0000
vt 0.3608 0.0127 0.0000
vt 0.3601 0.0058 0.0000
vt 0.3617 0.0066 0.0000
vt 0.3626 0.0030 0.0000
vt 0.3636 0.0046 0.0000
vt 0.3664 0.0039 0.0000
vt 0.3664 0.0020 0.0000
vt 0.3703 0.0027 0.0000
vt 0.3697 0.0047 0.0000
vt 0.3671 0.0151 0.0000
vt 0.3669 0.0135 0.0000
vt 0.3697 0.0125 0.0000
vt 0.3703 0.0141 0.0000
vt 0.3637 0.0147 0.0000
vt 0.3643 0.0132 0.0000
vt 0.3626 0.0090 0.0000
vt 0.3632 0.0108 0.0000
vt 0.3630 0.0072 0.0000
vt 0.3643 0.0059 0.0000
vt 0.3664 0.0055 0.0000
vt 0.3687 0.0064 0.0000
vt 0.3667 0.0120 0.0000
vt 0.3688 0.0110 0.0000
vt 0.3647 0.0118 0.0000
vt 0.3639 0.0090 0.0000
vt 0.3643 0.0099 0.0000
vt 0.3642 0.0079 0.0000
vt 0.3650 0.0072 0.0000
vt 0.3661 0.0071 0.0000
vt 0.3673 0.0078 0.0000
vt 0.3663 0.0105 0.0000
vt 0.3674 0.0097 0.0000
vt 0.3652 0.0105 0.0000
vt 0.3468 0.0088 0.0000
vt 0.3656 0.0088 0.0000
# 74 texture coords

o Ball_002
g Ball_002
usemtl Skylight_lambert2
s off
f 1/1/1 2/2/2 3/3/3 
f 3/3/3 4/4/4 1/1/1 
f 3/3/3 2/2/2 5/5/5 
f 5/5/5 6/6/6 3/3/3 
f 7/7/7 8/8/8 6/6/6 
f 6/6/6 5/5/5 7/7/7 
f 9/9/9 10/10/10 8/8/8 
f 8/8/8 7/7/7 9/9/9 
f 11/11/11 12/12/12 10/10/10 
f 10/10/10 9/9/9 11/11/11 
f 13/13/13 14/14/14 12/15/12 
f 12/15/12 11/16/11 13/13/13 
f 13/13/13 15/17/15 16/18/16 
f 16/18/16 14/14/14 13/13/13 
f 4/4/4 16/18/16 15/17/15 
f 15/17/15 1/1/1 4/4/4 
f 3/3/3 17/19/17 18/20/18 
f 18/20/18 4/4/4 3/3/3 
f 3/3/3 6/6/6 19/21/19 
f 19/21/19 17/19/17 3/3/3 
f 19/21/19 6/6/6 8/8/8 
f 8/8/8 20/22/20 19/21/19 
f 8/8/8 10/10/10 21/23/21 
f 21/23/21 20/22/20 8/8/8 
f 10/10/10 12/12/12 22/24/22 
f 22/24/22 21/23/21 10/10/10 
f 12/15/12 14/14/14 23/25/23 
f 23/25/23 22/26/22 12/15/12 
f 14/14/14 16/18/16 24/27/24 
f 24/27/24 23/25/23 14/14/14 
f 4/4/4 18/20/18 24/27/24 
f 24/27/24 16/18/16 4/4/4 
f 25/28/25 26/29/26 18/20/18 
f 18/20/18 17/19/17 25/28/25 
f 25/28/25 17/19/17 19/21/19 
f 19/21/19 27/30/27 25/28/25 
f 19/21/19 20/22/20 28/31/28 
f 28/31/28 27/30/27 19/21/19 
f 21/23/21 29/32/29 28/31/28 
f 28/31/28 20/22/20 21/23/21 
f 21/23/21 22/24/22 30/33/30 
f 30/33/30 29/32/29 21/23/21 
f 23/25/23 31/34/31 30/35/30 
f 30/35/30 22/26/22 23/25/23 
f 24/27/24 32/36/32 31/34/31 
f 31/34/31 23/25/23 24/27/24 
f 26/29/26 32/36/32 24/27/24 
f 24/27/24 18/20/18 26/29/26 
f 25/37/25 33/38/33 34/39/34 
f 34/39/34 26/40/26 25/37/25 
f 27/41/27 35/42/35 33/38/33 
f 33/38/33 25/37/25 27/41/27 
f 28/43/28 36/44/36 35/42/35 
f 35/42/35 27/41/27 28/43/28 
f 37/45/37 36/44/36 28/43/28 
f 28/43/28 29/46/29 37/45/37 
f 30/47/30 38/48/38 37/45/37 
f 37/45/37 29/46/29 30/47/30 
f 31/49/31 39/50/39 38/51/38 
f 38/51/38 30/52/30 31/49/31 
f 32/53/32 40/54/40 39/50/39 
f 39/50/39 31/49/31 32/53/32 
f 40/54/40 32/53/32 26/40/26 
f 26/40/26 34/39/34 40/54/40 
f 41/55/41 42/56/42 34/39/34 
f 34/39/34 33/38/33 41/55/41 
f 41/55/41 33/38/33 35/42/35 
f 35/42/35 43/57/43 41/55/41 
f 35/42/35 36/44/36 44/58/44 
f 44/58/44 43/57/43 35/42/35 
f 37/45/37 45/59/45 44/58/44 
f 44/58/44 36/44/36 37/45/37 
f 37/45/37 38/48/38 46/60/46 
f 46/60/46 45/59/45 37/45/37 
f 39/50/39 47/61/47 46/62/46 
f 46/62/46 38/51/38 39/50/39 
f 40/54/40 48/63/48 47/61/47 
f 47/61/47 39/50/39 40/54/40 
f 42/56/42 48/63/48 40/54/40 
f 40/54/40 34/39/34 42/56/42 
f 41/55/41 49/64/49 50/65/50 
f 50/65/50 42/56/42 41/55/41 
f 41/55/41 43/57/43 51/66/51 
f 51/66/51 49/64/49 41/55/41 
f 52/67/52 51/66/51 43/57/43 
f 43/57/43 44/58/44 52/67/52 
f 44/58/44 45/59/45 53/68/53 
f 53/68/53 52/67/52 44/58/44 
f 54/69/54 53/68/53 45/59/45 
f 45/59/45 46/60/46 54/69/54 
f 46/62/46 47/61/47 55/70/55 
f 55/70/55 54/71/54 46/62/46 
f 56/72/56 55/70/55 47/61/47 
f 47/61/47 48/63/48 56/72/56 
f 42/56/42 50/65/50 56/72/56 
f 56/72/56 48/63/48 42/56/42 
f 2/2/2 1/1/1 57/73/57 
f 5/5/5 2/2/2 57/73/57 
f 7/7/7 5/5/5 57/73/57 
f 9/9/9 7/7/7 57/73/57 
f 11/11/11 9/9/9 57/73/57 
f 13/13/13 11/16/11 57/73/57 
f 15/17/15 13/13/13 57/73/57 
f 1/1/1 15/17/15 57/73/57 
f 50/65/50 49/64/49 58/74/58 
f 49/64/49 51/66/51 58/74/58 
f 51/66/51 52/67/52 58/74/58 
f 52/67/52 53/68/53 58/74/58 
f 53/68/53 54/69/54 58/74/58 
f 54/71/54 55/70/55 58/74/58 
f 55/70/55 56/72/56 58/74/58 
f 56/72/56 50/65/50 58/74/58 
f 59/3/3 60/2/2 61/1/5 
f 61/1/5 62/4/6 59/3/3 
f 59/3/3 63/6/4 64/5/1 
f 64/5/1 60/2/2 59/3/3 
f 63/6/4 65/8/16 66/7/15 
f 66/7/15 64/5/1 63/6/4 
f 67/10/14 68/9/13 66/7/15 
f 66/7/15 65/8/16 67/10/14 
f 69/12/12 70/11/11 68/9/13 
f 68/9/13 67/10/14 69/12/12 
f 70/16/11 69/15/12 71/14/10 
f 71/14/10 72/13/9 70/16/11 
f 73/17/7 72/13/9 71/14/10 
f 71/14/10 74/18/8 73/17/7 
f 61/1/5 73/17/7 74/18/8 
f 74/18/8 62/4/6 61/1/5 
f 75/19/17 59/3/3 62/4/6 
f 62/4/6 76/20/19 75/19/17 
f 77/21/18 63/6/4 59/3/3 
f 59/3/3 75/19/17 77/21/18 
f 77/21/18 78/22/24 65/8/16 
f 65/8/16 63/6/4 77/21/18 
f 78/22/24 79/23/23 67/10/14 
f 67/10/14 65/8/16 78/22/24 
f 80/24/22 69/12/12 67/10/14 
f 67/10/14 79/23/23 80/24/22 
f 81/25/21 71/14/10 69/15/12 
f 69/15/12 80/26/22 81/25/21 
f 71/14/10 81/25/21 82/27/20 
f 82/27/20 74/18/8 71/14/10 
f 76/20/19 62/4/6 74/18/8 
f 74/18/8 82/27/20 76/20/19 
f 76/20/19 83/29/27 84/28/25 
f 84/28/25 75/19/17 76/20/19 
f 77/21/18 75/19/17 84/28/25 
f 84/28/25 85/30/26 77/21/18 
f 85/30/26 86/31/32 78/22/24 
f 78/22/24 77/21/18 85/30/26 
f 87/32/31 79/23/23 78/22/24 
f 78/22/24 86/31/32 87/32/31 
f 87/32/31 88/33/30 80/24/22 
f 80/24/22 79/23/23 87/32/31 
f 81/25/21 80/26/22 88/35/30 
f 88/35/30 89/34/29 81/25/21 
f 90/36/28 82/27/20 81/25/21 
f 81/25/21 89/34/29 90/36/28 
f 83/29/27 76/20/19 82/27/20 
f 82/27/20 90/36/28 83/29/27 
f 91/38/33 84/37/25 83/40/27 
f 83/40/27 92/39/35 91/38/33 
f 93/42/34 85/41/26 84/37/25 
f 84/37/25 91/38/33 93/42/34 
f 94/44/40 86/43/32 85/41/26 
f 85/41/26 93/42/34 94/44/40 
f 87/46/31 86/43/32 94/44/40 
f 94/44/40 95/45/39 87/46/31 
f 95/45/39 96/48/38 88/47/30 
f 88/47/30 87/46/31 95/45/39 
f 89/49/29 88/52/30 96/51/38 
f 96/51/38 97/50/37 89/49/29 
f 97/50/37 98/54/36 90/53/28 
f 90/53/28 89/49/29 97/50/37 
f 92/39/35 83/40/27 90/53/28 
f 90/53/28 98/54/36 92/39/35 
f 99/56/43 100/55/41 91/38/33 
f 91/38/33 92/39/35 99/56/43 
f 101/57/42 93/42/34 91/38/33 
f 91/38/33 100/55/41 101/57/42 
f 101/57/42 102/58/48 94/44/40 
f 94/44/40 93/42/34 101/57/42 
f 102/58/48 103/59/47 95/45/39 
f 95/45/39 94/44/40 102/58/48 
f 103/59/47 104/60/46 96/48/38 
f 96/48/38 95/45/39 103/59/47 
f 96/51/38 104/62/46 105/61/45 
f 105/61/45 97/50/37 96/51/38 
f 106/63/44 98/54/36 97/50/37 
f 97/50/37 105/61/45 106/63/44 
f 99/56/43 92/39/35 98/54/36 
f 98/54/36 106/63/44 99/56/43 
f 99/56/43 107/65/51 108/64/49 
f 108/64/49 100/55/41 99/56/43 
f 100/55/41 108/64/49 109/66/50 
f 109/66/50 101/57/42 100/55/41 
f 101/57/42 109/66/50 110/67/56 
f 110/67/56 102/58/48 101/57/42 
f 111/68/55 103/59/47 102/58/48 
f 102/58/48 110/67/56 111/68/55 
f 111/68/55 112/69/54 104/60/46 
f 104/60/46 103/59/47 111/68/55 
f 112/71/54 113/70/53 105/61/45 
f 105/61/45 104/62/46 112/71/54 
f 113/70/53 114/72/52 106/63/44 
f 106/63/44 105/61/45 113/70/53 
f 106/63/44 114/72/52 107/65/51 
f 107/65/51 99/56/43 106/63/44 
f 60/2/2 115/73/57 61/1/5 
f 64/5/1 115/73/57 60/2/2 
f 66/7/15 115/73/57 64/5/1 
f 68/9/13 115/73/57 66/7/15 
f 70/11/11 115/73/57 68/9/13 
f 72/13/9 115/73/57 70/16/11 
f 73/17/7 115/73/57 72/13/9 
f 61/1/5 115/73/57 73/17/7 
f 107/65/51 116/74/58 108/64/49 
f 108/64/49 116/74/58 109/66/50 
f 109/66/50 116/74/58 110/67/56 
f 110/67/56 116/74/58 111/68/55 
f 111/68/55 116/74/58 112/69/54 
f 112/71/54 116/74/58 113/70/53 
f 113/70/53 116/74/58 114/72/52 
f 114/72/52 116/74/58 107/65/51 
# 224 faces

#
# object Bridge_Plane_01_low001
#

v  20.5469 28.1334 -43.4719
v  20.5469 24.9726 -43.4719
v  20.5469 25.6840 -44.8315
v  20.5469 28.1334 -44.8315
v  20.5469 26.4012 -46.7228
v  20.5469 28.1334 -46.7228
v  20.5469 26.8165 -48.2653
v  20.5469 28.1334 -48.2653
v  20.5469 27.0951 -49.8631
v  20.5469 28.1334 -49.8631
v  20.5469 27.1825 -51.4609
v  20.5469 28.1334 -51.4609
v  20.5469 27.1701 -53.0588
v  20.5469 28.1334 -53.0588
v  20.5469 27.0113 -54.5691
v  20.5469 28.1334 -54.5691
v  -3.2896 28.1334 -43.4719
v  -3.2896 28.1334 -44.8315
v  -3.2896 25.6840 -44.8315
v  -3.2896 24.9726 -43.4719
v  -3.2896 28.1334 -46.7228
v  -3.2896 26.4012 -46.7228
v  -3.2896 28.1334 -48.2653
v  -3.2896 26.8165 -48.2653
v  -3.2896 28.1334 -49.8631
v  -3.2896 27.0951 -49.8631
v  -3.2896 28.1334 -51.4609
v  -3.2896 27.1825 -51.4609
v  -3.2896 28.1334 -53.0588
v  -3.2896 27.1701 -53.0588
v  -3.2896 28.1334 -54.5691
v  -3.2896 27.0113 -54.5691
v  20.5469 28.1334 -65.8412
v  20.5469 28.1334 -64.4816
v  20.5469 25.6840 -64.4816
v  20.5469 24.9726 -65.8412
v  20.5469 28.1334 -62.5903
v  20.5469 26.4012 -62.5903
v  20.5469 28.1334 -61.0478
v  20.5469 26.8165 -61.0478
v  20.5469 28.1334 -59.4499
v  20.5469 27.0951 -59.4499
v  20.5469 28.1334 -57.8522
v  20.5469 27.1825 -57.8522
v  20.5469 28.1334 -56.2543
v  20.5469 27.1701 -56.2543
v  20.5469 28.1334 -54.7440
v  20.5469 27.0113 -54.7440
v  -3.2896 28.1334 -65.8412
v  -3.2896 24.9726 -65.8412
v  -3.2896 25.6840 -64.4816
v  -3.2896 28.1334 -64.4816
v  -3.2896 26.4012 -62.5903
v  -3.2896 28.1334 -62.5903
v  -3.2896 26.8165 -61.0478
v  -3.2896 28.1334 -61.0478
v  -3.2896 27.0951 -59.4499
v  -3.2896 28.1334 -59.4499
v  -3.2896 27.1825 -57.8522
v  -3.2896 28.1334 -57.8522
v  -3.2896 27.1701 -56.2543
v  -3.2896 28.1334 -56.2543
v  -3.2896 27.0113 -54.7440
v  -3.2896 28.1334 -54.7440
# 64 vertices

vn 0.0000 0.0000 -1.0000
# 1 vertex normals

vt 0.7109 0.8934 0.0000
vt 0.6464 0.9008 0.0000
vt 0.6558 0.8550 0.0000
vt 0.7058 0.8492 0.0000
vt 0.6634 0.7919 0.0000
vt 0.6987 0.7878 0.0000
vt 0.6661 0.7409 0.0000
vt 0.6929 0.7378 0.0000
vt 0.6658 0.6883 0.0000
vt 0.6869 0.6859 0.0000
vt 0.6615 0.6363 0.0000
vt 0.6810 0.6340 0.0000
vt 0.6553 0.5844 0.0000
vt 0.6750 0.5821 0.0000
vt 0.6464 0.5358 0.0000
vt 0.6693 0.5331 0.0000
# 16 texture coords

o Bridge_Plane_01_low001
g Bridge_Plane_01_low001
usemtl Material__56
s off
f 117/75/59 118/76/59 119/77/59 
f 119/77/59 120/78/59 117/75/59 
f 120/78/59 119/77/59 121/79/59 
f 121/79/59 122/80/59 120/78/59 
f 122/80/59 121/79/59 123/81/59 
f 123/81/59 124/82/59 122/80/59 
f 124/82/59 123/81/59 125/83/59 
f 125/83/59 126/84/59 124/82/59 
f 126/84/59 125/83/59 127/85/59 
f 127/85/59 128/86/59 126/84/59 
f 127/85/59 129/87/59 130/88/59 
f 130/88/59 128/86/59 127/85/59 
f 129/87/59 131/89/59 132/90/59 
f 132/90/59 130/88/59 129/87/59 
f 133/75/59 134/78/59 135/77/59 
f 135/77/59 136/76/59 133/75/59 
f 134/78/59 137/80/59 138/79/59 
f 138/79/59 135/77/59 134/78/59 
f 137/80/59 139/82/59 140/81/59 
f 140/81/59 138/79/59 137/80/59 
f 139/82/59 141/84/59 142/83/59 
f 142/83/59 140/81/59 139/82/59 
f 141/84/59 143/86/59 144/85/59 
f 144/85/59 142/83/59 141/84/59 
f 145/88/59 146/87/59 144/85/59 
f 144/85/59 143/86/59 145/88/59 
f 147/90/59 148/89/59 146/87/59 
f 146/87/59 145/88/59 147/90/59 
f 149/75/59 150/78/59 151/77/59 
f 151/77/59 152/76/59 149/75/59 
f 150/78/59 153/80/59 154/79/59 
f 154/79/59 151/77/59 150/78/59 
f 153/80/59 155/82/59 156/81/59 
f 156/81/59 154/79/59 153/80/59 
f 155/82/59 157/84/59 158/83/59 
f 158/83/59 156/81/59 155/82/59 
f 157/84/59 159/86/59 160/85/59 
f 160/85/59 158/83/59 157/84/59 
f 161/88/59 162/87/59 160/85/59 
f 160/85/59 159/86/59 161/88/59 
f 163/90/59 164/89/59 162/87/59 
f 162/87/59 161/88/59 163/90/59 
f 165/75/59 166/76/59 167/77/59 
f 167/77/59 168/78/59 165/75/59 
f 168/78/59 167/77/59 169/79/59 
f 169/79/59 170/80/59 168/78/59 
f 170/80/59 169/79/59 171/81/59 
f 171/81/59 172/82/59 170/80/59 
f 172/82/59 171/81/59 173/83/59 
f 173/83/59 174/84/59 172/82/59 
f 174/84/59 173/83/59 175/85/59 
f 175/85/59 176/86/59 174/84/59 
f 175/85/59 177/87/59 178/88/59 
f 178/88/59 176/86/59 175/85/59 
f 177/87/59 179/89/59 180/90/59 
f 180/90/59 178/88/59 177/87/59 
# 56 faces

#
# object Components001
#

v  34.5846 28.5851 -46.6822
v  35.0514 28.5851 -46.6822
v  30.5819 31.6782 -46.6822
v  30.5760 31.2546 -46.6822
v  35.0514 28.5851 -47.0647
v  30.0870 32.0299 -47.0647
v  30.0811 31.6064 -47.0647
v  34.5846 28.5851 -47.0647
v  25.7890 34.5149 -50.5775
v  34.5846 28.5851 -50.5775
v  35.0514 28.5851 -50.5775
v  25.7949 35.0010 -50.5775
v  35.0514 28.5851 -50.9600
v  25.3001 35.3528 -50.9600
v  34.5846 28.5851 -50.9600
v  25.2942 34.8667 -50.9600
v  29.8285 28.5851 -43.1813
v  29.8285 28.5851 -42.7988
v  29.8285 32.0054 -46.8348
v  29.8285 31.6049 -46.8217
v  30.2954 28.5851 -42.7988
v  30.2954 31.6871 -46.4491
v  30.2954 31.2865 -46.4360
v  30.2954 28.5851 -43.1813
v  25.0668 34.8368 -50.7682
v  25.0668 28.5851 -43.1813
v  25.0668 28.5851 -42.7988
v  25.0668 35.3229 -50.7633
v  25.5337 35.0045 -50.3776
v  25.5337 28.5851 -42.7988
v  25.5337 28.5851 -43.1813
v  25.5337 34.5184 -50.3824
v  20.7720 38.3197 -54.2740
v  20.7720 37.7113 -54.2740
v  34.2623 28.5851 -43.1792
v  34.7251 28.5851 -42.7988
v  34.5846 28.5851 -43.4398
v  21.0054 37.7113 -54.4653
v  21.0054 38.3197 -54.4653
v  35.0514 28.5851 -43.0603
v  35.0497 28.5851 -42.7974
v  20.8887 38.3197 -54.3697
v  20.8887 37.7113 -54.3697
v  34.5821 28.5851 -43.1792
v  28.2456 33.3096 -54.4653
v  28.2456 33.3105 -48.3670
v  28.0264 32.7733 -48.5465
v  28.0264 32.7724 -54.4653
v  27.8334 33.5952 -54.4653
v  27.8334 33.5961 -48.7047
v  27.6142 33.0589 -48.8843
v  27.6142 33.0580 -54.4653
v  8.6286 33.3114 -48.3670
v  8.6286 32.7742 -48.5465
v  8.6286 33.5970 -48.7047
v  8.6286 33.0598 -48.8843
v  10.7761 37.7113 -54.2740
v  10.7761 28.5851 -43.1813
v  10.7761 28.5851 -42.7988
v  10.7761 38.3197 -54.2740
v  11.2429 28.5851 -42.7988
v  11.2429 28.5851 -43.1813
v  11.2429 37.7113 -54.2740
v  11.2429 38.3197 -54.2740
v  15.5378 28.5851 -43.1813
v  15.5378 28.5851 -42.7988
v  15.5378 38.3197 -54.2740
v  15.5378 37.7113 -54.2740
v  16.0047 37.7113 -54.2740
v  16.0047 38.3197 -54.2740
v  16.0047 28.5851 -42.7988
v  16.0047 28.5851 -43.1813
v  20.2995 37.7113 -54.2740
v  20.2995 28.5851 -43.1813
v  20.2995 28.5851 -42.7988
v  20.2995 38.3197 -54.2740
v  20.7663 38.3197 -54.2740
v  20.7663 28.5851 -42.7988
v  20.7663 28.5851 -43.1813
v  20.7663 37.7113 -54.2740
v  34.5846 28.5851 -54.4653
v  35.0514 28.5851 -54.4653
v  21.0054 37.7113 -54.8478
v  21.0054 38.3197 -54.8478
v  35.0514 28.5851 -54.8478
v  34.5846 28.5851 -54.8478
v  8.6286 37.7113 -54.2740
v  8.6286 38.3197 -54.2740
v  8.6286 38.3197 -55.0390
v  20.7720 38.3197 -55.0390
v  20.7720 37.7113 -55.0390
v  8.6286 37.7113 -55.0390
v  34.5846 26.1515 -43.1813
v  35.0514 26.1515 -42.7988
v  8.6286 26.1515 -42.7988
v  8.6286 26.1515 -43.1813
v  8.6286 28.5851 -42.7988
v  35.0514 28.5851 -42.7988
v  34.5846 28.5851 -43.1813
v  8.6286 28.5851 -43.1813
v  35.0514 26.1515 -54.6565
v  35.0514 28.5851 -54.6565
v  34.5846 26.1515 -54.6565
v  34.5846 28.5851 -54.6565
v  20.2995 28.5851 -44.8315
v  20.2995 28.5851 -43.4719
v  20.7663 28.5851 -43.4719
v  20.7663 28.5851 -44.8315
v  20.7663 28.1334 -43.4719
v  20.7663 28.1334 -44.8315
v  20.2995 25.6461 -44.8315
v  20.7663 25.6461 -44.8315
v  20.7663 24.9347 -43.4719
v  20.2995 24.9347 -43.4719
v  20.2995 28.1334 -44.8315
v  20.2995 28.1334 -43.4719
v  20.7663 28.1334 -42.7988
v  20.7663 25.3402 -42.7988
v  20.7663 25.3402 -43.4719
v  20.7663 24.9347 -42.7988
v  20.2995 24.9347 -42.7988
v  20.2995 28.1334 -42.7988
v  20.7663 28.5851 -54.5691
v  20.7663 28.5851 -54.6565
v  20.2995 28.5851 -54.6565
v  20.2995 28.5851 -54.5691
v  20.2995 28.1334 -54.6565
v  20.2995 28.1334 -54.5691
v  20.7663 27.1322 -53.0588
v  20.2995 27.1322 -53.0588
v  20.2995 26.9677 -54.5691
v  20.7663 26.9677 -54.5691
v  20.7663 28.1334 -54.5691
v  20.7663 28.1334 -54.6565
v  20.2995 28.5851 -51.4609
v  20.7663 28.5851 -51.4609
v  20.7663 28.5851 -53.0588
v  20.2995 28.5851 -53.0588
v  20.2995 28.1334 -53.0588
v  20.2995 28.1334 -51.4609
v  20.2995 27.1446 -51.4609
v  20.7663 27.1446 -51.4609
v  20.7663 28.1334 -51.4609
v  20.7663 28.1334 -53.0588
v  20.2995 28.5851 -49.8631
v  20.7663 28.5851 -49.8631
v  20.2995 28.1334 -49.8631
v  20.7663 27.0572 -49.8631
v  20.2995 27.0572 -49.8631
v  20.7663 28.1334 -49.8631
v  20.7663 28.5851 -48.2653
v  20.2995 28.5851 -48.2653
v  20.2995 28.1334 -48.2653
v  20.7663 26.7786 -48.2653
v  20.2995 26.7786 -48.2653
v  20.7663 28.1334 -48.2653
v  20.2995 28.5851 -46.6675
v  20.7663 28.5851 -46.6675
v  20.2995 28.1334 -46.6675
v  20.7663 26.3633 -46.6675
v  20.2995 26.3633 -46.6675
v  20.7663 28.1334 -46.6675
v  20.2995 25.3402 -43.4719
v  20.2995 25.3402 -42.7988
v  20.7663 25.9723 -44.8315
v  20.7663 26.6476 -46.6675
v  20.7663 27.0291 -48.2653
v  20.7663 27.2518 -49.8631
v  20.7663 27.3162 -51.4609
v  20.7663 27.2900 -53.0588
v  20.7663 27.1151 -54.5691
v  20.2995 27.2900 -53.0588
v  20.2995 27.1151 -54.5691
v  20.2995 27.3162 -51.4609
v  20.2995 27.2518 -49.8631
v  20.2995 27.0291 -48.2653
v  20.2995 26.6476 -46.6675
v  20.2995 25.9723 -44.8315
v  20.7663 26.9734 -54.6565
v  20.7663 27.1197 -54.6565
v  20.2995 27.1197 -54.6565
v  20.2995 26.9734 -54.6565
v  -13.3187 31.2546 -46.6822
v  -13.3246 31.6782 -46.6822
v  -17.7941 28.5851 -46.6822
v  -17.3273 28.5851 -46.6822
v  -17.7941 28.5851 -47.0647
v  -12.8298 32.0299 -47.0647
v  -12.8238 31.6064 -47.0647
v  -17.3273 28.5851 -47.0647
v  -8.5316 34.5149 -50.5775
v  -8.5376 35.0010 -50.5775
v  -17.7941 28.5851 -50.5775
v  -17.3273 28.5851 -50.5775
v  -17.7941 28.5851 -50.9600
v  -8.0428 35.3528 -50.9600
v  -8.0369 34.8667 -50.9600
v  -17.3273 28.5851 -50.9600
v  -12.5712 31.6049 -46.8217
v  -12.5712 32.0054 -46.8348
v  -12.5712 28.5851 -42.7988
v  -12.5712 28.5851 -43.1813
v  -13.0381 31.6871 -46.4491
v  -13.0381 28.5851 -42.7988
v  -13.0381 31.2865 -46.4360
v  -13.0381 28.5851 -43.1813
v  -7.8095 35.3229 -50.7633
v  -7.8095 28.5851 -42.7988
v  -7.8095 28.5851 -43.1813
v  -7.8095 34.8368 -50.7682
v  -8.2763 28.5851 -42.7988
v  -8.2763 35.0045 -50.3776
v  -8.2763 34.5184 -50.3824
v  -8.2763 28.5851 -43.1813
v  -17.0050 28.5851 -43.1792
v  -3.5147 37.7113 -54.2740
v  -3.5147 38.3197 -54.2740
v  -17.4677 28.5851 -42.7988
v  -17.7941 28.5851 -43.0603
v  -3.7481 38.3197 -54.4653
v  -3.7481 37.7113 -54.4653
v  -17.3273 28.5851 -43.4398
v  -17.7923 28.5851 -42.7974
v  -3.6314 38.3197 -54.3697
v  -3.6314 37.7113 -54.3697
v  -17.3248 28.5851 -43.1792
v  -10.7691 32.7724 -54.4653
v  -10.7691 32.7733 -48.5465
v  -10.9883 33.3105 -48.3670
v  -10.9883 33.3096 -54.4653
v  -10.5761 33.5961 -48.7047
v  -10.5761 33.5952 -54.4653
v  -10.3569 33.0589 -48.8843
v  -10.3569 33.0580 -54.4653
v  6.4812 28.5851 -42.7988
v  6.4812 28.5851 -43.1813
v  6.4812 37.7113 -54.2740
v  6.4812 38.3197 -54.2740
v  6.0144 28.5851 -42.7988
v  6.0144 38.3197 -54.2740
v  6.0144 37.7113 -54.2740
v  6.0144 28.5851 -43.1813
v  1.7195 37.7113 -54.2740
v  1.7195 38.3197 -54.2740
v  1.7195 28.5851 -42.7988
v  1.7195 28.5851 -43.1813
v  1.2527 28.5851 -42.7988
v  1.2527 38.3197 -54.2740
v  1.2527 37.7113 -54.2740
v  1.2527 28.5851 -43.1813
v  -3.0422 28.5851 -42.7988
v  -3.0422 28.5851 -43.1813
v  -3.0422 37.7113 -54.2740
v  -3.0422 38.3197 -54.2740
v  -3.5090 28.5851 -43.1813
v  -3.5090 28.5851 -42.7988
v  -3.5090 38.3197 -54.2740
v  -3.5090 37.7113 -54.2740
v  -17.7941 28.5851 -54.4653
v  -17.3273 28.5851 -54.4653
v  -3.7481 37.7113 -54.8478
v  -17.3273 28.5851 -54.8478
v  -17.7941 28.5851 -54.8478
v  -3.7481 38.3197 -54.8478
v  -3.5147 38.3197 -55.0390
v  -3.5147 37.7113 -55.0390
v  -17.7941 26.1515 -42.7988
v  -17.3273 26.1515 -43.1813
v  -17.7941 28.5851 -42.7988
v  -17.3273 28.5851 -43.1813
v  -17.7941 26.1515 -54.6565
v  -17.7941 28.5851 -54.6565
v  -17.3273 26.1515 -54.6565
v  -17.3273 28.5851 -54.6565
v  -3.0422 28.5851 -43.4719
v  -3.0422 28.5851 -44.8315
v  -3.5090 28.5851 -44.8315
v  -3.5090 28.5851 -43.4719
v  -3.5090 28.1334 -43.4719
v  -3.5090 28.1334 -44.8315
v  -3.0422 25.6461 -44.8315
v  -3.0422 24.9347 -43.4719
v  -3.5090 24.9347 -43.4719
v  -3.5090 25.6461 -44.8315
v  -3.0422 28.1334 -43.4719
v  -3.0422 28.1334 -44.8315
v  -3.5090 25.3402 -43.4719
v  -3.5090 25.3402 -42.7988
v  -3.5090 28.1334 -42.7988
v  -3.0422 24.9347 -42.7988
v  -3.5090 24.9347 -42.7988
v  -3.0422 28.1334 -42.7988
v  -3.5090 28.5851 -54.6565
v  -3.5090 28.5851 -54.5691
v  -3.0422 28.5851 -54.5691
v  -3.0422 28.5851 -54.6565
v  -3.0422 28.1334 -54.6565
v  -3.0422 28.1334 -54.5691
v  -3.5090 27.1322 -53.0588
v  -3.5090 26.9677 -54.5691
v  -3.0422 26.9677 -54.5691
v  -3.0422 27.1322 -53.0588
v  -3.5090 28.1334 -54.6565
v  -3.5090 28.1334 -54.5691
v  -3.5090 28.5851 -53.0588
v  -3.5090 28.5851 -51.4609
v  -3.0422 28.5851 -51.4609
v  -3.0422 28.5851 -53.0588
v  -3.0422 28.1334 -51.4609
v  -3.0422 28.1334 -53.0588
v  -3.5090 27.1446 -51.4609
v  -3.0422 27.1446 -51.4609
v  -3.5090 28.1334 -53.0588
v  -3.5090 28.1334 -51.4609
v  -3.5090 28.5851 -49.8631
v  -3.0422 28.5851 -49.8631
v  -3.0422 28.1334 -49.8631
v  -3.5090 27.0572 -49.8631
v  -3.0422 27.0572 -49.8631
v  -3.5090 28.1334 -49.8631
v  -3.5090 28.5851 -48.2653
v  -3.0422 28.5851 -48.2653
v  -3.0422 28.1334 -48.2653
v  -3.0422 26.7786 -48.2653
v  -3.5090 26.7786 -48.2653
v  -3.5090 28.1334 -48.2653
v  -3.5090 28.5851 -46.6675
v  -3.0422 28.5851 -46.6675
v  -3.0422 28.1334 -46.6675
v  -3.0422 26.3633 -46.6675
v  -3.5090 26.3633 -46.6675
v  -3.5090 28.1334 -46.6675
v  -3.0422 25.3402 -42.7988
v  -3.0422 25.3402 -43.4719
v  -3.5090 25.9723 -44.8315
v  -3.5090 26.6476 -46.6675
v  -3.5090 27.0291 -48.2653
v  -3.5090 27.2518 -49.8631
v  -3.5090 27.3162 -51.4609
v  -3.5090 27.2900 -53.0588
v  -3.5090 27.1151 -54.5691
v  -3.0422 27.2900 -53.0588
v  -3.0422 27.1151 -54.5691
v  -3.0422 27.3162 -51.4609
v  -3.0422 27.2518 -49.8631
v  -3.0422 27.0291 -48.2653
v  -3.0422 26.6476 -46.6675
v  -3.0422 25.9723 -44.8315
v  -3.5090 27.1197 -54.6565
v  -3.5090 26.9734 -54.6565
v  -3.0422 27.1197 -54.6565
v  -3.0422 26.9734 -54.6565
v  30.5760 31.2546 -62.6308
v  30.5819 31.6782 -62.6308
v  35.0514 28.5851 -62.6308
v  34.5846 28.5851 -62.6308
v  30.0870 32.0299 -62.2483
v  35.0514 28.5851 -62.2483
v  30.0811 31.6064 -62.2483
v  34.5846 28.5851 -62.2483
v  34.5846 28.5851 -58.7356
v  25.7890 34.5149 -58.7356
v  25.7949 35.0010 -58.7356
v  35.0514 28.5851 -58.7356
v  25.3001 35.3528 -58.3531
v  35.0514 28.5851 -58.3531
v  25.2942 34.8667 -58.3531
v  34.5846 28.5851 -58.3531
v  29.8285 31.6049 -62.4913
v  29.8285 32.0054 -62.4783
v  29.8285 28.5851 -66.5143
v  29.8285 28.5851 -66.1317
v  30.2954 28.5851 -66.5143
v  30.2954 31.6871 -62.8640
v  30.2954 31.2865 -62.8770
v  30.2954 28.5851 -66.1317
v  25.0668 34.8368 -58.5449
v  25.0668 35.3229 -58.5498
v  25.0668 28.5851 -66.5143
v  25.0668 28.5851 -66.1317
v  25.5337 35.0045 -58.9355
v  25.5337 28.5851 -66.5143
v  25.5337 34.5184 -58.9306
v  25.5337 28.5851 -66.1317
v  34.2623 28.5851 -66.1338
v  34.7251 28.5851 -66.5143
v  34.5846 28.5851 -65.8732
v  35.0514 28.5851 -66.2528
v  20.8887 38.3197 -54.9434
v  35.0497 28.5851 -66.5157
v  34.5821 28.5851 -66.1338
v  20.8887 37.7113 -54.9434
v  28.0264 32.7733 -60.7666
v  28.2456 33.3105 -60.9461
v  28.2456 33.3096 -54.8478
v  28.0264 32.7724 -54.8478
v  27.8334 33.5961 -60.6084
v  27.8334 33.5952 -54.8478
v  27.6142 33.0589 -60.4288
v  27.6142 33.0580 -54.8478
v  8.6286 32.7742 -60.7666
v  8.6286 33.3114 -60.9461
v  8.6286 33.5970 -60.6084
v  8.6286 33.0598 -60.4288
v  10.7761 28.5851 -66.5143
v  10.7761 28.5851 -66.1317
v  10.7761 37.7113 -55.0390
v  10.7761 38.3197 -55.0390
v  11.2429 37.7113 -55.0390
v  11.2429 28.5851 -66.1317
v  11.2429 28.5851 -66.5143
v  11.2429 38.3197 -55.0390
v  15.5378 28.5851 -66.5143
v  15.5378 28.5851 -66.1317
v  15.5378 37.7113 -55.0390
v  15.5378 38.3197 -55.0390
v  16.0047 28.5851 -66.5143
v  16.0047 38.3197 -55.0390
v  16.0047 37.7113 -55.0390
v  16.0047 28.5851 -66.1317
v  20.2995 37.7113 -55.0390
v  20.2995 38.3197 -55.0390
v  20.2995 28.5851 -66.5143
v  20.2995 28.5851 -66.1317
v  20.7663 28.5851 -66.5143
v  20.7663 38.3197 -55.0390
v  20.7663 37.7113 -55.0390
v  20.7663 28.5851 -66.1317
v  34.5846 26.1515 -66.1317
v  8.6286 26.1515 -66.1317
v  8.6286 26.1515 -66.5143
v  35.0514 26.1515 -66.5143
v  8.6286 28.5851 -66.5143
v  35.0514 28.5851 -66.5143
v  34.5846 28.5851 -66.1317
v  8.6286 28.5851 -66.1317
v  20.2995 28.5851 -64.4816
v  20.7663 28.5851 -64.4816
v  20.7663 28.5851 -65.8412
v  20.2995 28.5851 -65.8412
v  20.7663 28.1334 -65.8412
v  20.7663 28.1334 -64.4816
v  20.2995 25.6461 -64.4816
v  20.2995 24.9347 -65.8412
v  20.7663 24.9347 -65.8412
v  20.7663 25.6461 -64.4816
v  20.2995 28.1334 -65.8412
v  20.2995 28.1334 -64.4816
v  20.7663 25.3402 -66.5143
v  20.7663 28.1334 -66.5143
v  20.7663 25.3402 -65.8412
v  20.7663 24.9347 -66.5143
v  20.2995 24.9347 -66.5143
v  20.2995 28.1334 -66.5143
v  20.7663 28.5851 -54.7440
v  20.2995 28.5851 -54.7440
v  20.2995 28.1334 -54.7440
v  20.2995 26.9677 -54.7440
v  20.2995 27.1322 -56.2543
v  20.7663 27.1322 -56.2543
v  20.7663 26.9677 -54.7440
v  20.7663 28.1334 -54.7440
v  20.2995 28.5851 -57.8522
v  20.2995 28.5851 -56.2543
v  20.7663 28.5851 -56.2543
v  20.7663 28.5851 -57.8522
v  20.2995 28.1334 -57.8522
v  20.2995 28.1334 -56.2543
v  20.2995 27.1446 -57.8522
v  20.7663 27.1446 -57.8522
v  20.7663 28.1334 -56.2543
v  20.7663 28.1334 -57.8522
v  20.2995 28.5851 -59.4499
v  20.7663 28.5851 -59.4499
v  20.2995 28.1334 -59.4499
v  20.2995 27.0572 -59.4499
v  20.7663 27.0572 -59.4499
v  20.7663 28.1334 -59.4499
v  20.7663 28.5851 -61.0478
v  20.2995 28.5851 -61.0478
v  20.2995 28.1334 -61.0478
v  20.2995 26.7786 -61.0477
v  20.7663 26.7786 -61.0477
v  20.7663 28.1334 -61.0478
v  20.2995 28.5851 -62.6456
v  20.7663 28.5851 -62.6456
v  20.2995 28.1334 -62.6456
v  20.2995 26.3633 -62.6456
v  20.7663 26.3633 -62.6456
v  20.7663 28.1334 -62.6456
v  20.2995 25.3402 -65.8412
v  20.2995 25.3402 -66.5143
v  20.7663 25.9723 -64.4816
v  20.7663 26.6476 -62.6456
v  20.7663 27.0291 -61.0477
v  20.7663 27.2518 -59.4499
v  20.7663 27.3162 -57.8522
v  20.7663 27.2900 -56.2543
v  20.7663 27.1151 -54.7440
v  20.2995 27.1151 -54.7440
v  20.2995 27.2900 -56.2543
v  20.2995 27.3162 -57.8522
v  20.2995 27.2518 -59.4499
v  20.2995 27.0291 -61.0477
v  20.2995 26.6476 -62.6456
v  20.2995 25.9723 -64.4816
v  -17.7941 28.5851 -62.6308
v  -13.3246 31.6782 -62.6308
v  -13.3187 31.2546 -62.6308
v  -17.3273 28.5851 -62.6308
v  -12.8298 32.0299 -62.2483
v  -17.7941 28.5851 -62.2483
v  -17.3273 28.5851 -62.2483
v  -12.8238 31.6064 -62.2483
v  -17.7941 28.5851 -58.7356
v  -8.5376 35.0010 -58.7356
v  -8.5316 34.5149 -58.7356
v  -17.3273 28.5851 -58.7356
v  -17.7941 28.5851 -58.3531
v  -8.0428 35.3528 -58.3531
v  -17.3273 28.5851 -58.3531
v  -8.0369 34.8667 -58.3531
v  -12.5712 28.5851 -66.5143
v  -12.5712 32.0054 -62.4783
v  -12.5712 31.6049 -62.4913
v  -12.5712 28.5851 -66.1317
v  -13.0381 28.5851 -66.5143
v  -13.0381 31.6871 -62.8640
v  -13.0381 28.5851 -66.1317
v  -13.0381 31.2865 -62.8770
v  -7.8095 35.3229 -58.5498
v  -7.8095 34.8368 -58.5449
v  -7.8095 28.5851 -66.1317
v  -7.8095 28.5851 -66.5143
v  -8.2763 28.5851 -66.5143
v  -8.2763 35.0045 -58.9355
v  -8.2763 28.5851 -66.1317
v  -8.2763 34.5184 -58.9306
v  -17.0050 28.5851 -66.1338
v  -17.4677 28.5851 -66.5143
v  -17.3273 28.5851 -65.8732
v  -17.7941 28.5851 -66.2528
v  -3.6314 38.3197 -54.9434
v  -17.7923 28.5851 -66.5157
v  -17.3248 28.5851 -66.1338
v  -3.6314 37.7113 -54.9434
v  -10.7691 32.7724 -54.8478
v  -10.9883 33.3096 -54.8478
v  -10.9883 33.3105 -60.9461
v  -10.7691 32.7733 -60.7666
v  -10.5761 33.5952 -54.8478
v  -10.5761 33.5961 -60.6084
v  -10.3569 33.0589 -60.4288
v  -10.3569 33.0580 -54.8478
v  6.4812 38.3197 -55.0390
v  6.4812 37.7113 -55.0390
v  6.4812 28.5851 -66.1317
v  6.4812 28.5851 -66.5143
v  6.0144 28.5851 -66.5143
v  6.0144 28.5851 -66.1317
v  6.0144 37.7113 -55.0390
v  6.0144 38.3197 -55.0390
v  1.7195 28.5851 -66.1317
v  1.7195 28.5851 -66.5143
v  1.7195 38.3197 -55.0390
v  1.7195 37.7113 -55.0390
v  1.2527 28.5851 -66.5143
v  1.2527 28.5851 -66.1317
v  1.2527 37.7113 -55.0390
v  1.2527 38.3197 -55.0390
v  -3.0422 37.7113 -55.0390
v  -3.0422 28.5851 -66.1317
v  -3.0422 28.5851 -66.5143
v  -3.0422 38.3197 -55.0390
v  -3.5090 28.5851 -66.1317
v  -3.5090 37.7113 -55.0390
v  -3.5090 38.3197 -55.0390
v  -3.5090 28.5851 -66.5143
v  -17.3273 26.1515 -66.1317
v  -17.7941 26.1515 -66.5143
v  -17.7941 28.5851 -66.5143
v  -17.3273 28.5851 -66.1317
v  -3.0422 28.5851 -65.8412
v  -3.5090 28.5851 -65.8412
v  -3.5090 28.5851 -64.4816
v  -3.0422 28.5851 -64.4816
v  -3.5090 28.1334 -65.8412
v  -3.5090 28.1334 -64.4816
v  -3.5090 25.6461 -64.4816
v  -3.5090 24.9347 -65.8412
v  -3.0422 24.9347 -65.8412
v  -3.0422 25.6461 -64.4816
v  -3.0422 28.1334 -65.8412
v  -3.0422 28.1334 -64.4816
v  -3.5090 25.3402 -65.8412
v  -3.5090 28.1334 -66.5143
v  -3.5090 25.3402 -66.5143
v  -3.5090 24.9347 -66.5143
v  -3.0422 24.9347 -66.5143
v  -3.0422 28.1334 -66.5143
v  -3.0422 28.5851 -54.7440
v  -3.5090 28.5851 -54.7440
v  -3.0422 28.1334 -54.7440
v  -3.5090 27.1322 -56.2543
v  -3.0422 27.1322 -56.2543
v  -3.0422 26.9677 -54.7440
v  -3.5090 26.9677 -54.7440
v  -3.5090 28.1334 -54.7440
v  -3.5090 28.5851 -57.8522
v  -3.5090 28.5851 -56.2543
v  -3.0422 28.5851 -56.2543
v  -3.0422 28.5851 -57.8522
v  -3.0422 28.1334 -56.2543
v  -3.0422 28.1334 -57.8522
v  -3.5090 27.1446 -57.8522
v  -3.0422 27.1446 -57.8522
v  -3.5090 28.1334 -57.8522
v  -3.5090 28.1334 -56.2543
v  -3.0422 28.5851 -59.4499
v  -3.5090 28.5851 -59.4499
v  -3.0422 28.1334 -59.4499
v  -3.0422 27.0572 -59.4499
v  -3.5090 27.0572 -59.4499
v  -3.5090 28.1334 -59.4499
v  -3.5090 28.5851 -61.0478
v  -3.0422 28.5851 -61.0478
v  -3.0422 28.1334 -61.0478
v  -3.5090 26.7786 -61.0477
v  -3.0422 26.7786 -61.0477
v  -3.5090 28.1334 -61.0478
v  -3.0422 28.5851 -62.6456
v  -3.5090 28.5851 -62.6456
v  -3.0422 28.1334 -62.6456
v  -3.0422 26.3633 -62.6456
v  -3.5090 26.3633 -62.6456
v  -3.5090 28.1334 -62.6456
v  -3.0422 25.3402 -65.8412
v  -3.0422 25.3402 -66.5143
v  -3.5090 25.9723 -64.4816
v  -3.5090 26.6476 -62.6456
v  -3.5090 27.0291 -61.0477
v  -3.5090 27.2518 -59.4499
v  -3.5090 27.3162 -57.8522
v  -3.5090 27.2900 -56.2543
v  -3.5090 27.1151 -54.7440
v  -3.0422 27.1151 -54.7440
v  -3.0422 27.2900 -56.2543
v  -3.0422 27.3162 -57.8522
v  -3.0422 27.2518 -59.4499
v  -3.0422 27.0291 -61.0477
v  -3.0422 26.6476 -62.6456
v  -3.0422 25.9723 -64.4816
# 652 vertices

vn 0.0000 1.0000 -0.0000
vn 0.4695 0.0064 -0.8829
vn 0.0000 -1.0000 -0.0000
vn -0.4564 -0.0153 0.8897
vn 0.4698 0.0062 -0.8828
vn -0.4600 -0.0129 0.8878
vn -1.0000 0.0000 -0.0000
vn -0.0065 0.4707 -0.8823
vn 1.0000 0.0000 -0.0000
vn 0.0012 -0.4625 0.8866
vn -0.0059 0.4698 -0.8828
vn -0.0004 -0.4600 0.8879
vn -0.7084 0.7059 -0.0003
vn 0.7040 -0.7102 -0.0006
vn 0.2479 0.2490 -0.9362
vn 0.3830 0.1037 -0.9179
vn 0.2467 0.2502 -0.9362
vn -0.1001 -0.3746 0.9218
vn -0.2407 -0.2428 0.9397
vn -0.2416 -0.2420 0.9397
vn 0.1006 0.3864 -0.9168
vn -0.3722 -0.1021 0.9225
vn 0.8829 0.0000 0.4695
vn 0.4695 -0.0001 -0.8829
vn -0.8829 0.0000 -0.4695
vn -0.4695 0.0001 0.8829
vn 0.0000 0.8829 0.4695
vn 0.0000 0.4695 -0.8830
vn 0.0000 -0.8829 -0.4695
vn 0.0000 -0.4695 0.8830
vn 0.0000 0.4706 -0.8824
vn 0.0000 -0.4594 0.8882
vn 0.4695 0.0000 -0.8829
vn -0.4583 0.0000 0.8888
vn 0.0000 0.0000 -1.0000
vn 0.0000 0.0000 1.0000
vn 0.0000 -0.2706 0.9627
vn 0.0000 -0.2149 0.9766
vn 0.0000 0.0358 0.9994
vn 0.0000 0.0624 0.9981
vn 0.0000 -0.0148 0.9999
vn 0.0000 -0.0718 0.9974
vn 0.0000 -0.1353 0.9908
vn 0.0000 -0.2030 0.9792
vn 0.0000 0.2806 -0.9598
vn 0.0000 0.2253 -0.9743
vn 0.0000 0.1485 -0.9889
vn 0.0000 0.0873 -0.9962
vn 0.0000 0.0253 -0.9997
vn 0.0000 -0.0103 -0.9999
vn 0.0000 -0.0726 -0.9974
vn 0.0000 0.0414 0.9991
vn -0.4695 0.0064 -0.8829
vn 0.4564 -0.0153 0.8897
vn -0.4698 0.0062 -0.8828
vn 0.4600 -0.0129 0.8878
vn 0.0065 0.4707 -0.8823
vn -0.0012 -0.4625 0.8866
vn 0.0059 0.4698 -0.8828
vn 0.0004 -0.4600 0.8879
vn 0.7084 0.7059 -0.0003
vn -0.7040 -0.7102 -0.0006
vn -0.2479 0.2490 -0.9362
vn -0.2467 0.2502 -0.9362
vn -0.3830 0.1037 -0.9179
vn 0.2407 -0.2428 0.9397
vn 0.1001 -0.3746 0.9218
vn 0.2416 -0.2420 0.9397
vn -0.1006 0.3864 -0.9168
vn 0.3722 -0.1021 0.9225
vn -0.8829 0.0000 0.4695
vn -0.4695 -0.0001 -0.8829
vn 0.8829 0.0000 -0.4695
vn 0.4695 0.0001 0.8829
vn -0.4695 0.0000 -0.8829
vn 0.4583 0.0000 0.8888
vn 0.4695 -0.0064 -0.8829
vn -0.4564 0.0153 0.8897
vn 0.4698 -0.0062 -0.8828
vn -0.4600 0.0129 0.8878
vn -0.0065 -0.4707 -0.8823
vn 0.0012 0.4625 0.8866
vn -0.0059 -0.4698 -0.8828
vn -0.0004 0.4600 0.8879
vn -0.7084 -0.7059 -0.0003
vn 0.7040 0.7102 -0.0006
vn 0.2467 -0.2502 -0.9362
vn 0.3830 -0.1037 -0.9179
vn 0.2479 -0.2490 -0.9362
vn -0.2416 0.2420 0.9397
vn -0.2407 0.2428 0.9397
vn -0.1001 0.3746 0.9218
vn 0.1006 -0.3864 -0.9168
vn -0.3722 0.1021 0.9225
vn 0.4695 0.0001 -0.8829
vn -0.4695 -0.0001 0.8829
vn 0.0000 -0.8829 0.4695
vn 0.0000 -0.4695 -0.8830
vn 0.0000 0.8829 -0.4695
vn 0.0000 0.4695 0.8830
vn 0.0000 -0.4706 -0.8824
vn 0.0000 0.4594 0.8882
vn 0.0000 0.2706 0.9627
vn 0.0000 0.2149 0.9766
vn 0.0000 -0.0624 0.9981
vn 0.0000 -0.0358 0.9994
vn 0.0000 0.0148 0.9999
vn 0.0000 0.0718 0.9974
vn 0.0000 0.1353 0.9908
vn 0.0000 0.2030 0.9792
vn 0.0000 -0.2806 -0.9598
vn 0.0000 -0.2253 -0.9743
vn 0.0000 -0.1485 -0.9889
vn 0.0000 -0.0873 -0.9962
vn 0.0000 -0.0253 -0.9997
vn 0.0000 0.0103 -0.9999
vn 0.0000 0.0726 -0.9974
vn -0.4695 -0.0064 -0.8829
vn 0.4564 0.0153 0.8897
vn -0.4698 -0.0062 -0.8828
vn 0.4600 0.0129 0.8878
vn 0.0065 -0.4707 -0.8823
vn -0.0012 0.4625 0.8866
vn 0.0059 -0.4698 -0.8828
vn 0.0004 0.4600 0.8879
vn 0.7084 -0.7059 -0.0003
vn -0.7040 0.7102 -0.0006
vn -0.3830 -0.1037 -0.9179
vn -0.2467 -0.2502 -0.9362
vn -0.2479 -0.2490 -0.9362
vn 0.2416 0.2420 0.9397
vn 0.1001 0.3746 0.9218
vn 0.2407 0.2428 0.9397
vn -0.1006 -0.3864 -0.9168
vn 0.3722 0.1021 0.9225
vn -0.4695 0.0001 -0.8829
vn 0.4695 -0.0001 0.8829
# 137 vertex normals

vt 0.4406 0.1411 0.0000
vt 0.4347 0.1521 0.0000
vt 0.4347 0.0166 0.0000
vt 0.4425 0.0206 0.0000
vt 0.4751 0.0174 0.0000
vt 0.4711 0.1529 0.0000
vt 0.4586 0.1525 0.0000
vt 0.4631 0.0020 0.0000
vt 0.4552 0.0057 0.0000
vt 0.4531 0.1413 0.0000
vt 0.2781 0.0109 0.0000
vt 0.0131 0.0116 0.0000
vt 0.0020 0.0059 0.0000
vt 0.2825 0.0020 0.0000
vt 0.0020 0.0424 0.0000
vt 0.0021 0.0299 0.0000
vt 0.2977 0.0323 0.0000
vt 0.2825 0.0447 0.0000
vt 0.0131 0.0241 0.0000
vt 0.2932 0.0234 0.0000
vt 0.5024 0.1402 0.0000
vt 0.4968 0.1514 0.0000
vt 0.4940 0.0020 0.0000
vt 0.5011 0.0061 0.0000
vt 0.4843 0.1516 0.0000
vt 0.4818 0.0164 0.0000
vt 0.5138 0.0201 0.0000
vt 0.5208 0.0159 0.0000
vt 0.5208 0.1511 0.0000
vt 0.5149 0.1401 0.0000
vt 0.9653 0.5736 0.0000
vt 0.9536 0.5693 0.0000
vt 0.9541 0.0243 0.0000
vt 0.9601 0.0078 0.0000
vt 0.9413 0.0242 0.0000
vt 0.9448 0.5693 0.0000
vt 0.9331 0.5737 0.0000
vt 0.9351 0.0077 0.0000
vt 0.9286 0.0021 0.0000
vt 0.9286 0.5737 0.0000
vt 0.9492 0.5693 0.0000
vt 0.9477 0.0186 0.0000
vt 0.9666 0.0020 0.0000
vt 0.9698 0.5736 0.0000
vt 0.9142 0.0020 0.0000
vt 0.9212 0.1617 0.0000
vt 0.9081 0.1645 0.0000
vt 0.9009 0.0029 0.0000
vt 0.8628 0.0063 0.0000
vt 0.8755 0.0052 0.0000
vt 0.8819 0.1665 0.0000
vt 0.8693 0.1612 0.0000
vt 0.8953 0.1695 0.0000
vt 0.8880 0.0044 0.0000
vt 0.9159 0.6806 0.0000
vt 0.9026 0.6804 0.0000
vt 0.8760 0.6800 0.0000
vt 0.8628 0.6798 0.0000
vt 0.8893 0.6802 0.0000
vt 0.4212 0.7986 0.0000
vt 0.0131 0.7986 0.0000
vt 0.0020 0.7929 0.0000
vt 0.4269 0.7875 0.0000
vt 0.0020 0.8168 0.0000
vt 0.0131 0.8111 0.0000
vt 0.4212 0.8111 0.0000
vt 0.4269 0.8222 0.0000
vt 0.0020 0.8406 0.0000
vt 0.0020 0.8281 0.0000
vt 0.4270 0.8281 0.0000
vt 0.4270 0.8406 0.0000
vt 0.0077 0.9192 0.0000
vt 0.4168 0.9181 0.0000
vt 0.4280 0.9238 0.0000
vt 0.0020 0.9303 0.0000
vt 0.0077 0.9067 0.0000
vt 0.0020 0.8956 0.0000
vt 0.4279 0.8999 0.0000
vt 0.4168 0.9056 0.0000
vt 0.0021 0.8831 0.0000
vt 0.4280 0.8874 0.0000
vt 0.6289 0.8264 0.0000
vt 0.6289 0.5012 0.0000
vt 0.6414 0.5012 0.0000
vt 0.6414 0.8264 0.0000
vt 0.5914 0.8264 0.0000
vt 0.5664 0.8264 0.0000
vt 0.5664 0.5012 0.0000
vt 0.5727 0.4950 0.0000
vt 0.5852 0.4950 0.0000
vt 0.5914 0.5012 0.0000
vt 0.6039 0.5012 0.0000
vt 0.6039 0.8264 0.0000
vt 0.6102 0.4950 0.0000
vt 0.6227 0.4950 0.0000
vt 0.8436 0.0145 0.0000
vt 0.8561 0.0020 0.0000
vt 0.8561 0.7095 0.0000
vt 0.8436 0.7095 0.0000
vt 0.7811 0.7095 0.0000
vt 0.7311 0.7095 0.0000
vt 0.7311 0.0020 0.0000
vt 0.7811 0.0020 0.0000
vt 0.7936 0.0145 0.0000
vt 0.7936 0.7095 0.0000
vt 0.4847 0.7983 0.0000
vt 0.4347 0.7983 0.0000
vt 0.4347 0.4108 0.0000
vt 0.4847 0.4108 0.0000
vt 0.5472 0.7858 0.0000
vt 0.5472 0.4108 0.0000
vt 0.5597 0.4108 0.0000
vt 0.5597 0.7983 0.0000
vt 0.4972 0.7858 0.0000
vt 0.4972 0.4108 0.0000
vt 0.0705 0.8589 0.0000
vt 0.0239 0.8589 0.0000
vt 0.0239 0.8464 0.0000
vt 0.0705 0.8464 0.0000
vt 0.3705 0.7143 0.0000
vt 0.3255 0.7248 0.0000
vt 0.3258 0.7181 0.0000
vt 0.3710 0.7059 0.0000
vt 0.3231 0.7692 0.0000
vt 0.3674 0.7716 0.0000
vt 0.3669 0.7808 0.0000
vt 0.3226 0.7784 0.0000
vt 0.0020 0.8589 0.0000
vt 0.0020 0.8464 0.0000
vt 0.3925 0.7154 0.0000
vt 0.3894 0.7727 0.0000
vt 0.3889 0.7820 0.0000
vt 0.3906 0.8464 0.0000
vt 0.3934 0.8464 0.0000
vt 0.3934 0.8589 0.0000
vt 0.3906 0.8589 0.0000
vt 0.0020 0.7611 0.0000
vt 0.0025 0.7519 0.0000
vt 0.0053 0.7520 0.0000
vt 0.0048 0.7613 0.0000
vt 0.3413 0.8589 0.0000
vt 0.3413 0.8464 0.0000
vt 0.0064 0.7311 0.0000
vt 0.0036 0.7311 0.0000
vt 0.0037 0.7281 0.0000
vt 0.0066 0.7281 0.0000
vt 0.2892 0.8589 0.0000
vt 0.2892 0.8464 0.0000
vt 0.0546 0.7547 0.0000
vt 0.1067 0.7575 0.0000
vt 0.1062 0.7668 0.0000
vt 0.0541 0.7640 0.0000
vt 0.1076 0.7407 0.0000
vt 0.0555 0.7374 0.0000
vt 0.0557 0.7342 0.0000
vt 0.1078 0.7372 0.0000
vt 0.2371 0.8589 0.0000
vt 0.2371 0.8464 0.0000
vt 0.1584 0.7696 0.0000
vt 0.1589 0.7603 0.0000
vt 0.1601 0.7382 0.0000
vt 0.1598 0.7422 0.0000
vt 0.1848 0.8464 0.0000
vt 0.1848 0.8589 0.0000
vt 0.2110 0.7631 0.0000
vt 0.2105 0.7724 0.0000
vt 0.2125 0.7353 0.0000
vt 0.2122 0.7405 0.0000
vt 0.1321 0.8589 0.0000
vt 0.1321 0.8464 0.0000
vt 0.2626 0.7752 0.0000
vt 0.2631 0.7659 0.0000
vt 0.2651 0.7296 0.0000
vt 0.2648 0.7355 0.0000
vt 0.3929 0.7071 0.0000
vt 0.3030 0.0770 0.0000
vt 0.3030 0.0677 0.0000
vt 0.3155 0.0677 0.0000
vt 0.3155 0.0770 0.0000
vt 0.3155 0.0103 0.0000
vt 0.3030 0.0103 0.0000
vt 0.3030 0.0020 0.0000
vt 0.3155 0.0020 0.0000
vt 0.3679 0.8647 0.0000
vt 0.3679 0.8772 0.0000
vt 0.3217 0.8772 0.0000
vt 0.3217 0.8647 0.0000
vt 0.2603 0.8772 0.0000
vt 0.2603 0.8647 0.0000
vt 0.2077 0.8772 0.0000
vt 0.2077 0.8647 0.0000
vt 0.1554 0.8647 0.0000
vt 0.1554 0.8772 0.0000
vt 0.1034 0.8772 0.0000
vt 0.1034 0.8647 0.0000
vt 0.0513 0.8772 0.0000
vt 0.0513 0.8647 0.0000
vt 0.0020 0.8772 0.0000
vt 0.0020 0.8647 0.0000
vt 0.5288 0.0593 0.0000
vt 0.5288 0.0020 0.0000
vt 0.5413 0.0020 0.0000
vt 0.5413 0.0593 0.0000
vt 0.3218 0.0020 0.0000
vt 0.3343 0.0020 0.0000
vt 0.3343 0.0229 0.0000
vt 0.3218 0.0229 0.0000
# 207 texture coords

o Components001
g Components001
usemtl Skylight_Material__48
s off
f 181/91/60 182/92/60 183/93/60 
f 183/93/60 184/94/60 181/91/60 
f 183/95/61 182/96/61 185/97/61 
f 185/97/61 186/98/61 183/95/61 
f 187/99/62 186/98/62 185/97/62 
f 185/97/62 188/100/62 187/99/62 
f 184/94/63 187/99/63 188/100/63 
f 188/100/63 181/91/63 184/94/63 
f 189/101/60 190/102/60 191/103/60 
f 191/103/60 192/104/60 189/101/60 
f 191/105/64 193/106/64 194/107/64 
f 194/107/64 192/108/64 191/105/64 
f 193/106/62 195/109/62 196/110/62 
f 196/110/62 194/107/62 193/106/62 
f 189/101/65 196/110/65 195/109/65 
f 195/109/65 190/102/65 189/101/65 
f 197/111/66 198/112/66 199/113/66 
f 199/113/66 200/114/66 197/111/66 
f 198/112/67 201/115/67 202/116/67 
f 202/116/67 199/113/67 198/112/67 
f 203/117/68 202/118/68 201/119/68 
f 201/119/68 204/120/68 203/117/68 
f 204/120/69 197/111/69 200/114/69 
f 200/114/69 203/117/69 204/120/69 
f 205/109/66 206/110/66 207/107/66 
f 207/107/66 208/106/66 205/109/66 
f 209/105/70 208/106/70 207/107/70 
f 207/107/70 210/108/70 209/105/70 
f 210/104/68 211/101/68 212/102/68 
f 212/102/68 209/103/68 210/104/68 
f 205/109/71 212/102/71 211/101/71 
f 211/101/71 206/110/71 205/109/71 
f 213/121/72 214/122/72 215/123/72 
f 215/123/72 216/124/72 213/121/72 
f 217/125/73 218/126/73 219/127/73 
f 219/127/73 220/128/73 217/125/73 
f 221/129/74 220/128/75 219/127/75 
f 219/127/75 222/130/76 221/129/74 
f 214/122/77 223/131/78 224/132/79 
f 224/132/79 215/123/77 214/122/77 
f 221/133/74 222/134/76 213/121/80 
f 213/121/80 216/124/80 221/133/74 
f 223/131/78 218/126/81 217/125/81 
f 217/125/81 224/132/79 223/131/78 
f 225/135/82 226/136/82 227/137/82 
f 227/137/82 228/138/82 225/135/82 
f 225/139/83 229/140/83 230/141/83 
f 230/141/83 226/142/83 225/139/83 
f 231/143/84 230/141/84 229/140/84 
f 229/140/84 232/144/84 231/143/84 
f 232/144/85 228/138/85 227/137/85 
f 227/137/85 231/143/85 232/144/85 
f 233/145/86 234/146/86 227/137/86 
f 227/137/86 226/136/86 233/145/86 
f 226/142/87 230/141/87 235/147/87 
f 235/147/87 233/148/87 226/142/87 
f 235/147/88 230/141/88 231/143/88 
f 231/143/88 236/149/88 235/147/88 
f 231/143/89 227/137/89 234/146/89 
f 234/146/89 236/149/89 231/143/89 
f 237/150/66 238/151/66 239/152/66 
f 239/152/66 240/153/66 237/150/66 
f 241/154/68 242/155/68 243/156/68 
f 243/156/68 244/157/68 241/154/68 
f 239/158/90 241/159/90 244/160/90 
f 244/160/90 240/161/90 239/158/90 
f 242/155/91 238/151/91 237/150/91 
f 237/150/91 243/156/91 242/155/91 
f 245/151/66 246/152/66 247/153/66 
f 247/153/66 248/150/66 245/151/66 
f 249/156/68 250/157/68 251/154/68 
f 251/154/68 252/155/68 249/156/68 
f 246/158/90 251/159/90 250/160/90 
f 250/160/90 247/161/90 246/158/90 
f 249/156/91 252/155/91 245/151/91 
f 245/151/91 248/150/91 249/156/91 
f 253/150/66 254/151/66 255/152/66 
f 255/152/66 256/153/66 253/150/66 
f 257/157/68 258/154/68 259/155/68 
f 259/155/68 260/156/68 257/157/68 
f 257/160/90 256/161/90 255/158/90 
f 255/158/90 258/159/90 257/160/90 
f 259/155/91 254/151/91 253/150/91 
f 253/150/91 260/156/91 259/155/91 
f 218/162/60 261/163/60 262/164/60 
f 262/164/60 219/165/60 218/162/60 
f 263/166/62 264/167/62 265/168/62 
f 265/168/62 266/169/62 263/166/62 
f 265/168/92 264/167/92 219/170/92 
f 219/170/92 262/171/92 265/168/92 
f 266/169/93 261/163/93 218/162/93 
f 218/162/93 263/166/93 266/169/93 
f 267/172/60 214/173/60 213/174/60 
f 213/174/60 268/175/60 267/172/60 
f 269/176/94 268/177/94 213/178/94 
f 213/178/94 219/179/94 264/180/94 
f 269/176/94 213/178/94 264/180/94 
f 269/176/94 264/180/94 270/181/94 
f 270/181/62 271/182/62 272/183/62 
f 272/183/62 269/176/62 270/181/62 
f 267/172/95 272/183/95 271/182/95 
f 271/182/95 263/184/95 218/185/95 
f 267/172/95 271/182/95 218/185/95 
f 267/172/95 218/185/95 214/173/95 
f 273/186/95 274/187/95 275/188/95 
f 275/188/95 276/189/95 273/186/95 
f 277/190/60 275/191/60 274/192/60 
f 274/192/60 278/193/60 277/190/60 
f 277/190/94 278/193/94 279/194/94 
f 279/194/94 280/195/94 277/190/94 
f 273/186/62 276/189/62 280/195/62 
f 280/195/62 279/194/62 273/186/62 
f 278/196/68 274/197/68 281/198/68 
f 281/198/68 282/199/68 278/196/68 
f 273/200/95 283/201/95 281/202/95 
f 281/202/95 274/203/95 273/200/95 
f 283/201/66 273/200/66 279/204/66 
f 279/204/66 284/205/66 283/201/66 
f 278/196/94 282/199/94 284/205/94 
f 284/205/94 279/204/94 278/196/94 
f 285/206/94 286/207/94 287/208/94 
f 287/208/94 288/209/94 285/206/94 
f 289/210/68 290/211/68 288/212/68 
f 288/212/68 287/213/68 289/210/68 
f 291/209/96 292/206/96 293/207/97 
f 293/207/97 294/208/97 291/209/96 
f 295/214/66 296/215/66 286/216/66 
f 286/216/66 285/217/66 295/214/66 
f 286/207/94 255/218/94 258/219/94 
f 258/219/94 287/208/94 286/207/94 
f 289/210/68 297/220/68 298/221/68 
f 298/221/68 299/215/68 289/210/68 
f 300/218/95 301/219/95 294/208/97 
f 294/208/97 293/207/97 300/218/95 
f 255/222/66 286/216/66 296/215/66 
f 296/215/66 302/221/66 255/222/66 
f 303/223/94 304/224/94 305/225/94 
f 305/225/94 306/226/94 303/223/94 
f 305/227/66 307/228/66 308/229/66 
f 308/229/66 306/230/66 305/227/66 
f 309/231/98 310/232/98 311/223/99 
f 311/223/99 312/226/99 309/231/98 
f 313/233/68 314/234/68 304/235/68 
f 304/235/68 303/236/68 313/233/68 
f 315/237/94 316/238/94 317/232/94 
f 317/232/94 318/231/94 315/237/94 
f 319/239/66 320/240/66 315/241/66 
f 315/241/66 318/242/66 319/239/66 
f 321/238/100 310/232/98 309/231/98 
f 309/231/98 322/237/100 321/238/100 
f 323/243/68 324/244/68 317/245/68 
f 317/245/68 316/246/68 323/243/68 
f 316/238/94 315/237/94 325/247/94 
f 325/247/94 326/248/94 316/238/94 
f 325/249/66 315/241/66 320/240/66 
f 320/240/66 327/250/66 325/249/66 
f 322/237/100 328/247/101 329/248/101 
f 329/248/101 321/238/100 322/237/100 
f 326/251/68 330/252/68 323/243/68 
f 323/243/68 316/246/68 326/251/68 
f 331/253/94 326/248/94 325/247/94 
f 325/247/94 332/254/94 331/253/94 
f 333/255/66 332/256/66 325/249/66 
f 325/249/66 327/250/66 333/255/66 
f 329/248/101 328/247/101 334/254/102 
f 334/254/102 335/253/102 329/248/101 
f 330/252/68 326/251/68 331/257/68 
f 331/257/68 336/258/68 330/252/68 
f 331/253/94 332/254/94 337/259/94 
f 337/259/94 338/260/94 331/253/94 
f 337/261/66 332/256/66 333/255/66 
f 333/255/66 339/262/66 337/261/66 
f 335/253/102 334/254/102 340/259/103 
f 340/259/103 341/260/103 335/253/102 
f 336/258/68 331/257/68 338/263/68 
f 338/263/68 342/264/68 336/258/68 
f 338/260/94 337/259/94 285/206/94 
f 285/206/94 288/209/94 338/260/94 
f 339/262/66 295/214/66 285/217/66 
f 285/217/66 337/261/66 339/262/66 
f 292/206/96 291/209/96 341/260/103 
f 341/260/103 340/259/103 292/206/96 
f 338/263/68 288/212/68 290/211/68 
f 290/211/68 342/264/68 338/263/68 
f 287/213/68 258/265/68 297/220/68 
f 297/220/68 289/210/68 287/213/68 
f 296/215/66 343/210/66 344/220/66 
f 344/220/66 302/221/66 296/215/66 
f 255/266/60 302/267/60 297/268/60 
f 297/268/60 258/269/60 255/266/60 
f 298/270/60 297/268/60 302/267/60 
f 302/267/60 344/271/60 298/270/60 
f 301/272/60 300/273/60 298/270/60 
f 298/270/60 344/271/60 301/272/60 
f 299/215/68 298/221/68 300/222/68 
f 300/222/68 293/216/68 299/215/68 
f 292/217/68 345/214/68 299/215/68 
f 299/215/68 293/216/68 292/217/68 
f 292/217/68 340/261/68 346/262/68 
f 346/262/68 345/214/68 292/217/68 
f 334/256/68 347/255/68 346/262/68 
f 346/262/68 340/261/68 334/256/68 
f 348/250/68 347/255/68 334/256/68 
f 334/256/68 328/249/68 348/250/68 
f 328/249/68 322/241/68 349/240/68 
f 349/240/68 348/250/68 328/249/68 
f 349/240/68 322/241/68 309/242/68 
f 309/242/68 350/239/68 349/240/68 
f 312/230/68 351/229/68 350/239/68 
f 350/239/68 309/242/68 312/230/68 
f 311/236/66 310/245/66 352/244/66 
f 352/244/66 353/233/66 311/236/66 
f 354/243/66 352/244/66 310/245/66 
f 310/245/66 321/246/66 354/243/66 
f 329/251/66 355/252/66 354/243/66 
f 354/243/66 321/246/66 329/251/66 
f 355/252/66 329/251/66 335/257/66 
f 335/257/66 356/258/66 355/252/66 
f 356/258/66 335/257/66 341/263/66 
f 341/263/66 357/264/66 356/258/66 
f 291/212/66 358/211/66 357/264/66 
f 357/264/66 341/263/66 291/212/66 
f 358/211/66 291/212/66 294/213/66 
f 294/213/66 343/210/66 358/211/66 
f 343/210/66 294/213/66 301/265/66 
f 301/265/66 344/220/66 343/210/66 
f 343/274/104 299/275/104 345/276/104 
f 345/276/104 358/277/104 343/274/104 
f 346/278/105 357/279/105 358/277/105 
f 358/277/105 345/276/105 346/278/105 
f 347/280/106 356/281/106 357/279/106 
f 357/279/106 346/278/106 347/280/106 
f 355/282/107 356/281/107 347/280/107 
f 347/280/107 348/283/107 355/282/107 
f 349/284/108 354/285/108 355/282/108 
f 355/282/108 348/283/108 349/284/108 
f 349/284/109 350/286/109 352/287/109 
f 352/287/109 354/285/109 349/284/109 
f 352/287/110 350/286/110 351/288/110 
f 351/288/110 353/289/110 352/287/110 
f 323/285/95 320/284/95 319/286/95 
f 319/286/95 324/287/95 323/285/95 
f 327/283/95 320/284/95 323/285/95 
f 323/285/95 330/282/95 327/283/95 
f 330/282/95 336/281/95 333/280/95 
f 333/280/95 327/283/95 330/282/95 
f 339/278/95 333/280/95 336/281/95 
f 336/281/95 342/279/95 339/278/95 
f 342/279/95 290/277/95 295/276/95 
f 295/276/95 339/278/95 342/279/95 
f 289/274/95 296/275/95 295/276/95 
f 295/276/95 290/277/95 289/274/95 
f 343/290/62 296/291/62 289/292/62 
f 289/292/62 299/293/62 343/290/62 
f 317/245/68 324/244/68 313/233/68 
f 313/233/68 303/236/68 317/245/68 
f 324/287/95 319/286/95 308/288/95 
f 308/288/95 313/289/95 324/287/95 
f 318/242/66 306/230/66 308/229/66 
f 308/229/66 319/239/66 318/242/66 
f 303/223/94 306/226/94 318/231/94 
f 318/231/94 317/232/94 303/223/94 
f 312/230/68 359/227/68 360/228/68 
f 360/228/68 351/229/68 312/230/68 
f 353/233/66 361/234/66 362/235/66 
f 362/235/66 311/236/66 353/233/66 
f 311/223/99 362/224/111 359/225/111 
f 359/225/111 312/226/99 311/223/99 
f 307/228/66 361/234/66 353/233/66 
f 353/233/66 308/229/66 307/228/66 
f 351/229/68 360/228/68 314/234/68 
f 314/234/68 313/233/68 351/229/68 
f 313/294/60 308/295/60 353/296/60 
f 353/296/60 351/297/60 313/294/60 
f 363/94/60 364/93/60 365/92/60 
f 365/92/60 366/91/60 363/94/60 
f 367/97/112 365/96/112 364/95/112 
f 364/95/112 368/98/112 367/97/112 
f 368/98/62 369/99/62 370/100/62 
f 370/100/62 367/97/62 368/98/62 
f 369/99/113 363/94/113 366/91/113 
f 366/91/113 370/100/113 369/99/113 
f 371/101/60 372/104/60 373/103/60 
f 373/103/60 374/102/60 371/101/60 
f 375/106/114 373/105/114 372/108/114 
f 372/108/114 376/107/114 375/106/114 
f 376/107/62 377/110/62 378/109/62 
f 378/109/62 375/106/62 376/107/62 
f 377/110/115 371/101/115 374/102/115 
f 374/102/115 378/109/115 377/110/115 
f 379/114/68 380/113/68 381/112/68 
f 381/112/68 382/111/68 379/114/68 
f 380/113/116 383/116/116 384/115/116 
f 384/115/116 381/112/116 380/113/116 
f 385/117/66 386/120/66 384/119/66 
f 384/119/66 383/118/66 385/117/66 
f 385/117/117 379/114/117 382/111/117 
f 382/111/117 386/120/117 385/117/117 
f 387/106/68 388/107/68 389/110/68 
f 389/110/68 390/109/68 387/106/68 
f 391/108/118 388/107/118 387/106/118 
f 387/106/118 392/105/118 391/108/118 
f 393/102/66 394/101/66 391/104/66 
f 391/104/66 392/103/66 393/102/66 
f 393/102/119 390/109/119 389/110/119 
f 389/110/119 394/101/119 393/102/119 
f 395/123/120 396/122/120 397/121/120 
f 397/121/120 398/124/120 395/123/120 
f 399/128/121 400/127/121 401/126/121 
f 401/126/121 402/125/121 399/128/121 
f 403/129/122 404/130/123 400/127/124 
f 400/127/124 399/128/124 403/129/122 
f 405/131/125 396/122/126 395/123/126 
f 395/123/126 406/132/127 405/131/125 
f 403/133/122 398/124/128 397/121/128 
f 397/121/128 404/134/123 403/133/122 
f 405/131/125 406/132/127 402/125/129 
f 402/125/129 401/126/129 405/131/125 
f 407/138/130 408/137/130 409/136/130 
f 409/136/130 410/135/130 407/138/130 
f 411/141/131 412/140/131 410/139/131 
f 410/139/131 409/142/131 411/141/131 
f 412/140/132 411/141/132 413/143/132 
f 413/143/132 414/144/132 412/140/132 
f 407/138/133 414/144/133 413/143/133 
f 413/143/133 408/137/133 407/138/133 
f 233/145/86 409/136/86 408/137/86 
f 408/137/86 234/146/86 233/145/86 
f 235/147/87 411/141/87 409/142/87 
f 409/142/87 233/148/87 235/147/87 
f 236/149/88 413/143/88 411/141/88 
f 411/141/88 235/147/88 236/149/88 
f 234/146/89 408/137/89 413/143/89 
f 413/143/89 236/149/89 234/146/89 
f 415/152/68 416/151/68 417/150/68 
f 417/150/68 418/153/68 415/152/68 
f 419/154/66 420/157/66 421/156/66 
f 421/156/66 422/155/66 419/154/66 
f 418/161/90 420/160/90 419/159/90 
f 419/159/90 415/158/90 418/161/90 
f 416/151/91 422/155/91 421/156/91 
f 421/156/91 417/150/91 416/151/91 
f 423/150/68 424/153/68 425/152/68 
f 425/152/68 426/151/68 423/150/68 
f 427/154/66 428/157/66 429/156/66 
f 429/156/66 430/155/66 427/154/66 
f 427/159/90 425/158/90 424/161/90 
f 424/161/90 428/160/90 427/159/90 
f 430/155/91 429/156/91 423/150/91 
f 423/150/91 426/151/91 430/155/91 
f 431/152/68 432/151/68 433/150/68 
f 433/150/68 434/153/68 431/152/68 
f 435/155/66 436/154/66 437/157/66 
f 437/157/66 438/156/66 435/155/66 
f 431/158/90 434/161/90 437/160/90 
f 437/160/90 436/159/90 431/158/90 
f 433/150/91 432/151/91 435/155/91 
f 435/155/91 438/156/91 433/150/91 
f 439/164/60 440/163/60 401/162/60 
f 401/162/60 400/165/60 439/164/60 
f 441/166/62 442/169/62 443/168/62 
f 443/168/62 444/167/62 441/166/62 
f 439/171/134 400/170/134 444/167/134 
f 444/167/134 443/168/134 439/171/134 
f 441/166/135 401/162/135 440/163/135 
f 440/163/135 442/169/135 441/166/135 
f 396/173/60 267/172/60 268/175/60 
f 268/175/60 397/174/60 396/173/60 
f 445/181/94 444/180/94 400/179/94 
f 445/181/94 400/179/94 397/178/94 
f 445/181/94 397/178/94 268/177/94 
f 269/176/94 445/181/94 268/177/94 
f 272/183/62 446/182/62 445/181/62 
f 445/181/62 269/176/62 272/183/62 
f 396/173/95 401/185/95 441/184/95 
f 396/173/95 441/184/95 446/182/95 
f 396/173/95 446/182/95 272/183/95 
f 267/172/95 396/173/95 272/183/95 
f 275/188/95 447/187/95 448/186/95 
f 448/186/95 276/189/95 275/188/95 
f 449/193/60 447/192/60 275/191/60 
f 275/191/60 277/190/60 449/193/60 
f 280/195/94 450/194/94 449/193/94 
f 449/193/94 277/190/94 280/195/94 
f 450/194/62 280/195/62 276/189/62 
f 276/189/62 448/186/62 450/194/62 
f 451/198/66 447/197/66 449/196/66 
f 449/196/66 452/199/66 451/198/66 
f 448/200/95 447/203/95 451/202/95 
f 451/202/95 453/201/95 448/200/95 
f 453/201/68 454/205/68 450/204/68 
f 450/204/68 448/200/68 453/201/68 
f 449/196/94 450/204/94 454/205/94 
f 454/205/94 452/199/94 449/196/94 
f 455/207/94 456/206/94 457/209/94 
f 457/209/94 458/208/94 455/207/94 
f 459/210/66 458/213/66 457/212/66 
f 457/212/66 460/211/66 459/210/66 
f 461/209/96 462/208/97 463/207/97 
f 463/207/97 464/206/96 461/209/96 
f 456/217/68 455/216/68 465/215/68 
f 465/215/68 466/214/68 456/217/68 
f 455/207/94 458/208/94 436/219/94 
f 436/219/94 431/218/94 455/207/94 
f 459/210/66 467/215/66 468/221/66 
f 468/221/66 469/220/66 459/210/66 
f 470/219/95 471/218/95 463/207/97 
f 463/207/97 462/208/97 470/219/95 
f 465/215/68 455/216/68 431/222/68 
f 431/222/68 472/221/68 465/215/68 
f 473/224/94 474/223/94 475/226/94 
f 475/226/94 476/225/94 473/224/94 
f 477/228/68 476/227/68 475/230/68 
f 475/230/68 478/229/68 477/228/68 
f 479/231/98 480/226/99 481/223/99 
f 481/223/99 482/232/98 479/231/98 
f 474/236/66 473/235/66 483/234/66 
f 483/234/66 484/233/66 474/236/66 
f 485/232/94 486/238/94 487/237/94 
f 487/237/94 488/231/94 485/232/94 
f 487/241/68 489/240/68 490/239/68 
f 490/239/68 488/242/68 487/241/68 
f 491/237/100 479/231/98 482/232/98 
f 482/232/98 492/238/100 491/237/100 
f 485/245/66 493/244/66 494/243/66 
f 494/243/66 486/246/66 485/245/66 
f 495/248/94 496/247/94 487/237/94 
f 487/237/94 486/238/94 495/248/94 
f 496/249/68 497/250/68 489/240/68 
f 489/240/68 487/241/68 496/249/68 
f 498/247/101 491/237/100 492/238/100 
f 492/238/100 499/248/101 498/247/101 
f 495/251/66 486/246/66 494/243/66 
f 494/243/66 500/252/66 495/251/66 
f 495/248/94 501/253/94 502/254/94 
f 502/254/94 496/247/94 495/248/94 
f 502/256/68 503/255/68 497/250/68 
f 497/250/68 496/249/68 502/256/68 
f 499/248/101 504/253/102 505/254/102 
f 505/254/102 498/247/101 499/248/101 
f 501/257/66 495/251/66 500/252/66 
f 500/252/66 506/258/66 501/257/66 
f 507/260/94 508/259/94 502/254/94 
f 502/254/94 501/253/94 507/260/94 
f 509/262/68 503/255/68 502/256/68 
f 502/256/68 508/261/68 509/262/68 
f 504/253/102 510/260/103 511/259/103 
f 511/259/103 505/254/102 504/253/102 
f 507/263/66 501/257/66 506/258/66 
f 506/258/66 512/264/66 507/263/66 
f 456/206/94 508/259/94 507/260/94 
f 507/260/94 457/209/94 456/206/94 
f 466/214/68 509/262/68 508/261/68 
f 508/261/68 456/217/68 466/214/68 
f 510/260/103 461/209/96 464/206/96 
f 464/206/96 511/259/103 510/260/103 
f 512/264/66 460/211/66 457/212/66 
f 457/212/66 507/263/66 512/264/66 
f 459/210/66 469/220/66 436/265/66 
f 436/265/66 458/213/66 459/210/66 
f 513/220/68 514/210/68 465/215/68 
f 465/215/68 472/221/68 513/220/68 
f 431/266/60 436/269/60 469/268/60 
f 469/268/60 472/267/60 431/266/60 
f 513/271/60 472/267/60 469/268/60 
f 469/268/60 468/270/60 513/271/60 
f 471/273/60 470/272/60 513/271/60 
f 513/271/60 468/270/60 471/273/60 
f 463/216/66 471/222/66 468/221/66 
f 468/221/66 467/215/66 463/216/66 
f 463/216/66 467/215/66 515/214/66 
f 515/214/66 464/217/66 463/216/66 
f 511/261/66 464/217/66 515/214/66 
f 515/214/66 516/262/66 511/261/66 
f 516/262/66 517/255/66 505/256/66 
f 505/256/66 511/261/66 516/262/66 
f 517/255/66 518/250/66 498/249/66 
f 498/249/66 505/256/66 517/255/66 
f 519/240/66 491/241/66 498/249/66 
f 498/249/66 518/250/66 519/240/66 
f 520/239/66 479/242/66 491/241/66 
f 491/241/66 519/240/66 520/239/66 
f 521/229/66 480/230/66 479/242/66 
f 479/242/66 520/239/66 521/229/66 
f 522/244/68 482/245/68 481/236/68 
f 481/236/68 523/233/68 522/244/68 
f 524/243/68 492/246/68 482/245/68 
f 482/245/68 522/244/68 524/243/68 
f 525/252/68 499/251/68 492/246/68 
f 492/246/68 524/243/68 525/252/68 
f 499/251/68 525/252/68 526/258/68 
f 526/258/68 504/257/68 499/251/68 
f 504/257/68 526/258/68 527/264/68 
f 527/264/68 510/263/68 504/257/68 
f 528/211/68 461/212/68 510/263/68 
f 510/263/68 527/264/68 528/211/68 
f 528/211/68 514/210/68 462/213/68 
f 462/213/68 461/212/68 528/211/68 
f 514/210/68 513/220/68 470/265/68 
f 470/265/68 462/213/68 514/210/68 
f 515/276/104 467/275/104 514/274/104 
f 514/274/104 528/277/104 515/276/104 
f 528/277/105 527/279/105 516/278/105 
f 516/278/105 515/276/105 528/277/105 
f 526/281/106 517/280/106 516/278/106 
f 516/278/106 527/279/106 526/281/106 
f 525/282/107 518/283/107 517/280/107 
f 517/280/107 526/281/107 525/282/107 
f 525/282/108 524/285/108 519/284/108 
f 519/284/108 518/283/108 525/282/108 
f 519/284/109 524/285/109 522/287/109 
f 522/287/109 520/286/109 519/284/109 
f 521/288/110 520/286/110 522/287/110 
f 522/287/110 523/289/110 521/288/110 
f 493/287/95 490/286/95 489/284/95 
f 489/284/95 494/285/95 493/287/95 
f 500/282/95 494/285/95 489/284/95 
f 489/284/95 497/283/95 500/282/95 
f 500/282/95 497/283/95 503/280/95 
f 503/280/95 506/281/95 500/282/95 
f 503/280/95 509/278/95 512/279/95 
f 512/279/95 506/281/95 503/280/95 
f 460/277/95 512/279/95 509/278/95 
f 509/278/95 466/276/95 460/277/95 
f 460/277/95 466/276/95 465/275/95 
f 465/275/95 459/274/95 460/277/95 
f 467/293/62 459/292/62 465/291/62 
f 465/291/62 514/290/62 467/293/62 
f 485/245/66 474/236/66 484/233/66 
f 484/233/66 493/244/66 485/245/66 
f 493/287/95 484/289/95 478/288/95 
f 478/288/95 490/286/95 493/287/95 
f 475/230/68 488/242/68 490/239/68 
f 490/239/68 478/229/68 475/230/68 
f 488/231/94 475/226/94 474/223/94 
f 474/223/94 485/232/94 488/231/94 
f 521/229/66 529/228/66 530/227/66 
f 530/227/66 480/230/66 521/229/66 
f 531/234/68 523/233/68 481/236/68 
f 481/236/68 532/235/68 531/234/68 
f 530/225/111 532/224/111 481/223/99 
f 481/223/99 480/226/99 530/225/111 
f 478/229/68 523/233/68 531/234/68 
f 531/234/68 477/228/68 478/229/68 
f 484/233/66 483/234/66 529/228/66 
f 529/228/66 521/229/66 484/233/66 
f 521/297/60 523/296/60 478/295/60 
f 478/295/60 484/294/60 521/297/60 
f 533/94/62 534/93/62 535/92/62 
f 535/92/62 536/91/62 533/94/62 
f 537/98/136 538/97/136 535/96/136 
f 535/96/136 534/95/136 537/98/136 
f 538/97/60 537/98/60 539/99/60 
f 539/99/60 540/100/60 538/97/60 
f 536/91/137 540/100/137 539/99/137 
f 539/99/137 533/94/137 536/91/137 
f 541/102/62 542/101/62 543/104/62 
f 543/104/62 544/103/62 541/102/62 
f 545/107/138 546/106/138 544/105/138 
f 544/105/138 543/108/138 545/107/138 
f 547/110/60 548/109/60 546/106/60 
f 546/106/60 545/107/60 547/110/60 
f 547/110/139 542/101/139 541/102/139 
f 541/102/139 548/109/139 547/110/139 
f 549/114/66 550/113/66 551/112/66 
f 551/112/66 552/111/66 549/114/66 
f 553/115/140 551/112/140 550/113/140 
f 550/113/140 554/116/140 553/115/140 
f 553/119/68 554/118/68 555/117/68 
f 555/117/68 556/120/68 553/119/68 
f 556/120/141 555/117/141 549/114/141 
f 549/114/141 552/111/141 556/120/141 
f 557/109/66 558/106/66 559/107/66 
f 559/107/66 560/110/66 557/109/66 
f 561/105/142 562/108/142 559/107/142 
f 559/107/142 558/106/142 561/105/142 
f 562/104/68 561/103/68 563/102/68 
f 563/102/68 564/101/68 562/104/68 
f 563/102/143 557/109/143 560/110/143 
f 560/110/143 564/101/143 563/102/143 
f 565/123/144 271/122/144 270/121/144 
f 270/121/144 566/124/144 565/123/144 
f 264/127/145 263/126/145 567/125/145 
f 567/125/145 568/128/145 264/127/145 
f 569/130/146 264/127/147 568/128/147 
f 568/128/147 570/129/148 569/130/146 
f 571/132/149 572/131/150 271/122/151 
f 271/122/151 565/123/151 571/132/149 
f 570/133/148 566/124/152 270/121/152 
f 270/121/152 569/134/146 570/133/148 
f 572/131/150 571/132/149 567/125/153 
f 567/125/153 263/126/153 572/131/150 
f 573/137/82 574/136/82 575/135/82 
f 575/135/82 576/138/82 573/137/82 
f 575/139/154 574/142/154 577/141/154 
f 577/141/154 578/140/154 575/139/154 
f 577/141/84 579/143/84 580/144/84 
f 580/144/84 578/140/84 577/141/84 
f 576/138/155 580/144/155 579/143/155 
f 579/143/155 573/137/155 576/138/155 
f 573/137/156 581/146/156 582/145/156 
f 582/145/156 574/136/156 573/137/156 
f 582/148/157 583/147/157 577/141/157 
f 577/141/157 574/142/157 582/148/157 
f 577/141/158 583/147/158 584/149/158 
f 584/149/158 579/143/158 577/141/158 
f 584/149/159 581/146/159 573/137/159 
f 573/137/159 579/143/159 584/149/159 
f 585/152/66 586/151/66 587/150/66 
f 587/150/66 588/153/66 585/152/66 
f 589/156/68 590/155/68 591/154/68 
f 591/154/68 592/157/68 589/156/68 
f 588/161/160 592/160/160 591/159/160 
f 591/159/160 585/158/160 588/161/160 
f 587/150/161 586/151/161 590/155/161 
f 590/155/161 589/156/161 587/150/161 
f 593/152/66 594/151/66 595/150/66 
f 595/150/66 596/153/66 593/152/66 
f 597/154/68 598/157/68 599/156/68 
f 599/156/68 600/155/68 597/154/68 
f 598/160/160 597/159/160 593/158/160 
f 593/158/160 596/161/160 598/160/160 
f 595/150/161 594/151/161 600/155/161 
f 600/155/161 599/156/161 595/150/161 
f 601/150/66 602/153/66 603/152/66 
f 603/152/66 604/151/66 601/150/66 
f 605/154/68 606/157/68 607/156/68 
f 607/156/68 608/155/68 605/154/68 
f 603/158/160 602/161/160 606/160/160 
f 606/160/160 605/159/160 603/158/160 
f 604/151/161 608/155/161 607/156/161 
f 607/156/161 601/150/161 604/151/161 
f 265/164/62 266/163/62 263/162/62 
f 263/162/62 264/165/62 265/164/62 
f 218/166/60 261/169/60 262/168/60 
f 262/168/60 219/167/60 218/166/60 
f 265/171/92 264/170/92 219/167/92 
f 219/167/92 262/168/92 265/171/92 
f 218/166/93 263/162/93 266/163/93 
f 266/163/93 261/169/93 218/166/93 
f 271/173/62 272/172/62 269/175/62 
f 269/175/62 270/174/62 271/173/62 
f 268/176/94 213/181/94 219/180/94 
f 219/180/94 264/179/94 270/178/94 
f 268/176/94 219/180/94 270/178/94 
f 268/176/94 270/178/94 269/177/94 
f 267/183/60 214/182/60 213/181/60 
f 213/181/60 268/176/60 267/183/60 
f 271/173/95 263/185/95 218/184/95 
f 271/173/95 218/184/95 214/182/95 
f 271/173/95 214/182/95 267/183/95 
f 272/172/95 271/173/95 267/183/95 
f 609/186/95 610/189/95 611/188/95 
f 611/188/95 612/187/95 609/186/95 
f 611/191/62 613/190/62 614/193/62 
f 614/193/62 612/192/62 611/191/62 
f 615/194/94 614/193/94 613/190/94 
f 613/190/94 616/195/94 615/194/94 
f 609/186/60 615/194/60 616/195/60 
f 616/195/60 610/189/60 609/186/60 
f 281/198/68 612/197/68 614/196/68 
f 614/196/68 282/199/68 281/198/68 
f 283/201/95 609/200/95 612/203/95 
f 612/203/95 281/202/95 283/201/95 
f 283/201/66 284/205/66 615/204/66 
f 615/204/66 609/200/66 283/201/66 
f 614/196/94 615/204/94 284/205/94 
f 284/205/94 282/199/94 614/196/94 
f 617/206/94 618/209/94 619/208/94 
f 619/208/94 620/207/94 617/206/94 
f 621/210/68 619/213/68 618/212/68 
f 618/212/68 622/211/68 621/210/68 
f 623/209/162 624/208/163 625/207/163 
f 625/207/163 626/206/162 623/209/162 
f 627/215/66 628/214/66 617/217/66 
f 617/217/66 620/216/66 627/215/66 
f 603/218/94 620/207/94 619/208/94 
f 619/208/94 605/219/94 603/218/94 
f 629/221/68 630/220/68 621/210/68 
f 621/210/68 631/215/68 629/221/68 
f 632/218/95 625/207/163 624/208/163 
f 624/208/163 633/219/95 632/218/95 
f 634/221/66 627/215/66 620/216/66 
f 620/216/66 603/222/66 634/221/66 
f 305/225/94 304/224/94 635/223/94 
f 635/223/94 636/226/94 305/225/94 
f 637/229/66 307/228/66 305/227/66 
f 305/227/66 636/230/66 637/229/66 
f 638/223/164 639/232/165 640/231/165 
f 640/231/165 641/226/164 638/223/164 
f 635/236/68 304/235/68 314/234/68 
f 314/234/68 642/233/68 635/236/68 
f 643/237/94 644/231/94 645/232/94 
f 645/232/94 646/238/94 643/237/94 
f 643/241/66 647/240/66 648/239/66 
f 648/239/66 644/242/66 643/241/66 
f 639/232/165 649/238/166 650/237/166 
f 650/237/166 640/231/165 639/232/165 
f 651/244/68 652/243/68 646/246/68 
f 646/246/68 645/245/68 651/244/68 
f 653/247/94 643/237/94 646/238/94 
f 646/238/94 654/248/94 653/247/94 
f 643/241/66 653/249/66 655/250/66 
f 655/250/66 647/240/66 643/241/66 
f 649/238/166 656/248/167 657/247/167 
f 657/247/167 650/237/166 649/238/166 
f 658/252/68 654/251/68 646/246/68 
f 646/246/68 652/243/68 658/252/68 
f 653/247/94 654/248/94 659/253/94 
f 659/253/94 660/254/94 653/247/94 
f 653/249/66 660/256/66 661/255/66 
f 661/255/66 655/250/66 653/249/66 
f 657/247/167 656/248/167 662/253/168 
f 662/253/168 663/254/168 657/247/167 
f 654/251/68 658/252/68 664/258/68 
f 664/258/68 659/257/68 654/251/68 
f 665/259/94 660/254/94 659/253/94 
f 659/253/94 666/260/94 665/259/94 
f 667/262/66 661/255/66 660/256/66 
f 660/256/66 665/261/66 667/262/66 
f 668/260/169 669/259/169 663/254/168 
f 663/254/168 662/253/168 668/260/169 
f 664/258/68 670/264/68 666/263/68 
f 666/263/68 659/257/68 664/258/68 
f 665/259/94 666/260/94 618/209/94 
f 618/209/94 617/206/94 665/259/94 
f 665/261/66 617/217/66 628/214/66 
f 628/214/66 667/262/66 665/261/66 
f 669/259/169 668/260/169 623/209/162 
f 623/209/162 626/206/162 669/259/169 
f 618/212/68 666/263/68 670/264/68 
f 670/264/68 622/211/68 618/212/68 
f 619/213/68 621/210/68 630/220/68 
f 630/220/68 605/265/68 619/213/68 
f 671/210/66 627/215/66 634/221/66 
f 634/221/66 672/220/66 671/210/66 
f 630/268/62 634/267/62 603/266/62 
f 603/266/62 605/269/62 630/268/62 
f 629/270/62 672/271/62 634/267/62 
f 634/267/62 630/268/62 629/270/62 
f 629/270/62 632/273/62 633/272/62 
f 633/272/62 672/271/62 629/270/62 
f 631/215/68 625/216/68 632/222/68 
f 632/222/68 629/221/68 631/215/68 
f 626/217/68 625/216/68 631/215/68 
f 631/215/68 673/214/68 626/217/68 
f 669/261/68 626/217/68 673/214/68 
f 673/214/68 674/262/68 669/261/68 
f 675/255/68 663/256/68 669/261/68 
f 669/261/68 674/262/68 675/255/68 
f 676/250/68 657/249/68 663/256/68 
f 663/256/68 675/255/68 676/250/68 
f 657/249/68 676/250/68 677/240/68 
f 677/240/68 650/241/68 657/249/68 
f 678/239/68 640/242/68 650/241/68 
f 650/241/68 677/240/68 678/239/68 
f 640/242/68 678/239/68 679/229/68 
f 679/229/68 641/230/68 640/242/68 
f 639/245/66 638/236/66 680/233/66 
f 680/233/66 681/244/66 639/245/66 
f 682/243/66 649/246/66 639/245/66 
f 639/245/66 681/244/66 682/243/66 
f 683/252/66 656/251/66 649/246/66 
f 649/246/66 682/243/66 683/252/66 
f 662/257/66 656/251/66 683/252/66 
f 683/252/66 684/258/66 662/257/66 
f 685/264/66 668/263/66 662/257/66 
f 662/257/66 684/258/66 685/264/66 
f 685/264/66 686/211/66 623/212/66 
f 623/212/66 668/263/66 685/264/66 
f 671/210/66 624/213/66 623/212/66 
f 623/212/66 686/211/66 671/210/66 
f 671/210/66 672/220/66 633/265/66 
f 633/265/66 624/213/66 671/210/66 
f 673/276/170 631/275/170 671/274/170 
f 671/274/170 686/277/170 673/276/170 
f 673/276/171 686/277/171 685/279/171 
f 685/279/171 674/278/171 673/276/171 
f 684/281/172 675/280/172 674/278/172 
f 674/278/172 685/279/172 684/281/172 
f 683/282/173 676/283/173 675/280/173 
f 675/280/173 684/281/173 683/282/173 
f 683/282/174 682/285/174 677/284/174 
f 677/284/174 676/283/174 683/282/174 
f 681/287/175 678/286/175 677/284/175 
f 677/284/175 682/285/175 681/287/175 
f 680/289/176 679/288/176 678/286/176 
f 678/286/176 681/287/176 680/289/176 
f 652/285/95 651/287/95 648/286/95 
f 648/286/95 647/284/95 652/285/95 
f 655/283/95 658/282/95 652/285/95 
f 652/285/95 647/284/95 655/283/95 
f 661/280/95 664/281/95 658/282/95 
f 658/282/95 655/283/95 661/280/95 
f 670/279/95 664/281/95 661/280/95 
f 661/280/95 667/278/95 670/279/95 
f 628/276/95 622/277/95 670/279/95 
f 670/279/95 667/278/95 628/276/95 
f 622/277/95 628/276/95 627/275/95 
f 627/275/95 621/274/95 622/277/95 
f 631/293/60 621/292/60 627/291/60 
f 627/291/60 671/290/60 631/293/60 
f 642/233/68 651/244/68 645/245/68 
f 645/245/68 635/236/68 642/233/68 
f 642/289/95 637/288/95 648/286/95 
f 648/286/95 651/287/95 642/289/95 
f 644/242/66 648/239/66 637/229/66 
f 637/229/66 636/230/66 644/242/66 
f 636/226/94 635/223/94 645/232/94 
f 645/232/94 644/231/94 636/226/94 
f 679/229/68 360/228/68 359/227/68 
f 359/227/68 641/230/68 679/229/68 
f 362/235/66 361/234/66 680/233/66 
f 680/233/66 638/236/66 362/235/66 
f 362/224/111 638/223/164 641/226/164 
f 641/226/164 359/225/111 362/224/111 
f 307/228/66 637/229/66 680/233/66 
f 680/233/66 361/234/66 307/228/66 
f 360/228/68 679/229/68 642/233/68 
f 642/233/68 314/234/68 360/228/68 
f 679/297/62 680/296/62 637/295/62 
f 637/295/62 642/294/62 679/297/62 
f 687/92/62 688/93/62 689/94/62 
f 689/94/62 690/91/62 687/92/62 
f 691/98/177 688/95/177 687/96/177 
f 687/96/177 692/97/177 691/98/177 
f 691/98/60 692/97/60 693/100/60 
f 693/100/60 694/99/60 691/98/60 
f 693/100/178 690/91/178 689/94/178 
f 689/94/178 694/99/178 693/100/178 
f 695/103/62 696/104/62 697/101/62 
f 697/101/62 698/102/62 695/103/62 
f 695/105/179 699/106/179 700/107/179 
f 700/107/179 696/108/179 695/105/179 
f 699/106/60 701/109/60 702/110/60 
f 702/110/60 700/107/60 699/106/60 
f 698/102/180 697/101/180 702/110/180 
f 702/110/180 701/109/180 698/102/180 
f 703/112/68 704/113/68 705/114/68 
f 705/114/68 706/111/68 703/112/68 
f 704/113/181 703/112/181 707/115/181 
f 707/115/181 708/116/181 704/113/181 
f 708/118/66 707/119/66 709/120/66 
f 709/120/66 710/117/66 708/118/66 
f 705/114/182 710/117/182 709/120/182 
f 709/120/182 706/111/182 705/114/182 
f 711/106/68 712/109/68 713/110/68 
f 713/110/68 714/107/68 711/106/68 
f 714/107/183 715/108/183 716/105/183 
f 716/105/183 711/106/183 714/107/183 
f 716/103/66 715/104/66 717/101/66 
f 717/101/66 718/102/66 716/103/66 
f 717/101/184 713/110/184 712/109/184 
f 712/109/184 718/102/184 717/101/184 
f 446/122/185 719/123/185 720/124/185 
f 720/124/185 445/121/185 446/122/185 
f 721/125/186 441/126/186 444/127/186 
f 444/127/186 722/128/186 721/125/186 
f 722/128/187 444/127/187 723/130/188 
f 723/130/188 724/129/189 722/128/187 
f 725/132/190 719/123/191 446/122/191 
f 446/122/191 726/131/192 725/132/190 
f 720/124/193 724/133/189 723/134/188 
f 723/134/188 445/121/193 720/124/193 
f 441/126/194 721/125/194 725/132/190 
f 725/132/190 726/131/192 441/126/194 
f 727/138/130 728/135/130 729/136/130 
f 729/136/130 730/137/130 727/138/130 
f 731/140/195 732/141/195 729/142/195 
f 729/142/195 728/139/195 731/140/195 
f 733/143/132 732/141/132 731/140/132 
f 731/140/132 734/144/132 733/143/132 
f 734/144/196 727/138/196 730/137/196 
f 730/137/196 733/143/196 734/144/196 
f 582/145/156 581/146/156 730/137/156 
f 730/137/156 729/136/156 582/145/156 
f 582/148/157 729/142/157 732/141/157 
f 732/141/157 583/147/157 582/148/157 
f 584/149/158 583/147/158 732/141/158 
f 732/141/158 733/143/158 584/149/158 
f 730/137/159 581/146/159 584/149/159 
f 584/149/159 733/143/159 730/137/159 
f 735/153/68 736/150/68 737/151/68 
f 737/151/68 738/152/68 735/153/68 
f 739/154/66 740/155/66 741/156/66 
f 741/156/66 742/157/66 739/154/66 
f 735/161/160 738/158/160 739/159/160 
f 739/159/160 742/160/160 735/161/160 
f 736/150/161 741/156/161 740/155/161 
f 740/155/161 737/151/161 736/150/161 
f 743/151/68 744/152/68 745/153/68 
f 745/153/68 746/150/68 743/151/68 
f 747/154/66 748/155/66 749/156/66 
f 749/156/66 750/157/66 747/154/66 
f 745/161/160 744/158/160 747/159/160 
f 747/159/160 750/160/160 745/161/160 
f 746/150/161 749/156/161 748/155/161 
f 748/155/161 743/151/161 746/150/161 
f 751/150/68 752/151/68 753/152/68 
f 753/152/68 754/153/68 751/150/68 
f 755/155/66 756/156/66 757/157/66 
f 757/157/66 758/154/66 755/155/66 
f 754/161/160 753/158/160 758/159/160 
f 758/159/160 757/160/160 754/161/160 
f 751/150/161 756/156/161 755/155/161 
f 755/155/161 752/151/161 751/150/161 
f 441/162/62 442/163/62 443/164/62 
f 443/164/62 444/165/62 441/162/62 
f 401/166/60 400/167/60 439/168/60 
f 439/168/60 440/169/60 401/166/60 
f 439/168/134 400/167/134 444/170/134 
f 444/170/134 443/171/134 439/168/134 
f 440/169/135 442/163/135 441/162/135 
f 441/162/135 401/166/135 440/169/135 
f 272/172/62 446/173/62 445/174/62 
f 445/174/62 269/175/62 272/172/62 
f 269/177/94 445/178/94 444/179/94 
f 444/179/94 400/180/94 397/181/94 
f 269/177/94 444/179/94 397/181/94 
f 268/176/94 269/177/94 397/181/94 
f 396/182/60 267/183/60 268/176/60 
f 268/176/60 397/181/60 396/182/60 
f 267/183/95 396/182/95 401/184/95 
f 401/184/95 441/185/95 446/173/95 
f 267/183/95 401/184/95 446/173/95 
f 272/172/95 267/183/95 446/173/95 
f 610/189/95 759/186/95 760/187/95 
f 760/187/95 611/188/95 610/189/95 
f 613/190/62 611/191/62 760/192/62 
f 760/192/62 761/193/62 613/190/62 
f 613/190/94 761/193/94 762/194/94 
f 762/194/94 616/195/94 613/190/94 
f 616/195/60 762/194/60 759/186/60 
f 759/186/60 610/189/60 616/195/60 
f 452/199/66 761/196/66 760/197/66 
f 760/197/66 451/198/66 452/199/66 
f 759/200/95 453/201/95 451/202/95 
f 451/202/95 760/203/95 759/200/95 
f 453/201/68 759/200/68 762/204/68 
f 762/204/68 454/205/68 453/201/68 
f 452/199/94 454/205/94 762/204/94 
f 762/204/94 761/196/94 452/199/94 
f 763/207/94 764/208/94 765/209/94 
f 765/209/94 766/206/94 763/207/94 
f 767/210/66 768/211/66 765/212/66 
f 765/212/66 764/213/66 767/210/66 
f 769/206/162 770/207/163 771/208/163 
f 771/208/163 772/209/162 769/206/162 
f 773/215/68 763/216/68 766/217/68 
f 766/217/68 774/214/68 773/215/68 
f 763/207/94 753/218/94 758/219/94 
f 758/219/94 764/208/94 763/207/94 
f 775/215/66 767/210/66 776/220/66 
f 776/220/66 777/221/66 775/215/66 
f 778/218/95 779/219/95 771/208/163 
f 771/208/163 770/207/163 778/218/95 
f 763/216/68 773/215/68 780/221/68 
f 780/221/68 753/222/68 763/216/68 
f 476/225/94 781/226/94 782/223/94 
f 782/223/94 473/224/94 476/225/94 
f 476/227/68 477/228/68 783/229/68 
f 783/229/68 781/230/68 476/227/68 
f 784/231/165 785/232/165 786/223/164 
f 786/223/164 787/226/164 784/231/165 
f 473/235/66 782/236/66 788/233/66 
f 788/233/66 483/234/66 473/235/66 
f 789/238/94 790/232/94 791/231/94 
f 791/231/94 792/237/94 789/238/94 
f 791/242/68 793/239/68 794/240/68 
f 794/240/68 792/241/68 791/242/68 
f 795/237/166 796/238/166 785/232/165 
f 785/232/165 784/231/165 795/237/166 
f 797/243/66 798/244/66 790/245/66 
f 790/245/66 789/246/66 797/243/66 
f 789/238/94 792/237/94 799/247/94 
f 799/247/94 800/248/94 789/238/94 
f 799/249/68 792/241/68 794/240/68 
f 794/240/68 801/250/68 799/249/68 
f 802/248/167 796/238/166 795/237/166 
f 795/237/166 803/247/167 802/248/167 
f 800/251/66 804/252/66 797/243/66 
f 797/243/66 789/246/66 800/251/66 
f 805/253/94 800/248/94 799/247/94 
f 799/247/94 806/254/94 805/253/94 
f 801/250/68 807/255/68 806/256/68 
f 806/256/68 799/249/68 801/250/68 
f 803/247/167 808/254/168 809/253/168 
f 809/253/168 802/248/167 803/247/167 
f 805/257/66 810/258/66 804/252/66 
f 804/252/66 800/251/66 805/257/66 
f 805/253/94 806/254/94 811/259/94 
f 811/259/94 812/260/94 805/253/94 
f 813/262/68 811/261/68 806/256/68 
f 806/256/68 807/255/68 813/262/68 
f 814/260/169 809/253/168 808/254/168 
f 808/254/168 815/259/169 814/260/169 
f 805/257/66 812/263/66 816/264/66 
f 816/264/66 810/258/66 805/257/66 
f 812/260/94 811/259/94 766/206/94 
f 766/206/94 765/209/94 812/260/94 
f 766/217/68 811/261/68 813/262/68 
f 813/262/68 774/214/68 766/217/68 
f 815/259/169 769/206/162 772/209/162 
f 772/209/162 814/260/169 815/259/169 
f 768/211/66 816/264/66 812/263/66 
f 812/263/66 765/212/66 768/211/66 
f 776/220/66 767/210/66 764/213/66 
f 764/213/66 758/265/66 776/220/66 
f 773/215/68 817/210/68 818/220/68 
f 818/220/68 780/221/68 773/215/68 
f 776/268/62 758/269/62 753/266/62 
f 753/266/62 780/267/62 776/268/62 
f 780/267/62 818/271/62 777/270/62 
f 777/270/62 776/268/62 780/267/62 
f 777/270/62 818/271/62 779/272/62 
f 779/272/62 778/273/62 777/270/62 
f 778/222/66 770/216/66 775/215/66 
f 775/215/66 777/221/66 778/222/66 
f 770/216/66 769/217/66 819/214/66 
f 819/214/66 775/215/66 770/216/66 
f 820/262/66 819/214/66 769/217/66 
f 769/217/66 815/261/66 820/262/66 
f 820/262/66 815/261/66 808/256/66 
f 808/256/66 821/255/66 820/262/66 
f 822/250/66 821/255/66 808/256/66 
f 808/256/66 803/249/66 822/250/66 
f 803/249/66 795/241/66 823/240/66 
f 823/240/66 822/250/66 803/249/66 
f 784/242/66 824/239/66 823/240/66 
f 823/240/66 795/241/66 784/242/66 
f 824/239/66 784/242/66 787/230/66 
f 787/230/66 825/229/66 824/239/66 
f 826/233/68 786/236/68 785/245/68 
f 785/245/68 827/244/68 826/233/68 
f 828/243/68 827/244/68 785/245/68 
f 785/245/68 796/246/68 828/243/68 
f 828/243/68 796/246/68 802/251/68 
f 802/251/68 829/252/68 828/243/68 
f 830/258/68 829/252/68 802/251/68 
f 802/251/68 809/257/68 830/258/68 
f 809/257/68 814/263/68 831/264/68 
f 831/264/68 830/258/68 809/257/68 
f 832/211/68 831/264/68 814/263/68 
f 814/263/68 772/212/68 832/211/68 
f 771/213/68 817/210/68 832/211/68 
f 832/211/68 772/212/68 771/213/68 
f 771/213/68 779/265/68 818/220/68 
f 818/220/68 817/210/68 771/213/68 
f 832/277/170 817/274/170 775/275/170 
f 775/275/170 819/276/170 832/277/170 
f 831/279/171 832/277/171 819/276/171 
f 819/276/171 820/278/171 831/279/171 
f 831/279/172 820/278/172 821/280/172 
f 821/280/172 830/281/172 831/279/172 
f 822/283/173 829/282/173 830/281/173 
f 830/281/173 821/280/173 822/283/173 
f 822/283/174 823/284/174 828/285/174 
f 828/285/174 829/282/174 822/283/174 
f 823/284/175 824/286/175 827/287/175 
f 827/287/175 828/285/175 823/284/175 
f 827/287/176 824/286/176 825/288/176 
f 825/288/176 826/289/176 827/287/176 
f 797/285/95 794/284/95 793/286/95 
f 793/286/95 798/287/95 797/285/95 
f 801/283/95 794/284/95 797/285/95 
f 797/285/95 804/282/95 801/283/95 
f 804/282/95 810/281/95 807/280/95 
f 807/280/95 801/283/95 804/282/95 
f 813/278/95 807/280/95 810/281/95 
f 810/281/95 816/279/95 813/278/95 
f 768/277/95 774/276/95 813/278/95 
f 813/278/95 816/279/95 768/277/95 
f 774/276/95 768/277/95 767/274/95 
f 767/274/95 773/275/95 774/276/95 
f 773/291/60 767/292/60 775/293/60 
f 775/293/60 817/290/60 773/291/60 
f 788/233/66 782/236/66 790/245/66 
f 790/245/66 798/244/66 788/233/66 
f 793/286/95 783/288/95 788/289/95 
f 788/289/95 798/287/95 793/286/95 
f 781/230/68 783/229/68 793/239/68 
f 793/239/68 791/242/68 781/230/68 
f 782/223/94 781/226/94 791/231/94 
f 791/231/94 790/232/94 782/223/94 
f 825/229/66 787/230/66 530/227/66 
f 530/227/66 529/228/66 825/229/66 
f 786/236/68 826/233/68 531/234/68 
f 531/234/68 532/235/68 786/236/68 
f 530/225/111 787/226/164 786/223/164 
f 786/223/164 532/224/111 530/225/111 
f 531/234/68 826/233/68 783/229/68 
f 783/229/68 477/228/68 531/234/68 
f 788/233/66 825/229/66 529/228/66 
f 529/228/66 483/234/66 788/233/66 
f 825/297/62 788/294/62 783/295/62 
f 783/295/62 826/296/62 825/297/62 
# 1096 faces

#
# object Window_Plane_01_low001
#

v  8.6286 28.4726 -42.8404
v  8.6286 38.2878 -54.3809
v  20.6999 38.2878 -54.3809
v  34.7104 28.4726 -42.8404
v  -3.4426 38.2878 -54.3809
v  -17.4531 28.4726 -42.8404
v  8.6286 38.2878 -54.9321
v  8.6286 28.4726 -66.4726
v  34.7104 28.4726 -66.4726
v  20.6999 38.2878 -54.9321
v  -17.4531 28.4726 -66.4726
v  -3.4426 38.2878 -54.9321
# 12 vertices

vn 0.0000 0.0000 1.0000
# 1 vertex normals

vt 0.4296 0.7000 0.0000
vt 0.0020 0.7007 0.0000
vt 0.0020 0.3771 0.0000
vt 0.4296 0.0020 0.0000
# 4 texture coords

o Window_Plane_01_low001
g Window_Plane_01_low001
usemtl Material__56
s off
f 833/298/197 834/299/197 835/300/197 
f 835/300/197 836/301/197 833/298/197 
f 837/300/197 834/299/197 833/298/197 
f 833/298/197 838/301/197 837/300/197 
f 839/299/197 840/298/197 841/301/197 
f 841/301/197 842/300/197 839/299/197 
f 843/301/197 840/298/197 839/299/197 
f 839/299/197 844/300/197 843/301/197 
# 8 faces

#
# object Window_Plane_02_low001
#

v  20.8139 38.3005 -54.6565
v  34.9260 28.6302 -54.6565
v  34.9260 28.6302 -42.9183
v  20.8139 38.3005 -54.4777
v  -17.6687 28.6302 -54.6565
v  -3.5566 38.3005 -54.6565
v  -3.5566 38.3005 -54.4777
v  -17.6687 28.6302 -42.9183
v  34.9260 28.6302 -66.3947
v  20.8139 38.3005 -54.8353
v  -3.5566 38.3005 -54.8353
v  -17.6687 28.6302 -66.3947
# 12 vertices

vn 0.0000 0.0000 1.0000
# 1 vertex normals

vt 0.7176 0.5759 0.0000
vt 0.4347 0.2561 0.0000
vt 0.7220 0.0020 0.0000
vt 0.7220 0.5720 0.0000
# 4 texture coords

o Window_Plane_02_low001
g Window_Plane_02_low001
usemtl Material__56
s off
f 845/302/198 846/303/198 847/304/198 
f 847/304/198 848/305/198 845/302/198 
f 849/303/198 850/302/198 851/305/198 
f 851/305/198 852/304/198 849/303/198 
f 853/304/198 846/303/198 845/302/198 
f 845/302/198 854/305/198 853/304/198 
f 855/305/198 850/302/198 849/303/198 
f 849/303/198 856/304/198 855/305/198 
# 8 faces

#
# object Window_Plane_01_low
#

v  -9.6376 28.4726 67.2483
v  -9.6376 38.2878 54.8941
v  2.4337 38.2878 54.8941
v  16.4441 28.4726 67.2483
v  -21.7089 38.2878 54.8941
v  -35.7193 28.4726 67.2483
v  -9.6376 38.2878 54.3041
v  -9.6376 28.4726 41.9499
v  16.4441 28.4726 41.9499
v  2.4337 38.2878 54.3041
v  -35.7193 28.4726 41.9499
v  -21.7089 38.2878 54.3041
# 12 vertices

vn 0.0000 0.0000 1.0000
# 1 vertex normals

vt 0.4296 0.7000 0.0000
vt 0.0020 0.7007 0.0000
vt 0.0020 0.3771 0.0000
vt 0.4296 0.0020 0.0000
# 4 texture coords

o Window_Plane_01_low
g Window_Plane_01_low
usemtl Material__56
s off
f 857/306/199 858/307/199 859/308/199 
f 859/308/199 860/309/199 857/306/199 
f 861/308/199 858/307/199 857/306/199 
f 857/306/199 862/309/199 861/308/199 
f 863/307/199 864/306/199 865/309/199 
f 865/309/199 866/308/199 863/307/199 
f 867/309/199 864/306/199 863/307/199 
f 863/307/199 868/308/199 867/309/199 
# 8 faces

#
# object Window_Plane_02_low
#

v  2.5476 38.3005 54.5990
v  16.6597 28.6302 54.5990
v  16.6597 28.6302 67.1648
v  2.5476 38.3005 54.7905
v  -35.9349 28.6302 54.5990
v  -21.8228 38.3005 54.5990
v  -21.8228 38.3005 54.7905
v  -35.9349 28.6302 67.1648
v  16.6597 28.6302 42.0333
v  2.5476 38.3005 54.4076
v  -21.8228 38.3005 54.4076
v  -35.9349 28.6302 42.0333
# 12 vertices

vn 0.0000 0.0000 1.0000
# 1 vertex normals

vt 0.7176 0.5759 0.0000
vt 0.4347 0.2561 0.0000
vt 0.7220 0.0020 0.0000
vt 0.7220 0.5720 0.0000
# 4 texture coords

o Window_Plane_02_low
g Window_Plane_02_low
usemtl Material__56
s off
f 869/310/200 870/311/200 871/312/200 
f 871/312/200 872/313/200 869/310/200 
f 873/311/200 874/310/200 875/313/200 
f 875/313/200 876/312/200 873/311/200 
f 877/312/200 870/311/200 869/310/200 
f 869/310/200 878/313/200 877/312/200 
f 879/313/200 874/310/200 873/311/200 
f 873/311/200 880/312/200 879/313/200 
# 8 faces

#
# object Bridge_Plane_01_low
#

v  2.2807 28.1334 66.7599
v  2.2807 24.9726 66.7599
v  2.2807 25.6840 65.2857
v  2.2807 28.1334 65.2857
v  2.2807 26.4011 63.2351
v  2.2807 28.1334 63.2351
v  2.2807 26.8165 61.5626
v  2.2807 28.1334 61.5626
v  2.2807 27.0951 59.8301
v  2.2807 28.1334 59.8301
v  2.2807 27.1825 58.0977
v  2.2807 28.1334 58.0977
v  2.2807 27.1701 56.3652
v  2.2807 28.1334 56.3652
v  2.2807 27.0113 54.7276
v  2.2807 28.1334 54.7276
v  -21.5558 28.1334 66.7599
v  -21.5558 28.1334 65.2857
v  -21.5558 25.6840 65.2857
v  -21.5558 24.9726 66.7599
v  -21.5558 28.1334 63.2351
v  -21.5558 26.4011 63.2351
v  -21.5558 28.1334 61.5626
v  -21.5558 26.8165 61.5626
v  -21.5558 28.1334 59.8301
v  -21.5558 27.0951 59.8301
v  -21.5558 28.1334 58.0977
v  -21.5558 27.1825 58.0977
v  -21.5558 28.1334 56.3652
v  -21.5558 27.1701 56.3652
v  -21.5558 28.1334 54.7276
v  -21.5558 27.0113 54.7276
v  2.2807 28.1334 42.5056
v  2.2807 28.1334 43.9798
v  2.2807 25.6840 43.9798
v  2.2807 24.9726 42.5056
v  2.2807 28.1334 46.0304
v  2.2807 26.4011 46.0304
v  2.2807 28.1334 47.7029
v  2.2807 26.8165 47.7029
v  2.2807 28.1334 49.4354
v  2.2807 27.0951 49.4354
v  2.2807 28.1334 51.1678
v  2.2807 27.1825 51.1678
v  2.2807 28.1334 52.9003
v  2.2807 27.1701 52.9003
v  2.2807 28.1334 54.5379
v  2.2807 27.0113 54.5379
v  -21.5558 28.1334 42.5056
v  -21.5558 24.9726 42.5056
v  -21.5558 25.6840 43.9798
v  -21.5558 28.1334 43.9798
v  -21.5558 26.4011 46.0304
v  -21.5558 28.1334 46.0304
v  -21.5558 26.8165 47.7029
v  -21.5558 28.1334 47.7029
v  -21.5558 27.0951 49.4354
v  -21.5558 28.1334 49.4354
v  -21.5558 27.1825 51.1678
v  -21.5558 28.1334 51.1678
v  -21.5558 27.1701 52.9003
v  -21.5558 28.1334 52.9003
v  -21.5558 27.0113 54.5379
v  -21.5558 28.1334 54.5379
# 64 vertices

vn 0.0000 0.0000 -1.0000
# 1 vertex normals

vt 0.7109 0.8934 0.0000
vt 0.6464 0.9008 0.0000
vt 0.6558 0.8550 0.0000
vt 0.7058 0.8492 0.0000
vt 0.6634 0.7919 0.0000
vt 0.6987 0.7878 0.0000
vt 0.6661 0.7409 0.0000
vt 0.6929 0.7378 0.0000
vt 0.6658 0.6883 0.0000
vt 0.6869 0.6859 0.0000
vt 0.6615 0.6363 0.0000
vt 0.6810 0.6340 0.0000
vt 0.6553 0.5844 0.0000
vt 0.6750 0.5821 0.0000
vt 0.6464 0.5358 0.0000
vt 0.6693 0.5331 0.0000
# 16 texture coords

o Bridge_Plane_01_low
g Bridge_Plane_01_low
usemtl Skylight_Glass
s off
f 881/314/201 882/315/201 883/316/201 
f 883/316/201 884/317/201 881/314/201 
f 884/317/201 883/316/201 885/318/201 
f 885/318/201 886/319/201 884/317/201 
f 886/319/201 885/318/201 887/320/201 
f 887/320/201 888/321/201 886/319/201 
f 888/321/201 887/320/201 889/322/201 
f 889/322/201 890/323/201 888/321/201 
f 890/323/201 889/322/201 891/324/201 
f 891/324/201 892/325/201 890/323/201 
f 891/324/201 893/326/201 894/327/201 
f 894/327/201 892/325/201 891/324/201 
f 893/326/201 895/328/201 896/329/201 
f 896/329/201 894/327/201 893/326/201 
f 897/314/201 898/317/201 899/316/201 
f 899/316/201 900/315/201 897/314/201 
f 898/317/201 901/319/201 902/318/201 
f 902/318/201 899/316/201 898/317/201 
f 901/319/201 903/321/201 904/320/201 
f 904/320/201 902/318/201 901/319/201 
f 903/321/201 905/323/201 906/322/201 
f 906/322/201 904/320/201 903/321/201 
f 905/323/201 907/325/201 908/324/201 
f 908/324/201 906/322/201 905/323/201 
f 909/327/201 910/326/201 908/324/201 
f 908/324/201 907/325/201 909/327/201 
f 911/329/201 912/328/201 910/326/201 
f 910/326/201 909/327/201 911/329/201 
f 913/314/201 914/317/201 915/316/201 
f 915/316/201 916/315/201 913/314/201 
f 914/317/201 917/319/201 918/318/201 
f 918/318/201 915/316/201 914/317/201 
f 917/319/201 919/321/201 920/320/201 
f 920/320/201 918/318/201 917/319/201 
f 919/321/201 921/323/201 922/322/201 
f 922/322/201 920/320/201 919/321/201 
f 921/323/201 923/325/201 924/324/201 
f 924/324/201 922/322/201 921/323/201 
f 925/327/201 926/326/201 924/324/201 
f 924/324/201 923/325/201 925/327/201 
f 927/329/201 928/328/201 926/326/201 
f 926/326/201 925/327/201 927/329/201 
f 929/314/201 930/315/201 931/316/201 
f 931/316/201 932/317/201 929/314/201 
f 932/317/201 931/316/201 933/318/201 
f 933/318/201 934/319/201 932/317/201 
f 934/319/201 933/318/201 935/320/201 
f 935/320/201 936/321/201 934/319/201 
f 936/321/201 935/320/201 937/322/201 
f 937/322/201 938/323/201 936/321/201 
f 938/323/201 937/322/201 939/324/201 
f 939/324/201 940/325/201 938/323/201 
f 939/324/201 941/326/201 942/327/201 
f 942/327/201 940/325/201 939/324/201 
f 941/326/201 943/328/201 944/329/201 
f 944/329/201 942/327/201 941/326/201 
# 56 faces

#
# object Components
#

v  16.3183 28.5851 63.1356
v  16.7852 28.5851 63.1356
v  12.3156 31.6782 63.1356
v  12.3097 31.2546 63.1356
v  16.7852 28.5851 62.7261
v  11.8208 32.0299 62.7261
v  11.8149 31.6064 62.7261
v  16.3183 28.5851 62.7261
v  7.5227 34.5149 58.9657
v  16.3183 28.5851 58.9657
v  16.7852 28.5851 58.9657
v  7.5286 35.0010 58.9657
v  16.7852 28.5851 58.5562
v  7.0338 35.3528 58.5562
v  16.3183 28.5851 58.5562
v  7.0279 34.8667 58.5562
v  11.5623 28.5851 66.8833
v  11.5623 28.5851 67.2928
v  11.5623 32.0054 62.9723
v  11.5623 31.6049 62.9862
v  12.0291 28.5851 67.2928
v  12.0291 31.6871 63.3852
v  12.0291 31.2865 63.3991
v  12.0291 28.5851 66.8833
v  6.8006 34.8368 58.7616
v  6.8006 28.5851 66.8833
v  6.8006 28.5851 67.2928
v  6.8006 35.3229 58.7668
v  7.2675 35.0045 59.1797
v  7.2675 28.5851 67.2928
v  7.2675 28.5851 66.8833
v  7.2675 34.5184 59.1745
v  2.5057 38.3197 55.0085
v  2.5057 37.7113 55.0085
v  15.9960 28.5851 66.8855
v  16.4588 28.5851 67.2928
v  16.3183 28.5851 66.6066
v  2.7391 37.7113 54.8038
v  2.7391 38.3197 54.8038
v  16.7852 28.5851 67.0129
v  16.7834 28.5851 67.2943
v  2.6224 38.3197 54.9061
v  2.6224 37.7113 54.9061
v  16.3158 28.5851 66.8855
v  9.9793 33.3096 54.8038
v  9.9793 33.3105 61.3321
v  9.7601 32.7733 61.1398
v  9.7601 32.7724 54.8038
v  9.5671 33.5952 54.8038
v  9.5671 33.5961 60.9705
v  9.3479 33.0589 60.7783
v  9.3479 33.0580 54.8038
v  -9.6376 33.3114 61.3321
v  -9.6376 32.7742 61.1398
v  -9.6376 33.5970 60.9705
v  -9.6376 33.0598 60.7783
v  -7.4902 37.7113 55.0085
v  -7.4902 28.5851 66.8833
v  -7.4902 28.5851 67.2928
v  -7.4902 38.3197 55.0085
v  -7.0233 28.5851 67.2928
v  -7.0233 28.5851 66.8833
v  -7.0233 37.7113 55.0085
v  -7.0233 38.3197 55.0085
v  -2.7284 28.5851 66.8833
v  -2.7284 28.5851 67.2928
v  -2.7284 38.3197 55.0085
v  -2.7284 37.7113 55.0085
v  -2.2616 37.7113 55.0085
v  -2.2616 38.3197 55.0085
v  -2.2616 28.5851 67.2928
v  -2.2616 28.5851 66.8833
v  2.0332 37.7113 55.0085
v  2.0332 28.5851 66.8833
v  2.0332 28.5851 67.2928
v  2.0332 38.3197 55.0085
v  2.5001 38.3197 55.0085
v  2.5001 28.5851 67.2928
v  2.5001 28.5851 66.8833
v  2.5001 37.7113 55.0085
v  16.3183 28.5851 54.8038
v  16.7852 28.5851 54.8038
v  2.7391 37.7113 54.3943
v  2.7391 38.3197 54.3943
v  16.7852 28.5851 54.3943
v  16.3183 28.5851 54.3943
v  -9.6376 37.7113 55.0085
v  -9.6376 38.3197 55.0085
v  -9.6376 38.3197 54.1896
v  2.5057 38.3197 54.1896
v  2.5057 37.7113 54.1896
v  -9.6376 37.7113 54.1896
v  16.3183 26.1515 66.8833
v  16.7852 26.1515 67.2928
v  -9.6376 26.1515 67.2928
v  -9.6376 26.1515 66.8833
v  -9.6376 28.5851 67.2928
v  16.7852 28.5851 67.2928
v  16.3183 28.5851 66.8833
v  -9.6376 28.5851 66.8833
v  16.7852 26.1515 54.5990
v  16.7852 28.5851 54.5990
v  16.3183 26.1515 54.5990
v  16.3183 28.5851 54.5990
v  2.0332 28.5851 65.1167
v  2.0332 28.5851 66.5722
v  2.5001 28.5851 66.5722
v  2.5001 28.5851 65.1167
v  2.5001 28.1334 66.5722
v  2.5001 28.1334 65.1167
v  2.0332 25.6461 65.1167
v  2.5001 25.6461 65.1167
v  2.5001 24.9347 66.5722
v  2.0332 24.9347 66.5722
v  2.0332 28.1334 65.1167
v  2.0332 28.1334 66.5722
v  2.5001 28.1334 67.2928
v  2.5001 25.3402 67.2928
v  2.5001 25.3402 66.5722
v  2.5001 24.9347 67.2928
v  2.0332 24.9347 67.2928
v  2.0332 28.1334 67.2928
v  2.5001 28.5851 54.6927
v  2.5001 28.5851 54.5990
v  2.0332 28.5851 54.5990
v  2.0332 28.5851 54.6927
v  2.0332 28.1334 54.5990
v  2.0332 28.1334 54.6927
v  2.5001 27.1322 56.3095
v  2.0332 27.1322 56.3095
v  2.0332 26.9677 54.6927
v  2.5001 26.9677 54.6927
v  2.5001 28.1334 54.6927
v  2.5001 28.1334 54.5990
v  2.0332 28.5851 58.0200
v  2.5001 28.5851 58.0200
v  2.5001 28.5851 56.3095
v  2.0332 28.5851 56.3095
v  2.0332 28.1334 56.3095
v  2.0332 28.1334 58.0200
v  2.0332 27.1446 58.0200
v  2.5001 27.1446 58.0200
v  2.5001 28.1334 58.0200
v  2.5001 28.1334 56.3095
v  2.0332 28.5851 59.7304
v  2.5001 28.5851 59.7304
v  2.0332 28.1334 59.7304
v  2.5001 27.0572 59.7304
v  2.0332 27.0572 59.7304
v  2.5001 28.1334 59.7304
v  2.5001 28.5851 61.4409
v  2.0332 28.5851 61.4409
v  2.0332 28.1334 61.4409
v  2.5001 26.7786 61.4409
v  2.0332 26.7786 61.4409
v  2.5001 28.1334 61.4409
v  2.0332 28.5851 63.1513
v  2.5001 28.5851 63.1513
v  2.0332 28.1334 63.1513
v  2.5001 26.3633 63.1513
v  2.0332 26.3633 63.1513
v  2.5001 28.1334 63.1513
v  2.0332 25.3402 66.5722
v  2.0332 25.3402 67.2928
v  2.5001 25.9723 65.1167
v  2.5001 26.6476 63.1513
v  2.5001 27.0291 61.4409
v  2.5001 27.2518 59.7304
v  2.5001 27.3162 58.0200
v  2.5001 27.2900 56.3095
v  2.5001 27.1151 54.6927
v  2.0332 27.2900 56.3095
v  2.0332 27.1151 54.6927
v  2.0332 27.3162 58.0200
v  2.0332 27.2518 59.7304
v  2.0332 27.0291 61.4409
v  2.0332 26.6476 63.1513
v  2.0332 25.9723 65.1167
v  2.5001 26.9734 54.5990
v  2.5001 27.1197 54.5990
v  2.0332 27.1197 54.5990
v  2.0332 26.9734 54.5990
v  -31.5849 31.2546 63.1356
v  -31.5908 31.6782 63.1356
v  -36.0604 28.5851 63.1356
v  -35.5936 28.5851 63.1356
v  -36.0604 28.5851 62.7261
v  -31.0960 32.0299 62.7261
v  -31.0901 31.6064 62.7261
v  -35.5936 28.5851 62.7261
v  -26.7979 34.5149 58.9657
v  -26.8039 35.0010 58.9657
v  -36.0604 28.5851 58.9657
v  -35.5936 28.5851 58.9657
v  -36.0604 28.5851 58.5562
v  -26.3090 35.3528 58.5562
v  -26.3031 34.8667 58.5562
v  -35.5936 28.5851 58.5562
v  -30.8375 31.6049 62.9862
v  -30.8375 32.0054 62.9723
v  -30.8375 28.5851 67.2928
v  -30.8375 28.5851 66.8833
v  -31.3043 31.6871 63.3852
v  -31.3043 28.5851 67.2928
v  -31.3043 31.2865 63.3991
v  -31.3043 28.5851 66.8833
v  -26.0758 35.3229 58.7668
v  -26.0758 28.5851 67.2928
v  -26.0758 28.5851 66.8833
v  -26.0758 34.8368 58.7616
v  -26.5426 28.5851 67.2928
v  -26.5426 35.0045 59.1797
v  -26.5426 34.5184 59.1745
v  -26.5426 28.5851 66.8833
v  -35.2712 28.5851 66.8855
v  -21.7810 37.7113 55.0085
v  -21.7810 38.3197 55.0085
v  -35.7340 28.5851 67.2928
v  -36.0604 28.5851 67.0129
v  -22.0144 38.3197 54.8038
v  -22.0144 37.7113 54.8038
v  -35.5936 28.5851 66.6066
v  -36.0585 28.5851 67.2943
v  -21.8977 38.3197 54.9061
v  -21.8977 37.7113 54.9061
v  -35.5910 28.5851 66.8855
v  -29.0353 32.7724 54.8038
v  -29.0353 32.7733 61.1398
v  -29.2546 33.3105 61.3321
v  -29.2546 33.3096 54.8038
v  -28.8424 33.5961 60.9705
v  -28.8424 33.5952 54.8038
v  -28.6231 33.0589 60.7783
v  -28.6231 33.0580 54.8038
v  -11.7851 28.5851 67.2928
v  -11.7851 28.5851 66.8833
v  -11.7851 37.7113 55.0085
v  -11.7851 38.3197 55.0085
v  -12.2519 28.5851 67.2928
v  -12.2519 38.3197 55.0085
v  -12.2519 37.7113 55.0085
v  -12.2519 28.5851 66.8833
v  -16.5467 37.7113 55.0085
v  -16.5467 38.3197 55.0085
v  -16.5467 28.5851 67.2928
v  -16.5467 28.5851 66.8833
v  -17.0135 28.5851 67.2928
v  -17.0135 38.3197 55.0085
v  -17.0135 37.7113 55.0085
v  -17.0135 28.5851 66.8833
v  -21.3084 28.5851 67.2928
v  -21.3084 28.5851 66.8833
v  -21.3084 37.7113 55.0085
v  -21.3084 38.3197 55.0085
v  -21.7753 28.5851 66.8833
v  -21.7753 28.5851 67.2928
v  -21.7753 38.3197 55.0085
v  -21.7753 37.7113 55.0085
v  -36.0604 28.5851 54.8038
v  -35.5936 28.5851 54.8038
v  -22.0144 37.7113 54.3943
v  -35.5936 28.5851 54.3943
v  -36.0604 28.5851 54.3943
v  -22.0144 38.3197 54.3943
v  -21.7810 38.3197 54.1896
v  -21.7810 37.7113 54.1896
v  -36.0604 26.1515 67.2928
v  -35.5936 26.1515 66.8833
v  -36.0604 28.5851 67.2928
v  -35.5936 28.5851 66.8833
v  -36.0604 26.1515 54.5990
v  -36.0604 28.5851 54.5990
v  -35.5936 26.1515 54.5990
v  -35.5936 28.5851 54.5990
v  -21.3084 28.5851 66.5722
v  -21.3084 28.5851 65.1167
v  -21.7753 28.5851 65.1167
v  -21.7753 28.5851 66.5722
v  -21.7753 28.1334 66.5722
v  -21.7753 28.1334 65.1167
v  -21.3084 25.6461 65.1167
v  -21.3084 24.9347 66.5722
v  -21.7753 24.9347 66.5722
v  -21.7753 25.6461 65.1167
v  -21.3084 28.1334 66.5722
v  -21.3084 28.1334 65.1167
v  -21.7753 25.3402 66.5722
v  -21.7753 25.3402 67.2928
v  -21.7753 28.1334 67.2928
v  -21.3084 24.9347 67.2928
v  -21.7753 24.9347 67.2928
v  -21.3084 28.1334 67.2928
v  -21.7753 28.5851 54.5990
v  -21.7753 28.5851 54.6927
v  -21.3084 28.5851 54.6927
v  -21.3084 28.5851 54.5990
v  -21.3084 28.1334 54.5990
v  -21.3084 28.1334 54.6927
v  -21.7753 27.1322 56.3095
v  -21.7753 26.9677 54.6927
v  -21.3084 26.9677 54.6927
v  -21.3084 27.1322 56.3095
v  -21.7753 28.1334 54.5990
v  -21.7753 28.1334 54.6927
v  -21.7753 28.5851 56.3095
v  -21.7753 28.5851 58.0200
v  -21.3084 28.5851 58.0200
v  -21.3084 28.5851 56.3095
v  -21.3084 28.1334 58.0200
v  -21.3084 28.1334 56.3095
v  -21.7753 27.1446 58.0200
v  -21.3084 27.1446 58.0200
v  -21.7753 28.1334 56.3095
v  -21.7753 28.1334 58.0200
v  -21.7753 28.5851 59.7304
v  -21.3084 28.5851 59.7304
v  -21.3084 28.1334 59.7304
v  -21.7753 27.0572 59.7304
v  -21.3084 27.0572 59.7304
v  -21.7753 28.1334 59.7304
v  -21.7753 28.5851 61.4409
v  -21.3084 28.5851 61.4409
v  -21.3084 28.1334 61.4409
v  -21.3084 26.7786 61.4409
v  -21.7753 26.7786 61.4409
v  -21.7753 28.1334 61.4409
v  -21.7753 28.5851 63.1513
v  -21.3084 28.5851 63.1513
v  -21.3084 28.1334 63.1513
v  -21.3084 26.3633 63.1513
v  -21.7753 26.3633 63.1513
v  -21.7753 28.1334 63.1513
v  -21.3084 25.3402 67.2928
v  -21.3084 25.3402 66.5722
v  -21.7753 25.9723 65.1167
v  -21.7753 26.6476 63.1513
v  -21.7753 27.0291 61.4409
v  -21.7753 27.2518 59.7304
v  -21.7753 27.3162 58.0200
v  -21.7753 27.2900 56.3095
v  -21.7753 27.1151 54.6927
v  -21.3084 27.2900 56.3095
v  -21.3084 27.1151 54.6927
v  -21.3084 27.3162 58.0200
v  -21.3084 27.2518 59.7304
v  -21.3084 27.0291 61.4409
v  -21.3084 26.6476 63.1513
v  -21.3084 25.9723 65.1167
v  -21.7753 27.1197 54.5990
v  -21.7753 26.9734 54.5990
v  -21.3084 27.1197 54.5990
v  -21.3084 26.9734 54.5990
v  12.3097 31.2546 46.0626
v  12.3156 31.6782 46.0626
v  16.7852 28.5851 46.0626
v  16.3183 28.5851 46.0626
v  11.8208 32.0299 46.4721
v  16.7852 28.5851 46.4721
v  11.8149 31.6064 46.4721
v  16.3183 28.5851 46.4721
v  16.3183 28.5851 50.2324
v  7.5227 34.5149 50.2324
v  7.5286 35.0010 50.2324
v  16.7852 28.5851 50.2324
v  7.0338 35.3528 50.6419
v  16.7852 28.5851 50.6419
v  7.0279 34.8667 50.6419
v  16.3183 28.5851 50.6419
v  11.5623 31.6049 46.2119
v  11.5623 32.0054 46.2258
v  11.5623 28.5851 41.9053
v  11.5623 28.5851 42.3149
v  12.0291 28.5851 41.9053
v  12.0291 31.6871 45.8129
v  12.0291 31.2865 45.7990
v  12.0291 28.5851 42.3149
v  6.8006 34.8368 50.4365
v  6.8006 35.3229 50.4313
v  6.8006 28.5851 41.9053
v  6.8006 28.5851 42.3149
v  7.2675 35.0045 50.0184
v  7.2675 28.5851 41.9053
v  7.2675 34.5184 50.0236
v  7.2675 28.5851 42.3149
v  15.9960 28.5851 42.3126
v  16.4588 28.5851 41.9053
v  16.3183 28.5851 42.5915
v  16.7852 28.5851 42.1852
v  2.6224 38.3197 54.2919
v  16.7834 28.5851 41.9038
v  16.3158 28.5851 42.3126
v  2.6224 37.7113 54.2919
v  9.7601 32.7733 48.0583
v  9.9793 33.3105 47.8660
v  9.9793 33.3096 54.3943
v  9.7601 32.7724 54.3943
v  9.5671 33.5961 48.2276
v  9.5671 33.5952 54.3943
v  9.3479 33.0589 48.4198
v  9.3479 33.0580 54.3943
v  -9.6376 32.7742 48.0583
v  -9.6376 33.3114 47.8660
v  -9.6376 33.5970 48.2276
v  -9.6376 33.0598 48.4198
v  -7.4902 28.5851 41.9053
v  -7.4902 28.5851 42.3149
v  -7.4902 37.7113 54.1896
v  -7.4902 38.3197 54.1896
v  -7.0233 37.7113 54.1896
v  -7.0233 28.5851 42.3149
v  -7.0233 28.5851 41.9053
v  -7.0233 38.3197 54.1896
v  -2.7284 28.5851 41.9053
v  -2.7284 28.5851 42.3149
v  -2.7284 37.7113 54.1896
v  -2.7284 38.3197 54.1896
v  -2.2616 28.5851 41.9053
v  -2.2616 38.3197 54.1896
v  -2.2616 37.7113 54.1896
v  -2.2616 28.5851 42.3149
v  2.0332 37.7113 54.1896
v  2.0332 38.3197 54.1896
v  2.0332 28.5851 41.9053
v  2.0332 28.5851 42.3149
v  2.5001 28.5851 41.9053
v  2.5001 38.3197 54.1896
v  2.5001 37.7113 54.1896
v  2.5001 28.5851 42.3149
v  16.3183 26.1515 42.3149
v  -9.6376 26.1515 42.3149
v  -9.6376 26.1515 41.9053
v  16.7852 26.1515 41.9053
v  -9.6376 28.5851 41.9053
v  16.7852 28.5851 41.9053
v  16.3183 28.5851 42.3149
v  -9.6376 28.5851 42.3149
v  2.0332 28.5851 44.0813
v  2.5001 28.5851 44.0813
v  2.5001 28.5851 42.6259
v  2.0332 28.5851 42.6259
v  2.5001 28.1334 42.6259
v  2.5001 28.1334 44.0813
v  2.0332 25.6461 44.0813
v  2.0332 24.9347 42.6259
v  2.5001 24.9347 42.6259
v  2.5001 25.6461 44.0813
v  2.0332 28.1334 42.6259
v  2.0332 28.1334 44.0813
v  2.5001 25.3402 41.9053
v  2.5001 28.1334 41.9053
v  2.5001 25.3402 42.6259
v  2.5001 24.9347 41.9053
v  2.0332 24.9347 41.9053
v  2.0332 28.1334 41.9053
v  2.5001 28.5851 54.5054
v  2.0332 28.5851 54.5054
v  2.0332 28.1334 54.5054
v  2.0332 26.9677 54.5054
v  2.0332 27.1322 52.8886
v  2.5001 27.1322 52.8886
v  2.5001 26.9677 54.5054
v  2.5001 28.1334 54.5054
v  2.0332 28.5851 51.1781
v  2.0332 28.5851 52.8886
v  2.5001 28.5851 52.8886
v  2.5001 28.5851 51.1781
v  2.0332 28.1334 51.1781
v  2.0332 28.1334 52.8886
v  2.0332 27.1446 51.1781
v  2.5001 27.1446 51.1781
v  2.5001 28.1334 52.8886
v  2.5001 28.1334 51.1781
v  2.0332 28.5851 49.4677
v  2.5001 28.5851 49.4677
v  2.0332 28.1334 49.4677
v  2.0332 27.0572 49.4677
v  2.5001 27.0572 49.4677
v  2.5001 28.1334 49.4677
v  2.5001 28.5851 47.7572
v  2.0332 28.5851 47.7572
v  2.0332 28.1334 47.7572
v  2.0332 26.7786 47.7573
v  2.5001 26.7786 47.7573
v  2.5001 28.1334 47.7572
v  2.0332 28.5851 46.0468
v  2.5001 28.5851 46.0468
v  2.0332 28.1334 46.0468
v  2.0332 26.3633 46.0468
v  2.5001 26.3633 46.0468
v  2.5001 28.1334 46.0468
v  2.0332 25.3402 42.6259
v  2.0332 25.3402 41.9053
v  2.5001 25.9723 44.0813
v  2.5001 26.6476 46.0468
v  2.5001 27.0291 47.7573
v  2.5001 27.2518 49.4677
v  2.5001 27.3162 51.1781
v  2.5001 27.2900 52.8886
v  2.5001 27.1151 54.5054
v  2.0332 27.1151 54.5054
v  2.0332 27.2900 52.8886
v  2.0332 27.3162 51.1781
v  2.0332 27.2518 49.4677
v  2.0332 27.0291 47.7573
v  2.0332 26.6476 46.0468
v  2.0332 25.9723 44.0813
v  -36.0604 28.5851 46.0626
v  -31.5908 31.6782 46.0626
v  -31.5849 31.2546 46.0626
v  -35.5936 28.5851 46.0626
v  -31.0960 32.0299 46.4721
v  -36.0604 28.5851 46.4721
v  -35.5936 28.5851 46.4721
v  -31.0901 31.6064 46.4721
v  -36.0604 28.5851 50.2324
v  -26.8039 35.0010 50.2324
v  -26.7979 34.5149 50.2324
v  -35.5936 28.5851 50.2324
v  -36.0604 28.5851 50.6419
v  -26.3090 35.3528 50.6419
v  -35.5936 28.5851 50.6419
v  -26.3031 34.8667 50.6419
v  -30.8375 28.5851 41.9053
v  -30.8375 32.0054 46.2258
v  -30.8375 31.6049 46.2119
v  -30.8375 28.5851 42.3149
v  -31.3043 28.5851 41.9053
v  -31.3043 31.6871 45.8129
v  -31.3043 28.5851 42.3149
v  -31.3043 31.2865 45.7990
v  -26.0758 35.3229 50.4313
v  -26.0758 34.8368 50.4365
v  -26.0758 28.5851 42.3149
v  -26.0758 28.5851 41.9053
v  -26.5426 28.5851 41.9053
v  -26.5426 35.0045 50.0184
v  -26.5426 28.5851 42.3149
v  -26.5426 34.5184 50.0236
v  -35.2712 28.5851 42.3126
v  -35.7340 28.5851 41.9053
v  -35.5936 28.5851 42.5915
v  -36.0604 28.5851 42.1852
v  -21.8977 38.3197 54.2919
v  -36.0585 28.5851 41.9038
v  -35.5910 28.5851 42.3126
v  -21.8977 37.7113 54.2919
v  -29.0353 32.7724 54.3943
v  -29.2546 33.3096 54.3943
v  -29.2546 33.3105 47.8660
v  -29.0353 32.7733 48.0583
v  -28.8424 33.5952 54.3943
v  -28.8424 33.5961 48.2276
v  -28.6231 33.0589 48.4198
v  -28.6231 33.0580 54.3943
v  -11.7851 38.3197 54.1896
v  -11.7851 37.7113 54.1896
v  -11.7851 28.5851 42.3149
v  -11.7851 28.5851 41.9053
v  -12.2519 28.5851 41.9053
v  -12.2519 28.5851 42.3149
v  -12.2519 37.7113 54.1896
v  -12.2519 38.3197 54.1896
v  -16.5467 28.5851 42.3149
v  -16.5467 28.5851 41.9053
v  -16.5467 38.3197 54.1896
v  -16.5467 37.7113 54.1896
v  -17.0135 28.5851 41.9053
v  -17.0135 28.5851 42.3149
v  -17.0135 37.7113 54.1896
v  -17.0135 38.3197 54.1896
v  -21.3084 37.7113 54.1896
v  -21.3084 28.5851 42.3149
v  -21.3084 28.5851 41.9053
v  -21.3084 38.3197 54.1896
v  -21.7753 28.5851 42.3149
v  -21.7753 37.7113 54.1896
v  -21.7753 38.3197 54.1896
v  -21.7753 28.5851 41.9053
v  -35.5936 26.1515 42.3149
v  -36.0604 26.1515 41.9053
v  -36.0604 28.5851 41.9053
v  -35.5936 28.5851 42.3149
v  -21.3084 28.5851 42.6259
v  -21.7753 28.5851 42.6259
v  -21.7753 28.5851 44.0813
v  -21.3084 28.5851 44.0813
v  -21.7753 28.1334 42.6259
v  -21.7753 28.1334 44.0813
v  -21.7753 25.6461 44.0813
v  -21.7753 24.9347 42.6259
v  -21.3084 24.9347 42.6259
v  -21.3084 25.6461 44.0813
v  -21.3084 28.1334 42.6259
v  -21.3084 28.1334 44.0813
v  -21.7753 25.3402 42.6259
v  -21.7753 28.1334 41.9053
v  -21.7753 25.3402 41.9053
v  -21.7753 24.9347 41.9053
v  -21.3084 24.9347 41.9053
v  -21.3084 28.1334 41.9053
v  -21.3084 28.5851 54.5054
v  -21.7753 28.5851 54.5054
v  -21.3084 28.1334 54.5054
v  -21.7753 27.1322 52.8886
v  -21.3084 27.1322 52.8886
v  -21.3084 26.9677 54.5054
v  -21.7753 26.9677 54.5054
v  -21.7753 28.1334 54.5054
v  -21.7753 28.5851 51.1781
v  -21.7753 28.5851 52.8886
v  -21.3084 28.5851 52.8886
v  -21.3084 28.5851 51.1781
v  -21.3084 28.1334 52.8886
v  -21.3084 28.1334 51.1781
v  -21.7753 27.1446 51.1781
v  -21.3084 27.1446 51.1781
v  -21.7753 28.1334 51.1781
v  -21.7753 28.1334 52.8886
v  -21.3084 28.5851 49.4677
v  -21.7753 28.5851 49.4677
v  -21.3084 28.1334 49.4677
v  -21.3084 27.0572 49.4677
v  -21.7753 27.0572 49.4677
v  -21.7753 28.1334 49.4677
v  -21.7753 28.5851 47.7572
v  -21.3084 28.5851 47.7572
v  -21.3084 28.1334 47.7572
v  -21.7753 26.7786 47.7573
v  -21.3084 26.7786 47.7573
v  -21.7753 28.1334 47.7572
v  -21.3084 28.5851 46.0468
v  -21.7753 28.5851 46.0468
v  -21.3084 28.1334 46.0468
v  -21.3084 26.3633 46.0468
v  -21.7753 26.3633 46.0468
v  -21.7753 28.1334 46.0468
v  -21.3084 25.3402 42.6259
v  -21.3084 25.3402 41.9053
v  -21.7753 25.9723 44.0813
v  -21.7753 26.6476 46.0468
v  -21.7753 27.0291 47.7573
v  -21.7753 27.2518 49.4677
v  -21.7753 27.3162 51.1781
v  -21.7753 27.2900 52.8886
v  -21.7753 27.1151 54.5054
v  -21.3084 27.1151 54.5054
v  -21.3084 27.2900 52.8886
v  -21.3084 27.3162 51.1781
v  -21.3084 27.2518 49.4677
v  -21.3084 27.0291 47.7573
v  -21.3084 26.6476 46.0468
v  -21.3084 25.9723 44.0813
# 652 vertices

vn 0.0000 1.0000 -0.0000
vn 0.4695 0.0064 -0.8829
vn 0.0000 -1.0000 -0.0000
vn -0.4564 -0.0153 0.8897
vn 0.4698 0.0062 -0.8828
vn -0.4600 -0.0129 0.8878
vn -1.0000 0.0000 -0.0000
vn -0.0065 0.4707 -0.8823
vn 1.0000 0.0000 -0.0000
vn 0.0012 -0.4625 0.8866
vn -0.0059 0.4698 -0.8828
vn -0.0004 -0.4600 0.8879
vn -0.7084 0.7059 -0.0003
vn 0.7040 -0.7102 -0.0006
vn 0.2479 0.2490 -0.9362
vn 0.3830 0.1037 -0.9179
vn 0.2467 0.2502 -0.9362
vn -0.1001 -0.3746 0.9218
vn -0.2407 -0.2428 0.9397
vn -0.2416 -0.2420 0.9397
vn 0.1006 0.3864 -0.9168
vn -0.3722 -0.1021 0.9225
vn 0.8829 0.0000 0.4695
vn 0.4695 -0.0001 -0.8829
vn -0.8829 0.0000 -0.4695
vn -0.4695 0.0001 0.8829
vn 0.0000 0.8829 0.4695
vn 0.0000 0.4695 -0.8830
vn 0.0000 -0.8829 -0.4695
vn 0.0000 -0.4695 0.8830
vn 0.0000 0.4706 -0.8824
vn 0.0000 -0.4594 0.8882
vn 0.4695 0.0000 -0.8829
vn -0.4583 0.0000 0.8888
vn 0.0000 0.0000 -1.0000
vn 0.0000 0.0000 1.0000
vn 0.0000 -0.2706 0.9627
vn 0.0000 -0.2149 0.9766
vn 0.0000 0.0358 0.9994
vn 0.0000 0.0624 0.9981
vn 0.0000 -0.0148 0.9999
vn 0.0000 -0.0718 0.9974
vn 0.0000 -0.1353 0.9908
vn 0.0000 -0.2030 0.9792
vn 0.0000 0.2806 -0.9598
vn 0.0000 0.2253 -0.9743
vn 0.0000 0.1485 -0.9889
vn 0.0000 0.0873 -0.9962
vn 0.0000 0.0253 -0.9997
vn 0.0000 -0.0103 -0.9999
vn 0.0000 -0.0726 -0.9974
vn 0.0000 0.0414 0.9991
vn -0.4695 0.0064 -0.8829
vn 0.4564 -0.0153 0.8897
vn -0.4698 0.0062 -0.8828
vn 0.4600 -0.0129 0.8878
vn 0.0065 0.4707 -0.8823
vn -0.0012 -0.4625 0.8866
vn 0.0059 0.4698 -0.8828
vn 0.0004 -0.4600 0.8879
vn 0.7084 0.7059 -0.0003
vn -0.7040 -0.7102 -0.0006
vn -0.2479 0.2490 -0.9362
vn -0.2467 0.2502 -0.9362
vn -0.3830 0.1037 -0.9179
vn 0.2407 -0.2428 0.9397
vn 0.1001 -0.3746 0.9218
vn 0.2416 -0.2420 0.9397
vn -0.1006 0.3864 -0.9168
vn 0.3722 -0.1021 0.9225
vn -0.8829 0.0000 0.4695
vn -0.4695 -0.0001 -0.8829
vn 0.8829 0.0000 -0.4695
vn 0.4695 0.0001 0.8829
vn -0.4695 0.0000 -0.8829
vn 0.4583 0.0000 0.8888
vn 0.4695 -0.0064 -0.8829
vn -0.4564 0.0153 0.8897
vn 0.4698 -0.0062 -0.8828
vn -0.4600 0.0129 0.8878
vn -0.0065 -0.4707 -0.8823
vn 0.0012 0.4625 0.8866
vn -0.0059 -0.4698 -0.8828
vn -0.0004 0.4600 0.8879
vn -0.7084 -0.7059 -0.0003
vn 0.7040 0.7102 -0.0006
vn 0.2467 -0.2502 -0.9362
vn 0.3830 -0.1037 -0.9179
vn 0.2479 -0.2490 -0.9362
vn -0.2416 0.2420 0.9397
vn -0.2407 0.2428 0.9397
vn -0.1001 0.3746 0.9218
vn 0.1006 -0.3864 -0.9168
vn -0.3722 0.1021 0.9225
vn 0.4695 0.0001 -0.8829
vn -0.4695 -0.0001 0.8829
vn 0.0000 -0.8829 0.4695
vn 0.0000 -0.4695 -0.8830
vn 0.0000 0.8829 -0.4695
vn 0.0000 0.4695 0.8830
vn 0.0000 -0.4706 -0.8824
vn 0.0000 0.4594 0.8882
vn 0.0000 0.2706 0.9627
vn 0.0000 0.2149 0.9766
vn 0.0000 -0.0624 0.9981
vn 0.0000 -0.0358 0.9994
vn 0.0000 0.0148 0.9999
vn 0.0000 0.0718 0.9974
vn 0.0000 0.1353 0.9908
vn 0.0000 0.2030 0.9792
vn 0.0000 -0.2806 -0.9598
vn 0.0000 -0.2253 -0.9743
vn 0.0000 -0.1485 -0.9889
vn 0.0000 -0.0873 -0.9962
vn 0.0000 -0.0253 -0.9997
vn 0.0000 0.0103 -0.9999
vn 0.0000 0.0726 -0.9974
vn -0.4695 -0.0064 -0.8829
vn 0.4564 0.0153 0.8897
vn -0.4698 -0.0062 -0.8828
vn 0.4600 0.0129 0.8878
vn 0.0065 -0.4707 -0.8823
vn -0.0012 0.4625 0.8866
vn 0.0059 -0.4698 -0.8828
vn 0.0004 0.4600 0.8879
vn 0.7084 -0.7059 -0.0003
vn -0.7040 0.7102 -0.0006
vn -0.3830 -0.1037 -0.9179
vn -0.2467 -0.2502 -0.9362
vn -0.2479 -0.2490 -0.9362
vn 0.2416 0.2420 0.9397
vn 0.1001 0.3746 0.9218
vn 0.2407 0.2428 0.9397
vn -0.1006 -0.3864 -0.9168
vn 0.3722 0.1021 0.9225
vn -0.4695 0.0001 -0.8829
vn 0.4695 -0.0001 0.8829
# 137 vertex normals

vt 0.4406 0.1411 0.0000
vt 0.4347 0.1521 0.0000
vt 0.4347 0.0166 0.0000
vt 0.4425 0.0206 0.0000
vt 0.4751 0.0174 0.0000
vt 0.4711 0.1529 0.0000
vt 0.4586 0.1525 0.0000
vt 0.4631 0.0020 0.0000
vt 0.4552 0.0057 0.0000
vt 0.4531 0.1413 0.0000
vt 0.2781 0.0109 0.0000
vt 0.0131 0.0116 0.0000
vt 0.0020 0.0059 0.0000
vt 0.2825 0.0020 0.0000
vt 0.0020 0.0424 0.0000
vt 0.0021 0.0299 0.0000
vt 0.2977 0.0323 0.0000
vt 0.2825 0.0447 0.0000
vt 0.0131 0.0241 0.0000
vt 0.2932 0.0234 0.0000
vt 0.5024 0.1402 0.0000
vt 0.4968 0.1514 0.0000
vt 0.4940 0.0020 0.0000
vt 0.5011 0.0061 0.0000
vt 0.4843 0.1516 0.0000
vt 0.4818 0.0164 0.0000
vt 0.5138 0.0201 0.0000
vt 0.5208 0.0159 0.0000
vt 0.5208 0.1511 0.0000
vt 0.5149 0.1401 0.0000
vt 0.9653 0.5736 0.0000
vt 0.9536 0.5693 0.0000
vt 0.9541 0.0243 0.0000
vt 0.9601 0.0078 0.0000
vt 0.9413 0.0242 0.0000
vt 0.9448 0.5693 0.0000
vt 0.9331 0.5737 0.0000
vt 0.9351 0.0077 0.0000
vt 0.9286 0.0021 0.0000
vt 0.9286 0.5737 0.0000
vt 0.9492 0.5693 0.0000
vt 0.9477 0.0186 0.0000
vt 0.9666 0.0020 0.0000
vt 0.9698 0.5736 0.0000
vt 0.9142 0.0020 0.0000
vt 0.9212 0.1617 0.0000
vt 0.9081 0.1645 0.0000
vt 0.9009 0.0029 0.0000
vt 0.8628 0.0063 0.0000
vt 0.8755 0.0052 0.0000
vt 0.8819 0.1665 0.0000
vt 0.8693 0.1612 0.0000
vt 0.8953 0.1695 0.0000
vt 0.8880 0.0044 0.0000
vt 0.9159 0.6806 0.0000
vt 0.9026 0.6804 0.0000
vt 0.8760 0.6800 0.0000
vt 0.8628 0.6798 0.0000
vt 0.8893 0.6802 0.0000
vt 0.4212 0.7986 0.0000
vt 0.0131 0.7986 0.0000
vt 0.0020 0.7929 0.0000
vt 0.4269 0.7875 0.0000
vt 0.0020 0.8168 0.0000
vt 0.0131 0.8111 0.0000
vt 0.4212 0.8111 0.0000
vt 0.4269 0.8222 0.0000
vt 0.0020 0.8406 0.0000
vt 0.0020 0.8281 0.0000
vt 0.4270 0.8281 0.0000
vt 0.4270 0.8406 0.0000
vt 0.0077 0.9192 0.0000
vt 0.4168 0.9181 0.0000
vt 0.4280 0.9238 0.0000
vt 0.0020 0.9303 0.0000
vt 0.0077 0.9067 0.0000
vt 0.0020 0.8956 0.0000
vt 0.4279 0.8999 0.0000
vt 0.4168 0.9056 0.0000
vt 0.0021 0.8831 0.0000
vt 0.4280 0.8874 0.0000
vt 0.6289 0.8264 0.0000
vt 0.6289 0.5012 0.0000
vt 0.6414 0.5012 0.0000
vt 0.6414 0.8264 0.0000
vt 0.5914 0.8264 0.0000
vt 0.5664 0.8264 0.0000
vt 0.5664 0.5012 0.0000
vt 0.5727 0.4950 0.0000
vt 0.5852 0.4950 0.0000
vt 0.5914 0.5012 0.0000
vt 0.6039 0.5012 0.0000
vt 0.6039 0.8264 0.0000
vt 0.6102 0.4950 0.0000
vt 0.6227 0.4950 0.0000
vt 0.8436 0.0145 0.0000
vt 0.8561 0.0020 0.0000
vt 0.8561 0.7095 0.0000
vt 0.8436 0.7095 0.0000
vt 0.7811 0.7095 0.0000
vt 0.7311 0.7095 0.0000
vt 0.7311 0.0020 0.0000
vt 0.7811 0.0020 0.0000
vt 0.7936 0.0145 0.0000
vt 0.7936 0.7095 0.0000
vt 0.4847 0.7983 0.0000
vt 0.4347 0.7983 0.0000
vt 0.4347 0.4108 0.0000
vt 0.4847 0.4108 0.0000
vt 0.5472 0.7858 0.0000
vt 0.5472 0.4108 0.0000
vt 0.5597 0.4108 0.0000
vt 0.5597 0.7983 0.0000
vt 0.4972 0.7858 0.0000
vt 0.4972 0.4108 0.0000
vt 0.0705 0.8589 0.0000
vt 0.0239 0.8589 0.0000
vt 0.0239 0.8464 0.0000
vt 0.0705 0.8464 0.0000
vt 0.3705 0.7143 0.0000
vt 0.3255 0.7248 0.0000
vt 0.3258 0.7181 0.0000
vt 0.3710 0.7059 0.0000
vt 0.3231 0.7692 0.0000
vt 0.3674 0.7716 0.0000
vt 0.3669 0.7808 0.0000
vt 0.3226 0.7784 0.0000
vt 0.0020 0.8589 0.0000
vt 0.0020 0.8464 0.0000
vt 0.3925 0.7154 0.0000
vt 0.3894 0.7727 0.0000
vt 0.3889 0.7820 0.0000
vt 0.3906 0.8464 0.0000
vt 0.3934 0.8464 0.0000
vt 0.3934 0.8589 0.0000
vt 0.3906 0.8589 0.0000
vt 0.0020 0.7611 0.0000
vt 0.0025 0.7519 0.0000
vt 0.0053 0.7520 0.0000
vt 0.0048 0.7613 0.0000
vt 0.3413 0.8589 0.0000
vt 0.3413 0.8464 0.0000
vt 0.0064 0.7311 0.0000
vt 0.0036 0.7311 0.0000
vt 0.0037 0.7281 0.0000
vt 0.0066 0.7281 0.0000
vt 0.2892 0.8589 0.0000
vt 0.2892 0.8464 0.0000
vt 0.0546 0.7547 0.0000
vt 0.1067 0.7575 0.0000
vt 0.1062 0.7668 0.0000
vt 0.0541 0.7640 0.0000
vt 0.1076 0.7407 0.0000
vt 0.0555 0.7374 0.0000
vt 0.0557 0.7342 0.0000
vt 0.1078 0.7372 0.0000
vt 0.2371 0.8589 0.0000
vt 0.2371 0.8464 0.0000
vt 0.1584 0.7696 0.0000
vt 0.1589 0.7603 0.0000
vt 0.1601 0.7382 0.0000
vt 0.1598 0.7422 0.0000
vt 0.1848 0.8464 0.0000
vt 0.1848 0.8589 0.0000
vt 0.2110 0.7631 0.0000
vt 0.2105 0.7724 0.0000
vt 0.2125 0.7353 0.0000
vt 0.2122 0.7405 0.0000
vt 0.1321 0.8589 0.0000
vt 0.1321 0.8464 0.0000
vt 0.2626 0.7752 0.0000
vt 0.2631 0.7659 0.0000
vt 0.2651 0.7296 0.0000
vt 0.2648 0.7355 0.0000
vt 0.3929 0.7071 0.0000
vt 0.3030 0.0770 0.0000
vt 0.3030 0.0677 0.0000
vt 0.3155 0.0677 0.0000
vt 0.3155 0.0770 0.0000
vt 0.3155 0.0103 0.0000
vt 0.3030 0.0103 0.0000
vt 0.3030 0.0020 0.0000
vt 0.3155 0.0020 0.0000
vt 0.3679 0.8647 0.0000
vt 0.3679 0.8772 0.0000
vt 0.3217 0.8772 0.0000
vt 0.3217 0.8647 0.0000
vt 0.2603 0.8772 0.0000
vt 0.2603 0.8647 0.0000
vt 0.2077 0.8772 0.0000
vt 0.2077 0.8647 0.0000
vt 0.1554 0.8647 0.0000
vt 0.1554 0.8772 0.0000
vt 0.1034 0.8772 0.0000
vt 0.1034 0.8647 0.0000
vt 0.0513 0.8772 0.0000
vt 0.0513 0.8647 0.0000
vt 0.0020 0.8772 0.0000
vt 0.0020 0.8647 0.0000
vt 0.5288 0.0593 0.0000
vt 0.5288 0.0020 0.0000
vt 0.5413 0.0020 0.0000
vt 0.5413 0.0593 0.0000
vt 0.3218 0.0020 0.0000
vt 0.3343 0.0020 0.0000
vt 0.3343 0.0229 0.0000
vt 0.3218 0.0229 0.0000
# 207 texture coords

o Components
g Components
usemtl Skylight_Material__48
s off
f 945/330/202 946/331/202 947/332/202 
f 947/332/202 948/333/202 945/330/202 
f 947/334/203 946/335/203 949/336/203 
f 949/336/203 950/337/203 947/334/203 
f 951/338/204 950/337/204 949/336/204 
f 949/336/204 952/339/204 951/338/204 
f 948/333/205 951/338/205 952/339/205 
f 952/339/205 945/330/205 948/333/205 
f 953/340/202 954/341/202 955/342/202 
f 955/342/202 956/343/202 953/340/202 
f 955/344/206 957/345/206 958/346/206 
f 958/346/206 956/347/206 955/344/206 
f 957/345/204 959/348/204 960/349/204 
f 960/349/204 958/346/204 957/345/204 
f 953/340/207 960/349/207 959/348/207 
f 959/348/207 954/341/207 953/340/207 
f 961/350/208 962/351/208 963/352/208 
f 963/352/208 964/353/208 961/350/208 
f 962/351/209 965/354/209 966/355/209 
f 966/355/209 963/352/209 962/351/209 
f 967/356/210 966/357/210 965/358/210 
f 965/358/210 968/359/210 967/356/210 
f 968/359/211 961/350/211 964/353/211 
f 964/353/211 967/356/211 968/359/211 
f 969/348/208 970/349/208 971/346/208 
f 971/346/208 972/345/208 969/348/208 
f 973/344/212 972/345/212 971/346/212 
f 971/346/212 974/347/212 973/344/212 
f 974/343/210 975/340/210 976/341/210 
f 976/341/210 973/342/210 974/343/210 
f 969/348/213 976/341/213 975/340/213 
f 975/340/213 970/349/213 969/348/213 
f 977/360/214 978/361/214 979/362/214 
f 979/362/214 980/363/214 977/360/214 
f 981/364/215 982/365/215 983/366/215 
f 983/366/215 984/367/215 981/364/215 
f 985/368/216 984/367/217 983/366/217 
f 983/366/217 986/369/218 985/368/216 
f 978/361/219 987/370/220 988/371/221 
f 988/371/221 979/362/219 978/361/219 
f 985/372/216 986/373/218 977/360/222 
f 977/360/222 980/363/222 985/372/216 
f 987/370/220 982/365/223 981/364/223 
f 981/364/223 988/371/221 987/370/220 
f 989/374/224 990/375/224 991/376/224 
f 991/376/224 992/377/224 989/374/224 
f 989/378/225 993/379/225 994/380/225 
f 994/380/225 990/381/225 989/378/225 
f 995/382/226 994/380/226 993/379/226 
f 993/379/226 996/383/226 995/382/226 
f 996/383/227 992/377/227 991/376/227 
f 991/376/227 995/382/227 996/383/227 
f 997/384/228 998/385/228 991/376/228 
f 991/376/228 990/375/228 997/384/228 
f 990/381/229 994/380/229 999/386/229 
f 999/386/229 997/387/229 990/381/229 
f 999/386/230 994/380/230 995/382/230 
f 995/382/230 1000/388/230 999/386/230 
f 995/382/231 991/376/231 998/385/231 
f 998/385/231 1000/388/231 995/382/231 
f 1001/389/208 1002/390/208 1003/391/208 
f 1003/391/208 1004/392/208 1001/389/208 
f 1005/393/210 1006/394/210 1007/395/210 
f 1007/395/210 1008/396/210 1005/393/210 
f 1003/397/232 1005/398/232 1008/399/232 
f 1008/399/232 1004/400/232 1003/397/232 
f 1006/394/233 1002/390/233 1001/389/233 
f 1001/389/233 1007/395/233 1006/394/233 
f 1009/390/208 1010/391/208 1011/392/208 
f 1011/392/208 1012/389/208 1009/390/208 
f 1013/395/210 1014/396/210 1015/393/210 
f 1015/393/210 1016/394/210 1013/395/210 
f 1010/397/232 1015/398/232 1014/399/232 
f 1014/399/232 1011/400/232 1010/397/232 
f 1013/395/233 1016/394/233 1009/390/233 
f 1009/390/233 1012/389/233 1013/395/233 
f 1017/389/208 1018/390/208 1019/391/208 
f 1019/391/208 1020/392/208 1017/389/208 
f 1021/396/210 1022/393/210 1023/394/210 
f 1023/394/210 1024/395/210 1021/396/210 
f 1021/399/232 1020/400/232 1019/397/232 
f 1019/397/232 1022/398/232 1021/399/232 
f 1023/394/233 1018/390/233 1017/389/233 
f 1017/389/233 1024/395/233 1023/394/233 
f 982/401/202 1025/402/202 1026/403/202 
f 1026/403/202 983/404/202 982/401/202 
f 1027/405/204 1028/406/204 1029/407/204 
f 1029/407/204 1030/408/204 1027/405/204 
f 1029/407/234 1028/406/234 983/409/234 
f 983/409/234 1026/410/234 1029/407/234 
f 1030/408/235 1025/402/235 982/401/235 
f 982/401/235 1027/405/235 1030/408/235 
f 1031/411/202 978/412/202 977/413/202 
f 977/413/202 1032/414/202 1031/411/202 
f 1033/415/236 1032/416/236 977/417/236 
f 977/417/236 983/418/236 1028/419/236 
f 1033/415/236 977/417/236 1028/419/236 
f 1033/415/236 1028/419/236 1034/420/236 
f 1034/420/204 1035/421/204 1036/422/204 
f 1036/422/204 1033/415/204 1034/420/204 
f 1031/411/237 1036/422/237 1035/421/237 
f 1035/421/237 1027/423/237 982/424/237 
f 1031/411/237 1035/421/237 982/424/237 
f 1031/411/237 982/424/237 978/412/237 
f 1037/425/237 1038/426/237 1039/427/237 
f 1039/427/237 1040/428/237 1037/425/237 
f 1041/429/202 1039/430/202 1038/431/202 
f 1038/431/202 1042/432/202 1041/429/202 
f 1041/429/236 1042/432/236 1043/433/236 
f 1043/433/236 1044/434/236 1041/429/236 
f 1037/425/204 1040/428/204 1044/434/204 
f 1044/434/204 1043/433/204 1037/425/204 
f 1042/435/210 1038/436/210 1045/437/210 
f 1045/437/210 1046/438/210 1042/435/210 
f 1037/439/237 1047/440/237 1045/441/237 
f 1045/441/237 1038/442/237 1037/439/237 
f 1047/440/208 1037/439/208 1043/443/208 
f 1043/443/208 1048/444/208 1047/440/208 
f 1042/435/236 1046/438/236 1048/444/236 
f 1048/444/236 1043/443/236 1042/435/236 
f 1049/445/236 1050/446/236 1051/447/236 
f 1051/447/236 1052/448/236 1049/445/236 
f 1053/449/210 1054/450/210 1052/451/210 
f 1052/451/210 1051/452/210 1053/449/210 
f 1055/448/238 1056/445/238 1057/446/239 
f 1057/446/239 1058/447/239 1055/448/238 
f 1059/453/208 1060/454/208 1050/455/208 
f 1050/455/208 1049/456/208 1059/453/208 
f 1050/446/236 1019/457/236 1022/458/236 
f 1022/458/236 1051/447/236 1050/446/236 
f 1053/449/210 1061/459/210 1062/460/210 
f 1062/460/210 1063/454/210 1053/449/210 
f 1064/457/237 1065/458/237 1058/447/239 
f 1058/447/239 1057/446/239 1064/457/237 
f 1019/461/208 1050/455/208 1060/454/208 
f 1060/454/208 1066/460/208 1019/461/208 
f 1067/462/236 1068/463/236 1069/464/236 
f 1069/464/236 1070/465/236 1067/462/236 
f 1069/466/208 1071/467/208 1072/468/208 
f 1072/468/208 1070/469/208 1069/466/208 
f 1073/470/240 1074/471/240 1075/462/241 
f 1075/462/241 1076/465/241 1073/470/240 
f 1077/472/210 1078/473/210 1068/474/210 
f 1068/474/210 1067/475/210 1077/472/210 
f 1079/476/236 1080/477/236 1081/471/236 
f 1081/471/236 1082/470/236 1079/476/236 
f 1083/478/208 1084/479/208 1079/480/208 
f 1079/480/208 1082/481/208 1083/478/208 
f 1085/477/242 1074/471/240 1073/470/240 
f 1073/470/240 1086/476/242 1085/477/242 
f 1087/482/210 1088/483/210 1081/484/210 
f 1081/484/210 1080/485/210 1087/482/210 
f 1080/477/236 1079/476/236 1089/486/236 
f 1089/486/236 1090/487/236 1080/477/236 
f 1089/488/208 1079/480/208 1084/479/208 
f 1084/479/208 1091/489/208 1089/488/208 
f 1086/476/242 1092/486/243 1093/487/243 
f 1093/487/243 1085/477/242 1086/476/242 
f 1090/490/210 1094/491/210 1087/482/210 
f 1087/482/210 1080/485/210 1090/490/210 
f 1095/492/236 1090/487/236 1089/486/236 
f 1089/486/236 1096/493/236 1095/492/236 
f 1097/494/208 1096/495/208 1089/488/208 
f 1089/488/208 1091/489/208 1097/494/208 
f 1093/487/243 1092/486/243 1098/493/244 
f 1098/493/244 1099/492/244 1093/487/243 
f 1094/491/210 1090/490/210 1095/496/210 
f 1095/496/210 1100/497/210 1094/491/210 
f 1095/492/236 1096/493/236 1101/498/236 
f 1101/498/236 1102/499/236 1095/492/236 
f 1101/500/208 1096/495/208 1097/494/208 
f 1097/494/208 1103/501/208 1101/500/208 
f 1099/492/244 1098/493/244 1104/498/245 
f 1104/498/245 1105/499/245 1099/492/244 
f 1100/497/210 1095/496/210 1102/502/210 
f 1102/502/210 1106/503/210 1100/497/210 
f 1102/499/236 1101/498/236 1049/445/236 
f 1049/445/236 1052/448/236 1102/499/236 
f 1103/501/208 1059/453/208 1049/456/208 
f 1049/456/208 1101/500/208 1103/501/208 
f 1056/445/238 1055/448/238 1105/499/245 
f 1105/499/245 1104/498/245 1056/445/238 
f 1102/502/210 1052/451/210 1054/450/210 
f 1054/450/210 1106/503/210 1102/502/210 
f 1051/452/210 1022/504/210 1061/459/210 
f 1061/459/210 1053/449/210 1051/452/210 
f 1060/454/208 1107/449/208 1108/459/208 
f 1108/459/208 1066/460/208 1060/454/208 
f 1019/505/202 1066/506/202 1061/507/202 
f 1061/507/202 1022/508/202 1019/505/202 
f 1062/509/202 1061/507/202 1066/506/202 
f 1066/506/202 1108/510/202 1062/509/202 
f 1065/511/202 1064/512/202 1062/509/202 
f 1062/509/202 1108/510/202 1065/511/202 
f 1063/454/210 1062/460/210 1064/461/210 
f 1064/461/210 1057/455/210 1063/454/210 
f 1056/456/210 1109/453/210 1063/454/210 
f 1063/454/210 1057/455/210 1056/456/210 
f 1056/456/210 1104/500/210 1110/501/210 
f 1110/501/210 1109/453/210 1056/456/210 
f 1098/495/210 1111/494/210 1110/501/210 
f 1110/501/210 1104/500/210 1098/495/210 
f 1112/489/210 1111/494/210 1098/495/210 
f 1098/495/210 1092/488/210 1112/489/210 
f 1092/488/210 1086/480/210 1113/479/210 
f 1113/479/210 1112/489/210 1092/488/210 
f 1113/479/210 1086/480/210 1073/481/210 
f 1073/481/210 1114/478/210 1113/479/210 
f 1076/469/210 1115/468/210 1114/478/210 
f 1114/478/210 1073/481/210 1076/469/210 
f 1075/475/208 1074/484/208 1116/483/208 
f 1116/483/208 1117/472/208 1075/475/208 
f 1118/482/208 1116/483/208 1074/484/208 
f 1074/484/208 1085/485/208 1118/482/208 
f 1093/490/208 1119/491/208 1118/482/208 
f 1118/482/208 1085/485/208 1093/490/208 
f 1119/491/208 1093/490/208 1099/496/208 
f 1099/496/208 1120/497/208 1119/491/208 
f 1120/497/208 1099/496/208 1105/502/208 
f 1105/502/208 1121/503/208 1120/497/208 
f 1055/451/208 1122/450/208 1121/503/208 
f 1121/503/208 1105/502/208 1055/451/208 
f 1122/450/208 1055/451/208 1058/452/208 
f 1058/452/208 1107/449/208 1122/450/208 
f 1107/449/208 1058/452/208 1065/504/208 
f 1065/504/208 1108/459/208 1107/449/208 
f 1107/513/246 1063/514/246 1109/515/246 
f 1109/515/246 1122/516/246 1107/513/246 
f 1110/517/247 1121/518/247 1122/516/247 
f 1122/516/247 1109/515/247 1110/517/247 
f 1111/519/248 1120/520/248 1121/518/248 
f 1121/518/248 1110/517/248 1111/519/248 
f 1119/521/249 1120/520/249 1111/519/249 
f 1111/519/249 1112/522/249 1119/521/249 
f 1113/523/250 1118/524/250 1119/521/250 
f 1119/521/250 1112/522/250 1113/523/250 
f 1113/523/251 1114/525/251 1116/526/251 
f 1116/526/251 1118/524/251 1113/523/251 
f 1116/526/252 1114/525/252 1115/527/252 
f 1115/527/252 1117/528/252 1116/526/252 
f 1087/524/237 1084/523/237 1083/525/237 
f 1083/525/237 1088/526/237 1087/524/237 
f 1091/522/237 1084/523/237 1087/524/237 
f 1087/524/237 1094/521/237 1091/522/237 
f 1094/521/237 1100/520/237 1097/519/237 
f 1097/519/237 1091/522/237 1094/521/237 
f 1103/517/237 1097/519/237 1100/520/237 
f 1100/520/237 1106/518/237 1103/517/237 
f 1106/518/237 1054/516/237 1059/515/237 
f 1059/515/237 1103/517/237 1106/518/237 
f 1053/513/237 1060/514/237 1059/515/237 
f 1059/515/237 1054/516/237 1053/513/237 
f 1107/529/204 1060/530/204 1053/531/204 
f 1053/531/204 1063/532/204 1107/529/204 
f 1081/484/210 1088/483/210 1077/472/210 
f 1077/472/210 1067/475/210 1081/484/210 
f 1088/526/237 1083/525/237 1072/527/237 
f 1072/527/237 1077/528/237 1088/526/237 
f 1082/481/208 1070/469/208 1072/468/208 
f 1072/468/208 1083/478/208 1082/481/208 
f 1067/462/236 1070/465/236 1082/470/236 
f 1082/470/236 1081/471/236 1067/462/236 
f 1076/469/210 1123/466/210 1124/467/210 
f 1124/467/210 1115/468/210 1076/469/210 
f 1117/472/208 1125/473/208 1126/474/208 
f 1126/474/208 1075/475/208 1117/472/208 
f 1075/462/241 1126/463/253 1123/464/253 
f 1123/464/253 1076/465/241 1075/462/241 
f 1071/467/208 1125/473/208 1117/472/208 
f 1117/472/208 1072/468/208 1071/467/208 
f 1115/468/210 1124/467/210 1078/473/210 
f 1078/473/210 1077/472/210 1115/468/210 
f 1077/533/202 1072/534/202 1117/535/202 
f 1117/535/202 1115/536/202 1077/533/202 
f 1127/333/202 1128/332/202 1129/331/202 
f 1129/331/202 1130/330/202 1127/333/202 
f 1131/336/254 1129/335/254 1128/334/254 
f 1128/334/254 1132/337/254 1131/336/254 
f 1132/337/204 1133/338/204 1134/339/204 
f 1134/339/204 1131/336/204 1132/337/204 
f 1133/338/255 1127/333/255 1130/330/255 
f 1130/330/255 1134/339/255 1133/338/255 
f 1135/340/202 1136/343/202 1137/342/202 
f 1137/342/202 1138/341/202 1135/340/202 
f 1139/345/256 1137/344/256 1136/347/256 
f 1136/347/256 1140/346/256 1139/345/256 
f 1140/346/204 1141/349/204 1142/348/204 
f 1142/348/204 1139/345/204 1140/346/204 
f 1141/349/257 1135/340/257 1138/341/257 
f 1138/341/257 1142/348/257 1141/349/257 
f 1143/353/210 1144/352/210 1145/351/210 
f 1145/351/210 1146/350/210 1143/353/210 
f 1144/352/258 1147/355/258 1148/354/258 
f 1148/354/258 1145/351/258 1144/352/258 
f 1149/356/208 1150/359/208 1148/358/208 
f 1148/358/208 1147/357/208 1149/356/208 
f 1149/356/259 1143/353/259 1146/350/259 
f 1146/350/259 1150/359/259 1149/356/259 
f 1151/345/210 1152/346/210 1153/349/210 
f 1153/349/210 1154/348/210 1151/345/210 
f 1155/347/260 1152/346/260 1151/345/260 
f 1151/345/260 1156/344/260 1155/347/260 
f 1157/341/208 1158/340/208 1155/343/208 
f 1155/343/208 1156/342/208 1157/341/208 
f 1157/341/261 1154/348/261 1153/349/261 
f 1153/349/261 1158/340/261 1157/341/261 
f 1159/362/262 1160/361/262 1161/360/262 
f 1161/360/262 1162/363/262 1159/362/262 
f 1163/367/263 1164/366/263 1165/365/263 
f 1165/365/263 1166/364/263 1163/367/263 
f 1167/368/264 1168/369/265 1164/366/266 
f 1164/366/266 1163/367/266 1167/368/264 
f 1169/370/267 1160/361/268 1159/362/268 
f 1159/362/268 1170/371/269 1169/370/267 
f 1167/372/264 1162/363/270 1161/360/270 
f 1161/360/270 1168/373/265 1167/372/264 
f 1169/370/267 1170/371/269 1166/364/271 
f 1166/364/271 1165/365/271 1169/370/267 
f 1171/377/272 1172/376/272 1173/375/272 
f 1173/375/272 1174/374/272 1171/377/272 
f 1175/380/273 1176/379/273 1174/378/273 
f 1174/378/273 1173/381/273 1175/380/273 
f 1176/379/274 1175/380/274 1177/382/274 
f 1177/382/274 1178/383/274 1176/379/274 
f 1171/377/275 1178/383/275 1177/382/275 
f 1177/382/275 1172/376/275 1171/377/275 
f 997/384/228 1173/375/228 1172/376/228 
f 1172/376/228 998/385/228 997/384/228 
f 999/386/229 1175/380/229 1173/381/229 
f 1173/381/229 997/387/229 999/386/229 
f 1000/388/230 1177/382/230 1175/380/230 
f 1175/380/230 999/386/230 1000/388/230 
f 998/385/231 1172/376/231 1177/382/231 
f 1177/382/231 1000/388/231 998/385/231 
f 1179/391/210 1180/390/210 1181/389/210 
f 1181/389/210 1182/392/210 1179/391/210 
f 1183/393/208 1184/396/208 1185/395/208 
f 1185/395/208 1186/394/208 1183/393/208 
f 1182/400/232 1184/399/232 1183/398/232 
f 1183/398/232 1179/397/232 1182/400/232 
f 1180/390/233 1186/394/233 1185/395/233 
f 1185/395/233 1181/389/233 1180/390/233 
f 1187/389/210 1188/392/210 1189/391/210 
f 1189/391/210 1190/390/210 1187/389/210 
f 1191/393/208 1192/396/208 1193/395/208 
f 1193/395/208 1194/394/208 1191/393/208 
f 1191/398/232 1189/397/232 1188/400/232 
f 1188/400/232 1192/399/232 1191/398/232 
f 1194/394/233 1193/395/233 1187/389/233 
f 1187/389/233 1190/390/233 1194/394/233 
f 1195/391/210 1196/390/210 1197/389/210 
f 1197/389/210 1198/392/210 1195/391/210 
f 1199/394/208 1200/393/208 1201/396/208 
f 1201/396/208 1202/395/208 1199/394/208 
f 1195/397/232 1198/400/232 1201/399/232 
f 1201/399/232 1200/398/232 1195/397/232 
f 1197/389/233 1196/390/233 1199/394/233 
f 1199/394/233 1202/395/233 1197/389/233 
f 1203/403/202 1204/402/202 1165/401/202 
f 1165/401/202 1164/404/202 1203/403/202 
f 1205/405/204 1206/408/204 1207/407/204 
f 1207/407/204 1208/406/204 1205/405/204 
f 1203/410/276 1164/409/276 1208/406/276 
f 1208/406/276 1207/407/276 1203/410/276 
f 1205/405/277 1165/401/277 1204/402/277 
f 1204/402/277 1206/408/277 1205/405/277 
f 1160/412/202 1031/411/202 1032/414/202 
f 1032/414/202 1161/413/202 1160/412/202 
f 1209/420/236 1208/419/236 1164/418/236 
f 1209/420/236 1164/418/236 1161/417/236 
f 1209/420/236 1161/417/236 1032/416/236 
f 1033/415/236 1209/420/236 1032/416/236 
f 1036/422/204 1210/421/204 1209/420/204 
f 1209/420/204 1033/415/204 1036/422/204 
f 1160/412/237 1165/424/237 1205/423/237 
f 1160/412/237 1205/423/237 1210/421/237 
f 1160/412/237 1210/421/237 1036/422/237 
f 1031/411/237 1160/412/237 1036/422/237 
f 1039/427/237 1211/426/237 1212/425/237 
f 1212/425/237 1040/428/237 1039/427/237 
f 1213/432/202 1211/431/202 1039/430/202 
f 1039/430/202 1041/429/202 1213/432/202 
f 1044/434/236 1214/433/236 1213/432/236 
f 1213/432/236 1041/429/236 1044/434/236 
f 1214/433/204 1044/434/204 1040/428/204 
f 1040/428/204 1212/425/204 1214/433/204 
f 1215/437/208 1211/436/208 1213/435/208 
f 1213/435/208 1216/438/208 1215/437/208 
f 1212/439/237 1211/442/237 1215/441/237 
f 1215/441/237 1217/440/237 1212/439/237 
f 1217/440/210 1218/444/210 1214/443/210 
f 1214/443/210 1212/439/210 1217/440/210 
f 1213/435/236 1214/443/236 1218/444/236 
f 1218/444/236 1216/438/236 1213/435/236 
f 1219/446/236 1220/445/236 1221/448/236 
f 1221/448/236 1222/447/236 1219/446/236 
f 1223/449/208 1222/452/208 1221/451/208 
f 1221/451/208 1224/450/208 1223/449/208 
f 1225/448/238 1226/447/239 1227/446/239 
f 1227/446/239 1228/445/238 1225/448/238 
f 1220/456/210 1219/455/210 1229/454/210 
f 1229/454/210 1230/453/210 1220/456/210 
f 1219/446/236 1222/447/236 1200/458/236 
f 1200/458/236 1195/457/236 1219/446/236 
f 1223/449/208 1231/454/208 1232/460/208 
f 1232/460/208 1233/459/208 1223/449/208 
f 1234/458/237 1235/457/237 1227/446/239 
f 1227/446/239 1226/447/239 1234/458/237 
f 1229/454/210 1219/455/210 1195/461/210 
f 1195/461/210 1236/460/210 1229/454/210 
f 1237/463/236 1238/462/236 1239/465/236 
f 1239/465/236 1240/464/236 1237/463/236 
f 1241/467/210 1240/466/210 1239/469/210 
f 1239/469/210 1242/468/210 1241/467/210 
f 1243/470/240 1244/465/241 1245/462/241 
f 1245/462/241 1246/471/240 1243/470/240 
f 1238/475/208 1237/474/208 1247/473/208 
f 1247/473/208 1248/472/208 1238/475/208 
f 1249/471/236 1250/477/236 1251/476/236 
f 1251/476/236 1252/470/236 1249/471/236 
f 1251/480/210 1253/479/210 1254/478/210 
f 1254/478/210 1252/481/210 1251/480/210 
f 1255/476/242 1243/470/240 1246/471/240 
f 1246/471/240 1256/477/242 1255/476/242 
f 1249/484/208 1257/483/208 1258/482/208 
f 1258/482/208 1250/485/208 1249/484/208 
f 1259/487/236 1260/486/236 1251/476/236 
f 1251/476/236 1250/477/236 1259/487/236 
f 1260/488/210 1261/489/210 1253/479/210 
f 1253/479/210 1251/480/210 1260/488/210 
f 1262/486/243 1255/476/242 1256/477/242 
f 1256/477/242 1263/487/243 1262/486/243 
f 1259/490/208 1250/485/208 1258/482/208 
f 1258/482/208 1264/491/208 1259/490/208 
f 1259/487/236 1265/492/236 1266/493/236 
f 1266/493/236 1260/486/236 1259/487/236 
f 1266/495/210 1267/494/210 1261/489/210 
f 1261/489/210 1260/488/210 1266/495/210 
f 1263/487/243 1268/492/244 1269/493/244 
f 1269/493/244 1262/486/243 1263/487/243 
f 1265/496/208 1259/490/208 1264/491/208 
f 1264/491/208 1270/497/208 1265/496/208 
f 1271/499/236 1272/498/236 1266/493/236 
f 1266/493/236 1265/492/236 1271/499/236 
f 1273/501/210 1267/494/210 1266/495/210 
f 1266/495/210 1272/500/210 1273/501/210 
f 1268/492/244 1274/499/245 1275/498/245 
f 1275/498/245 1269/493/244 1268/492/244 
f 1271/502/208 1265/496/208 1270/497/208 
f 1270/497/208 1276/503/208 1271/502/208 
f 1220/445/236 1272/498/236 1271/499/236 
f 1271/499/236 1221/448/236 1220/445/236 
f 1230/453/210 1273/501/210 1272/500/210 
f 1272/500/210 1220/456/210 1230/453/210 
f 1274/499/245 1225/448/238 1228/445/238 
f 1228/445/238 1275/498/245 1274/499/245 
f 1276/503/208 1224/450/208 1221/451/208 
f 1221/451/208 1271/502/208 1276/503/208 
f 1223/449/208 1233/459/208 1200/504/208 
f 1200/504/208 1222/452/208 1223/449/208 
f 1277/459/210 1278/449/210 1229/454/210 
f 1229/454/210 1236/460/210 1277/459/210 
f 1195/505/202 1200/508/202 1233/507/202 
f 1233/507/202 1236/506/202 1195/505/202 
f 1277/510/202 1236/506/202 1233/507/202 
f 1233/507/202 1232/509/202 1277/510/202 
f 1235/512/202 1234/511/202 1277/510/202 
f 1277/510/202 1232/509/202 1235/512/202 
f 1227/455/208 1235/461/208 1232/460/208 
f 1232/460/208 1231/454/208 1227/455/208 
f 1227/455/208 1231/454/208 1279/453/208 
f 1279/453/208 1228/456/208 1227/455/208 
f 1275/500/208 1228/456/208 1279/453/208 
f 1279/453/208 1280/501/208 1275/500/208 
f 1280/501/208 1281/494/208 1269/495/208 
f 1269/495/208 1275/500/208 1280/501/208 
f 1281/494/208 1282/489/208 1262/488/208 
f 1262/488/208 1269/495/208 1281/494/208 
f 1283/479/208 1255/480/208 1262/488/208 
f 1262/488/208 1282/489/208 1283/479/208 
f 1284/478/208 1243/481/208 1255/480/208 
f 1255/480/208 1283/479/208 1284/478/208 
f 1285/468/208 1244/469/208 1243/481/208 
f 1243/481/208 1284/478/208 1285/468/208 
f 1286/483/210 1246/484/210 1245/475/210 
f 1245/475/210 1287/472/210 1286/483/210 
f 1288/482/210 1256/485/210 1246/484/210 
f 1246/484/210 1286/483/210 1288/482/210 
f 1289/491/210 1263/490/210 1256/485/210 
f 1256/485/210 1288/482/210 1289/491/210 
f 1263/490/210 1289/491/210 1290/497/210 
f 1290/497/210 1268/496/210 1263/490/210 
f 1268/496/210 1290/497/210 1291/503/210 
f 1291/503/210 1274/502/210 1268/496/210 
f 1292/450/210 1225/451/210 1274/502/210 
f 1274/502/210 1291/503/210 1292/450/210 
f 1292/450/210 1278/449/210 1226/452/210 
f 1226/452/210 1225/451/210 1292/450/210 
f 1278/449/210 1277/459/210 1234/504/210 
f 1234/504/210 1226/452/210 1278/449/210 
f 1279/515/246 1231/514/246 1278/513/246 
f 1278/513/246 1292/516/246 1279/515/246 
f 1292/516/247 1291/518/247 1280/517/247 
f 1280/517/247 1279/515/247 1292/516/247 
f 1290/520/248 1281/519/248 1280/517/248 
f 1280/517/248 1291/518/248 1290/520/248 
f 1289/521/249 1282/522/249 1281/519/249 
f 1281/519/249 1290/520/249 1289/521/249 
f 1289/521/250 1288/524/250 1283/523/250 
f 1283/523/250 1282/522/250 1289/521/250 
f 1283/523/251 1288/524/251 1286/526/251 
f 1286/526/251 1284/525/251 1283/523/251 
f 1285/527/252 1284/525/252 1286/526/252 
f 1286/526/252 1287/528/252 1285/527/252 
f 1257/526/237 1254/525/237 1253/523/237 
f 1253/523/237 1258/524/237 1257/526/237 
f 1264/521/237 1258/524/237 1253/523/237 
f 1253/523/237 1261/522/237 1264/521/237 
f 1264/521/237 1261/522/237 1267/519/237 
f 1267/519/237 1270/520/237 1264/521/237 
f 1267/519/237 1273/517/237 1276/518/237 
f 1276/518/237 1270/520/237 1267/519/237 
f 1224/516/237 1276/518/237 1273/517/237 
f 1273/517/237 1230/515/237 1224/516/237 
f 1224/516/237 1230/515/237 1229/514/237 
f 1229/514/237 1223/513/237 1224/516/237 
f 1231/532/204 1223/531/204 1229/530/204 
f 1229/530/204 1278/529/204 1231/532/204 
f 1249/484/208 1238/475/208 1248/472/208 
f 1248/472/208 1257/483/208 1249/484/208 
f 1257/526/237 1248/528/237 1242/527/237 
f 1242/527/237 1254/525/237 1257/526/237 
f 1239/469/210 1252/481/210 1254/478/210 
f 1254/478/210 1242/468/210 1239/469/210 
f 1252/470/236 1239/465/236 1238/462/236 
f 1238/462/236 1249/471/236 1252/470/236 
f 1285/468/208 1293/467/208 1294/466/208 
f 1294/466/208 1244/469/208 1285/468/208 
f 1295/473/210 1287/472/210 1245/475/210 
f 1245/475/210 1296/474/210 1295/473/210 
f 1294/464/253 1296/463/253 1245/462/241 
f 1245/462/241 1244/465/241 1294/464/253 
f 1242/468/210 1287/472/210 1295/473/210 
f 1295/473/210 1241/467/210 1242/468/210 
f 1248/472/208 1247/473/208 1293/467/208 
f 1293/467/208 1285/468/208 1248/472/208 
f 1285/536/202 1287/535/202 1242/534/202 
f 1242/534/202 1248/533/202 1285/536/202 
f 1297/333/204 1298/332/204 1299/331/204 
f 1299/331/204 1300/330/204 1297/333/204 
f 1301/337/278 1302/336/278 1299/335/278 
f 1299/335/278 1298/334/278 1301/337/278 
f 1302/336/202 1301/337/202 1303/338/202 
f 1303/338/202 1304/339/202 1302/336/202 
f 1300/330/279 1304/339/279 1303/338/279 
f 1303/338/279 1297/333/279 1300/330/279 
f 1305/341/204 1306/340/204 1307/343/204 
f 1307/343/204 1308/342/204 1305/341/204 
f 1309/346/280 1310/345/280 1308/344/280 
f 1308/344/280 1307/347/280 1309/346/280 
f 1311/349/202 1312/348/202 1310/345/202 
f 1310/345/202 1309/346/202 1311/349/202 
f 1311/349/281 1306/340/281 1305/341/281 
f 1305/341/281 1312/348/281 1311/349/281 
f 1313/353/208 1314/352/208 1315/351/208 
f 1315/351/208 1316/350/208 1313/353/208 
f 1317/354/282 1315/351/282 1314/352/282 
f 1314/352/282 1318/355/282 1317/354/282 
f 1317/358/210 1318/357/210 1319/356/210 
f 1319/356/210 1320/359/210 1317/358/210 
f 1320/359/283 1319/356/283 1313/353/283 
f 1313/353/283 1316/350/283 1320/359/283 
f 1321/348/208 1322/345/208 1323/346/208 
f 1323/346/208 1324/349/208 1321/348/208 
f 1325/344/284 1326/347/284 1323/346/284 
f 1323/346/284 1322/345/284 1325/344/284 
f 1326/343/210 1325/342/210 1327/341/210 
f 1327/341/210 1328/340/210 1326/343/210 
f 1327/341/285 1321/348/285 1324/349/285 
f 1324/349/285 1328/340/285 1327/341/285 
f 1329/362/286 1035/361/286 1034/360/286 
f 1034/360/286 1330/363/286 1329/362/286 
f 1028/366/287 1027/365/287 1331/364/287 
f 1331/364/287 1332/367/287 1028/366/287 
f 1333/369/288 1028/366/289 1332/367/289 
f 1332/367/289 1334/368/290 1333/369/288 
f 1335/371/291 1336/370/292 1035/361/293 
f 1035/361/293 1329/362/293 1335/371/291 
f 1334/372/290 1330/363/294 1034/360/294 
f 1034/360/294 1333/373/288 1334/372/290 
f 1336/370/292 1335/371/291 1331/364/295 
f 1331/364/295 1027/365/295 1336/370/292 
f 1337/376/224 1338/375/224 1339/374/224 
f 1339/374/224 1340/377/224 1337/376/224 
f 1339/378/296 1338/381/296 1341/380/296 
f 1341/380/296 1342/379/296 1339/378/296 
f 1341/380/226 1343/382/226 1344/383/226 
f 1344/383/226 1342/379/226 1341/380/226 
f 1340/377/297 1344/383/297 1343/382/297 
f 1343/382/297 1337/376/297 1340/377/297 
f 1337/376/298 1345/385/298 1346/384/298 
f 1346/384/298 1338/375/298 1337/376/298 
f 1346/387/299 1347/386/299 1341/380/299 
f 1341/380/299 1338/381/299 1346/387/299 
f 1341/380/300 1347/386/300 1348/388/300 
f 1348/388/300 1343/382/300 1341/380/300 
f 1348/388/301 1345/385/301 1337/376/301 
f 1337/376/301 1343/382/301 1348/388/301 
f 1349/391/208 1350/390/208 1351/389/208 
f 1351/389/208 1352/392/208 1349/391/208 
f 1353/395/210 1354/394/210 1355/393/210 
f 1355/393/210 1356/396/210 1353/395/210 
f 1352/400/302 1356/399/302 1355/398/302 
f 1355/398/302 1349/397/302 1352/400/302 
f 1351/389/303 1350/390/303 1354/394/303 
f 1354/394/303 1353/395/303 1351/389/303 
f 1357/391/208 1358/390/208 1359/389/208 
f 1359/389/208 1360/392/208 1357/391/208 
f 1361/393/210 1362/396/210 1363/395/210 
f 1363/395/210 1364/394/210 1361/393/210 
f 1362/399/302 1361/398/302 1357/397/302 
f 1357/397/302 1360/400/302 1362/399/302 
f 1359/389/303 1358/390/303 1364/394/303 
f 1364/394/303 1363/395/303 1359/389/303 
f 1365/389/208 1366/392/208 1367/391/208 
f 1367/391/208 1368/390/208 1365/389/208 
f 1369/393/210 1370/396/210 1371/395/210 
f 1371/395/210 1372/394/210 1369/393/210 
f 1367/397/302 1366/400/302 1370/399/302 
f 1370/399/302 1369/398/302 1367/397/302 
f 1368/390/303 1372/394/303 1371/395/303 
f 1371/395/303 1365/389/303 1368/390/303 
f 1029/403/204 1030/402/204 1027/401/204 
f 1027/401/204 1028/404/204 1029/403/204 
f 982/405/202 1025/408/202 1026/407/202 
f 1026/407/202 983/406/202 982/405/202 
f 1029/410/234 1028/409/234 983/406/234 
f 983/406/234 1026/407/234 1029/410/234 
f 982/405/235 1027/401/235 1030/402/235 
f 1030/402/235 1025/408/235 982/405/235 
f 1035/412/204 1036/411/204 1033/414/204 
f 1033/414/204 1034/413/204 1035/412/204 
f 1032/415/236 977/420/236 983/419/236 
f 983/419/236 1028/418/236 1034/417/236 
f 1032/415/236 983/419/236 1034/417/236 
f 1032/415/236 1034/417/236 1033/416/236 
f 1031/422/202 978/421/202 977/420/202 
f 977/420/202 1032/415/202 1031/422/202 
f 1035/412/237 1027/424/237 982/423/237 
f 1035/412/237 982/423/237 978/421/237 
f 1035/412/237 978/421/237 1031/422/237 
f 1036/411/237 1035/412/237 1031/422/237 
f 1373/425/237 1374/428/237 1375/427/237 
f 1375/427/237 1376/426/237 1373/425/237 
f 1375/430/204 1377/429/204 1378/432/204 
f 1378/432/204 1376/431/204 1375/430/204 
f 1379/433/236 1378/432/236 1377/429/236 
f 1377/429/236 1380/434/236 1379/433/236 
f 1373/425/202 1379/433/202 1380/434/202 
f 1380/434/202 1374/428/202 1373/425/202 
f 1045/437/210 1376/436/210 1378/435/210 
f 1378/435/210 1046/438/210 1045/437/210 
f 1047/440/237 1373/439/237 1376/442/237 
f 1376/442/237 1045/441/237 1047/440/237 
f 1047/440/208 1048/444/208 1379/443/208 
f 1379/443/208 1373/439/208 1047/440/208 
f 1378/435/236 1379/443/236 1048/444/236 
f 1048/444/236 1046/438/236 1378/435/236 
f 1381/445/236 1382/448/236 1383/447/236 
f 1383/447/236 1384/446/236 1381/445/236 
f 1385/449/210 1383/452/210 1382/451/210 
f 1382/451/210 1386/450/210 1385/449/210 
f 1387/448/304 1388/447/305 1389/446/305 
f 1389/446/305 1390/445/304 1387/448/304 
f 1391/454/208 1392/453/208 1381/456/208 
f 1381/456/208 1384/455/208 1391/454/208 
f 1367/457/236 1384/446/236 1383/447/236 
f 1383/447/236 1369/458/236 1367/457/236 
f 1393/460/210 1394/459/210 1385/449/210 
f 1385/449/210 1395/454/210 1393/460/210 
f 1396/457/237 1389/446/305 1388/447/305 
f 1388/447/305 1397/458/237 1396/457/237 
f 1398/460/208 1391/454/208 1384/455/208 
f 1384/455/208 1367/461/208 1398/460/208 
f 1069/464/236 1068/463/236 1399/462/236 
f 1399/462/236 1400/465/236 1069/464/236 
f 1401/468/208 1071/467/208 1069/466/208 
f 1069/466/208 1400/469/208 1401/468/208 
f 1402/462/306 1403/471/307 1404/470/307 
f 1404/470/307 1405/465/306 1402/462/306 
f 1399/475/210 1068/474/210 1078/473/210 
f 1078/473/210 1406/472/210 1399/475/210 
f 1407/476/236 1408/470/236 1409/471/236 
f 1409/471/236 1410/477/236 1407/476/236 
f 1407/480/208 1411/479/208 1412/478/208 
f 1412/478/208 1408/481/208 1407/480/208 
f 1403/471/307 1413/477/308 1414/476/308 
f 1414/476/308 1404/470/307 1403/471/307 
f 1415/483/210 1416/482/210 1410/485/210 
f 1410/485/210 1409/484/210 1415/483/210 
f 1417/486/236 1407/476/236 1410/477/236 
f 1410/477/236 1418/487/236 1417/486/236 
f 1407/480/208 1417/488/208 1419/489/208 
f 1419/489/208 1411/479/208 1407/480/208 
f 1413/477/308 1420/487/309 1421/486/309 
f 1421/486/309 1414/476/308 1413/477/308 
f 1422/491/210 1418/490/210 1410/485/210 
f 1410/485/210 1416/482/210 1422/491/210 
f 1417/486/236 1418/487/236 1423/492/236 
f 1423/492/236 1424/493/236 1417/486/236 
f 1417/488/208 1424/495/208 1425/494/208 
f 1425/494/208 1419/489/208 1417/488/208 
f 1421/486/309 1420/487/309 1426/492/310 
f 1426/492/310 1427/493/310 1421/486/309 
f 1418/490/210 1422/491/210 1428/497/210 
f 1428/497/210 1423/496/210 1418/490/210 
f 1429/498/236 1424/493/236 1423/492/236 
f 1423/492/236 1430/499/236 1429/498/236 
f 1431/501/208 1425/494/208 1424/495/208 
f 1424/495/208 1429/500/208 1431/501/208 
f 1432/499/311 1433/498/311 1427/493/310 
f 1427/493/310 1426/492/310 1432/499/311 
f 1428/497/210 1434/503/210 1430/502/210 
f 1430/502/210 1423/496/210 1428/497/210 
f 1429/498/236 1430/499/236 1382/448/236 
f 1382/448/236 1381/445/236 1429/498/236 
f 1429/500/208 1381/456/208 1392/453/208 
f 1392/453/208 1431/501/208 1429/500/208 
f 1433/498/311 1432/499/311 1387/448/304 
f 1387/448/304 1390/445/304 1433/498/311 
f 1382/451/210 1430/502/210 1434/503/210 
f 1434/503/210 1386/450/210 1382/451/210 
f 1383/452/210 1385/449/210 1394/459/210 
f 1394/459/210 1369/504/210 1383/452/210 
f 1435/449/208 1391/454/208 1398/460/208 
f 1398/460/208 1436/459/208 1435/449/208 
f 1394/507/204 1398/506/204 1367/505/204 
f 1367/505/204 1369/508/204 1394/507/204 
f 1393/509/204 1436/510/204 1398/506/204 
f 1398/506/204 1394/507/204 1393/509/204 
f 1393/509/204 1396/512/204 1397/511/204 
f 1397/511/204 1436/510/204 1393/509/204 
f 1395/454/210 1389/455/210 1396/461/210 
f 1396/461/210 1393/460/210 1395/454/210 
f 1390/456/210 1389/455/210 1395/454/210 
f 1395/454/210 1437/453/210 1390/456/210 
f 1433/500/210 1390/456/210 1437/453/210 
f 1437/453/210 1438/501/210 1433/500/210 
f 1439/494/210 1427/495/210 1433/500/210 
f 1433/500/210 1438/501/210 1439/494/210 
f 1440/489/210 1421/488/210 1427/495/210 
f 1427/495/210 1439/494/210 1440/489/210 
f 1421/488/210 1440/489/210 1441/479/210 
f 1441/479/210 1414/480/210 1421/488/210 
f 1442/478/210 1404/481/210 1414/480/210 
f 1414/480/210 1441/479/210 1442/478/210 
f 1404/481/210 1442/478/210 1443/468/210 
f 1443/468/210 1405/469/210 1404/481/210 
f 1403/484/208 1402/475/208 1444/472/208 
f 1444/472/208 1445/483/208 1403/484/208 
f 1446/482/208 1413/485/208 1403/484/208 
f 1403/484/208 1445/483/208 1446/482/208 
f 1447/491/208 1420/490/208 1413/485/208 
f 1413/485/208 1446/482/208 1447/491/208 
f 1426/496/208 1420/490/208 1447/491/208 
f 1447/491/208 1448/497/208 1426/496/208 
f 1449/503/208 1432/502/208 1426/496/208 
f 1426/496/208 1448/497/208 1449/503/208 
f 1449/503/208 1450/450/208 1387/451/208 
f 1387/451/208 1432/502/208 1449/503/208 
f 1435/449/208 1388/452/208 1387/451/208 
f 1387/451/208 1450/450/208 1435/449/208 
f 1435/449/208 1436/459/208 1397/504/208 
f 1397/504/208 1388/452/208 1435/449/208 
f 1437/515/312 1395/514/312 1435/513/312 
f 1435/513/312 1450/516/312 1437/515/312 
f 1437/515/313 1450/516/313 1449/518/313 
f 1449/518/313 1438/517/313 1437/515/313 
f 1448/520/314 1439/519/314 1438/517/314 
f 1438/517/314 1449/518/314 1448/520/314 
f 1447/521/315 1440/522/315 1439/519/315 
f 1439/519/315 1448/520/315 1447/521/315 
f 1447/521/316 1446/524/316 1441/523/316 
f 1441/523/316 1440/522/316 1447/521/316 
f 1445/526/317 1442/525/317 1441/523/317 
f 1441/523/317 1446/524/317 1445/526/317 
f 1444/528/318 1443/527/318 1442/525/318 
f 1442/525/318 1445/526/318 1444/528/318 
f 1416/524/237 1415/526/237 1412/525/237 
f 1412/525/237 1411/523/237 1416/524/237 
f 1419/522/237 1422/521/237 1416/524/237 
f 1416/524/237 1411/523/237 1419/522/237 
f 1425/519/237 1428/520/237 1422/521/237 
f 1422/521/237 1419/522/237 1425/519/237 
f 1434/518/237 1428/520/237 1425/519/237 
f 1425/519/237 1431/517/237 1434/518/237 
f 1392/515/237 1386/516/237 1434/518/237 
f 1434/518/237 1431/517/237 1392/515/237 
f 1386/516/237 1392/515/237 1391/514/237 
f 1391/514/237 1385/513/237 1386/516/237 
f 1395/532/202 1385/531/202 1391/530/202 
f 1391/530/202 1435/529/202 1395/532/202 
f 1406/472/210 1415/483/210 1409/484/210 
f 1409/484/210 1399/475/210 1406/472/210 
f 1406/528/237 1401/527/237 1412/525/237 
f 1412/525/237 1415/526/237 1406/528/237 
f 1408/481/208 1412/478/208 1401/468/208 
f 1401/468/208 1400/469/208 1408/481/208 
f 1400/465/236 1399/462/236 1409/471/236 
f 1409/471/236 1408/470/236 1400/465/236 
f 1443/468/210 1124/467/210 1123/466/210 
f 1123/466/210 1405/469/210 1443/468/210 
f 1126/474/208 1125/473/208 1444/472/208 
f 1444/472/208 1402/475/208 1126/474/208 
f 1126/463/253 1402/462/306 1405/465/306 
f 1405/465/306 1123/464/253 1126/463/253 
f 1071/467/208 1401/468/208 1444/472/208 
f 1444/472/208 1125/473/208 1071/467/208 
f 1124/467/210 1443/468/210 1406/472/210 
f 1406/472/210 1078/473/210 1124/467/210 
f 1443/536/204 1444/535/204 1401/534/204 
f 1401/534/204 1406/533/204 1443/536/204 
f 1451/331/204 1452/332/204 1453/333/204 
f 1453/333/204 1454/330/204 1451/331/204 
f 1455/337/319 1452/334/319 1451/335/319 
f 1451/335/319 1456/336/319 1455/337/319 
f 1455/337/202 1456/336/202 1457/339/202 
f 1457/339/202 1458/338/202 1455/337/202 
f 1457/339/320 1454/330/320 1453/333/320 
f 1453/333/320 1458/338/320 1457/339/320 
f 1459/342/204 1460/343/204 1461/340/204 
f 1461/340/204 1462/341/204 1459/342/204 
f 1459/344/321 1463/345/321 1464/346/321 
f 1464/346/321 1460/347/321 1459/344/321 
f 1463/345/202 1465/348/202 1466/349/202 
f 1466/349/202 1464/346/202 1463/345/202 
f 1462/341/322 1461/340/322 1466/349/322 
f 1466/349/322 1465/348/322 1462/341/322 
f 1467/351/210 1468/352/210 1469/353/210 
f 1469/353/210 1470/350/210 1467/351/210 
f 1468/352/323 1467/351/323 1471/354/323 
f 1471/354/323 1472/355/323 1468/352/323 
f 1472/357/208 1471/358/208 1473/359/208 
f 1473/359/208 1474/356/208 1472/357/208 
f 1469/353/324 1474/356/324 1473/359/324 
f 1473/359/324 1470/350/324 1469/353/324 
f 1475/345/210 1476/348/210 1477/349/210 
f 1477/349/210 1478/346/210 1475/345/210 
f 1478/346/325 1479/347/325 1480/344/325 
f 1480/344/325 1475/345/325 1478/346/325 
f 1480/342/208 1479/343/208 1481/340/208 
f 1481/340/208 1482/341/208 1480/342/208 
f 1481/340/326 1477/349/326 1476/348/326 
f 1476/348/326 1482/341/326 1481/340/326 
f 1210/361/327 1483/362/327 1484/363/327 
f 1484/363/327 1209/360/327 1210/361/327 
f 1485/364/328 1205/365/328 1208/366/328 
f 1208/366/328 1486/367/328 1485/364/328 
f 1486/367/329 1208/366/329 1487/369/330 
f 1487/369/330 1488/368/331 1486/367/329 
f 1489/371/332 1483/362/333 1210/361/333 
f 1210/361/333 1490/370/334 1489/371/332 
f 1484/363/335 1488/372/331 1487/373/330 
f 1487/373/330 1209/360/335 1484/363/335 
f 1205/365/336 1485/364/336 1489/371/332 
f 1489/371/332 1490/370/334 1205/365/336 
f 1491/377/272 1492/374/272 1493/375/272 
f 1493/375/272 1494/376/272 1491/377/272 
f 1495/379/337 1496/380/337 1493/381/337 
f 1493/381/337 1492/378/337 1495/379/337 
f 1497/382/274 1496/380/274 1495/379/274 
f 1495/379/274 1498/383/274 1497/382/274 
f 1498/383/338 1491/377/338 1494/376/338 
f 1494/376/338 1497/382/338 1498/383/338 
f 1346/384/298 1345/385/298 1494/376/298 
f 1494/376/298 1493/375/298 1346/384/298 
f 1346/387/299 1493/381/299 1496/380/299 
f 1496/380/299 1347/386/299 1346/387/299 
f 1348/388/300 1347/386/300 1496/380/300 
f 1496/380/300 1497/382/300 1348/388/300 
f 1494/376/301 1345/385/301 1348/388/301 
f 1348/388/301 1497/382/301 1494/376/301 
f 1499/392/210 1500/389/210 1501/390/210 
f 1501/390/210 1502/391/210 1499/392/210 
f 1503/393/208 1504/394/208 1505/395/208 
f 1505/395/208 1506/396/208 1503/393/208 
f 1499/400/302 1502/397/302 1503/398/302 
f 1503/398/302 1506/399/302 1499/400/302 
f 1500/389/303 1505/395/303 1504/394/303 
f 1504/394/303 1501/390/303 1500/389/303 
f 1507/390/210 1508/391/210 1509/392/210 
f 1509/392/210 1510/389/210 1507/390/210 
f 1511/393/208 1512/394/208 1513/395/208 
f 1513/395/208 1514/396/208 1511/393/208 
f 1509/400/302 1508/397/302 1511/398/302 
f 1511/398/302 1514/399/302 1509/400/302 
f 1510/389/303 1513/395/303 1512/394/303 
f 1512/394/303 1507/390/303 1510/389/303 
f 1515/389/210 1516/390/210 1517/391/210 
f 1517/391/210 1518/392/210 1515/389/210 
f 1519/394/208 1520/395/208 1521/396/208 
f 1521/396/208 1522/393/208 1519/394/208 
f 1518/400/302 1517/397/302 1522/398/302 
f 1522/398/302 1521/399/302 1518/400/302 
f 1515/389/303 1520/395/303 1519/394/303 
f 1519/394/303 1516/390/303 1515/389/303 
f 1205/401/204 1206/402/204 1207/403/204 
f 1207/403/204 1208/404/204 1205/401/204 
f 1165/405/202 1164/406/202 1203/407/202 
f 1203/407/202 1204/408/202 1165/405/202 
f 1203/407/276 1164/406/276 1208/409/276 
f 1208/409/276 1207/410/276 1203/407/276 
f 1204/408/277 1206/402/277 1205/401/277 
f 1205/401/277 1165/405/277 1204/408/277 
f 1036/411/204 1210/412/204 1209/413/204 
f 1209/413/204 1033/414/204 1036/411/204 
f 1033/416/236 1209/417/236 1208/418/236 
f 1208/418/236 1164/419/236 1161/420/236 
f 1033/416/236 1208/418/236 1161/420/236 
f 1032/415/236 1033/416/236 1161/420/236 
f 1160/421/202 1031/422/202 1032/415/202 
f 1032/415/202 1161/420/202 1160/421/202 
f 1031/422/237 1160/421/237 1165/423/237 
f 1165/423/237 1205/424/237 1210/412/237 
f 1031/422/237 1165/423/237 1210/412/237 
f 1036/411/237 1031/422/237 1210/412/237 
f 1374/428/237 1523/425/237 1524/426/237 
f 1524/426/237 1375/427/237 1374/428/237 
f 1377/429/204 1375/430/204 1524/431/204 
f 1524/431/204 1525/432/204 1377/429/204 
f 1377/429/236 1525/432/236 1526/433/236 
f 1526/433/236 1380/434/236 1377/429/236 
f 1380/434/202 1526/433/202 1523/425/202 
f 1523/425/202 1374/428/202 1380/434/202 
f 1216/438/208 1525/435/208 1524/436/208 
f 1524/436/208 1215/437/208 1216/438/208 
f 1523/439/237 1217/440/237 1215/441/237 
f 1215/441/237 1524/442/237 1523/439/237 
f 1217/440/210 1523/439/210 1526/443/210 
f 1526/443/210 1218/444/210 1217/440/210 
f 1216/438/236 1218/444/236 1526/443/236 
f 1526/443/236 1525/435/236 1216/438/236 
f 1527/446/236 1528/447/236 1529/448/236 
f 1529/448/236 1530/445/236 1527/446/236 
f 1531/449/208 1532/450/208 1529/451/208 
f 1529/451/208 1528/452/208 1531/449/208 
f 1533/445/304 1534/446/305 1535/447/305 
f 1535/447/305 1536/448/304 1533/445/304 
f 1537/454/210 1527/455/210 1530/456/210 
f 1530/456/210 1538/453/210 1537/454/210 
f 1527/446/236 1517/457/236 1522/458/236 
f 1522/458/236 1528/447/236 1527/446/236 
f 1539/454/208 1531/449/208 1540/459/208 
f 1540/459/208 1541/460/208 1539/454/208 
f 1542/457/237 1543/458/237 1535/447/305 
f 1535/447/305 1534/446/305 1542/457/237 
f 1527/455/210 1537/454/210 1544/460/210 
f 1544/460/210 1517/461/210 1527/455/210 
f 1240/464/236 1545/465/236 1546/462/236 
f 1546/462/236 1237/463/236 1240/464/236 
f 1240/466/210 1241/467/210 1547/468/210 
f 1547/468/210 1545/469/210 1240/466/210 
f 1548/470/307 1549/471/307 1550/462/306 
f 1550/462/306 1551/465/306 1548/470/307 
f 1237/474/208 1546/475/208 1552/472/208 
f 1552/472/208 1247/473/208 1237/474/208 
f 1553/477/236 1554/471/236 1555/470/236 
f 1555/470/236 1556/476/236 1553/477/236 
f 1555/481/210 1557/478/210 1558/479/210 
f 1558/479/210 1556/480/210 1555/481/210 
f 1559/476/308 1560/477/308 1549/471/307 
f 1549/471/307 1548/470/307 1559/476/308 
f 1561/482/208 1562/483/208 1554/484/208 
f 1554/484/208 1553/485/208 1561/482/208 
f 1553/477/236 1556/476/236 1563/486/236 
f 1563/486/236 1564/487/236 1553/477/236 
f 1563/488/210 1556/480/210 1558/479/210 
f 1558/479/210 1565/489/210 1563/488/210 
f 1566/487/309 1560/477/308 1559/476/308 
f 1559/476/308 1567/486/309 1566/487/309 
f 1564/490/208 1568/491/208 1561/482/208 
f 1561/482/208 1553/485/208 1564/490/208 
f 1569/492/236 1564/487/236 1563/486/236 
f 1563/486/236 1570/493/236 1569/492/236 
f 1565/489/210 1571/494/210 1570/495/210 
f 1570/495/210 1563/488/210 1565/489/210 
f 1567/486/309 1572/493/310 1573/492/310 
f 1573/492/310 1566/487/309 1567/486/309 
f 1569/496/208 1574/497/208 1568/491/208 
f 1568/491/208 1564/490/208 1569/496/208 
f 1569/492/236 1570/493/236 1575/498/236 
f 1575/498/236 1576/499/236 1569/492/236 
f 1577/501/210 1575/500/210 1570/495/210 
f 1570/495/210 1571/494/210 1577/501/210 
f 1578/499/311 1573/492/310 1572/493/310 
f 1572/493/310 1579/498/311 1578/499/311 
f 1569/496/208 1576/502/208 1580/503/208 
f 1580/503/208 1574/497/208 1569/496/208 
f 1576/499/236 1575/498/236 1530/445/236 
f 1530/445/236 1529/448/236 1576/499/236 
f 1530/456/210 1575/500/210 1577/501/210 
f 1577/501/210 1538/453/210 1530/456/210 
f 1579/498/311 1533/445/304 1536/448/304 
f 1536/448/304 1578/499/311 1579/498/311 
f 1532/450/208 1580/503/208 1576/502/208 
f 1576/502/208 1529/451/208 1532/450/208 
f 1540/459/208 1531/449/208 1528/452/208 
f 1528/452/208 1522/504/208 1540/459/208 
f 1537/454/210 1581/449/210 1582/459/210 
f 1582/459/210 1544/460/210 1537/454/210 
f 1540/507/204 1522/508/204 1517/505/204 
f 1517/505/204 1544/506/204 1540/507/204 
f 1544/506/204 1582/510/204 1541/509/204 
f 1541/509/204 1540/507/204 1544/506/204 
f 1541/509/204 1582/510/204 1543/511/204 
f 1543/511/204 1542/512/204 1541/509/204 
f 1542/461/208 1534/455/208 1539/454/208 
f 1539/454/208 1541/460/208 1542/461/208 
f 1534/455/208 1533/456/208 1583/453/208 
f 1583/453/208 1539/454/208 1534/455/208 
f 1584/501/208 1583/453/208 1533/456/208 
f 1533/456/208 1579/500/208 1584/501/208 
f 1584/501/208 1579/500/208 1572/495/208 
f 1572/495/208 1585/494/208 1584/501/208 
f 1586/489/208 1585/494/208 1572/495/208 
f 1572/495/208 1567/488/208 1586/489/208 
f 1567/488/208 1559/480/208 1587/479/208 
f 1587/479/208 1586/489/208 1567/488/208 
f 1548/481/208 1588/478/208 1587/479/208 
f 1587/479/208 1559/480/208 1548/481/208 
f 1588/478/208 1548/481/208 1551/469/208 
f 1551/469/208 1589/468/208 1588/478/208 
f 1590/472/210 1550/475/210 1549/484/210 
f 1549/484/210 1591/483/210 1590/472/210 
f 1592/482/210 1591/483/210 1549/484/210 
f 1549/484/210 1560/485/210 1592/482/210 
f 1592/482/210 1560/485/210 1566/490/210 
f 1566/490/210 1593/491/210 1592/482/210 
f 1594/497/210 1593/491/210 1566/490/210 
f 1566/490/210 1573/496/210 1594/497/210 
f 1573/496/210 1578/502/210 1595/503/210 
f 1595/503/210 1594/497/210 1573/496/210 
f 1596/450/210 1595/503/210 1578/502/210 
f 1578/502/210 1536/451/210 1596/450/210 
f 1535/452/210 1581/449/210 1596/450/210 
f 1596/450/210 1536/451/210 1535/452/210 
f 1535/452/210 1543/504/210 1582/459/210 
f 1582/459/210 1581/449/210 1535/452/210 
f 1596/516/312 1581/513/312 1539/514/312 
f 1539/514/312 1583/515/312 1596/516/312 
f 1595/518/313 1596/516/313 1583/515/313 
f 1583/515/313 1584/517/313 1595/518/313 
f 1595/518/314 1584/517/314 1585/519/314 
f 1585/519/314 1594/520/314 1595/518/314 
f 1586/522/315 1593/521/315 1594/520/315 
f 1594/520/315 1585/519/315 1586/522/315 
f 1586/522/316 1587/523/316 1592/524/316 
f 1592/524/316 1593/521/316 1586/522/316 
f 1587/523/317 1588/525/317 1591/526/317 
f 1591/526/317 1592/524/317 1587/523/317 
f 1591/526/318 1588/525/318 1589/527/318 
f 1589/527/318 1590/528/318 1591/526/318 
f 1561/524/237 1558/523/237 1557/525/237 
f 1557/525/237 1562/526/237 1561/524/237 
f 1565/522/237 1558/523/237 1561/524/237 
f 1561/524/237 1568/521/237 1565/522/237 
f 1568/521/237 1574/520/237 1571/519/237 
f 1571/519/237 1565/522/237 1568/521/237 
f 1577/517/237 1571/519/237 1574/520/237 
f 1574/520/237 1580/518/237 1577/517/237 
f 1532/516/237 1538/515/237 1577/517/237 
f 1577/517/237 1580/518/237 1532/516/237 
f 1538/515/237 1532/516/237 1531/513/237 
f 1531/513/237 1537/514/237 1538/515/237 
f 1537/530/202 1531/531/202 1539/532/202 
f 1539/532/202 1581/529/202 1537/530/202 
f 1552/472/208 1546/475/208 1554/484/208 
f 1554/484/208 1562/483/208 1552/472/208 
f 1557/525/237 1547/527/237 1552/528/237 
f 1552/528/237 1562/526/237 1557/525/237 
f 1545/469/210 1547/468/210 1557/478/210 
f 1557/478/210 1555/481/210 1545/469/210 
f 1546/462/236 1545/465/236 1555/470/236 
f 1555/470/236 1554/471/236 1546/462/236 
f 1589/468/208 1551/469/208 1294/466/208 
f 1294/466/208 1293/467/208 1589/468/208 
f 1550/475/210 1590/472/210 1295/473/210 
f 1295/473/210 1296/474/210 1550/475/210 
f 1294/464/253 1551/465/306 1550/462/306 
f 1550/462/306 1296/463/253 1294/464/253 
f 1295/473/210 1590/472/210 1547/468/210 
f 1547/468/210 1241/467/210 1295/473/210 
f 1552/472/208 1589/468/208 1293/467/208 
f 1293/467/208 1247/473/208 1552/472/208 
f 1589/536/204 1552/533/204 1547/534/204 
f 1547/534/204 1590/535/204 1589/536/204 
# 1096 faces

#
# object Ball_01
#

v  2.3242 26.5872 54.5624
v  2.2825 26.5872 54.5473
v  2.2825 26.6308 54.5034
v  2.3596 26.6308 54.5314
v  2.2408 26.5872 54.5624
v  2.2054 26.6308 54.5314
v  2.2235 26.5872 54.5990
v  2.1735 26.6308 54.5990
v  2.2408 26.5872 54.6357
v  2.2054 26.6308 54.6667
v  2.2825 26.5872 54.6508
v  2.2825 26.6308 54.6947
v  2.3242 26.5872 54.6357
v  2.3596 26.6308 54.6667
v  2.3414 26.5872 54.5990
v  2.3915 26.6308 54.5990
v  2.2825 26.6960 54.4741
v  2.3832 26.6960 54.5107
v  2.1818 26.6960 54.5107
v  2.1400 26.6960 54.5990
v  2.1818 26.6960 54.6874
v  2.2825 26.6960 54.7240
v  2.3832 26.6960 54.6874
v  2.4249 26.6960 54.5990
v  2.2825 26.7729 54.4638
v  2.3915 26.7729 54.5034
v  2.1735 26.7729 54.5034
v  2.1283 26.7729 54.5990
v  2.1735 26.7729 54.6947
v  2.2825 26.7729 54.7343
v  2.3915 26.7729 54.6947
v  2.4367 26.7729 54.5990
v  2.2825 26.8498 54.4741
v  2.3832 26.8498 54.5107
v  2.1818 26.8498 54.5107
v  2.1400 26.8498 54.5990
v  2.1818 26.8498 54.6874
v  2.2825 26.8498 54.7240
v  2.3832 26.8498 54.6874
v  2.4249 26.8498 54.5990
v  2.2825 26.9149 54.5034
v  2.3596 26.9149 54.5314
v  2.2054 26.9149 54.5314
v  2.1735 26.9149 54.5990
v  2.2054 26.9149 54.6667
v  2.2825 26.9149 54.6947
v  2.3596 26.9149 54.6667
v  2.3915 26.9149 54.5990
v  2.2825 26.9585 54.5473
v  2.3242 26.9585 54.5624
v  2.2408 26.9585 54.5624
v  2.2235 26.9585 54.5990
v  2.2408 26.9585 54.6357
v  2.2825 26.9585 54.6508
v  2.3242 26.9585 54.6357
v  2.3414 26.9585 54.5990
v  2.2825 26.5719 54.5990
v  2.2825 26.9738 54.5990
v  -21.5577 26.6308 54.5034
v  -21.5577 26.5872 54.5473
v  -21.5994 26.5872 54.5624
v  -21.6348 26.6308 54.5314
v  -21.4806 26.6308 54.5314
v  -21.5160 26.5872 54.5624
v  -21.4487 26.6308 54.5990
v  -21.4987 26.5872 54.5990
v  -21.4806 26.6308 54.6667
v  -21.5160 26.5872 54.6357
v  -21.5577 26.6308 54.6947
v  -21.5577 26.5872 54.6508
v  -21.6348 26.6308 54.6667
v  -21.5994 26.5872 54.6357
v  -21.6167 26.5872 54.5990
v  -21.6667 26.6308 54.5990
v  -21.5577 26.6960 54.4741
v  -21.6584 26.6960 54.5107
v  -21.4570 26.6960 54.5107
v  -21.4153 26.6960 54.5990
v  -21.4570 26.6960 54.6874
v  -21.5577 26.6960 54.7240
v  -21.6584 26.6960 54.6874
v  -21.7002 26.6960 54.5990
v  -21.6667 26.7729 54.5034
v  -21.5577 26.7729 54.4638
v  -21.4487 26.7729 54.5034
v  -21.4035 26.7729 54.5990
v  -21.4487 26.7729 54.6947
v  -21.5577 26.7729 54.7343
v  -21.6667 26.7729 54.6947
v  -21.7119 26.7729 54.5990
v  -21.5577 26.8498 54.4741
v  -21.6584 26.8498 54.5107
v  -21.4570 26.8498 54.5107
v  -21.4153 26.8498 54.5990
v  -21.4570 26.8498 54.6874
v  -21.5577 26.8498 54.7240
v  -21.6584 26.8498 54.6874
v  -21.7002 26.8498 54.5990
v  -21.6348 26.9149 54.5314
v  -21.5577 26.9149 54.5034
v  -21.4806 26.9149 54.5314
v  -21.4487 26.9149 54.5990
v  -21.4806 26.9149 54.6667
v  -21.5577 26.9149 54.6947
v  -21.6348 26.9149 54.6667
v  -21.6667 26.9149 54.5990
v  -21.5994 26.9585 54.5624
v  -21.5577 26.9585 54.5473
v  -21.5160 26.9585 54.5624
v  -21.4987 26.9585 54.5990
v  -21.5160 26.9585 54.6357
v  -21.5577 26.9585 54.6508
v  -21.5994 26.9585 54.6357
v  -21.6167 26.9585 54.5990
v  -21.5577 26.5719 54.5990
v  -21.5577 26.9738 54.5990
# 116 vertices

vn 0.3509 -0.3509 0.8682
vn 0.0000 -0.4962 0.8682
vn 0.0000 -0.7563 0.6543
vn 0.5348 -0.5348 0.6543
vn -0.3509 -0.3509 0.8682
vn -0.5348 -0.5348 0.6543
vn -0.4962 0.0000 0.8682
vn -0.7563 0.0000 0.6543
vn -0.3509 0.3509 0.8682
vn -0.5348 0.5348 0.6543
vn 0.0000 0.4962 0.8682
vn 0.0000 0.7563 0.6543
vn 0.3509 0.3509 0.8682
vn 0.5348 0.5348 0.6543
vn 0.4962 0.0000 0.8682
vn 0.7563 0.0000 0.6543
vn 0.0000 -0.9368 0.3499
vn 0.6624 -0.6624 0.3499
vn -0.6624 -0.6624 0.3499
vn -0.9368 0.0000 0.3499
vn -0.6624 0.6624 0.3499
vn 0.0000 0.9368 0.3499
vn 0.6624 0.6624 0.3499
vn 0.9368 0.0000 0.3499
vn 0.0000 -1.0000 -0.0000
vn 0.7071 -0.7071 -0.0000
vn -0.7071 -0.7071 -0.0000
vn -1.0000 0.0000 -0.0000
vn -0.7071 0.7071 -0.0000
vn 0.0000 1.0000 -0.0000
vn 0.7071 0.7071 -0.0000
vn 1.0000 0.0000 -0.0000
vn 0.0000 -0.9368 -0.3499
vn 0.6624 -0.6624 -0.3499
vn -0.6624 -0.6624 -0.3499
vn -0.9368 0.0000 -0.3499
vn -0.6624 0.6624 -0.3499
vn 0.0000 0.9368 -0.3499
vn 0.6624 0.6624 -0.3499
vn 0.9368 0.0000 -0.3499
vn 0.0000 -0.7563 -0.6543
vn 0.5348 -0.5348 -0.6543
vn -0.5348 -0.5348 -0.6543
vn -0.7563 0.0000 -0.6543
vn -0.5348 0.5348 -0.6543
vn 0.0000 0.7563 -0.6543
vn 0.5348 0.5348 -0.6543
vn 0.7563 0.0000 -0.6543
vn 0.0000 -0.4962 -0.8682
vn 0.3509 -0.3509 -0.8682
vn -0.3509 -0.3509 -0.8682
vn -0.4962 0.0000 -0.8682
vn -0.3509 0.3509 -0.8682
vn 0.0000 0.4962 -0.8682
vn 0.3509 0.3509 -0.8682
vn 0.4962 0.0000 -0.8682
vn 0.0000 0.0000 1.0000
vn 0.0000 0.0000 -1.0000
# 58 vertex normals

vt 0.3453 0.0079 0.0000
vt 0.3451 0.0090 0.0000
vt 0.3437 0.0090 0.0000
vt 0.3441 0.0072 0.0000
vt 0.3455 0.0099 0.0000
vt 0.3444 0.0108 0.0000
vt 0.3464 0.0105 0.0000
vt 0.3459 0.0118 0.0000
vt 0.3475 0.0105 0.0000
vt 0.3479 0.0120 0.0000
vt 0.3486 0.0097 0.0000
vt 0.3499 0.0110 0.0000
vt 0.3473 0.0071 0.0000
vt 0.3476 0.0055 0.0000
vt 0.3499 0.0064 0.0000
vt 0.3485 0.0078 0.0000
vt 0.3462 0.0072 0.0000
vt 0.3455 0.0059 0.0000
vt 0.3423 0.0092 0.0000
vt 0.3429 0.0066 0.0000
vt 0.3433 0.0116 0.0000
vt 0.3454 0.0132 0.0000
vt 0.3481 0.0135 0.0000
vt 0.3509 0.0125 0.0000
vt 0.3476 0.0039 0.0000
vt 0.3509 0.0047 0.0000
vt 0.3448 0.0046 0.0000
vt 0.3406 0.0094 0.0000
vt 0.3413 0.0058 0.0000
vt 0.3420 0.0127 0.0000
vt 0.3449 0.0147 0.0000
vt 0.3483 0.0151 0.0000
vt 0.3515 0.0141 0.0000
vt 0.3475 0.0020 0.0000
vt 0.3515 0.0027 0.0000
vt 0.3438 0.0030 0.0000
vt 0.3595 0.0094 0.0000
vt 0.3612 0.0092 0.0000
vt 0.3621 0.0116 0.0000
vt 0.3608 0.0127 0.0000
vt 0.3601 0.0058 0.0000
vt 0.3617 0.0066 0.0000
vt 0.3626 0.0030 0.0000
vt 0.3636 0.0046 0.0000
vt 0.3664 0.0039 0.0000
vt 0.3664 0.0020 0.0000
vt 0.3703 0.0027 0.0000
vt 0.3697 0.0047 0.0000
vt 0.3671 0.0151 0.0000
vt 0.3669 0.0135 0.0000
vt 0.3697 0.0125 0.0000
vt 0.3703 0.0141 0.0000
vt 0.3637 0.0147 0.0000
vt 0.3643 0.0132 0.0000
vt 0.3626 0.0090 0.0000
vt 0.3632 0.0108 0.0000
vt 0.3630 0.0072 0.0000
vt 0.3643 0.0059 0.0000
vt 0.3664 0.0055 0.0000
vt 0.3687 0.0064 0.0000
vt 0.3667 0.0120 0.0000
vt 0.3688 0.0110 0.0000
vt 0.3647 0.0118 0.0000
vt 0.3639 0.0090 0.0000
vt 0.3643 0.0099 0.0000
vt 0.3642 0.0079 0.0000
vt 0.3650 0.0072 0.0000
vt 0.3661 0.0071 0.0000
vt 0.3673 0.0078 0.0000
vt 0.3663 0.0105 0.0000
vt 0.3674 0.0097 0.0000
vt 0.3652 0.0105 0.0000
vt 0.3468 0.0088 0.0000
vt 0.3656 0.0088 0.0000
# 74 texture coords

o Ball_01
g Ball_01
usemtl Skylight_lambert2
s off
f 1597/537/339 1598/538/340 1599/539/341 
f 1599/539/341 1600/540/342 1597/537/339 
f 1599/539/341 1598/538/340 1601/541/343 
f 1601/541/343 1602/542/344 1599/539/341 
f 1603/543/345 1604/544/346 1602/542/344 
f 1602/542/344 1601/541/343 1603/543/345 
f 1605/545/347 1606/546/348 1604/544/346 
f 1604/544/346 1603/543/345 1605/545/347 
f 1607/547/349 1608/548/350 1606/546/348 
f 1606/546/348 1605/545/347 1607/547/349 
f 1609/549/351 1610/550/352 1608/551/350 
f 1608/551/350 1607/552/349 1609/549/351 
f 1609/549/351 1611/553/353 1612/554/354 
f 1612/554/354 1610/550/352 1609/549/351 
f 1600/540/342 1612/554/354 1611/553/353 
f 1611/553/353 1597/537/339 1600/540/342 
f 1599/539/341 1613/555/355 1614/556/356 
f 1614/556/356 1600/540/342 1599/539/341 
f 1599/539/341 1602/542/344 1615/557/357 
f 1615/557/357 1613/555/355 1599/539/341 
f 1615/557/357 1602/542/344 1604/544/346 
f 1604/544/346 1616/558/358 1615/557/357 
f 1604/544/346 1606/546/348 1617/559/359 
f 1617/559/359 1616/558/358 1604/544/346 
f 1606/546/348 1608/548/350 1618/560/360 
f 1618/560/360 1617/559/359 1606/546/348 
f 1608/551/350 1610/550/352 1619/561/361 
f 1619/561/361 1618/562/360 1608/551/350 
f 1610/550/352 1612/554/354 1620/563/362 
f 1620/563/362 1619/561/361 1610/550/352 
f 1600/540/342 1614/556/356 1620/563/362 
f 1620/563/362 1612/554/354 1600/540/342 
f 1621/564/363 1622/565/364 1614/556/356 
f 1614/556/356 1613/555/355 1621/564/363 
f 1621/564/363 1613/555/355 1615/557/357 
f 1615/557/357 1623/566/365 1621/564/363 
f 1615/557/357 1616/558/358 1624/567/366 
f 1624/567/366 1623/566/365 1615/557/357 
f 1617/559/359 1625/568/367 1624/567/366 
f 1624/567/366 1616/558/358 1617/559/359 
f 1617/559/359 1618/560/360 1626/569/368 
f 1626/569/368 1625/568/367 1617/559/359 
f 1619/561/361 1627/570/369 1626/571/368 
f 1626/571/368 1618/562/360 1619/561/361 
f 1620/563/362 1628/572/370 1627/570/369 
f 1627/570/369 1619/561/361 1620/563/362 
f 1622/565/364 1628/572/370 1620/563/362 
f 1620/563/362 1614/556/356 1622/565/364 
f 1621/573/363 1629/574/371 1630/575/372 
f 1630/575/372 1622/576/364 1621/573/363 
f 1623/577/365 1631/578/373 1629/574/371 
f 1629/574/371 1621/573/363 1623/577/365 
f 1624/579/366 1632/580/374 1631/578/373 
f 1631/578/373 1623/577/365 1624/579/366 
f 1633/581/375 1632/580/374 1624/579/366 
f 1624/579/366 1625/582/367 1633/581/375 
f 1626/583/368 1634/584/376 1633/581/375 
f 1633/581/375 1625/582/367 1626/583/368 
f 1627/585/369 1635/586/377 1634/587/376 
f 1634/587/376 1626/588/368 1627/585/369 
f 1628/589/370 1636/590/378 1635/586/377 
f 1635/586/377 1627/585/369 1628/589/370 
f 1636/590/378 1628/589/370 1622/576/364 
f 1622/576/364 1630/575/372 1636/590/378 
f 1637/591/379 1638/592/380 1630/575/372 
f 1630/575/372 1629/574/371 1637/591/379 
f 1637/591/379 1629/574/371 1631/578/373 
f 1631/578/373 1639/593/381 1637/591/379 
f 1631/578/373 1632/580/374 1640/594/382 
f 1640/594/382 1639/593/381 1631/578/373 
f 1633/581/375 1641/595/383 1640/594/382 
f 1640/594/382 1632/580/374 1633/581/375 
f 1633/581/375 1634/584/376 1642/596/384 
f 1642/596/384 1641/595/383 1633/581/375 
f 1635/586/377 1643/597/385 1642/598/384 
f 1642/598/384 1634/587/376 1635/586/377 
f 1636/590/378 1644/599/386 1643/597/385 
f 1643/597/385 1635/586/377 1636/590/378 
f 1638/592/380 1644/599/386 1636/590/378 
f 1636/590/378 1630/575/372 1638/592/380 
f 1637/591/379 1645/600/387 1646/601/388 
f 1646/601/388 1638/592/380 1637/591/379 
f 1637/591/379 1639/593/381 1647/602/389 
f 1647/602/389 1645/600/387 1637/591/379 
f 1648/603/390 1647/602/389 1639/593/381 
f 1639/593/381 1640/594/382 1648/603/390 
f 1640/594/382 1641/595/383 1649/604/391 
f 1649/604/391 1648/603/390 1640/594/382 
f 1650/605/392 1649/604/391 1641/595/383 
f 1641/595/383 1642/596/384 1650/605/392 
f 1642/598/384 1643/597/385 1651/606/393 
f 1651/606/393 1650/607/392 1642/598/384 
f 1652/608/394 1651/606/393 1643/597/385 
f 1643/597/385 1644/599/386 1652/608/394 
f 1638/592/380 1646/601/388 1652/608/394 
f 1652/608/394 1644/599/386 1638/592/380 
f 1598/538/340 1597/537/339 1653/609/395 
f 1601/541/343 1598/538/340 1653/609/395 
f 1603/543/345 1601/541/343 1653/609/395 
f 1605/545/347 1603/543/345 1653/609/395 
f 1607/547/349 1605/545/347 1653/609/395 
f 1609/549/351 1607/552/349 1653/609/395 
f 1611/553/353 1609/549/351 1653/609/395 
f 1597/537/339 1611/553/353 1653/609/395 
f 1646/601/388 1645/600/387 1654/610/396 
f 1645/600/387 1647/602/389 1654/610/396 
f 1647/602/389 1648/603/390 1654/610/396 
f 1648/603/390 1649/604/391 1654/610/396 
f 1649/604/391 1650/605/392 1654/610/396 
f 1650/607/392 1651/606/393 1654/610/396 
f 1651/606/393 1652/608/394 1654/610/396 
f 1652/608/394 1646/601/388 1654/610/396 
f 1655/539/341 1656/538/340 1657/537/343 
f 1657/537/343 1658/540/344 1655/539/341 
f 1655/539/341 1659/542/342 1660/541/339 
f 1660/541/339 1656/538/340 1655/539/341 
f 1659/542/342 1661/544/354 1662/543/353 
f 1662/543/353 1660/541/339 1659/542/342 
f 1663/546/352 1664/545/351 1662/543/353 
f 1662/543/353 1661/544/354 1663/546/352 
f 1665/548/350 1666/547/349 1664/545/351 
f 1664/545/351 1663/546/352 1665/548/350 
f 1666/552/349 1665/551/350 1667/550/348 
f 1667/550/348 1668/549/347 1666/552/349 
f 1669/553/345 1668/549/347 1667/550/348 
f 1667/550/348 1670/554/346 1669/553/345 
f 1657/537/343 1669/553/345 1670/554/346 
f 1670/554/346 1658/540/344 1657/537/343 
f 1671/555/355 1655/539/341 1658/540/344 
f 1658/540/344 1672/556/357 1671/555/355 
f 1673/557/356 1659/542/342 1655/539/341 
f 1655/539/341 1671/555/355 1673/557/356 
f 1673/557/356 1674/558/362 1661/544/354 
f 1661/544/354 1659/542/342 1673/557/356 
f 1674/558/362 1675/559/361 1663/546/352 
f 1663/546/352 1661/544/354 1674/558/362 
f 1676/560/360 1665/548/350 1663/546/352 
f 1663/546/352 1675/559/361 1676/560/360 
f 1677/561/359 1667/550/348 1665/551/350 
f 1665/551/350 1676/562/360 1677/561/359 
f 1667/550/348 1677/561/359 1678/563/358 
f 1678/563/358 1670/554/346 1667/550/348 
f 1672/556/357 1658/540/344 1670/554/346 
f 1670/554/346 1678/563/358 1672/556/357 
f 1672/556/357 1679/565/365 1680/564/363 
f 1680/564/363 1671/555/355 1672/556/357 
f 1673/557/356 1671/555/355 1680/564/363 
f 1680/564/363 1681/566/364 1673/557/356 
f 1681/566/364 1682/567/370 1674/558/362 
f 1674/558/362 1673/557/356 1681/566/364 
f 1683/568/369 1675/559/361 1674/558/362 
f 1674/558/362 1682/567/370 1683/568/369 
f 1683/568/369 1684/569/368 1676/560/360 
f 1676/560/360 1675/559/361 1683/568/369 
f 1677/561/359 1676/562/360 1684/571/368 
f 1684/571/368 1685/570/367 1677/561/359 
f 1686/572/366 1678/563/358 1677/561/359 
f 1677/561/359 1685/570/367 1686/572/366 
f 1679/565/365 1672/556/357 1678/563/358 
f 1678/563/358 1686/572/366 1679/565/365 
f 1687/574/371 1680/573/363 1679/576/365 
f 1679/576/365 1688/575/373 1687/574/371 
f 1689/578/372 1681/577/364 1680/573/363 
f 1680/573/363 1687/574/371 1689/578/372 
f 1690/580/378 1682/579/370 1681/577/364 
f 1681/577/364 1689/578/372 1690/580/378 
f 1683/582/369 1682/579/370 1690/580/378 
f 1690/580/378 1691/581/377 1683/582/369 
f 1691/581/377 1692/584/376 1684/583/368 
f 1684/583/368 1683/582/369 1691/581/377 
f 1685/585/367 1684/588/368 1692/587/376 
f 1692/587/376 1693/586/375 1685/585/367 
f 1693/586/375 1694/590/374 1686/589/366 
f 1686/589/366 1685/585/367 1693/586/375 
f 1688/575/373 1679/576/365 1686/589/366 
f 1686/589/366 1694/590/374 1688/575/373 
f 1695/592/381 1696/591/379 1687/574/371 
f 1687/574/371 1688/575/373 1695/592/381 
f 1697/593/380 1689/578/372 1687/574/371 
f 1687/574/371 1696/591/379 1697/593/380 
f 1697/593/380 1698/594/386 1690/580/378 
f 1690/580/378 1689/578/372 1697/593/380 
f 1698/594/386 1699/595/385 1691/581/377 
f 1691/581/377 1690/580/378 1698/594/386 
f 1699/595/385 1700/596/384 1692/584/376 
f 1692/584/376 1691/581/377 1699/595/385 
f 1692/587/376 1700/598/384 1701/597/383 
f 1701/597/383 1693/586/375 1692/587/376 
f 1702/599/382 1694/590/374 1693/586/375 
f 1693/586/375 1701/597/383 1702/599/382 
f 1695/592/381 1688/575/373 1694/590/374 
f 1694/590/374 1702/599/382 1695/592/381 
f 1695/592/381 1703/601/389 1704/600/387 
f 1704/600/387 1696/591/379 1695/592/381 
f 1696/591/379 1704/600/387 1705/602/388 
f 1705/602/388 1697/593/380 1696/591/379 
f 1697/593/380 1705/602/388 1706/603/394 
f 1706/603/394 1698/594/386 1697/593/380 
f 1707/604/393 1699/595/385 1698/594/386 
f 1698/594/386 1706/603/394 1707/604/393 
f 1707/604/393 1708/605/392 1700/596/384 
f 1700/596/384 1699/595/385 1707/604/393 
f 1708/607/392 1709/606/391 1701/597/383 
f 1701/597/383 1700/598/384 1708/607/392 
f 1709/606/391 1710/608/390 1702/599/382 
f 1702/599/382 1701/597/383 1709/606/391 
f 1702/599/382 1710/608/390 1703/601/389 
f 1703/601/389 1695/592/381 1702/599/382 
f 1656/538/340 1711/609/395 1657/537/343 
f 1660/541/339 1711/609/395 1656/538/340 
f 1662/543/353 1711/609/395 1660/541/339 
f 1664/545/351 1711/609/395 1662/543/353 
f 1666/547/349 1711/609/395 1664/545/351 
f 1668/549/347 1711/609/395 1666/552/349 
f 1669/553/345 1711/609/395 1668/549/347 
f 1657/537/343 1711/609/395 1669/553/345 
f 1703/601/389 1712/610/396 1704/600/387 
f 1704/600/387 1712/610/396 1705/602/388 
f 1705/602/388 1712/610/396 1706/603/394 
f 1706/603/394 1712/610/396 1707/604/393 
f 1707/604/393 1712/610/396 1708/605/392 
f 1708/607/392 1712/610/396 1709/606/391 
f 1709/606/391 1712/610/396 1710/608/390 
f 1710/608/390 1712/610/396 1703/601/389 
# 224 faces

